"id","site","job_url","job_url_direct","title","company","location","date_posted","job_type","salary_source","interval","min_amount","max_amount","currency","is_remote","job_level","job_function","listing_type","emails","description","company_industry","company_url","company_logo","company_url_direct","company_addresses","company_num_employees","company_revenue","company_description","skills","experience_range","company_rating","company_reviews_count","vacancy_count","work_from_home_type"
"in-424703caefd6d113","indeed","https://www.indeed.com/viewjob?jk=424703caefd6d113","https://career.lpl.com/job/R-050678/Senior-Software-Engineer","Senior Software Engineer","LPL Financial","Fort Mill, SC, US","2026-05-27","","direct_data","yearly",106100.0,176900.0,"USD",False,"","","","","**Where Ambition Meets Innovation**


Build a career that matches all your initiative with an impressive dose of innovation. From cutting‑edge resources and a collaborative environment to the freedom to make an impact and more, you’ll find the ingredients you need at LPL Financial to shape your success while helping clients pursue their financial goals.


As a Senior Full‑Stack Software Engineer, you will play a critical role in building modern, cloud‑native platforms that power LPL’s business and client experiences. This is a hands‑on, end‑to‑end engineering role for someone who enjoys ownership, technical depth, and applying AI‑assisted development to deliver high‑quality, secure, and scalable solutions.

**Job Overview**


In this service‑oriented engineering role, you will own features from design through production support, leveraging modern .NET, Angular, AWS, and AI‑accelerated development tools. You’ll partner closely with Product, Design, Platform, and Operations teams to deliver resilient, observable, and well‑architected solutions aligned with LPL’s SDLC and risk management standards.

**Responsibilities**

* Design, develop, test, and implement full‑stack solutions using .NET/C\\#, Angular, and AWS.
* Build and maintain cloud‑native, containerized microservices and service‑oriented APIs.
* Provide technical leadership through design reviews, code reviews, and best‑practice implementation aligned with LPL SDLC and RM processes.
* Collaborate with cross‑functional teams (Product, Design, Platform, Ops) to deliver integrated, high‑quality solutions.
* Identify opportunities for application and process improvements; contribute to platform roadmaps and technical documentation.
* Design and implement REST and gRPC services using ASP.NET Core with clean architecture and domain‑driven principles.
* Apply resiliency and security patterns such as retry, circuit breaker, idempotency, and least‑privilege access.
* Build responsive, accessible Angular (v16\\+) applications and micro‑frontends using RxJS and modern UI patterns.
* Leverage AI developer tools (e.g., GitHub Copilot, Copilot Chat, Cursor, CodeWhisperer) to accelerate coding, testing, refactoring, documentation, and reviews.
* Build and maintain CI/CD pipelines with automated quality and security gates.

**Requirements**

* 5\\+ years of hands‑on full‑stack software development experience.
* 5\\+ years designing and implementing complex, distributed systems.
* Strong experience with .NET/C\\#, Angular, TypeScript/JavaScript, and SQL \\& NoSQL databases.
* 5\\+ years of AWS cloud development and deployment experience (EKS, RDS/Aurora, S3, EventBridge, Athena, Glue).
* Experience building ETL and data pipelines from structured and unstructured data sources.

**Core Competencies**

* Strong verbal and written communication skills.
* Excellent analytical, estimation, and problem‑solving abilities.
* Ability to translate business needs into scalable technical solutions.
* Proven ability to plan, prioritize, and execute in a fast‑paced environment.
* Team‑oriented mindset with a passion for continuous learning and improvement.

**Preferences**

* Containerization and orchestration experience (Docker, Kubernetes).
* Experience in financial services, wealth management, or asset management.
* Reporting and data experience; Python (PySpark/NumPy) a plus.
* Experience with observability, feature‑flagging, and production support in regulated environments.

**Please note:** This position does not offer work authorization sponsorship now or in the future. Applicants must have valid U.S. work authorization that does not require employer sponsorship.

 **Pay Range:**

$106,100\\.00 \\- $176,900\\.00  


Actual base salary varies based on factors, including but not limited to, relevant skill, prior experience, education, base salary of internal peers, demonstrated performance, and geographic location. Additionally, LPL Total Rewards package is highly competitive, designed to support your success at work, at home, and at play – such as 401K matching, health benefits, employee stock options, paid time off, volunteer time off, and more. Your recruiter will be happy to discuss all that LPL has to offer! **Company Overview:**


LPL Financial Holdings Inc. (Nasdaq: LPLA) is among the fastest growing wealth management firms in the U.S. As a leader in the financial advisor\\-mediated marketplace(6\\) , LPL supports over 32,000 financial advisors and the wealth management practices of approximately 1,100 financial institutions, servicing and custodying approximately $2\\.3 trillion in brokerage and advisory assets on behalf of approximately 8 million Americans. The firm provides a wide range of advisor affiliation models, investment solutions, fintech tools and practice management services, ensuring that advisors and institutions have the flexibility to choose the business model, services, and technology resources they need to run thriving businesses. For further information about LPL, please visit www.lpl.com.

  

At LPL, independence means that advisors and institution leaders have the freedom they deserve to choose the business model, services, and technology resources that allow them to run a thriving business. They have the flexibility to do business their way. And they have the freedom to manage their client relationships, because they know their clients best. Simply put, we take care of our advisors and institutions, so they can take care of their clients.

  

For further information about LPL, please visit www.lpl.com.

  

Join the LPL team and help us make a difference by turning life’s aspirations into financial realities. Please log in or create an account to apply to this position. Principals only. EOE.

 **Information on Interviews:**


LPL will only communicate with a job applicant directly from an **@lplfinancial.com** email address and will never conduct an interview online or in a chatroom forum. During an interview, LPL will not request any form of payment from the applicant, or information regarding an applicant’s bank or credit card. Should you have any questions regarding the application process, please contact LPL’s Human Resources Solutions Center at (855\\) 575\\-6947\\.

  

EAC 5\\.19\\.26","","https://www.indeed.com/cmp/Lpl-Financial","https://d2q79iu7y748jz.cloudfront.net/s/_squarelogo/256x256/f91044adb73e66902d9adba08eae69fd","https://www.lpl.com","San Diego, CA","5,001 to 10,000","$1B to $5B (USD)","LPL Financial is the biggest independent broker-dealer in the nation, and has a well-deserved reputation with financial professionals for being financially strong, delivering great service, and having","","","","","",""
"in-101061bea2a8593b","indeed","https://www.indeed.com/viewjob?jk=101061bea2a8593b","https://career.lpl.com/job/R-050677/Senior-Software-Engineer","Senior Software Engineer","LPL Financial","New York, NY, US","2026-05-27","","direct_data","yearly",116800.0,194600.0,"USD",False,"","","","","**Where Ambition Meets Innovation**


Build a career that matches all your initiative with an impressive dose of innovation. From cutting‑edge resources and a collaborative environment to the freedom to make an impact and more, you’ll find the ingredients you need at LPL Financial to shape your success while helping clients pursue their financial goals.


As a Senior Full‑Stack Software Engineer, you will play a critical role in building modern, cloud‑native platforms that power LPL’s business and client experiences. This is a hands‑on, end‑to‑end engineering role for someone who enjoys ownership, technical depth, and applying AI‑assisted development to deliver high‑quality, secure, and scalable solutions.

**Job Overview**


In this service‑oriented engineering role, you will own features from design through production support, leveraging modern .NET, Angular, AWS, and AI‑accelerated development tools. You’ll partner closely with Product, Design, Platform, and Operations teams to deliver resilient, observable, and well‑architected solutions aligned with LPL’s SDLC and risk management standards.

**Responsibilities**

* Design, develop, test, and implement full‑stack solutions using .NET/C\\#, Angular, and AWS.
* Build and maintain cloud‑native, containerized microservices and service‑oriented APIs.
* Provide technical leadership through design reviews, code reviews, and best‑practice implementation aligned with LPL SDLC and RM processes.
* Collaborate with cross‑functional teams (Product, Design, Platform, Ops) to deliver integrated, high‑quality solutions.
* Identify opportunities for application and process improvements; contribute to platform roadmaps and technical documentation.
* Design and implement REST and gRPC services using ASP.NET Core with clean architecture and domain‑driven principles.
* Apply resiliency and security patterns such as retry, circuit breaker, idempotency, and least‑privilege access.
* Build responsive, accessible Angular (v16\\+) applications and micro‑frontends using RxJS and modern UI patterns.
* Leverage AI developer tools (e.g., GitHub Copilot, Copilot Chat, Cursor, CodeWhisperer) to accelerate coding, testing, refactoring, documentation, and reviews.
* Build and maintain CI/CD pipelines with automated quality and security gates.

**Requirements**

* 5\\+ years of hands‑on full‑stack software development experience.
* 5\\+ years designing and implementing complex, distributed systems.
* Strong experience with .NET/C\\#, Angular, TypeScript/JavaScript, and SQL \\& NoSQL databases.
* 5\\+ years of AWS cloud development and deployment experience (EKS, RDS/Aurora, S3, EventBridge, Athena, Glue).
* Experience building ETL and data pipelines from structured and unstructured data sources.

**Core Competencies**

* Strong verbal and written communication skills.
* Excellent analytical, estimation, and problem‑solving abilities.
* Ability to translate business needs into scalable technical solutions.
* Proven ability to plan, prioritize, and execute in a fast‑paced environment.
* Team‑oriented mindset with a passion for continuous learning and improvement.

**Preferences**

* Containerization and orchestration experience (Docker, Kubernetes).
* Experience in financial services, wealth management, or asset management.
* Reporting and data experience; Python (PySpark/NumPy) a plus.
* Experience with observability, feature‑flagging, and production support in regulated environments.

**Please note:** This position does not offer work authorization sponsorship now or in the future. Applicants must have valid U.S. work authorization that does not require employer sponsorship.

 **Pay Range:**

$116,800\\.00 \\- $194,600\\.00  


Actual base salary varies based on factors, including but not limited to, relevant skill, prior experience, education, base salary of internal peers, demonstrated performance, and geographic location. Additionally, LPL Total Rewards package is highly competitive, designed to support your success at work, at home, and at play – such as 401K matching, health benefits, employee stock options, paid time off, volunteer time off, and more. Your recruiter will be happy to discuss all that LPL has to offer! **Company Overview:**


LPL Financial Holdings Inc. (Nasdaq: LPLA) is among the fastest growing wealth management firms in the U.S. As a leader in the financial advisor\\-mediated marketplace(6\\) , LPL supports over 32,000 financial advisors and the wealth management practices of approximately 1,100 financial institutions, servicing and custodying approximately $2\\.3 trillion in brokerage and advisory assets on behalf of approximately 8 million Americans. The firm provides a wide range of advisor affiliation models, investment solutions, fintech tools and practice management services, ensuring that advisors and institutions have the flexibility to choose the business model, services, and technology resources they need to run thriving businesses. For further information about LPL, please visit www.lpl.com.

  

At LPL, independence means that advisors and institution leaders have the freedom they deserve to choose the business model, services, and technology resources that allow them to run a thriving business. They have the flexibility to do business their way. And they have the freedom to manage their client relationships, because they know their clients best. Simply put, we take care of our advisors and institutions, so they can take care of their clients.

  

For further information about LPL, please visit www.lpl.com.

  

Join the LPL team and help us make a difference by turning life’s aspirations into financial realities. Please log in or create an account to apply to this position. Principals only. EOE.

 **Information on Interviews:**


LPL will only communicate with a job applicant directly from an **@lplfinancial.com** email address and will never conduct an interview online or in a chatroom forum. During an interview, LPL will not request any form of payment from the applicant, or information regarding an applicant’s bank or credit card. Should you have any questions regarding the application process, please contact LPL’s Human Resources Solutions Center at (855\\) 575\\-6947\\.

  

EAC 5\\.19\\.26","","https://www.indeed.com/cmp/Lpl-Financial","https://d2q79iu7y748jz.cloudfront.net/s/_squarelogo/256x256/f91044adb73e66902d9adba08eae69fd","https://www.lpl.com","San Diego, CA","5,001 to 10,000","$1B to $5B (USD)","LPL Financial is the biggest independent broker-dealer in the nation, and has a well-deserved reputation with financial professionals for being financially strong, delivering great service, and having","","","","","",""
"in-77c5815ad285de03","indeed","https://www.indeed.com/viewjob?jk=77c5815ad285de03","https://brightvisiontechnologies.applytojob.com/apply/Z5yevon1wp/NET-Full-Stack-Developer?source=INDE&~",".NET Full Stack Developer","BV Teck","Remote, US","2026-05-27","fulltime","direct_data","yearly",100000.0,150000.0,"USD",True,"","","","harry@bvteck.com","**Bright Vision Technologies is a forward\\-thinking software development company dedicated to building innovative solutions that help businesses automate and optimize their operations. We leverage cutting\\-edge technologies to create scalable, secure, and user\\-friendly applications.**

**As we continue to grow, we’re looking for a skilled .NET Full Stack Developer to join our dynamic team and contribute to our mission of transforming business processes through technology.**

**This is a fantastic opportunity to join an established and well\\-respected organization offering tremendous career growth potential.**

**.****NET Full Stack Developer**
============================================================================================================================================================================================================================================================================================================================================================================================================================================================================================================================================================================================================================================================================

**Job Title:** .NET Full Stack Developer  

**Location:** 100% Remote (Continental United States)  

**Position Type:** In\\-house Bright Vision Technologies SOW engagement (no third\\-party client or vendor)  

**Experience:** 5\\+ years  

**Salary:** 100k \\- 150k  

**Sponsorship:** No new H1B sponsorship available. H1B transfers welcomed for qualified candidates.  

**Employment Type:** Full\\-time, direct W2 with Bright Vision Technologies (no C2C, no 1099, no third\\-party)  

**Engagement:** Long\\-term, multi\\-year, aligned to the Bright Vision SOW delivery roadmap  

**Compensation:** Competitive base salary commensurate with experience, plus benefits.  

**Employment Terms \\& Visa Policy**  

**This is a 100% remote, full\\-time, direct W2 position with Bright Vision Technologies.**  

**This role is part of Bright Vision Technologies’ in\\-house Statement of Work (SOW) engagement.** The client, end customer, and employer for this position is Bright Vision Technologies — there is no third\\-party client, vendor, or implementation partner involved.  

We do not engage in C2C, 1099, or third\\-party arrangements for this role.  

**BUT STRICTLY NO C2C/1099/3RD PARTY COMPANIES. ALL OUR ROLES ARE W2 AND NO 3RD PARTY BROKERING PLEASE.**  

Candidates must be willing to work directly as a full\\-time W2 employee of Bright Vision Technologies and contribute to our in\\-house SOW deliverables.  

No new H1B sponsorship is available for this role.  

**However, candidates who are currently on a valid H1B visa and require a transfer are welcome to apply. We will support H1B transfers for qualified candidates.**  

For every role, a technical coding assessment is mandatory. Please apply only if you are confident in your technical abilities and hands\\-on experience.  

**Job Summary**  

We are seeking an experienced .NET Full Stack Developer to design, build, and maintain enterprise\\-grade web applications and distributed systems built on Microsoft technology stacks. This role spans the full engineering lifecycle — requirements analysis, architectural design, hands\\-on implementation, code review, deployment, and post\\-release support — with particular emphasis on building scalable APIs, responsive front\\-end applications, and cloud\\-integrated services. The ideal candidate will combine strong backend expertise in C\\# and .NET Core with hands\\-on experience developing modern front\\-end applications using JavaScript frameworks, and will be comfortable deploying solutions into Azure or AWS environments while maintaining high standards of code quality, security, observability, and operational reliability.  

**Key Responsibilities*** Provide comprehensive end\\-to\\-end design, development, and advanced technical troubleshooting for enterprise\\-level web applications, from initial discovery through long\\-term operational ownership.
* Develop secure, high\\-performance backend services using .NET Core and ASP.NET Web API, applying strong object\\-oriented design, clean architecture principles, and proven enterprise patterns.
* Design and implement scalable architecture patterns — including microservices, service\\-oriented designs, and event\\-driven workflows — that support the demands of growing, distributed user bases.
* Build modern, responsive front\\-end applications using Angular, React, or similar frameworks, ensuring excellent user experience, accessibility, and performance across browsers and devices.
* Develop and optimize relational database schemas, stored procedures, indexes, and complex queries in SQL Server, with attention to performance, locking behavior, and long\\-term maintainability.
* Produce thorough architecture and technical design documentation, ensuring alignment with performance, security, compliance, and operational standards of the enterprise.
* Participate in system design discussions and ensure that development consistently aligns with enterprise architecture constraints, technology road\\-maps, and platform standards.
* Implement robust authentication and authorization mechanisms using OAuth2, OpenID Connect, JWT, and modern identity management services such as Azure AD or Okta.
* Contribute to CI/CD pipeline integration, automated builds, infrastructure\\-as\\-code practices, and reliable deployment processes across development, staging, and production environments.
* Perform thorough root\\-cause analysis and methodically troubleshoot production issues, working to restore service quickly while ensuring long\\-term operational stability.
* Identify technical debt, performance bottlenecks, and architectural gaps, and proactively propose and implement well\\-scoped improvements with measurable benefits.
* Collaborate fully in Agile/Scrum environments — including planning, daily standups, demos, and retrospectives — to deliver incremental, high\\-quality releases on a predictable cadence.
* Maintain comprehensive documentation of systems, APIs, integration workflows, and operational runbooks so that the team can scale and onboard new engineers efficiently.

**Required Qualifications*** Bachelor’s degree in Computer Science, Engineering, or a closely related technical discipline.
* Five or more years of professional software development experience building production\\-grade enterprise applications.
* Strong understanding of object\\-oriented programming principles, data structures, design patterns, and end\\-to\\-end system design.
* Advanced proficiency in C\\#, .NET Core, and ASP.NET Web API, including familiarity with dependency injection, async/await patterns, and middleware design.
* Hands\\-on experience developing front\\-end applications using Angular, React, or similar component\\-driven frameworks.
* Strong SQL skills with deep, hands\\-on experience working with SQL Server, including stored procedures, query plans, and performance tuning.
* Solid experience with CI/CD tooling and Git\\-based version control systems, including branching strategies and release workflows.
* Hands\\-on experience deploying applications to Azure or AWS cloud environments, including managed services and identity integration.
* Strong debugging, troubleshooting, and performance optimization skills, with the ability to investigate complex production issues calmly and effectively.
* Experience working in large enterprise\\-scale environments where reliability, security, and audit\\-ability are first\\-class concerns.

**Preferred Qualifications*** Practical experience designing and operating microservices architectures in production.
* Familiarity with Docker, Kubernetes, and container\\-based deployment patterns.
* Exposure to distributed system design principles, including eventual consistency, idempotency, and circuit breakers.
* Experience implementing automated testing frameworks across unit, integration, and end\\-to\\-end levels.
* Working knowledge of Azure DevOps or similar DevOps platforms for pipeline orchestration and release management.

**How to Apply**  

Would you like to know more about this opportunity?  

For immediate consideration, please send your resume to harry@bvteck.com or contact us at (908\\) 676\\-4399\\. Learn more about Bright Vision Technologies at www.bvteck.com.  

We recognize that our people are our strength, and the diverse talents they bring to our global workforce are directly linked to our success. We are an equal opportunity employer and place a high value on diversity and inclusion at our company.  

We do not discriminate on the basis of any protected attribute, including race, religion, color, national origin, gender, sexual orientation, gender identity, gender expression, age, marital or veteran status, pregnancy or disability, or any other basis protected under applicable law. We also make reasonable accommodations for applicants’ and employees’ religious practices and beliefs, as well as mental health or physical disability needs.  

Bright Vision Technologies is an Equal Opportunity Employer, including Disability/Veterans.  

Position offered by “No Fee Agency.”  

Equal Employment Opportunity (EEO) Statement


Bright Vision Technologies (BV Teck) is committed to equal employment opportunity (EEO) for all employees and applicants without regard to race, color, religion, sex, sexual orientation, gender identity or expression, national origin, age, genetic information, disability, veteran status, or any other protected status as defined by applicable federal, state, or local laws. This commitment extends to all aspects of employment, including recruitment, hiring, training, compensation, promotion, transfer, leaves of absence, termination, layoffs, and recall.


BV Teck expressly prohibits any form of workplace harassment or discrimination. Any improper interference with employees' ability to perform their job duties may result in disciplinary action up to and including termination of employment.




Z5yevon1wp","","https://www.indeed.com/cmp/Bv-Teck","https://d2q79iu7y748jz.cloudfront.net/s/_squarelogo/256x256/070131fc20ab84d431f3bb52c20a18d2","http://WWW.BVTECK.COM","#991 Route 22 West, Suite 200,
Bridgewater, New Jersey - 08807","51 to 200","$25M to $100M (USD)","Bright Vision Technologies is a woman-owned minority organization founded on July 2010 in New Jersey, USA. Our aim is to provide quality staffing and IT consulting services to our partners.","","","","","",""
"in-17fb531eeba301f7","indeed","https://www.indeed.com/viewjob?jk=17fb531eeba301f7","https://brightvisiontechnologies.applytojob.com/apply/WBSxc3pIVF/NET-Full-Stack-Developer?source=INDE&~",".NET Full Stack Developer","BV Teck","Remote, US","2026-05-27","fulltime","direct_data","yearly",100000.0,150000.0,"USD",True,"","","","harry@bvteck.com","**Bright Vision Technologies is a forward\\-thinking software development company dedicated to building innovative solutions that help businesses automate and optimize their operations. We leverage cutting\\-edge technologies to create scalable, secure, and user\\-friendly applications.**

**As we continue to grow, we’re looking for a skilled .NET Full Stack Developer to join our dynamic team and contribute to our mission of transforming business processes through technology.**

**This is a fantastic opportunity to join an established and well\\-respected organization offering tremendous career growth potential.**

**.****NET Full Stack Developer**
============================================================================================================================================================================================================================================================================================================================================================================================================================================================================================================================================================================================================================================================================

**Job Title:** .NET Full Stack Developer  

**Location:** 100% Remote (Continental United States)  

**Position Type:** In\\-house Bright Vision Technologies SOW engagement (no third\\-party client or vendor)  

**Experience:** 5\\+ years  

**Salary:** 100k \\- 150k  

**Sponsorship:** No new H1B sponsorship available. H1B transfers welcomed for qualified candidates.  

**Employment Type:** Full\\-time, direct W2 with Bright Vision Technologies (no C2C, no 1099, no third\\-party)  

**Engagement:** Long\\-term, multi\\-year, aligned to the Bright Vision SOW delivery roadmap  

**Compensation:** Competitive base salary commensurate with experience, plus benefits.  

  

**Employment Terms \\& Visa Policy**  

  

**This is a 100% remote, full\\-time, direct W2 position with Bright Vision Technologies.**  

**This role is part of Bright Vision Technologies’ in\\-house Statement of Work (SOW) engagement.** The client, end customer, and employer for this position is Bright Vision Technologies — there is no third\\-party client, vendor, or implementation partner involved.  

We do not engage in C2C, 1099, or third\\-party arrangements for this role.  

  

**BUT STRICTLY NO C2C/1099/3RD PARTY COMPANIES. ALL OUR ROLES ARE W2 AND NO 3RD PARTY BROKERING PLEASE.**  

Candidates must be willing to work directly as a full\\-time W2 employee of Bright Vision Technologies and contribute to our in\\-house SOW deliverables.  

No new H1B sponsorship is available for this role.  

  

**However, candidates who are currently on a valid H1B visa and require a transfer are welcome to apply. We will support H1B transfers for qualified candidates.**  

For every role, a technical coding assessment is mandatory. Please apply only if you are confident in your technical abilities and hands\\-on experience.  

  

**Job Summary**  

We are seeking an experienced .NET Full Stack Developer to design, build, and maintain enterprise\\-grade web applications and distributed systems built on Microsoft technology stacks. This role spans the full engineering lifecycle — requirements analysis, architectural design, hands\\-on implementation, code review, deployment, and post\\-release support — with particular emphasis on building scalable APIs, responsive front\\-end applications, and cloud\\-integrated services. The ideal candidate will combine strong backend expertise in C\\# and .NET Core with hands\\-on experience developing modern front\\-end applications using JavaScript frameworks, and will be comfortable deploying solutions into Azure or AWS environments while maintaining high standards of code quality, security, observability, and operational reliability.  

  

**Key Responsibilities*** Provide comprehensive end\\-to\\-end design, development, and advanced technical troubleshooting for enterprise\\-level web applications, from initial discovery through long\\-term operational ownership.
* Develop secure, high\\-performance backend services using .NET Core and ASP.NET Web API, applying strong object\\-oriented design, clean architecture principles, and proven enterprise patterns.
* Design and implement scalable architecture patterns — including microservices, service\\-oriented designs, and event\\-driven workflows — that support the demands of growing, distributed user bases.
* Build modern, responsive front\\-end applications using Angular, React, or similar frameworks, ensuring excellent user experience, accessibility, and performance across browsers and devices.
* Develop and optimize relational database schemas, stored procedures, indexes, and complex queries in SQL Server, with attention to performance, locking behavior, and long\\-term maintainability.
* Produce thorough architecture and technical design documentation, ensuring alignment with performance, security, compliance, and operational standards of the enterprise.
* Participate in system design discussions and ensure that development consistently aligns with enterprise architecture constraints, technology road\\-maps, and platform standards.
* Implement robust authentication and authorization mechanisms using OAuth2, OpenID Connect, JWT, and modern identity management services such as Azure AD or Okta.
* Contribute to CI/CD pipeline integration, automated builds, infrastructure\\-as\\-code practices, and reliable deployment processes across development, staging, and production environments.
* Perform thorough root\\-cause analysis and methodically troubleshoot production issues, working to restore service quickly while ensuring long\\-term operational stability.
* Identify technical debt, performance bottlenecks, and architectural gaps, and proactively propose and implement well\\-scoped improvements with measurable benefits.
* Collaborate fully in Agile/Scrum environments — including planning, daily standups, demos, and retrospectives — to deliver incremental, high\\-quality releases on a predictable cadence.
* Maintain comprehensive documentation of systems, APIs, integration workflows, and operational runbooks so that the team can scale and onboard new engineers efficiently.

  

**Required Qualifications*** Bachelor’s degree in Computer Science, Engineering, or a closely related technical discipline.
* Five or more years of professional software development experience building production\\-grade enterprise applications.
* Strong understanding of object\\-oriented programming principles, data structures, design patterns, and end\\-to\\-end system design.
* Advanced proficiency in C\\#, .NET Core, and ASP.NET Web API, including familiarity with dependency injection, async/await patterns, and middleware design.
* Hands\\-on experience developing front\\-end applications using Angular, React, or similar component\\-driven frameworks.
* Strong SQL skills with deep, hands\\-on experience working with SQL Server, including stored procedures, query plans, and performance tuning.
* Solid experience with CI/CD tooling and Git\\-based version control systems, including branching strategies and release workflows.
* Hands\\-on experience deploying applications to Azure or AWS cloud environments, including managed services and identity integration.
* Strong debugging, troubleshooting, and performance optimization skills, with the ability to investigate complex production issues calmly and effectively.
* Experience working in large enterprise\\-scale environments where reliability, security, and audit\\-ability are first\\-class concerns.

**Preferred Qualifications*** Practical experience designing and operating microservices architectures in production.
* Familiarity with Docker, Kubernetes, and container\\-based deployment patterns.
* Exposure to distributed system design principles, including eventual consistency, idempotency, and circuit breakers.
* Experience implementing automated testing frameworks across unit, integration, and end\\-to\\-end levels.
* Working knowledge of Azure DevOps or similar DevOps platforms for pipeline orchestration and release management.

  

**How to Apply**  

  

Would you like to know more about this opportunity?  

For immediate consideration, please send your resume to harry@bvteck.com or contact us at (908\\) 676\\-4399\\. Learn more about Bright Vision Technologies at www.bvteck.com.  

We recognize that our people are our strength, and the diverse talents they bring to our global workforce are directly linked to our success. We are an equal opportunity employer and place a high value on diversity and inclusion at our company.  

We do not discriminate on the basis of any protected attribute, including race, religion, color, national origin, gender, sexual orientation, gender identity, gender expression, age, marital or veteran status, pregnancy or disability, or any other basis protected under applicable law. We also make reasonable accommodations for applicants’ and employees’ religious practices and beliefs, as well as mental health or physical disability needs.  

Bright Vision Technologies is an Equal Opportunity Employer, including Disability/Veterans.  

Position offered by “No Fee Agency.”  

Equal Employment Opportunity (EEO) Statement


Bright Vision Technologies (BV Teck) is committed to equal employment opportunity (EEO) for all employees and applicants without regard to race, color, religion, sex, sexual orientation, gender identity or expression, national origin, age, genetic information, disability, veteran status, or any other protected status as defined by applicable federal, state, or local laws. This commitment extends to all aspects of employment, including recruitment, hiring, training, compensation, promotion, transfer, leaves of absence, termination, layoffs, and recall.


BV Teck expressly prohibits any form of workplace harassment or discrimination. Any improper interference with employees' ability to perform their job duties may result in disciplinary action up to and including termination of employment.




WBSxc3pIVF","","https://www.indeed.com/cmp/Bv-Teck","https://d2q79iu7y748jz.cloudfront.net/s/_squarelogo/256x256/070131fc20ab84d431f3bb52c20a18d2","http://WWW.BVTECK.COM","#991 Route 22 West, Suite 200,
Bridgewater, New Jersey - 08807","51 to 200","$25M to $100M (USD)","Bright Vision Technologies is a woman-owned minority organization founded on July 2010 in New Jersey, USA. Our aim is to provide quality staffing and IT consulting services to our partners.","","","","","",""
"in-cd99e8fcc7f43da8","indeed","https://www.indeed.com/viewjob?jk=cd99e8fcc7f43da8","https://job-boards.greenhouse.io/shopltk/jobs/7748641003","Sr Software Engineer, Fullstack","LTK","US","2026-05-27","","","","","","",True,"","","","","LTK’s mission is to empower the world’s premium lifestyle Creators to achieve maximum economic success. We have a huge opportunity ahead of us and we’re looking for team members who want to create, innovate and disrupt an industry.



We empower our team members to drive innovation, create value, and continue to spearhead the creation of this industry — a game changer when it comes to career growth.

**Title:** Senior Software Engineer, Fullstack


**Location:** Remote from the U.S.


**About the role**



Join the LTK Family! We are searching for a senior software engineer to join the Creator organization. This team is responsible for the user experiences and systems used to onboard creators and drive their growth across LTK, one of the largest creator\\-guided shopping and brand marketing platforms in the industry.



The ideal Senior Software Engineer for this space will be organized, productive, and comfortable working across the full stack. You will have strong experience in building scalable, production\\-quality web applications that anticipate significant growth across multiple dimensions. You’ll be inventive and have a pragmatic and iterative approach to delivering high quality software. You’ll ruthlessly prioritize accomplishing the highest impact deliverables first, and provide valuable guidance to the engineering manager on the direction of the team’s web architecture and systems. You will proactively establish lines of communication across the teams and business units, and draw on them to make the team successful.


**How you will make an impact**


* Coming up with feasible and practical solutions to tough problems.
* Design, build, and maintain high\\-quality fullstack systems and experiences.
* Take end\\-to\\-end ownership of features across the stack: from early technical design and prototyping through implementation, testing, rollout, and ongoing iteration.
* Collaborate with product, design, and other engineers to deliver intuitive, performant, and accessible fullstack experiences that delight creators and brands.
* Optimize fullstack applications and services for performance, scalability, and reliability.
* Champion best practices in architecture, usability, security, and cross\\-platform compatibility across the full stack.
* Use AI tools to expedite daily workflows (e.g., code generation, refactoring, test creation, documentation) and to improve both speed and quality of web development.
* Leverage AI\\-assisted development practices to prototype, iterate on, and maintain web features efficiently, while holding a high bar for safety and code quality.
* Write very high\\-quality, well\\-tested code that is robust and easy to maintain.
* Take ownership of projects and drive them to completion.
* Work and succeed in a fast\\-paced and agile development environment.
* Identify and drive improvements to our fullstack architecture, tooling, and development processes.
* Conduct constructive peer design/code reviews and provide clear, actionable feedback.
* Work with distributed teams across different time zones.
* Serve as a technical subject matter expert for fullstack development who mentors fellow engineers, demonstrates technical experience, and leads teams in solving challenging problems.


**What you will bring to LTK**


* 5\\+ years of software development experience, with significant time spent building and maintaining production\\-scale fullstack applications.
* Deep experience with modern fullstack development, including both front\\-end and back\\-end technologies.
* Demonstrated proficiency in **React.js** (or another comparable framework), including building complex, component\\-based single\\-page applications
* Strong understanding of front\\-end architecture and patterns (component design, state management, routing, modularization).
* Experience with modern web tooling and ecosystems (e.g., Webpack/Vite, npm/yarn, linting, formatting, testing frameworks such as Jest, React Testing Library, Cypress, or similar).
* History of designing and building highly scalable, resilient web experiences that serve a growing user base.
* Experience integrating with backend services and APIs (REST/JSON, HTTP; GraphQL) and working closely with backend teams to define interfaces and contracts.
* Strong focus on performance, accessibility, security, and usability in web applications.
* Demonstrated experience using AI tools as part of the software development lifecycle (coding, debugging, testing, documentation) with concrete examples of improved productivity or quality.
* Ability to critically evaluate AI\\-generated code, refine it, and integrate it safely and effectively into production systems while maintaining team standards and best practices.
* Experience designing and building backend services or APIs to support web applications in a modern server side language (Go, Java
* Experience with AWS systems such as ECS, Lambda, and RDS (among others).
* Experience working in a containerized environment (preferably Docker).
* Experience with databases such as MySQL, DynamoDB
* Experience with observability tools like Datadog
* Comfortable shipping code multiple times per day.
* Strong technical leadership and mentoring skills.
* Ability to model and conceptualize integrations across complex systems and how services interact across the full stack.
* Excellent verbal and written communication skills to both technical and non\\-technical audiences.
### **What we offer**


* The opportunity to be part of the leading global company in creator commerce
* A remote\\-first, productivity\\-first environment
* Competitive compensation and benefits package to meet the needs of you and your family
* 401(k) with LTK company matching
* Medical Insurance, Vision Insurance, Dental Insurance
* Paid Maternity Leave and Paid Paternity Leave
* Summer Fridays and Flexible PTO

### **About LTK**



Founded in 2011, LTK is the global technology platform purpose\\-built to empower lifestyle creators to monetize their content. The full\\-service platform connects brands, creators, and shoppers with a world\\-class shopping app and trusted tools and technology that make content instantly shoppable. Today, premium lifestyle creators in 160\\+ countries drive more than $5 billion\\+ in annual retail sales through their LTK Shop profiles. More than 40 million consumers turn to LTK Shops in the LTK shopping platform each month to find inspiration and instantly shop the styles recommended by their favorite creators. More than 8,000 retailers and 1M brands partner with LTK to gain access to its global creator network for content that converts against performance\\-driven, cross\\-channel KPIs. LTK is headquartered in Dallas, TX, and currently operates on five continents.


### **Our mission**



To empower the world’s premium lifestyle Creators to achieve maximum economic success.


### **Our values**


* Here to win
* Commit to the journey
* Work well

### **Commitment to diversity**



LTK believes diversity, equity, and inclusion are fundamental obligations that strengthen our team. We employ a diverse, multi\\-disciplinary team to build a meaningful company and culture.



*For US\\-Based Roles: We are not offering new sponsorships opportunities at this time for persons requiring employment visas, such as an H\\-1B; authorization to work in the U.S. is a precondition of employment.*


*Any unsolicited resumes/candidate profiles submitted through our website or to personal email accounts of employees of LTK are considered the property of LTK and are not subject to payment of agency fees*.


*LTK is an Equal Opportunity Employer.* \\#LI\\-Remote","","https://www.indeed.com/cmp/Ltk-3","https://d2q79iu7y748jz.cloudfront.net/s/_squarelogo/256x256/77f3034f723a5c19179d20caa41c080f","https://company.shopltk.com","Dallas, Texas","201 to 500","$1M to $5M (USD)","A Fast Company ‘Most Innovative Companies’ award-winner, we’re a thriving tech company that still has a start-up vibe.","","","","","",""
"in-df4c4636776dcb49","indeed","https://www.indeed.com/viewjob?jk=df4c4636776dcb49","http://www.indeed.com/job/founding-software-engineer-df4c4636776dcb49","Founding Software Engineer","","Remote, US","2026-05-27","contract","direct_data","yearly",70000.0,150000.0,"USD",True,"","","","","**About AMS Health AI**

At AMS Health AI, we're rebuilding how the $1\\.5T medical supply chain runs. Hospitals still operate on decades\\-old systems and fragmented workflows, while suppliers use AI to optimize pricing against procurement teams that don't have the same tools. We're closing that gap. We layer modern UX on top of legacy hospital infrastructure and bring LLM\\-powered analytics, intelligent decision support, and human\\-in\\-the\\-loop agentic workflows to teams that have been stuck in spreadsheets for years.

We're already running pilots with hospital systems, driving meaningful cost reduction and faster procurement cycles. Early traction is real, the market is massive, and the problem is one of the most impactful in US healthcare. What hospitals spend on supplies directly affects what they can spend on patients.

We've raised a $1M seed round and are looking for a founding engineer to join at the stage where the work you do shapes the company and one of the most important and underserved areas of healthcare.

**The Role**

You will own our technical architecture, lead AI development, and work directly with the founding team and real hospital customers from day one. This is a key leadership position: you will be the person setting our technical direction and building our engineering foundation from the ground up.

**What You Will Own**

* Full end\\-to\\-end development: architecture, frontend, backend, and AI agent systems
* Building reliable, production\\-grade agentic workflows designed for human\\-in\\-the\\-loop use in regulated healthcare environments (LangGraph or similar)
* Solving the hard infrastructure problem that keeps most healthcare AI from working in the real world
* Making pragmatic architectural decisions that let us move fast without creating unmanageable technical debt
* Defining engineering practices as we hire and grow

**What We Are Looking For**

* 5\\+ years of experience shipping production full\\-stack or AI applications, with at least one project taken from 0 to 1
* Strong proficiency in TypeScript and Python
* Full\\-stack experience with modern frameworks (Next.js/React and FastAPI or similar)
* Hands\\-on experience building AI agents or complex multi\\-step LLM workflows — LangGraph preferred
* Comfort using AI coding tools like Claude Code or Cursor to ship fast
* Ability to understand complex legacy enterprise workflows and reimagine them as intuitive, AI\\-native tools that deliver real value
* High ownership mindset: you help set the technical direction and are accountable for outcomes
* Healthcare or enterprise software experience is a plus, not required

**The Arrangement**

We are looking for a key member of the founding team, not just a contractor. That said, we are flexible on how we structure the engagement to start. Whether that means beginning part\\-time and scaling up, or starting as a contractor and transitioning to a full\\-time employee after our next funding round, we are open to what works best for the right person.

This role has the potential to grow into a senior technical leadership position, depending on fit and how the company evolves. We are committed to finding the right structure for the right candidate.

**Why Join**

This is a ground\\-floor opportunity at a high\\-impact healthcare AI company with real customers, real funding, and a founding team that has built and scaled businesses before. If you want to own the technical foundation of a company and build AI products that matter in one of the most important industries in the world, we should talk.

Pay: $70,000\\.00 \\- $150,000\\.00 per year

Work Location: Remote","","https://www.indeed.comNone","","","","","","","","","","","",""
"in-4027b691386b64a3","indeed","https://www.indeed.com/viewjob?jk=4027b691386b64a3","https://grnh.se/94nvh0323us","Software Engineer, Lead","Rocket Lab USA","Long Beach, CA, US","2026-05-27","","direct_data","yearly",142000.0,189000.0,"USD",False,"","","","g.biow@rocketlabusa.com","**ABOUT ROCKET LAB**



Rocket Lab is an end\\-to\\-end space company delivering responsive launch services, complete spacecraft design and manufacturing, payloads, satellite components, and more – all with the goal of opening access to space. The rockets and satellites we build and launch enable some of the most ambitious and vital space missions globally, supporting scientific exploration, Earth observation and missions to combat climate change, national security, and exciting new technology demonstrations.


Our Electron rocket has become the second most frequently launched U.S. rocket annually and has delivered more than 230 satellites to orbit, all while we work to develop Neutron, our upcoming medium\\-lift, reusable launch vehicle for larger constellation deployment. Our Space Systems business designs and builds our extensive line of satellites, payloads, and their components, including spacecraft that have been selected to support NASA missions to the Moon and Mars and components used on the James Webb Space Telescope.


**SPACE SYSTEMS**



At Rocket Lab, we're not just launching rockets — we're building the future of space. Our Space Systems team builds everything from complete spacecraft, precision payloads to the components and subsystems that allow them to thrive in space, like solar panels, flight software, star trackers, optical systems, separation systems, radios, and more.



Our Space Systems team has enabled more than 1,700 missions, ranging from interplanetary exploration, in\\-space manufacturing to national security and defense initiatives. The team has built spacecraft, payloads, and components for missions to the Moon and Mars, working with partners including NASA, the Space Development Agency, and the U.S. Space Force. Whether it's a single high\\-performance spacecraft, constellation, or the vertically integrated components that help them get to space — our world class Space Systems team is empowering some of the boldest and most ambitious space missions


**SOFTWARE ENGINEER, LEAD**



Based out of Rocket Lab's Engine Development Center in Long Beach, CA the **Software Engineer, Lead** will collaborate with teams across Engineering, Manufacturing, Technicians, and Operations to develop full\\-stack software solutions that enhance the improve the efficiency of critical Rocket Lab operations. This role focuses on the in\\-house Manufacturing Execution System (MES) platform as well as tools that integrate with the ERP system and related products. These applications rely heavily on relational databases and REST APIs, both upstream and downstream, as part of service\\-oriented architecture.



Provide front line management for a small technical team working on MES projects and work with team management to coordinate strategic activities.


**WHAT YOU'LL GET TO DO:**


* Operate across the full stack, demonstrating expertise in areas such as frontend or backend development, database administration, UI/UX design, product ownership, DevOps, Or Site Reliability Engineering (SRE)
* Develop world\\-class software using best practices, including automated testing (unit \\-integration, and end\\-to\\-end) code reviews, Agile methodologies, and project management tools like Jira
* Review and approve code, merge requests, architecture designs, and software requirements
* Define product roadmaps, refine backlogs, and manage epics, features, and releases
* Lead and manage scrum activities, metrics, and agile workflows
* Conduct trade studies and collaborate with stakeholders to gather and refine system requirements
* Facilitate stakeholder meetings, deliver training sessions, and provide ongoing support for deployed products
* Plan and schedule releases aligned with business goals and timelines
* Oversee deployment and operational support of software, ensuring high\\-quality deliverables
* Implement machine\\-to\\-machine services and create intuitive web\\-based user interfaces
* Collaborate with cross\\-functional teams to deliver value to stakeholders
* Provide vision, leadership, and project coordination for the MES team
* Plan workloads and allocate resources to meet project deadlines and objectives
* Recruit, mentor, and develop team members, conducting regular performance reviews and fostering growth
* Define roles and responsibilities, provide timely feedback, and ensure team motivation and efficiency
* Facilitate ongoing training and development opportunities for team members


**YOU'LL BRING THESE QUALIFICATIONS:**

* A degree or diploma in Software Engineering, Computer Science, Electrical Engineering, or equivalent experience
* 5\\+ years of professional software development experience
* Proven experience in team leadership
* Excellent problem\\-solving and project management skills
* Technical expertise in HTML/CSS, TypeScript, Angular, React, Vue, or similar frameworks
* Proficiency with SQL, REST APIs, NodeJS, C\\#/.Net development
* Experience with Linux as a development environment


**THESE QUALIFICATIONS WOULD BE NICE TO HAVE:**


* Experience with User Interface development
* Database application development
* Experience with tools and technologies such as RabbitMQ, Docker, Kubernetes, and Elasticsearch
* Familiarity with aerospace industry domains, including Launch Operations, Enterprise Resource Planning, Quality Management Systems, Product Life Cycle Management
* Program management experience


**ADDITIONAL REQUIREMENTS:**


* Specific vision abilities required by this job include close vision, distance vision, peripheral vision, depth perception, and the ability to focus
* Regularly required to sit, use hands and fingers, operate computer keyboard and controls, and communicate verbally and in writing
* Must be physically able to commute to buildings
* Occasional exposure to dust, fumes and moderate levels of noise

  

**WHAT TO EXPECT**



We're on a mission to unlock the potential of space to improve life on Earth, but that's not an easy task. It takes hard work, determination, relentless innovation, teamwork, grit, and an unwavering commitment to achieving what others often deem impossible. Our people out\\-think, out\\-work, and out\\-pace. We pride ourselves on having each other's backs, checking our egos at the door, and rolling up our sleeves on all tasks big and small. We thrive under pressure, work to tight deadlines, and our focus is always on how we can deliver, rather than dwelling on the challenges that stand in the way.



Important information:


**FOR CANDIDATES SEEKING TO WORK IN US OFFICES ONLY:**


*To conform to U.S. Government space technology export regulations, including the International Traffic in Arms Regulations (ITAR), Rocket Lab Employees must be a U.S. citizen, lawful U.S. permanent resident (i.e., current Green Card holder), or lawfully admitted into the U.S. as a refugee or granted asylum, or be eligible to obtain the required authorizations from the U.S. Department of State and/or the U.S. Department of Commerce, as applicable. Learn more about ITAR* *here**.*


*Rocket Lab provides equal employment opportunities to all employees and applicants for employment and prohibits discrimination and harassment of any type without regard to race, color, religion, age, sex, national origin, disability status, genetics, protected veteran status, sexual orientation, gender identity or expression, or any other characteristic protected by federal, state, or local laws. This policy applies to all terms and conditions of employment at Rocket Lab, including recruiting, hiring, placement, promotion, termination, layoff, recall, transfer, leaves of absence, compensation, and training.*


*Applicants requiring a reasonable accommodation for the application/interview process for a job in the United States should contact Giulia Johnson at* *g.biow@rocketlabusa.com.**This dedicated resource is intended solely to assist job seekers with disabilities whose disability prevents them from being able to apply/interview. Only messages left for this purpose will be considered. A response to your request may take up to two business days.*

  


**FOR CANDIDATES SEEKING TO WORK IN NEW ZEALAND OFFICES ONLY:**


*For security reasons, background checks will be undertaken prior to any employment offers being made to an applicant. These checks will include nationality checks as it is a requirement of this position that you be eligible to access equipment and data regulated by the United States' International Traffic in Arms Regulations.*


*Under these Regulations, you may be ineligible for this role if you do not hold citizenship of Australia, Japan, New Zealand, Switzerland, the European Union, or a country that is part of NATO, or if you hold ineligible dual citizenship or nationality. For more information on these Regulations, click here* *ITAR Regulations.*","","https://www.indeed.com/cmp/Rocket-Lab-USA","https://d2q79iu7y748jz.cloudfront.net/s/_squarelogo/256x256/380008de7d55962a9b52784dfd8741d3","https://www.rocketlabusa.com/","3881 McGowen St. Long Beach CA 90808","1,001 to 5,000","$100M to $500M (USD)","","","","","","",""
"in-f54f3f3ce99fbf59","indeed","https://www.indeed.com/viewjob?jk=f54f3f3ce99fbf59","https://geographic-technologies-group-inc.careerplug.com/j/02zwmu5","Software Developer","Geographic Technologies Group","US","2026-05-27","fulltime","direct_data","yearly",110000.0,130000.0,"USD",True,"","","","","**Benefits:**
* Health insurance
* Opportunity for advancement
* Paid time off
* Training \\& development
We are seeking a skilled Software Developer to join our consulting team. This role is responsible for designing, developing, and maintaining scalable software solutions that support both internal operations and client\\-facing projects.  

The ideal candidate has strong JavaScript development experience, a solid foundation in full\\-stack development, and the ability to work collaboratively in a consulting environment. Exposure to AI tools and integrations is a plus, but not the primary focus of the role.  

  

**Job Description and Requirements**  

**Required Knowledge and Skills:**  

Application Development  

* Design, develop, and deploy scalable web applications using modern JavaScript frameworks
* Write clean, maintainable, and well\\-documented code
* Participate in code reviews and uphold development standards
* Troubleshoot, debug, and enhance existing applications

  

Client \\& Consulting Support  

* Collaborate with project managers, analysts, and clients to gather and refine requirements
* Translate business needs into functional technical solutions
* Participate in solution design discussions and technical demos
* Support implementation and deployment in client environments

  

Integration \\& Data Management  

* Develop and maintain RESTful APIs and backend services
* Work with relational and/or NoSQL databases
* Support system integrations and data workflows

  

Innovation \\& Continuous Improvement  

* Stay current with emerging technologies and development best practices
* Contribute to internal tools, reusable components, and process improvements
* Explore opportunities to leverage automation and AI tools where appropriate

  

**Required Experience:**  

* Bachelor’s degree in computer science, Software Engineering, or related field (or equivalent experience) 3\\+ years of professional software development experience
* Strong proficiency in JavaScript (ES6\\+) and modern frameworks (e.g., React, Node.js, Angular, or Vue) Experience building and consuming RESTful APIs
* Experience with version control systems (e.g., Git)
* Strong problem\\-solving and analytical skills
* Experience with TypeScript and modern development tooling
* Familiarity with cloud platforms (e.g., AWS, Azure, GCP)
* Experience working in a consulting or client\\-facing environment
* Exposure to AI tools, APIs, or automation workflows
* Familiarity with GIS technologies (e.g., Esri ArcGIS) is a plus
* Experience with CI/CD pipelines and DevOps practices


This is a remote position.","","https://www.indeed.com/cmp/Geographic-Technologies-Group","","https://www.geotg.com","Goldsboro","11 to 50","$1M to $5M (USD)","","","","","","",""
"in-2d01313681e05e05","indeed","https://www.indeed.com/viewjob?jk=2d01313681e05e05","https://veteransunited.wd1.myworkdayjobs.com/VUHL/job/Columbia-MO/Full-Stack-Developer_R6006","Full Stack Developer","Veterans United Home Loans","Columbia, MO, US","2026-05-27","fulltime","","","","","",False,"","","","","Whether you come from a background in full stack development, digital marketing technology, or a related field, you can be successful in this role. We don’t require a particular degree or experience, but we’re looking for translatable skills and relevant expertise. Specifically, we’ll be looking for the following qualifications:

* 3\\+ years of experience in web development or similar software development roles
* Proficient in PHP and MySQL, with working knowledge of JavaScript frameworks like jQuery
* Experience working within the LAMP stack and templating engines like Twig
* Comfortable using version control, continuous integration, and delivery tools like Git, Jenkins, and Perforce
* System design and architecture experience preferred

**About The Role:**


As a Full Stack Developer, you’ll build and maintain marketing\\-focused web applications, digital assets, and backend functionality that support major business initiatives. You’ll partner closely with designers, marketers, and other developers to bring projects from concept to completion. You’ll also help us integrate new technologies—including AI tools—into our workflows to improve efficiency and performance. This role requires a strong mix of technical skill and creativity, with a focus on collaboration and continuous improvement.

**This position is an in\\-person position in Columbia, Missouri and we are only considering candidates located in or around Columbia, MO or who are willing to relocate.**

Here’s a snapshot of what you’d be doing:

* Building and optimizing backend functionality using PHP and MySQL to support marketing campaigns and digital assets.
* Creating responsive websites, landing pages, and email templates using HTML, CSS, JavaScript, and templating tools like Twig.
* Integrating third\\-party APIs and marketing automation tools to improve user experience and internal processes.
* Collaborating with designers and marketing stakeholders to translate ideas into technical solutions that align with business goals.
* Working in a Linux environment using Kubernetes and modern deployment tools to manage and scale applications.
* Staying current with the latest trends in web development, UX, and digital marketing—bringing new ideas to the table.
* Using analytics tools to monitor site performance and user behavior, making data\\-informed improvements along the way.
* Pitching in wherever needed (excluding licensed tasks) to help foster a supportive and collaborative team culture.

**About You:**

* You thrive in a fast\\-paced, results\\-driven environment and love working as part of a team.
* You’re a great communicator—whether it’s writing or speaking, you know how to get your point across clearly and effectively.
* Providing exceptional customer service is second nature to you, and you always put people first.
* You know how to build strong, positive relationships and enjoy working with people.
* You’re self\\-motivated and take initiative without needing constant direction.
* You’re comfortable working across teams and departments to get things done.

**About Us:**


We’re all about helping Veterans and military families become homeowners. In two short decades, we closed over 500,000 VA Loans and became the \\#1 VA lender for homebuyers in the nation. But to us, success isn’t measured in numbers. Our success is measured in living our values every day: Be Passionate and Have Fun, Deliver Results with Integrity and Enhance Lives Every Day. We always strive to provide friendly service to military homebuyers and their families. And we always seek to lift up people and communities across the country.


We’re so glad you’re here checking out this opportunity! If this role gets you excited but you’re worried you don’t check every box – don't sweat it. We’re more interested in what you can bring to the team than a perfect checklist. If you’re passionate, driven, and ready to make a difference, we’d love to hear from you. Come as you are, and together we’ll create something amazing.

**Interested? Apply Today!**


Learn more about us on Glassdoor and our career site at vu.com/careers

  

Veterans United Home Loans and its affiliates are Equal Opportunity Employers that consider all qualified applicants regardless of race, color, religion, sex (including pregnancy, transgender status, and sexual orientation), national origin, age (40 or older), disability or genetic information.","","https://www.indeed.com/cmp/Veterans-United-Home-Loans","https://d2q79iu7y748jz.cloudfront.net/s/_squarelogo/256x256/344f6d5d6ed8aba0fe06cc626351b852","https://www.veteransunited.com/","Columbia, MO","1,001 to 5,000","Decline to state","Veterans United Home Loan employees seek to Be Passionate and Have Fun, Deliver Results with Integrity and Enhance Lives Every Day.","","","","","",""
"in-210812557a1ddc05","indeed","https://www.indeed.com/viewjob?jk=210812557a1ddc05","https://grnh.se/4m1tr6k01us","Engineering Manager","Compass Group","New York, NY, US","2026-05-27","","direct_data","yearly",194130.0,215700.0,"USD",False,"","","","","At Compass, our mission is to help everyone find their place in the world. Founded in 2012, we're revolutionizing the real estate industry with our end\\-to\\-end platform that empowers residential real estate agents to deliver exceptional service to seller and buyer clients.


Our Compass Integrated Services team powers **Next**, a brokerage productivity platform that streamlines operational workflows by providing staff with a clear, prioritized view of what needs to happen *next*. Cases and tasks adapt to the use case, from transaction coordination to welcoming and onboarding new agents. Next improves efficiency while enabling staff to deliver more consistent, high\\-value support to real estate professionals.



Our team is focused on improving visibility, consistency, and control in transaction execution. We are standardizing how work is created, tracked, and completed within the brokerage environment. Functionally, Next acts as an operational layer connecting people, tasks, and transaction data, enabling brokerages to manage processes more efficiently at scale. As part of Compass's broader broker and transaction tooling, we play a key role in simplifying operational complexity while improving productivity and consistency across distributed teams.


#### **About the Role**



As an Engineering Manager overseeing Next, you will lead a team of talented software engineers responsible for building the core operational layers, structured task management features, and workflow automation of the Next platform. You will balance technical leadership with people management, ensuring that your team executes efficiently, scales effectively, and maintains a high bar for engineering excellence.



You will work closely with Product, Design, and other engineering teams to reduce manual coordination for real estate professionals and ensure that critical steps in the transaction process are completed accurately and on time.


#### **At Compass, You Will:**


* **Build and Lead the Team:** Recruit, mentor, and grow a high\\-performing team of software engineers (ranging from mid\\-level to senior/staff). Foster a culture of technical excellence, continuous learning, and inclusivity.
* **Drive Execution and Delivery:** Partner closely with Product Managers and Designers to define the roadmap for the Next platform. Own the agile delivery process, ensuring predictable, high\\-quality releases of workflow automation and transaction management features.
* **Guide Technical Strategy:** Provide technical guidance and oversight on architecture and system design. Ensure the systems built are scalable, reliable, and easily integrated into the broader Anywhere and Compass ecosystems.
* **Cross\\-Functional Collaboration:** Act as a bridge between your team and external stakeholders. Navigate complex dependencies across different business units, aligning your team's technical strategy with overall company objectives.
* **Operational Excellence:** Drive the operational health of your team's services. Establish best practices for code quality, testing, deployment, and on\\-call rotations to ensure high availability of the Next platform.

#### **What We Look For:**


* 7\\+ years of software engineering experience, with at least 3\\+ years of experience directly managing and leading high\\-performing engineering teams.
* A strong technical background in building scalable web applications and distributed systems. Experience with modern full\\-stack technologies such as TypeScript, React, Node.js, Go
* Experience with Kafka and event\\-driven systems
* Strong leadership and interpersonal skills with the ability to motivate and inspire a team.
* Proven track record of using agile principles with multiple teams and products to meet project goals and deliver high quality products.
* Excellent communication skills, utilized to collaborate both within Engineering and across all functions of the company to drive engineering initiatives.
* Excellent mentoring and review skills to help engineers make technical and career progress.
* Exceptional focus on customers by building products that are stable and reliable.
* Bachelor's degree in Computer Science, Engineering, or a related field.


**Compensation:** The base pay range for this position is $194,130\\-$215,700; however, base pay offered may vary depending on job\\-related knowledge, skills, and experience. Bonuses and restricted stock units may be provided as part of the compensation package, in addition to a full range of benefits. Base pay is based on market location. Minimum wage for the position will always be met.


**Perks that You Need to Know About:**



Participation in our incentive programs (which may include eligible cash, equity, or commissions). Plus paid vacation, holidays, sick time, parental leave, and recharge leave; medical, tele\\-health, dental and vision benefits; 401(k) plan; flexible spending accounts (FSAs); commuter program; life and disability insurance; Maven (a support system for new parents); Carrot (fertility benefits); UrbanSitter (caregiver referral network); Employee Assistance Program; and pet insurance.

  


**Do your best work, be your authentic self.**
At Compass, we believe that everyone deserves to find their place in the world — a place where they feel like they belong, where they can be their authentic selves, where they can thrive. Our collaborative, energetic culture is grounded in our Compass Entrepreneurship Principles and our commitment to diversity, equity, inclusion, growth and mobility. As an equal opportunity employer, we offer competitive compensation packages, robust benefits and professional growth opportunities aimed at helping to improve our employees' lives and careers.

Notice for California Applicants



Los Angeles County Fair Chance Notice","","https://www.indeed.com/cmp/Compass-Group","https://d2q79iu7y748jz.cloudfront.net/s/_squarelogo/256x256/c0fc18ed7215d30156644346a3858fe0","https://www.compass-group.com","Chertsey, England","10,000+","more than $10B (USD)","Our 13,000 team members nourish the bodies, minds and souls of thousands of people every day.","","","","","",""
"in-8fa9b4dbca15099c","indeed","https://www.indeed.com/viewjob?jk=8fa9b4dbca15099c","https://grnh.se/pnxi6zva1us","Senior Software Engineer II","Compass Group","Manhattan, NY, US","2026-05-27","","direct_data","yearly",176000.0,196100.0,"USD",False,"","","","","At Compass, our mission is to help everyone find their place in the world. Founded in 2012, we're revolutionizing the real estate industry with our end\\-to\\-end platform that empowers residential real estate agents to deliver exceptional service to seller and buyer clients.


Our Compass Integrated Services team powers **Next**, a brokerage productivity platform that streamlines operational workflows by providing staff with a clear, prioritized view of what needs to happen *next*. Cases and tasks adapt to the use case, from transaction coordination to welcoming and onboarding new agents. Next improves efficiency while enabling staff to deliver more consistent, high\\-value support to real estate professionals.



Our team is focused on improving visibility, consistency, and control in transaction execution. We are standardizing how work is created, tracked, and completed within the brokerage environment. Functionally, Next acts as an operational layer connecting people, tasks, and transaction data, enabling brokerages to manage processes more efficiently at scale. As part of Compass's broader broker and transaction tooling, we play a key role in simplifying operational complexity while improving productivity and consistency across distributed teams.


#### **At Compass, You Will:**


* **Build and Evolve the Next Platform:** Design and deliver features within Next that streamline brokerage operations, including case management, task orchestration, and workflow automation across transaction and agent lifecycle use cases.
* **Own Frontend Architecture and Experience:** Lead the development of scalable, maintainable frontend solutions using React and TypeScript, ensuring a responsive, intuitive user experience for high\\-volume operational users.
* **Drive Workflow and Data Model Enhancements:** Contribute to the evolution of Next's underlying data models and workflows, helping define how tasks, cases, and transactions are structured, triggered, and tracked across the platform.
* **Own End\\-to\\-End Delivery:** Own features end\\-to\\-end, from technical design through implementation, deployment, monitoring, and production support.
* **Partner in Product Discovery:** Collaborate closely with product managers and business stakeholders during the discovery phase of new initiatives. Translate complex requirements into clear technical blueprints and executable roadmaps.
* **Modernize and Improve Legacy Experiences:** Help transition existing functionality to modern frontend patterns and architectures while maintaining continuity for business users.
* **Act as a Technical Multiplier:** Mentor engineers, lead design reviews, and establish engineering best practices. You will align your squad on technical direction while effectively resolving ambiguity in legacy migrations

#### **What We Look For:**


* 7\\+ years of software engineering experience, with a strong emphasis on frontend development using TypeScript and React.
* Deep expertise in frontend architecture, complex state management, and building scalable, reusable UI component libraries.
* Proven experience migrating legacy frontend applications to modern web architectures while maintaining a seamless user experience.
* Strong understanding of web performance optimization, accessibility standards (a11y), and cross\\-browser compatibility.
* Solid experience integrating complex frontend applications with backend microservices via gRPC.
* A collaborative, full\\-stack mindset with the ability and willingness to navigate or contribute to backend services (e.g., Go, Java, or Node.js) when needed to unblock features.
* Dedication to frontend testing best practices utilizing tools like Jest, Cypress, or React Testing Library.
* Comfort working across modern CI/CD tooling, frontend build pipelines (e.g., Webpack, Vite), and collaborative Git\\-based workflows.
* Practical experience using AI\\-assisted development tools in real delivery environments, including familiarity with tools like ClaudeCode and concepts such as CLAUDE.md project configuration and custom skills.
* BS in Computer Science or equivalent practical experience.


**Compensation:** The base pay range for this position is $176,000\\-$196,100; however, base pay offered may vary depending on job\\-related knowledge, skills, and experience. Bonuses and restricted stock units may be provided as part of the compensation package, in addition to a full range of benefits. Base pay is based on market location. Minimum wage for the position will always be met.


**Perks that You Need to Know About:**



Participation in our incentive programs (which may include eligible cash, equity, or commissions). Plus paid vacation, holidays, sick time, parental leave, and recharge leave; medical, tele\\-health, dental and vision benefits; 401(k) plan; flexible spending accounts (FSAs); commuter program; life and disability insurance; Maven (a support system for new parents); Carrot (fertility benefits); UrbanSitter (caregiver referral network); Employee Assistance Program; and pet insurance.

  


**Do your best work, be your authentic self.**
At Compass, we believe that everyone deserves to find their place in the world — a place where they feel like they belong, where they can be their authentic selves, where they can thrive. Our collaborative, energetic culture is grounded in our Compass Entrepreneurship Principles and our commitment to diversity, equity, inclusion, growth and mobility. As an equal opportunity employer, we offer competitive compensation packages, robust benefits and professional growth opportunities aimed at helping to improve our employees' lives and careers.

Notice for California Applicants



Los Angeles County Fair Chance Notice","","https://www.indeed.com/cmp/Compass-Group","https://d2q79iu7y748jz.cloudfront.net/s/_squarelogo/256x256/c0fc18ed7215d30156644346a3858fe0","https://www.compass-group.com","Chertsey, England","10,000+","more than $10B (USD)","Our 13,000 team members nourish the bodies, minds and souls of thousands of people every day.","","","","","",""
"in-095a01d961df1f20","indeed","https://www.indeed.com/viewjob?jk=095a01d961df1f20","https://grnh.se/41zsjcj71us","Engineering Manager","Compass Group","Boston, MA, US","2026-05-27","","direct_data","yearly",194130.0,215700.0,"USD",False,"","","","","At Compass, our mission is to help everyone find their place in the world. Founded in 2012, we're revolutionizing the real estate industry with our end\\-to\\-end platform that empowers residential real estate agents to deliver exceptional service to seller and buyer clients.


Our Compass Integrated Services team powers **Next**, a brokerage productivity platform that streamlines operational workflows by providing staff with a clear, prioritized view of what needs to happen *next*. Cases and tasks adapt to the use case, from transaction coordination to welcoming and onboarding new agents. Next improves efficiency while enabling staff to deliver more consistent, high\\-value support to real estate professionals.



Our team is focused on improving visibility, consistency, and control in transaction execution. We are standardizing how work is created, tracked, and completed within the brokerage environment. Functionally, Next acts as an operational layer connecting people, tasks, and transaction data, enabling brokerages to manage processes more efficiently at scale. As part of Compass's broader broker and transaction tooling, we play a key role in simplifying operational complexity while improving productivity and consistency across distributed teams.


#### **About the Role**



As an Engineering Manager overseeing Next, you will lead a team of talented software engineers responsible for building the core operational layers, structured task management features, and workflow automation of the Next platform. You will balance technical leadership with people management, ensuring that your team executes efficiently, scales effectively, and maintains a high bar for engineering excellence.



You will work closely with Product, Design, and other engineering teams to reduce manual coordination for real estate professionals and ensure that critical steps in the transaction process are completed accurately and on time.


#### **At Compass, You Will:**


* **Build and Lead the Team:** Recruit, mentor, and grow a high\\-performing team of software engineers (ranging from mid\\-level to senior/staff). Foster a culture of technical excellence, continuous learning, and inclusivity.
* **Drive Execution and Delivery:** Partner closely with Product Managers and Designers to define the roadmap for the Next platform. Own the agile delivery process, ensuring predictable, high\\-quality releases of workflow automation and transaction management features.
* **Guide Technical Strategy:** Provide technical guidance and oversight on architecture and system design. Ensure the systems built are scalable, reliable, and easily integrated into the broader Anywhere and Compass ecosystems.
* **Cross\\-Functional Collaboration:** Act as a bridge between your team and external stakeholders. Navigate complex dependencies across different business units, aligning your team's technical strategy with overall company objectives.
* **Operational Excellence:** Drive the operational health of your team's services. Establish best practices for code quality, testing, deployment, and on\\-call rotations to ensure high availability of the Next platform.

#### **What We Look For:**


* 7\\+ years of software engineering experience, with at least 3\\+ years of experience directly managing and leading high\\-performing engineering teams.
* A strong technical background in building scalable web applications and distributed systems. Experience with modern full\\-stack technologies such as TypeScript, React, Node.js, Go
* Experience with Kafka and event\\-driven systems
* Strong leadership and interpersonal skills with the ability to motivate and inspire a team.
* Proven track record of using agile principles with multiple teams and products to meet project goals and deliver high quality products.
* Excellent communication skills, utilized to collaborate both within Engineering and across all functions of the company to drive engineering initiatives.
* Excellent mentoring and review skills to help engineers make technical and career progress.
* Exceptional focus on customers by building products that are stable and reliable.
* Bachelor's degree in Computer Science, Engineering, or a related field.


**Compensation:** The base pay range for this position is $194,130\\-$215,700; however, base pay offered may vary depending on job\\-related knowledge, skills, and experience. Bonuses and restricted stock units may be provided as part of the compensation package, in addition to a full range of benefits. Base pay is based on market location. Minimum wage for the position will always be met.


**Perks that You Need to Know About:**



Participation in our incentive programs (which may include eligible cash, equity, or commissions). Plus paid vacation, holidays, sick time, parental leave, and recharge leave; medical, tele\\-health, dental and vision benefits; 401(k) plan; flexible spending accounts (FSAs); commuter program; life and disability insurance; Maven (a support system for new parents); Carrot (fertility benefits); UrbanSitter (caregiver referral network); Employee Assistance Program; and pet insurance.

  


**Do your best work, be your authentic self.**
At Compass, we believe that everyone deserves to find their place in the world — a place where they feel like they belong, where they can be their authentic selves, where they can thrive. Our collaborative, energetic culture is grounded in our Compass Entrepreneurship Principles and our commitment to diversity, equity, inclusion, growth and mobility. As an equal opportunity employer, we offer competitive compensation packages, robust benefits and professional growth opportunities aimed at helping to improve our employees' lives and careers.

Notice for California Applicants



Los Angeles County Fair Chance Notice","","https://www.indeed.com/cmp/Compass-Group","https://d2q79iu7y748jz.cloudfront.net/s/_squarelogo/256x256/c0fc18ed7215d30156644346a3858fe0","https://www.compass-group.com","Chertsey, England","10,000+","more than $10B (USD)","Our 13,000 team members nourish the bodies, minds and souls of thousands of people every day.","","","","","",""
"in-9c8b749e806f57fc","indeed","https://www.indeed.com/viewjob?jk=9c8b749e806f57fc","https://grnh.se/kwg3woa91us","Senior Software Engineer II","Compass","Seattle, WA, US","2026-05-27","","direct_data","yearly",176000.0,196100.0,"USD",False,"","","","","At Compass, our mission is to help everyone find their place in the world. Founded in 2012, we're revolutionizing the real estate industry with our end\\-to\\-end platform that empowers residential real estate agents to deliver exceptional service to seller and buyer clients.


Our Compass Integrated Services team powers **Next**, a brokerage productivity platform that streamlines operational workflows by providing staff with a clear, prioritized view of what needs to happen *next*. Cases and tasks adapt to the use case, from transaction coordination to welcoming and onboarding new agents. Next improves efficiency while enabling staff to deliver more consistent, high\\-value support to real estate professionals.



Our team is focused on improving visibility, consistency, and control in transaction execution. We are standardizing how work is created, tracked, and completed within the brokerage environment. Functionally, Next acts as an operational layer connecting people, tasks, and transaction data, enabling brokerages to manage processes more efficiently at scale. As part of Compass's broader broker and transaction tooling, we play a key role in simplifying operational complexity while improving productivity and consistency across distributed teams.


#### **At Compass, You Will:**


* **Build and Evolve the Next Platform:** Design and deliver features within Next that streamline brokerage operations, including case management, task orchestration, and workflow automation across transaction and agent lifecycle use cases.
* **Own Frontend Architecture and Experience:** Lead the development of scalable, maintainable frontend solutions using React and TypeScript, ensuring a responsive, intuitive user experience for high\\-volume operational users.
* **Drive Workflow and Data Model Enhancements:** Contribute to the evolution of Next's underlying data models and workflows, helping define how tasks, cases, and transactions are structured, triggered, and tracked across the platform.
* **Own End\\-to\\-End Delivery:** Own features end\\-to\\-end, from technical design through implementation, deployment, monitoring, and production support.
* **Partner in Product Discovery:** Collaborate closely with product managers and business stakeholders during the discovery phase of new initiatives. Translate complex requirements into clear technical blueprints and executable roadmaps.
* **Modernize and Improve Legacy Experiences:** Help transition existing functionality to modern frontend patterns and architectures while maintaining continuity for business users.
* **Act as a Technical Multiplier:** Mentor engineers, lead design reviews, and establish engineering best practices. You will align your squad on technical direction while effectively resolving ambiguity in legacy migrations

#### **What We Look For:**


* 7\\+ years of software engineering experience, with a strong emphasis on frontend development using TypeScript and React.
* Deep expertise in frontend architecture, complex state management, and building scalable, reusable UI component libraries.
* Proven experience migrating legacy frontend applications to modern web architectures while maintaining a seamless user experience.
* Strong understanding of web performance optimization, accessibility standards (a11y), and cross\\-browser compatibility.
* Solid experience integrating complex frontend applications with backend microservices via gRPC.
* A collaborative, full\\-stack mindset with the ability and willingness to navigate or contribute to backend services (e.g., Go, Java, or Node.js) when needed to unblock features.
* Dedication to frontend testing best practices utilizing tools like Jest, Cypress, or React Testing Library.
* Comfort working across modern CI/CD tooling, frontend build pipelines (e.g., Webpack, Vite), and collaborative Git\\-based workflows.
* Practical experience using AI\\-assisted development tools in real delivery environments, including familiarity with tools like ClaudeCode and concepts such as CLAUDE.md project configuration and custom skills.
* BS in Computer Science or equivalent practical experience.


**Compensation:** The base pay range for this position is $176,000\\-$196,100; however, base pay offered may vary depending on job\\-related knowledge, skills, and experience. Bonuses and restricted stock units may be provided as part of the compensation package, in addition to a full range of benefits. Base pay is based on market location. Minimum wage for the position will always be met.


**Perks that You Need to Know About:**



Participation in our incentive programs (which may include eligible cash, equity, or commissions). Plus paid vacation, holidays, sick time, parental leave, and recharge leave; medical, tele\\-health, dental and vision benefits; 401(k) plan; flexible spending accounts (FSAs); commuter program; life and disability insurance; Maven (a support system for new parents); Carrot (fertility benefits); UrbanSitter (caregiver referral network); Employee Assistance Program; and pet insurance.

  


**Do your best work, be your authentic self.**
At Compass, we believe that everyone deserves to find their place in the world — a place where they feel like they belong, where they can be their authentic selves, where they can thrive. Our collaborative, energetic culture is grounded in our Compass Entrepreneurship Principles and our commitment to diversity, equity, inclusion, growth and mobility. As an equal opportunity employer, we offer competitive compensation packages, robust benefits and professional growth opportunities aimed at helping to improve our employees' lives and careers.

Notice for California Applicants



Los Angeles County Fair Chance Notice","Real Estate","https://www.indeed.com/cmp/Compass-1","","https://www.compass.com/careers/","","","","Compass is a real estate technology company building a single platform that supports the entire home buying and selling process. We deliver an incomparable experience to both agents and their clients","","","","","",""
"in-dcf3c4c3a6076106","indeed","https://www.indeed.com/viewjob?jk=dcf3c4c3a6076106","https://grnh.se/cfez1y6a1us","Engineering Manager","Compass","Seattle, WA, US","2026-05-27","","direct_data","yearly",194130.0,215700.0,"USD",False,"","","","","At Compass, our mission is to help everyone find their place in the world. Founded in 2012, we're revolutionizing the real estate industry with our end\\-to\\-end platform that empowers residential real estate agents to deliver exceptional service to seller and buyer clients.


Our Compass Integrated Services team powers **Next**, a brokerage productivity platform that streamlines operational workflows by providing staff with a clear, prioritized view of what needs to happen *next*. Cases and tasks adapt to the use case, from transaction coordination to welcoming and onboarding new agents. Next improves efficiency while enabling staff to deliver more consistent, high\\-value support to real estate professionals.



Our team is focused on improving visibility, consistency, and control in transaction execution. We are standardizing how work is created, tracked, and completed within the brokerage environment. Functionally, Next acts as an operational layer connecting people, tasks, and transaction data, enabling brokerages to manage processes more efficiently at scale. As part of Compass's broader broker and transaction tooling, we play a key role in simplifying operational complexity while improving productivity and consistency across distributed teams.


#### **About the Role**



As an Engineering Manager overseeing Next, you will lead a team of talented software engineers responsible for building the core operational layers, structured task management features, and workflow automation of the Next platform. You will balance technical leadership with people management, ensuring that your team executes efficiently, scales effectively, and maintains a high bar for engineering excellence.



You will work closely with Product, Design, and other engineering teams to reduce manual coordination for real estate professionals and ensure that critical steps in the transaction process are completed accurately and on time.


#### **At Compass, You Will:**


* **Build and Lead the Team:** Recruit, mentor, and grow a high\\-performing team of software engineers (ranging from mid\\-level to senior/staff). Foster a culture of technical excellence, continuous learning, and inclusivity.
* **Drive Execution and Delivery:** Partner closely with Product Managers and Designers to define the roadmap for the Next platform. Own the agile delivery process, ensuring predictable, high\\-quality releases of workflow automation and transaction management features.
* **Guide Technical Strategy:** Provide technical guidance and oversight on architecture and system design. Ensure the systems built are scalable, reliable, and easily integrated into the broader Anywhere and Compass ecosystems.
* **Cross\\-Functional Collaboration:** Act as a bridge between your team and external stakeholders. Navigate complex dependencies across different business units, aligning your team's technical strategy with overall company objectives.
* **Operational Excellence:** Drive the operational health of your team's services. Establish best practices for code quality, testing, deployment, and on\\-call rotations to ensure high availability of the Next platform.

#### **What We Look For:**


* 7\\+ years of software engineering experience, with at least 3\\+ years of experience directly managing and leading high\\-performing engineering teams.
* A strong technical background in building scalable web applications and distributed systems. Experience with modern full\\-stack technologies such as TypeScript, React, Node.js, Go
* Experience with Kafka and event\\-driven systems
* Strong leadership and interpersonal skills with the ability to motivate and inspire a team.
* Proven track record of using agile principles with multiple teams and products to meet project goals and deliver high quality products.
* Excellent communication skills, utilized to collaborate both within Engineering and across all functions of the company to drive engineering initiatives.
* Excellent mentoring and review skills to help engineers make technical and career progress.
* Exceptional focus on customers by building products that are stable and reliable.
* Bachelor's degree in Computer Science, Engineering, or a related field.


**Compensation:** The base pay range for this position is $194,130\\-$215,700; however, base pay offered may vary depending on job\\-related knowledge, skills, and experience. Bonuses and restricted stock units may be provided as part of the compensation package, in addition to a full range of benefits. Base pay is based on market location. Minimum wage for the position will always be met.


**Perks that You Need to Know About:**



Participation in our incentive programs (which may include eligible cash, equity, or commissions). Plus paid vacation, holidays, sick time, parental leave, and recharge leave; medical, tele\\-health, dental and vision benefits; 401(k) plan; flexible spending accounts (FSAs); commuter program; life and disability insurance; Maven (a support system for new parents); Carrot (fertility benefits); UrbanSitter (caregiver referral network); Employee Assistance Program; and pet insurance.

  


**Do your best work, be your authentic self.**
At Compass, we believe that everyone deserves to find their place in the world — a place where they feel like they belong, where they can be their authentic selves, where they can thrive. Our collaborative, energetic culture is grounded in our Compass Entrepreneurship Principles and our commitment to diversity, equity, inclusion, growth and mobility. As an equal opportunity employer, we offer competitive compensation packages, robust benefits and professional growth opportunities aimed at helping to improve our employees' lives and careers.

Notice for California Applicants



Los Angeles County Fair Chance Notice","Real Estate","https://www.indeed.com/cmp/Compass-1","","https://www.compass.com/careers/","","","","Compass is a real estate technology company building a single platform that supports the entire home buying and selling process. We deliver an incomparable experience to both agents and their clients","","","","","",""
"in-dfe5ebfa60ed07cc","indeed","https://www.indeed.com/viewjob?jk=dfe5ebfa60ed07cc","https://grnh.se/0vqo6pa61us","Senior Software Engineer II","Compass Group","Boston, MA, US","2026-05-27","","direct_data","yearly",176000.0,196100.0,"USD",False,"","","","","At Compass, our mission is to help everyone find their place in the world. Founded in 2012, we're revolutionizing the real estate industry with our end\\-to\\-end platform that empowers residential real estate agents to deliver exceptional service to seller and buyer clients.


Our Compass Integrated Services team powers **Next**, a brokerage productivity platform that streamlines operational workflows by providing staff with a clear, prioritized view of what needs to happen *next*. Cases and tasks adapt to the use case, from transaction coordination to welcoming and onboarding new agents. Next improves efficiency while enabling staff to deliver more consistent, high\\-value support to real estate professionals.



Our team is focused on improving visibility, consistency, and control in transaction execution. We are standardizing how work is created, tracked, and completed within the brokerage environment. Functionally, Next acts as an operational layer connecting people, tasks, and transaction data, enabling brokerages to manage processes more efficiently at scale. As part of Compass's broader broker and transaction tooling, we play a key role in simplifying operational complexity while improving productivity and consistency across distributed teams.


#### **At Compass, You Will:**


* **Build and Evolve the Next Platform:** Design and deliver features within Next that streamline brokerage operations, including case management, task orchestration, and workflow automation across transaction and agent lifecycle use cases.
* **Own Frontend Architecture and Experience:** Lead the development of scalable, maintainable frontend solutions using React and TypeScript, ensuring a responsive, intuitive user experience for high\\-volume operational users.
* **Drive Workflow and Data Model Enhancements:** Contribute to the evolution of Next's underlying data models and workflows, helping define how tasks, cases, and transactions are structured, triggered, and tracked across the platform.
* **Own End\\-to\\-End Delivery:** Own features end\\-to\\-end, from technical design through implementation, deployment, monitoring, and production support.
* **Partner in Product Discovery:** Collaborate closely with product managers and business stakeholders during the discovery phase of new initiatives. Translate complex requirements into clear technical blueprints and executable roadmaps.
* **Modernize and Improve Legacy Experiences:** Help transition existing functionality to modern frontend patterns and architectures while maintaining continuity for business users.
* **Act as a Technical Multiplier:** Mentor engineers, lead design reviews, and establish engineering best practices. You will align your squad on technical direction while effectively resolving ambiguity in legacy migrations

#### **What We Look For:**


* 7\\+ years of software engineering experience, with a strong emphasis on frontend development using TypeScript and React.
* Deep expertise in frontend architecture, complex state management, and building scalable, reusable UI component libraries.
* Proven experience migrating legacy frontend applications to modern web architectures while maintaining a seamless user experience.
* Strong understanding of web performance optimization, accessibility standards (a11y), and cross\\-browser compatibility.
* Solid experience integrating complex frontend applications with backend microservices via gRPC.
* A collaborative, full\\-stack mindset with the ability and willingness to navigate or contribute to backend services (e.g., Go, Java, or Node.js) when needed to unblock features.
* Dedication to frontend testing best practices utilizing tools like Jest, Cypress, or React Testing Library.
* Comfort working across modern CI/CD tooling, frontend build pipelines (e.g., Webpack, Vite), and collaborative Git\\-based workflows.
* Practical experience using AI\\-assisted development tools in real delivery environments, including familiarity with tools like ClaudeCode and concepts such as CLAUDE.md project configuration and custom skills.
* BS in Computer Science or equivalent practical experience.


**Compensation:** The base pay range for this position is $176,000\\-$196,100; however, base pay offered may vary depending on job\\-related knowledge, skills, and experience. Bonuses and restricted stock units may be provided as part of the compensation package, in addition to a full range of benefits. Base pay is based on market location. Minimum wage for the position will always be met.


**Perks that You Need to Know About:**



Participation in our incentive programs (which may include eligible cash, equity, or commissions). Plus paid vacation, holidays, sick time, parental leave, and recharge leave; medical, tele\\-health, dental and vision benefits; 401(k) plan; flexible spending accounts (FSAs); commuter program; life and disability insurance; Maven (a support system for new parents); Carrot (fertility benefits); UrbanSitter (caregiver referral network); Employee Assistance Program; and pet insurance.

  


**Do your best work, be your authentic self.**
At Compass, we believe that everyone deserves to find their place in the world — a place where they feel like they belong, where they can be their authentic selves, where they can thrive. Our collaborative, energetic culture is grounded in our Compass Entrepreneurship Principles and our commitment to diversity, equity, inclusion, growth and mobility. As an equal opportunity employer, we offer competitive compensation packages, robust benefits and professional growth opportunities aimed at helping to improve our employees' lives and careers.

Notice for California Applicants



Los Angeles County Fair Chance Notice","","https://www.indeed.com/cmp/Compass-Group","https://d2q79iu7y748jz.cloudfront.net/s/_squarelogo/256x256/c0fc18ed7215d30156644346a3858fe0","https://www.compass-group.com","Chertsey, England","10,000+","more than $10B (USD)","Our 13,000 team members nourish the bodies, minds and souls of thousands of people every day.","","","","","",""
"in-fd6afa57a5dd6351","indeed","https://www.indeed.com/viewjob?jk=fd6afa57a5dd6351","https://kemper.wd5.myworkdayjobs.com/Kemper_Careers/job/Jacksonville-Florida/Full-Stack-Developer-Java-Guidewire_R-26-0035772","Full Stack Developer-Java/Guidewire","Kemper","Birmingham, AL, US","2026-05-27","fulltime","","","","","",False,"","","","","Location(s)


Alpharetta, Georgia, Birmingham, Alabama, Jacksonville, Florida**Details**

*Kemper is one of the nation’s leading specialized insurers. Our success is a direct reflection of the talented and diverse people who make a positive difference in the lives of our customers every day. We believe a high\\-performing culture, valuable opportunities for personal development and professional challenge, and a healthy work\\-life balance can be highly motivating and productive. Kemper’s products and services are making a real difference to our customers, who have unique and evolving needs. By joining our team, you are helping to provide an experience to our stakeholders that delivers on our promises.*

  

We are seeking an experienced Full Stack Developer focused on Java/Guidewire Claimcenter. Be a deep technical expert in the property \\& casualty insurance claim domain. In this role, you will design and code scalable solutions, influence architecture, and provide guidance through technical excellence. You will work on Guidewire ClaimCenter and its surrounding middleware (Java/SpringBoot, AWS SQS/SNS, AWS Lambdas, AWS PostgreSQL, etc).

**Position Responsibilities:**

* Design robust, high\\-performance solutions across systems and services
* Serve as a key technical contributor on critical projects or initiatives within the property \\& casualty insurance claim domain
* Act as a resource for others by sharing deep technical knowledge and context \\- without formal leadership or management duties
* Evaluate and advocate for improvements in system architecture, technical standards, and development processes
* Collaborate with stakeholders across engineering and product to align technical implementation with business needs
* Create proof of concepts to demonstrate capabilities
* Enforce standard coding and security best practices
* Work within SAFe (Scaled Agile Framework)

**Position Qualifications:**

* Bachelor’s degree in computer science, computer engineering, or a related field; advanced degree preferred
* 8 or more years of full stack Java developer experience
* Expert\\-level understanding of the full SDLC
* Ability to identify bottlenecks or inefficiencies in the software development lifecycle and propose improvements
* Deep familiarity with wide range of software design patterns and architectural principles, applying them to design scalable and maintainable systems
* Guidewire ClaimCenter experience is strongly desired
* Knowledge of auto insurance; commercial \\& personal auto lines preferred
* Expertise with most of the following: Languages such as Java, Gosu, Kotlin, HTML/CSS, JavaScript, TypeScript
* Standard design patterns
* Spring Boot and container orchestration (EKS/ECS)
* CI/CD, Containerization and Orchestration
* Unit testing and integration testing
* Version control systems (e.g. Git)
* RESTful APIs and microservices
* AI Prompt/Agentic Engineering
* Monitoring and logging via tools like AppDynamics and Splunk
* SQL and secure coding practices
* Cloud\\-native architecture and AWS services
* Frameworks such as Angular, React, Vue
* This position works at the Kemper office

 *Kemper is proud to be an equal opportunity employer. All applicants will be considered for employment without attention to race, color, religion, sex, sexual orientation, gender identity, national origin, veteran, disability status or any other status protected by the laws or regulations in the locations where we operate.*

*We are committed to supporting diversity and equality across our organization and we work diligently to maintain a workplace free from discrimination.*

*Kemper is focused on expanding our Diversity, Equity and Inclusion efforts to align with our vision, mission, and guiding principles. Kemper does not accept unsolicited resumes through or from search firms or staffing agencies. All unsolicited resumes will be considered the property of Kemper and Kemper will not be obligated to pay a placement fee.*

 *Kemper will never request personal information, such as your social security number or banking information, via text or email. Additionally, Kemper does not use external messaging applications like WireApp or Skype to communicate with candidates. If you receive such a message, delete it.*

*\\#LI\\-AK*","","https://www.indeed.com/cmp/Kemper-9","https://d2q79iu7y748jz.cloudfront.net/s/_squarelogo/256x256/4846cf23789b3bb30f462572b8b3067d","http://www.kemper.com","Chicago, IL","5,001 to 10,000","$1B to $5B (USD)","","","","","","",""
"in-65f6e5e46fefc403","indeed","https://www.indeed.com/viewjob?jk=65f6e5e46fefc403","https://kemper.wd5.myworkdayjobs.com/Kemper_Careers/job/Jacksonville-Florida/Full-Stack-Developer-Java-Guidewire_R-26-0035772","Full Stack Developer-Java/Guidewire","Kemper","Jacksonville, FL, US","2026-05-27","fulltime","","","","","",False,"","","","","Location(s)


Alpharetta, Georgia, Birmingham, Alabama, Jacksonville, Florida**Details**

*Kemper is one of the nation’s leading specialized insurers. Our success is a direct reflection of the talented and diverse people who make a positive difference in the lives of our customers every day. We believe a high\\-performing culture, valuable opportunities for personal development and professional challenge, and a healthy work\\-life balance can be highly motivating and productive. Kemper’s products and services are making a real difference to our customers, who have unique and evolving needs. By joining our team, you are helping to provide an experience to our stakeholders that delivers on our promises.*

  

We are seeking an experienced Full Stack Developer focused on Java/Guidewire Claimcenter. Be a deep technical expert in the property \\& casualty insurance claim domain. In this role, you will design and code scalable solutions, influence architecture, and provide guidance through technical excellence. You will work on Guidewire ClaimCenter and its surrounding middleware (Java/SpringBoot, AWS SQS/SNS, AWS Lambdas, AWS PostgreSQL, etc).

**Position Responsibilities:**

* Design robust, high\\-performance solutions across systems and services
* Serve as a key technical contributor on critical projects or initiatives within the property \\& casualty insurance claim domain
* Act as a resource for others by sharing deep technical knowledge and context \\- without formal leadership or management duties
* Evaluate and advocate for improvements in system architecture, technical standards, and development processes
* Collaborate with stakeholders across engineering and product to align technical implementation with business needs
* Create proof of concepts to demonstrate capabilities
* Enforce standard coding and security best practices
* Work within SAFe (Scaled Agile Framework)

**Position Qualifications:**

* Bachelor’s degree in computer science, computer engineering, or a related field; advanced degree preferred
* 8 or more years of full stack Java developer experience
* Expert\\-level understanding of the full SDLC
* Ability to identify bottlenecks or inefficiencies in the software development lifecycle and propose improvements
* Deep familiarity with wide range of software design patterns and architectural principles, applying them to design scalable and maintainable systems
* Guidewire ClaimCenter experience is strongly desired
* Knowledge of auto insurance; commercial \\& personal auto lines preferred
* Expertise with most of the following: Languages such as Java, Gosu, Kotlin, HTML/CSS, JavaScript, TypeScript
* Standard design patterns
* Spring Boot and container orchestration (EKS/ECS)
* CI/CD, Containerization and Orchestration
* Unit testing and integration testing
* Version control systems (e.g. Git)
* RESTful APIs and microservices
* AI Prompt/Agentic Engineering
* Monitoring and logging via tools like AppDynamics and Splunk
* SQL and secure coding practices
* Cloud\\-native architecture and AWS services
* Frameworks such as Angular, React, Vue
* This position works at the Kemper office

 *Kemper is proud to be an equal opportunity employer. All applicants will be considered for employment without attention to race, color, religion, sex, sexual orientation, gender identity, national origin, veteran, disability status or any other status protected by the laws or regulations in the locations where we operate.*

*We are committed to supporting diversity and equality across our organization and we work diligently to maintain a workplace free from discrimination.*

*Kemper is focused on expanding our Diversity, Equity and Inclusion efforts to align with our vision, mission, and guiding principles. Kemper does not accept unsolicited resumes through or from search firms or staffing agencies. All unsolicited resumes will be considered the property of Kemper and Kemper will not be obligated to pay a placement fee.*

 *Kemper will never request personal information, such as your social security number or banking information, via text or email. Additionally, Kemper does not use external messaging applications like WireApp or Skype to communicate with candidates. If you receive such a message, delete it.*

*\\#LI\\-AK*","","https://www.indeed.com/cmp/Kemper-9","https://d2q79iu7y748jz.cloudfront.net/s/_squarelogo/256x256/4846cf23789b3bb30f462572b8b3067d","http://www.kemper.com","Chicago, IL","5,001 to 10,000","$1B to $5B (USD)","","","","","","",""
"in-3b157576f40d8ca5","indeed","https://www.indeed.com/viewjob?jk=3b157576f40d8ca5","https://kemper.wd5.myworkdayjobs.com/Kemper_Careers/job/Jacksonville-Florida/Full-Stack-Developer-Java-Guidewire_R-26-0035772","Full Stack Developer-Java/Guidewire","Kemper","Alpharetta, GA, US","2026-05-27","fulltime","","","","","",False,"","","","","Location(s)


Alpharetta, Georgia, Birmingham, Alabama, Jacksonville, Florida**Details**

*Kemper is one of the nation’s leading specialized insurers. Our success is a direct reflection of the talented and diverse people who make a positive difference in the lives of our customers every day. We believe a high\\-performing culture, valuable opportunities for personal development and professional challenge, and a healthy work\\-life balance can be highly motivating and productive. Kemper’s products and services are making a real difference to our customers, who have unique and evolving needs. By joining our team, you are helping to provide an experience to our stakeholders that delivers on our promises.*

  

We are seeking an experienced Full Stack Developer focused on Java/Guidewire Claimcenter. Be a deep technical expert in the property \\& casualty insurance claim domain. In this role, you will design and code scalable solutions, influence architecture, and provide guidance through technical excellence. You will work on Guidewire ClaimCenter and its surrounding middleware (Java/SpringBoot, AWS SQS/SNS, AWS Lambdas, AWS PostgreSQL, etc).

**Position Responsibilities:**

* Design robust, high\\-performance solutions across systems and services
* Serve as a key technical contributor on critical projects or initiatives within the property \\& casualty insurance claim domain
* Act as a resource for others by sharing deep technical knowledge and context \\- without formal leadership or management duties
* Evaluate and advocate for improvements in system architecture, technical standards, and development processes
* Collaborate with stakeholders across engineering and product to align technical implementation with business needs
* Create proof of concepts to demonstrate capabilities
* Enforce standard coding and security best practices
* Work within SAFe (Scaled Agile Framework)

**Position Qualifications:**

* Bachelor’s degree in computer science, computer engineering, or a related field; advanced degree preferred
* 8 or more years of full stack Java developer experience
* Expert\\-level understanding of the full SDLC
* Ability to identify bottlenecks or inefficiencies in the software development lifecycle and propose improvements
* Deep familiarity with wide range of software design patterns and architectural principles, applying them to design scalable and maintainable systems
* Guidewire ClaimCenter experience is strongly desired
* Knowledge of auto insurance; commercial \\& personal auto lines preferred
* Expertise with most of the following: Languages such as Java, Gosu, Kotlin, HTML/CSS, JavaScript, TypeScript
* Standard design patterns
* Spring Boot and container orchestration (EKS/ECS)
* CI/CD, Containerization and Orchestration
* Unit testing and integration testing
* Version control systems (e.g. Git)
* RESTful APIs and microservices
* AI Prompt/Agentic Engineering
* Monitoring and logging via tools like AppDynamics and Splunk
* SQL and secure coding practices
* Cloud\\-native architecture and AWS services
* Frameworks such as Angular, React, Vue
* This position works at the Kemper office

 *Kemper is proud to be an equal opportunity employer. All applicants will be considered for employment without attention to race, color, religion, sex, sexual orientation, gender identity, national origin, veteran, disability status or any other status protected by the laws or regulations in the locations where we operate.*

*We are committed to supporting diversity and equality across our organization and we work diligently to maintain a workplace free from discrimination.*

*Kemper is focused on expanding our Diversity, Equity and Inclusion efforts to align with our vision, mission, and guiding principles. Kemper does not accept unsolicited resumes through or from search firms or staffing agencies. All unsolicited resumes will be considered the property of Kemper and Kemper will not be obligated to pay a placement fee.*

 *Kemper will never request personal information, such as your social security number or banking information, via text or email. Additionally, Kemper does not use external messaging applications like WireApp or Skype to communicate with candidates. If you receive such a message, delete it.*

*\\#LI\\-AK*","","https://www.indeed.com/cmp/Kemper-9","https://d2q79iu7y748jz.cloudfront.net/s/_squarelogo/256x256/4846cf23789b3bb30f462572b8b3067d","http://www.kemper.com","Chicago, IL","5,001 to 10,000","$1B to $5B (USD)","","","","","","",""
"in-0b5f00979f41a5cf","indeed","https://www.indeed.com/viewjob?jk=0b5f00979f41a5cf","https://boards.greenhouse.io/ridgeline/jobs/7749057003?gh_jid=7749057003","Senior Full Stack Engineer, Client Communications","Ridgeline","Reno, NV, US","2026-05-27","","","","","","",False,"","","","","Are you excited to build seamless client\\-facing experiences that strengthen communication and collaboration between investment managers and their clients? Do you enjoy developing scalable fullstack applications that power messaging, notifications, reporting, and digital engagement workflows? Are you energized by solving complex engineering challenges while partnering closely with product, design, and client\\-facing teams to deliver polished user experiences? If so, we invite you to be a part of our innovative team.



As a senior engineer at Ridgeline, you’ll help build and evolve the applications and services that power our Client Communications capabilities. You’ll develop modern fullstack solutions that enable investment firms to deliver personalized communications, reporting, notifications, and digital experiences at scale. This role will focus on creating intuitive frontend experiences, scalable backend systems, and highly reliable integrations that improve transparency and engagement between firms and their clients. Our team of engineers are building with AI technologies—like Claude Code and ChatGPT—in a fast\\-moving, creative, progressive work environment. Our team aims to leave a legacy in an investment management industry primed for change, utilizing the latest AI and software development practices to revolutionize the field.



At Ridgeline, how we work matters as much as what we build. Ridgeliners act like owners, choose growth over comfort, and communicate with transparency. We assume positive intent, bias toward action, and bring solutions—not just problems. We celebrate wins, learn from setbacks, and thrive in a resilient, collaborative, high\\-performing culture. If the Ridgeline Way excites you, we’d love to meet you.



You must be work authorized in the United States without the need for employer sponsorship.


**The impact you will have:**


* Develop modern, intuitive frontend experiences that simplify how investment firms interact with their clients
* Build backend services and APIs that support messaging, reporting, notifications, and document delivery systems
* Collaborate closely with product managers, designers, and client\\-facing stakeholders to deliver impactful solutions
* Improve platform reliability, scalability, observability, and performance across Client Communication systems
* Drive technical architecture decisions and contribute to engineering best practices across teams
* Optimize engineering workflows using AI\\-assisted development tools and automation practices
* Troubleshoot complex production issues and proactively identify opportunities for system improvements
* Think creatively, own problems, seek solutions, and communicate clearly along the way
* Contribute to a collaborative environment rooted in learning, teaching, and transparency


**What we look for:**


* 5\\+ years of professional software engineering experience building and shipping production applications
* Strong experience developing modern fullstack applications using technologies such as React, TypeScript, Java, Kotlin, Python, or similar
* Experience building scalable APIs, backend services, and distributed systems
* Familiarity with cloud\\-native architectures and modern SaaS application development
* Experience creating polished, user\\-centric experiences with strong attention to usability and performance
* Ability to work cross\\-functionally with product, design, and business stakeholders
* Strong problem\\-solving skills and a high degree of ownership
* Excellent written and verbal communication skills
* Willingness to learn about cutting\\-edge technologies while cultivating expertise in a business domain/problem space
* Ability to communicate effectively
* Serious interest in having fun at work


**Bonus:**


* Experience building communication platforms, messaging systems, or client engagement tools
* Familiarity with fintech, investment management, or enterprise SaaS products
* Experience with event\\-driven architectures, notification systems, or document generation workflows
* Exposure to AI\\-assisted software development workflows and developer productivity tools

  


**About Ridgeline**



Ridgeline is the first front\\-to\\-back system of record for investment managers. Founded by visionary entrepreneur Dave Duffield (co\\-founder of both PeopleSoft and Workday), the company was created to modernize an industry held back by outdated, disconnected technology. Powered by a single, real\\-time data set and embedded AI, Ridgeline helps firms automate complexity, accelerate collaboration, and deliver tailored client experiences at scale, without added headcount or risk. Ridgeline is headquartered in Lake Tahoe, with offices in New York, Reno, and the Bay Area, and is recognized by Fast Company as a “Best Workplace for Innovators,” by Frost \\& Sullivan as a “Technology Innovation Leader,” and by The Software Report as a “Top 100 Software Company.”



Ridgeline is proud to be a community\\-minded, discrimination\\-free equal opportunity workplace.



Ridgeline processes the information you submit in connection with your application in accordance with the Ridgeline Applicant Privacy Statement. Please review the Ridgeline Applicant Privacy Statement in full to understand our privacy practices and contact us with any questions.


**Compensation and Benefits**



As an employee at Ridgeline, you’ll have many opportunities for advancement in your career and can make a true impact on the product.



In addition to the base salary, Ridgeline employees can participate in our Company Stock Plan subject to the applicable Stock Option Agreement. We also offer rich benefits that reflect the kind of organization we want to be: one in which our employees feel valued and are inspired to bring their best selves to work. These include unlimited vacation, educational and wellness reimbursements, and $0 cost employee insurance plans. Please check out our Careers page for a more comprehensive overview of our perks and benefits.","","https://www.indeed.com/cmp/Ridgeline-4","","","","","","","","","","","",""
"in-10cb0adfd44674d0","indeed","https://www.indeed.com/viewjob?jk=10cb0adfd44674d0","https://newpage.io/careers/SVRvVE0zNGNGNGRjOTFPQnN6NGFJQT09","Principal Software Engineer- Forward Deployed","Newpage Digital Healthcare solutions","Remote, US","2026-05-27","contract","","","","","",True,"","","","Bhavik.rathod@newpage.io","Location: Remote \\| Type: Contract


**About Newpage Solutions**
---------------------------


Newpage Solutions is a global digital health innovation company helping people live longer, healthier lives. We partner with life sciences organizations—including pharmaceutical, biotech, and healthcare leaders—to build transformative AI and data\\-driven technologies addressing real\\-world health challenges.


From strategy and research to UX design and agile development, we deliver and validate impactful solutions using lean, human\\-centered practices.


We are proud to be **Great Place to Work® certified** for three consecutive years, hold a top **Glassdoor rating**, and were named among the ""Top 50 Most Promising Healthcare Solution Providers"" by CIO Review.


As a remote\\-first company, we foster creativity, continuous learning, and inclusivity, creating an environment where bold ideas thrive and make a measurable difference in people’s lives.


Newpage looks for candidates who are invested in long\\-term impact. Applications with a pattern of frequent job changes may not align with the values we prioritize.


**Your Mission**


We are seeking a Senior Software Engineer who will design, build, and maintain software systems that deliver direct business value. In this role, you will work across the full stack — backend, frontend, and cloud services — with a strong focus on code quality, architecture, and reliable delivery. You will integrate AI tools strategically into your development workflow, reviewing AI\\-generated code with the same rigour as human code and never shipping code you don't fully understand.

  

In this forward\\-deployed role, you will be embedded directly with business units including Commercial, Manufacturing, and R\\&D. You will navigate ambiguous problem spaces independently — discovering requirements through observation and stakeholder immersion, delivering working solutions rapidly, and iterating based on real user feedback. Much of what you build will incorporate generative AI capabilities — designing production RAG systems, integrating LLM APIs, and implementing retrieval strategies optimised for relevance and latency. As part of the discovery\\-to\\-scale pipeline, you will identify recurring patterns in your work and propose candidates for generalization, collaborating with Platform Engineers to validate reusable solutions.

  

This role encompasses large features and technical initiatives, including leading small projects. You will do self\\-directed work while seeking input on strategic decisions, shape team practices, and mentor junior engineers. You will be comfortable navigating high complexity and ambiguity — turning undefined commercial problems into clear, buildable solutions.


**What You’ll Do**
------------------


* **Business**: Apply deep domain knowledge of commercial operations to technical solutions. Bridge business and technology conversations fluently, speaking the domain language naturally. Shadow operations to build understanding and make better technical decisions by understanding broader business context.
* **Delivery**: Deliver working solutions rapidly — days not weeks. Use prototypes to build stakeholder trust, know when to stop prototyping and start productionising, and balance speed with appropriate quality. Deliver complete features end\\-to\\-end independently across frontend, backend, database, and infrastructure.
* **Generative AI:** Design production RAG systems with appropriate chunking, embedding, and retrieval strategies. Optimise for relevance and latency, handle edge cases, and evaluate end\\-to\\-end system quality. Design evaluation frameworks with custom evaluators tailored to your use case. Build golden datasets and run experiments to compare prompt and model changes systematically.
* **People**: Facilitate collaboration across the team, resolve minor conflicts before they escalate, and enable others to succeed. Present complex topics clearly to any audience. Translate between technical and business language fluidly and write compelling proposals and specifications.
* **AI\\-Augmented Development**: Integrate AI tools strategically into your development workflow and that of the team. Review AI\\-generated code with the same rigour as human code and never ship code you don'tfully understand. Develop team practices that balance AI speed with verification rigour.
* **Scale**: Design components and services independently for moderate complexity. Make appropriate trade\\-off decisions, document design rationale, and consider AI integration points in your designs. Produce consistently high\\-quality, well\\-tested code and review AI\\-generated code critically, identifying edge cases and ensuring adequate test coverage.
* **Documentation:** Create comprehensive documentation for complex systems. Write precise specifications that enable accurate AI\\-generated code, establish documentation practices for your projects, and ensure docs are discoverable. Identify patterns across implementations and propose candidates for generalization.
* **Reliability**: Design observability strategies for your services. Lead incident response, implement resilience testing, and conduct blameless post\\-mortems. Balance reliability investment with feature velocity.
* **Process:** Optimise team processes systematically, measure and improve cycle time, remove bottlenecks proactively, and deliver rapidly while maintaining quality. Protect focused time for complex work while balancing multiple priorities effectively.

**Role Behaviours**
-------------------


* **Own the Outcome:** Take end\\-to\\-end ownership of features and business outcomes. Accept technical debt intentionally when it accelerates value delivery. Build trust through rapid delivery of working solutions. Own stakeholder relationships and balance quality with delivery speed. AI may generate the code, but responsibility for outcomes remains with you.
* **Be Polymath Oriented**: Bridge gaps between engineering, design, business, and science. Rapidly immerse in new domains. Speak the language of Commercial operations and make better decisions by understanding the broader business context. See connections across disciplines that others miss.
* **Communicate with Precision**: Separate requirements, designs, and tasks with precision. Enable AI to generate accurate code through clear specifications. Translate between technical and business language fluently. Facilitate productive discussions and reduce ambiguity in everything you communicate.
* **Don't Lose Your Curiosity**: Proactively investigate root causes. Experiment with new technologies and AI capabilities. Protect time for exploration and treat failure as learning. Discover requirements through immersion in problem spaces rather than waiting for specifications.
* **Think in Systems**: Map complex system interactions across technical and business domains. Anticipate cascading effects of changes. Design systems that degrade gracefully. Understand how technology changes impact business operations and factor this into your decisions.


**Working\\-level Skills**


* Full\\-Stack Development: You deliver complete features end\\-to\\-end independently — frontend, backend, database, and infrastructure. You make pragmatic technology choices and deploy what you build.
* Architecture \\& Design: You design components and services independently for moderate complexity. You make appropriate trade\\-off decisions, document design rationale, and consider AI integration points in your designs.
* Code Quality \\& Review: You produce consistently high\\-quality, well\\-tested code. You review AI\\-generated code critically and never ship code you don't fully understand. You identify edge cases and ensure adequate test coverage.
* Problem Discovery: You navigate ambiguous problem spaces independently. You discover requirements through observation and user shadowing, reframe problems to find higher\\-value solutions, and distinguish symptoms from root causes.
* Rapid Prototyping \\& Validation: You deliver working solutions rapidly (days not weeks). You use prototypes to build stakeholder trust, know when to stop prototyping and start productionising, and balance speed with appropriate quality.
* Retrieval Augmentation: You design production RAG systems with appropriate chunking, embedding, and retrieval strategies. You optimise for relevance and latency, handle edge cases, and evaluate end\\-to\\-end system quality.
* AI\\-Augmented Development: You integrate AI tools strategically into your development workflow. You review AI\\-generated code with the same rigour as human code and never ship code you don't fully understand.
* Multi\\-Audience Communication: You present complex topics clearly to any audience, facilitate productive discussions, translate between technical and business language fluidly, and write compelling proposals and specifications.
* Business Immersion: You apply deep domain knowledge to technical solutions, bridge business and technology conversations fluently, speak the domain language naturally, and shadow operations to build understanding.


**Foundational\\-level Skills**


* Stakeholder Management: You proactively update stakeholders on progress, handle basic expectation setting, and escalate concerns appropriately. You build rapport with regular collaborators and manage expectations around delivery timelines.
* DevOps \\& CI/CD: You configure basic CI/CD pipelines, understand containerisation, and can troubleshoot common build and deployment failures.
* Cloud Platforms: You deploy applications to cloud platforms and use common services (compute, storage, databases, queues). You understand cloud pricing and basic security configuration.
* AI Evaluation \\& Observability: You instrument applications with tracing to capture execution flow. You create evaluation datasets from production data, run basic LLM\\-as\\-judge evaluations, and apply pre\\-built evaluators for common metrics like faithfulness and relevance.
* Technical Debt Management: You document technical debt with context and business impact, contribute to prioritisation discussions, and address debt in code you touch.
* Team Collaboration: You collaborate effectively on shared work, support teammates proactively, share knowledge freely, and give and receive feedback constructively. You help onboard new team members.
* Data Integration: You create simple data transformations and handle common data formats. You identify and report data quality issues and understand basic ETL concepts.
* Pattern Generalization: You identify patterns across multiple implementations and propose candidates for generalization. You understand the trade\\-offs between custom and reusable solutions.


**Awareness\\-level Skills**


* Site Reliability Engineering: You understand SLIs, SLOs, and error budgets conceptually. You can use monitoring dashboards and escalate issues appropriately.
* Service Management: You understand service lifecycle concepts (design, deploy, operate, retire) and follow service management processes established by others.
* AI Literacy: You understand basic AI concepts (training, inference, prompts) and can recognise AI\\-powered features in products. You know AI has limitations and when traditional approaches may be better.
* Data Modeling: You understand the difference between relational and non\\-relational data stores. You can create basic schemas from specifications with guidance.

  




**What You Bring**
------------------


* Bachelor's degree in Computer Science, Software Engineering, or related field with 10\\+ years of relevant professional experience.
* Strong production experience with Python and JavaScript/TypeScript across backend and frontend.
* Hands\\-on experience with modern frontend frameworks (such as Next.js or React) and backend API development.
* Production experience with cloud platforms (AWS preferred; Azure or GCP also valued), including infrastructure\\-as\\-code tools (such as CloudFormation or Terraform).
* Working knowledge of multiple database paradigms, including relational databases (such as PostgreSQL), document databases, and key\\-value stores (such as Redis).
* Experience with CI/CD pipelines (such as GitHub Actions) and a strong understanding of path\\-to\\-production practices.
* Demonstrable fluency with AI coding tools (such as Claude Code, Cursor, GitHub Copilot, or similar) and experience building agentic engineering workflows.
* Hands\\-on experience building production generative AI applications (LLM integrations, vector databases, RAG systems) is essential.
* Experience navigating ambiguous problem spaces, working directly with business stakeholders and end users, and shipping working solutions rapidly is strongly valued.
* Experience in an embedded, forward\\-deployed, or consulting\\-style engineering model is a strong plus.

**Additional Notes**
--------------------


* Must have superior communication skills and be able to work under own initiative with a strong sense of ownership. This role requires comfort leading in ambiguous environments, building direct trust\\-based relationships with commercial stakeholders, mentoring junior engineers, and making pragmatic decisions that balance delivery speed with technical quality. You will shape team practices and be expected to lead small projects end\\-to\\-end.

  




**What We Offer**
-----------------


At Newpage, we’re building a company that works smart and grows with agility—where driven individuals come together to do work that matters. We offer:


* **Flexible, remote\\-first work** – Choose where you work best while staying connected to a global, collaborative team.
* **A people\\-first culture** – Supportive peers, open communication, and a strong sense of belonging.
* **Smart, purposeful collaboration** – Work with talented colleagues to create technologies that solve meaningful business challenges.
* **Balance that lasts** – We respect your time and support a healthy integration of work and life.
* **Room to grow** – Opportunities for learning, leadership, and career development, shaped around you.
* **Meaningful rewards** – Competitive compensation that recognizes both contribution and potential.

**Ready to Apply?**
-------------------


Let’s build the future of health together. Apply below or reach out to *Bhavik.rathod@newpage.io* with any questions.


#### **More about Newpage**


Newpage is a digital health solutions company. We devote ourselves to advancing the quality of life by enhancing health and optimizing the longevity of people. We do this by, passionately building futuristic technologies for global organizations across the healthcare ecosystem. We partake at every stage from problem definition, strategy \\& service design, user research, UX design, and agile software development – utilizing lean practices to deliver and validate highly innovative digital health solutions that drive user value and business transformation.


Newpage is recognized by ‘CIO’s Review’ as “Top 50 Promising Healthcare Solution Providers” and Great Place to Work Certified (GPTW) 2023 \\& 2024\\.","","https://www.indeed.com/cmp/Newpage-Digital-Healthcare-Solutions","","","","","","","","","","","",""
"in-bda2c2b8bdd5703d","indeed","https://www.indeed.com/viewjob?jk=bda2c2b8bdd5703d","https://newpage.io/careers/OHRjR1F6Mm1vTUZ3WlhESXJRMTJWZz09","Senior Software Engineer- Forward Deployed","Newpage Digital Healthcare solutions","Remote, US","2026-05-27","contract","","","","","",True,"","","","Bhavik.rathod@newpage.io","Location: Remote \\| Type: Contract


**About Newpage Solutions**
---------------------------


Newpage Solutions is a global digital health innovation company helping people live longer, healthier lives. We partner with life sciences organizations—including pharmaceutical, biotech, and healthcare leaders—to build transformative AI and data\\-driven technologies addressing real\\-world health challenges.


From strategy and research to UX design and agile development, we deliver and validate impactful solutions using lean, human\\-centered practices.


We are proud to be **Great Place to Work® certified** for three consecutive years, hold a top **Glassdoor rating**, and were named among the ""Top 50 Most Promising Healthcare Solution Providers"" by CIO Review.


As a remote\\-first company, we foster creativity, continuous learning, and inclusivity, creating an environment where bold ideas thrive and make a measurable difference in people’s lives.


Newpage looks for candidates who are invested in long\\-term impact. Applications with a pattern of frequent job changes may not align with the values we prioritize.


**Your Mission**


We are seeking a Senior Software Engineer who will design, build, and maintain software systems that deliver direct business value. In this role, you will work across the full stack — backend, frontend, and cloud services — with a strong focus on code quality, architecture, and reliable delivery. You will integrate AI tools strategically into your development workflow, reviewing AI\\-generated code with the same rigour as human code and never shipping code you don't fully understand.

  

In this forward\\-deployed role, you will be embedded directly with business units including Commercial, Manufacturing, and R\\&D. You will navigate ambiguous problem spaces independently — discovering requirements through observation and stakeholder immersion, delivering working solutions rapidly, and iterating based on real user feedback. Much of what you build will incorporate generative AI capabilities — designing production RAG systems, integrating LLM APIs, and implementing retrieval strategies optimised for relevance and latency. As part of the discovery\\-to\\-scale pipeline, you will identify recurring patterns in your work and propose candidates for generalization, collaborating with Platform Engineers to validate reusable solutions.

  

This role encompasses large features and technical initiatives, including leading small projects. You will do self\\-directed work while seeking input on strategic decisions, shape team practices, and mentor junior engineers. You will be comfortable navigating high complexity and ambiguity — turning undefined commercial problems into clear, buildable solutions.


**What You’ll Do**
------------------


* **Business**: Apply deep domain knowledge of commercial operations to technical solutions. Bridge business and technology conversations fluently, speaking the domain language naturally. Shadow operations to build understanding and make better technical decisions by understanding broader business context.
* **Delivery**: Deliver working solutions rapidly — days not weeks. Use prototypes to build stakeholder trust, know when to stop prototyping and start productionising, and balance speed with appropriate quality. Deliver complete features end\\-to\\-end independently across frontend, backend, database, and infrastructure.
* **Generative AI:** Design production RAG systems with appropriate chunking, embedding, and retrieval strategies. Optimise for relevance and latency, handle edge cases, and evaluate end\\-to\\-end system quality. Design evaluation frameworks with custom evaluators tailored to your use case. Build golden datasets and run experiments to compare prompt and model changes systematically.
* **People**: Facilitate collaboration across the team, resolve minor conflicts before they escalate, and enable others to succeed. Present complex topics clearly to any audience. Translate between technical and business language fluidly and write compelling proposals and specifications.
* **AI\\-Augmented Development**: Integrate AI tools strategically into your development workflow and that of the team. Review AI\\-generated code with the same rigour as human code and never ship code you don'tfully understand. Develop team practices that balance AI speed with verification rigour.
* **Scale**: Design components and services independently for moderate complexity. Make appropriate trade\\-off decisions, document design rationale, and consider AI integration points in your designs. Produce consistently high\\-quality, well\\-tested code and review AI\\-generated code critically, identifying edge cases and ensuring adequate test coverage.
* **Documentation:** Create comprehensive documentation for complex systems. Write precise specifications that enable accurate AI\\-generated code, establish documentation practices for your projects, and ensure docs are discoverable. Identify patterns across implementations and propose candidates for generalization.
* **Reliability**: Design observability strategies for your services. Lead incident response, implement resilience testing, and conduct blameless post\\-mortems. Balance reliability investment with feature velocity.
* **Process:** Optimise team processes systematically, measure and improve cycle time, remove bottlenecks proactively, and deliver rapidly while maintaining quality. Protect focused time for complex work while balancing multiple priorities effectively.

**Role Behaviours**
-------------------


* **Own the Outcome:** Take end\\-to\\-end ownership of features and business outcomes. Accept technical debt intentionally when it accelerates value delivery. Build trust through rapid delivery of working solutions. Own stakeholder relationships and balance quality with delivery speed. AI may generate the code, but responsibility for outcomes remains with you.
* **Be Polymath Oriented**: Bridge gaps between engineering, design, business, and science. Rapidly immerse in new domains. Speak the language of Commercial operations and make better decisions by understanding the broader business context. See connections across disciplines that others miss.
* **Communicate with Precision**: Separate requirements, designs, and tasks with precision. Enable AI to generate accurate code through clear specifications. Translate between technical and business language fluently. Facilitate productive discussions and reduce ambiguity in everything you communicate.
* **Don't Lose Your Curiosity**: Proactively investigate root causes. Experiment with new technologies and AI capabilities. Protect time for exploration and treat failure as learning. Discover requirements through immersion in problem spaces rather than waiting for specifications.
* **Think in Systems**: Map complex system interactions across technical and business domains. Anticipate cascading effects of changes. Design systems that degrade gracefully. Understand how technology changes impact business operations and factor this into your decisions.


**Working\\-level Skills**


* Full\\-Stack Development: You deliver complete features end\\-to\\-end independently — frontend, backend, database, and infrastructure. You make pragmatic technology choices and deploy what you build.
* Architecture \\& Design: You design components and services independently for moderate complexity. You make appropriate trade\\-off decisions, document design rationale, and consider AI integration points in your designs.
* Code Quality \\& Review: You produce consistently high\\-quality, well\\-tested code. You review AI\\-generated code critically and never ship code you don't fully understand. You identify edge cases and ensure adequate test coverage.
* Problem Discovery: You navigate ambiguous problem spaces independently. You discover requirements through observation and user shadowing, reframe problems to find higher\\-value solutions, and distinguish symptoms from root causes.
* Rapid Prototyping \\& Validation: You deliver working solutions rapidly (days not weeks). You use prototypes to build stakeholder trust, know when to stop prototyping and start productionising, and balance speed with appropriate quality.
* Retrieval Augmentation: You design production RAG systems with appropriate chunking, embedding, and retrieval strategies. You optimise for relevance and latency, handle edge cases, and evaluate end\\-to\\-end system quality.
* AI\\-Augmented Development: You integrate AI tools strategically into your development workflow. You review AI\\-generated code with the same rigour as human code and never ship code you don't fully understand.
* Multi\\-Audience Communication: You present complex topics clearly to any audience, facilitate productive discussions, translate between technical and business language fluidly, and write compelling proposals and specifications.
* Business Immersion: You apply deep domain knowledge to technical solutions, bridge business and technology conversations fluently, speak the domain language naturally, and shadow operations to build understanding.


**Foundational\\-level Skills**


* Stakeholder Management: You proactively update stakeholders on progress, handle basic expectation setting, and escalate concerns appropriately. You build rapport with regular collaborators and manage expectations around delivery timelines.
* DevOps \\& CI/CD: You configure basic CI/CD pipelines, understand containerisation, and can troubleshoot common build and deployment failures.
* Cloud Platforms: You deploy applications to cloud platforms and use common services (compute, storage, databases, queues). You understand cloud pricing and basic security configuration.
* AI Evaluation \\& Observability: You instrument applications with tracing to capture execution flow. You create evaluation datasets from production data, run basic LLM\\-as\\-judge evaluations, and apply pre\\-built evaluators for common metrics like faithfulness and relevance.
* Technical Debt Management: You document technical debt with context and business impact, contribute to prioritisation discussions, and address debt in code you touch.
* Team Collaboration: You collaborate effectively on shared work, support teammates proactively, share knowledge freely, and give and receive feedback constructively. You help onboard new team members.
* Data Integration: You create simple data transformations and handle common data formats. You identify and report data quality issues and understand basic ETL concepts.
* Pattern Generalization: You identify patterns across multiple implementations and propose candidates for generalization. You understand the trade\\-offs between custom and reusable solutions.


**Awareness\\-level Skills**


* Site Reliability Engineering: You understand SLIs, SLOs, and error budgets conceptually. You can use monitoring dashboards and escalate issues appropriately.
* Service Management: You understand service lifecycle concepts (design, deploy, operate, retire) and follow service management processes established by others.
* AI Literacy: You understand basic AI concepts (training, inference, prompts) and can recognise AI\\-powered features in products. You know AI has limitations and when traditional approaches may be better.
* Data Modeling: You understand the difference between relational and non\\-relational data stores. You can create basic schemas from specifications with guidance.

  


**What You Bring**
------------------


* Bachelor's degree in Computer Science, Software Engineering, or related field with 7\\+ years of relevant professional experience.
* Strong production experience with Python and JavaScript/TypeScript across backend and frontend.
* Hands\\-on experience with modern frontend frameworks (such as Next.js or React) and backend API development.
* Production experience with cloud platforms (AWS preferred; Azure or GCP also valued), including infrastructure\\-as\\-code tools (such as CloudFormation or Terraform).
* Working knowledge of multiple database paradigms, including relational databases (such as PostgreSQL), document databases, and key\\-value stores (such as Redis).
* Experience with CI/CD pipelines (such as GitHub Actions) and a strong understanding of path\\-to\\-production practices.
* Demonstrable fluency with AI coding tools (such as Claude Code, Cursor, GitHub Copilot, or similar) and experience building agentic engineering workflows.
* Hands\\-on experience building production generative AI applications (LLM integrations, vector databases, RAG systems) is essential.
* Experience navigating ambiguous problem spaces, working directly with business stakeholders and end users, and shipping working solutions rapidly is strongly valued.
* Experience in an embedded, forward\\-deployed, or consulting\\-style engineering model is a strong plus.

**Additional Notes**
--------------------


* Must have superior communication skills and be able to work under own initiative with a strong sense of ownership. This role requires comfort leading in ambiguous environments, building direct trust\\-based relationships with commercial stakeholders, mentoring junior engineers, and making pragmatic decisions that balance delivery speed with technical quality. You will shape team practices and be expected to lead small projects end\\-to\\-end.

  




**What We Offer**
-----------------


At Newpage, we’re building a company that works smart and grows with agility—where driven individuals come together to do work that matters. We offer:


* **Flexible, remote\\-first work** – Choose where you work best while staying connected to a global, collaborative team.
* **A people\\-first culture** – Supportive peers, open communication, and a strong sense of belonging.
* **Smart, purposeful collaboration** – Work with talented colleagues to create technologies that solve meaningful business challenges.
* **Balance that lasts** – We respect your time and support a healthy integration of work and life.
* **Room to grow** – Opportunities for learning, leadership, and career development, shaped around you.
* **Meaningful rewards** – Competitive compensation that recognizes both contribution and potential.

**Ready to Apply?**
-------------------


Let’s build the future of health together. Apply below or reach out to *Bhavik.rathod@newpage.io* with any questions.


#### **More about Newpage**


Newpage is a digital health solutions company. We devote ourselves to advancing the quality of life by enhancing health and optimizing the longevity of people. We do this by, passionately building futuristic technologies for global organizations across the healthcare ecosystem. We partake at every stage from problem definition, strategy \\& service design, user research, UX design, and agile software development – utilizing lean practices to deliver and validate highly innovative digital health solutions that drive user value and business transformation.


Newpage is recognized by ‘CIO’s Review’ as “Top 50 Promising Healthcare Solution Providers” and Great Place to Work Certified (GPTW) 2023 \\& 2024\\.","","https://www.indeed.com/cmp/Newpage-Digital-Healthcare-Solutions","","","","","","","","","","","",""
"in-7987551f114c75e2","indeed","https://www.indeed.com/viewjob?jk=7987551f114c75e2","https://fragomen.wd115.myworkdayjobs.com/en-US/FragomenCareers/job/US-Corporate-Remote/Senior-Full-Stack-Software-Developer_REQ-026395","Senior Full Stack Software Developer","Fragomen","Remote, US","2026-05-27","fulltime","","","","","",True,"","","","","**Job Description**

We are seeking a driven and experienced Senior Full Stack Software Developer to join our engineering team. The ideal candidate is a self\\-starter who takes initiative, leads by example, and thrives in a collaborative environment. You will work across the entire stack — from database design and back\\-end services to modern front\\-end interfaces — playing a key role in delivering high\\-quality software solutions end to end.


**Responsibilities**

* Architect, develop, and maintain scalable full stack web applications using C\\#, .NET Framework, and .NET Core
* Build dynamic, responsive front\\-end experiences using JavaScript and React
* Design and optimize complex T\\-SQL queries, stored procedures, and database schemas in Microsoft SQL Server
* Develop and consume RESTful APIs connecting front\\-end and back\\-end systems
* Collaborate with cross\\-functional teams to gather requirements and translate them into technical solutions
* Proactively identify areas for improvement and take ownership of solutions without waiting to be asked
* Conduct code reviews and mentor junior developers
* Troubleshoot, debug, and resolve issues across the full stack
* Contribute to architectural decisions and technical documentation

**Required Skills**

* 5\\+ years of full stack software development experience
* Proficiency in **C\\#** and **ASP.NET** (.NET Framework and .NET Core)
* Strong **JavaScript** skills with hands\\-on **React** experience
* Solid experience with **T\\-SQL** and **Microsoft SQL Server**
* Experience with RESTful API design and development
* Comfort working across both front\\-end and back\\-end codebases
* Strong understanding of software design patterns and best practices
* Ability to work independently, prioritize effectively, and drive tasks to completion

**Nice to Have**

* Experience with **VueJS**
* Familiarity with **VB.NET**
* Experience with source control (Git) and CI/CD pipelines
* Exposure to cloud platforms (Azure preferred)

*All offers and/or employment contracts are contingent upon the successful completion of the Firm’s pre\\-employment screening process. This process may include verifying the candidate’s identity, confirming legal authorization to work in the offered position’s location, and conducting a comprehensive background check, where permitted by local regulations. We use limited AI‑assisted tools for administrative screening purposes only \\- never for decision‑making. All hiring decisions are made by people. Applicants may have rights to information and explanations regarding the use of such tools, or request human review, as required by applicable regional laws.*","","https://www.indeed.com/cmp/Fragomen","https://d2q79iu7y748jz.cloudfront.net/s/_squarelogo/256x256/19cf9ce90f6a781868e69a816ab85250","http://www.fragomen.com","New York, NY","1,001 to 5,000","$500M to $1B (USD)","Fragomen, Del Rey, Bernsen & Loewy, LLP and Fragomen Global LLP (collectively known as “Fragomen”) is recognized as the world’s leading corporate immigration services provider and adviser.","","","","","",""
"in-68eea95ed9b8ca65","indeed","https://www.indeed.com/viewjob?jk=68eea95ed9b8ca65","http://www.indeed.com/job/full-stack-product-engineer-68eea95ed9b8ca65","Full Stack Product Engineer","","Fargo, ND, US","2026-05-27","fulltime","","","","","",True,"","","","","Full\\-Stack Product Engineer

**Estate readiness software for advisors, families, executors, and estate teams**

Josda is building estate readiness and estate administration software for financial advisors, families, executors, and estate teams. We help people turn estate planning from static documents into a practical roadmap loved ones can actually use during death, disability, serious emergency, or estate administration.

We are hiring a product\\-minded full\\-stack engineer to own meaningful parts of the Josda app end to end across React/TypeScript, Python/FastAPI, PostgreSQL/Alembic, AWS CDK, document workflows, AI\\-assisted support, integrations, and production quality.

This is a ground\\-floor opportunity to join an early\\-stage company led by founders with shared experience growing prior businesses from startup stage to more than $10M in annual revenue. We are especially interested in engineers who have fully embraced agentic coding tools and AI\\-assisted development workflows to ship faster while still applying strong judgment around quality, security, privacy, and user experience.

ABOUT JOSDA

Estate planning is often treated as a legal\\-document problem. In real life, families need much more than documents. They need clear access to accounts, debts, documents, contacts, instructions, digital information, and trusted workflows at the moments when confusion is most costly.

Josda is building for sensitive, high\\-trust situations where product clarity, security, reliability, and human\\-centered design matter. Our goal is to make estate planning and estate administration more usable for advisors, families, executors, and estate teams.

THE OPPORTUNITY

You will work across the stack, influence product decisions, make architecture choices, improve the customer experience, and ship features that directly affect how families and advisors use Josda.

We do not view AI coding tools as a novelty. We view them as part of how high\\-performing product engineers build now. The right person will use agentic tools to increase speed and ambition while independently verifying correctness, security, and maintainability.

RESPONSIBILITIES

* Own end\\-to\\-end product development from problem framing through implementation, testing, release, and iteration.
* Build clear, reliable user experiences with thoughtful flows, responsive design, strong defaults, and attention to edge cases.
* Develop and maintain the application stack across frontend, backend, data, integrations, infrastructure, and deployment workflows.
* Strengthen product quality through pragmatic testing, code review, observability, documentation, and continuous improvement.
* Improve AI\\-assisted and automated workflows with a focus on usefulness, trust, safety, and human\\-centered product design.
* Use agentic coding tools responsibly to accelerate delivery while independently verifying correctness, security, and maintainability.
* Partner closely with product and leadership to clarify ambiguous needs, make tradeoffs, and ship work that directly improves the customer experience.
* Support production operations by investigating issues, resolving root causes, and reducing recurring sources of friction.

REQUIRED SKILL AREAS

* Full\\-stack product engineering with production ownership across frontend, backend, data, infrastructure, and user\\-facing quality.
* TypeScript \\+ React including modern component architecture, forms, routing, API integration, validation, state management, and responsive UX.
* Python backend development with FastAPI/Pydantic/SQLAlchemy or comparable API and service\\-layer experience.
* Relational data modeling including migrations, data integrity, authorization boundaries, and secure handling of sensitive user information.
* Cloud infrastructure with AWS or equivalent production deployment experience, infrastructure as code, secrets, observability, and operational judgment.
* Agentic coding fluency with tools such as Claude Code, Cursor, Codex\\-style workflows, or similar AI development systems; able to verify, test, and improve AI\\-generated work.
* Product and UX judgment including clear flows, strong copy, edge cases, accessibility basics, loading/error states, and empathy for non\\-technical users under stress.
* Security\\-minded engineering with strong instincts around privacy, sensitive data, authentication, authorization, auditability, and reliability.

NICE\\-TO\\-HAVE SKILL AREAS

* Estate, fintech, legaltech, or advisor platforms especially products involving regulated, financial, legal, or high\\-trust workflows.
* AI product experience including RAG, OpenAI APIs, chat interfaces, document search, summarization, prompt/service design, or human\\-in\\-the\\-loop workflow design.
* AWS depth with CDK, Cognito, RDS, S3, CloudFront, ECS/Fargate, Lambda, SQS, OpenSearch, Textract, SES, WAF, or similar managed services.
* Payments and financial integrations such as Stripe subscriptions, billing UX, Plaid, account linking, financial data processing, or webhook\\-driven systems.
* Document\\-heavy products with upload, OCR/extraction, categorization, permissions, audit trails, search, review, and secure sharing.
* Early\\-stage startup experience where broad ownership, fast iteration, product sense, and pragmatic tradeoffs matter more than narrow specialization.

WHO THIS ROLE IS FOR

You may be a strong fit if you:

* Want broad product ownership, not a narrow ticket\\-taking role.
* Think like a product engineer and care about user experience, edge cases, reliability, and clarity.
* Have already incorporated AI coding agents into your daily workflow.
* Use agentic tools to move faster while personally owning correctness, security, maintainability, and product quality.
* Are energized by early\\-stage ambiguity, direct customer feedback, and the chance to shape product and engineering culture.

This is probably not the right role if you want a tightly scoped backend\\-only or frontend\\-only position, a large team with highly defined processes, or a job where AI\\-assisted development is treated as optional or experimental.

HOW TO APPLY

Send your resume, portfolio or GitHub if available, and a brief note answering two questions:

1\\. What is a full\\-stack product or meaningful feature you owned end to end?

2\\. How are you currently using AI coding agents or agentic development tools in your workflow?

We care less about perfect credentials and more about demonstrated ownership, product judgment, technical range, and the ability to use modern tools to ship high\\-quality software quickly.

Work Location: Hybrid remote in Fargo, ND 58102","","https://www.indeed.comNone","","","","","","","","","","","",""
"in-da69d499707a96ee","indeed","https://www.indeed.com/viewjob?jk=da69d499707a96ee","https://jobs.fidelity.com/en/jobs/2129093/full-stack-engineer-angular-and-python/","Full Stack Engineer – Angular and Python","Fidelity Investments","Merrimack, NH, US","2026-05-27","","","","","","",False,"","","","accommodations@fmr.com","### **Job Description:**

**Note: Fidelity is not providing immigration sponsorship for this position.**

**The Role**


Fixed Income Technology is looking for a full stack engineer to join the Fixed Income Investment Tools Development Common Team. As a member of our team, you will be working with our investment team and interact directly with portfolio managers, quant analysts, traders, and investment operations teams to build new and innovative tools that will support and improve our investment process. These tools are critically important to the work of the investment team in handling risk, adding return, and operating our business. You will be embedded with the investment team as a key technology partner supporting the investment process.

**The Expertise and Skills You Bring**

* BS in Computer Science or equivalent degree and over two years of professional experience
* Experience developing applications using Angular as primary frontend framework for UI
* Experience developing applications using Python as a service layer with SQL databases
* Experience with Microsoft Suite of tools including Excel VBA is a plus
* Exposure to AWS/Azure cloud environment and proven understanding of CI/CD \\& DevOps
* Experience decomposing sophisticated business problems into creative, efficient, and scalable solutions
* Excellent active listening, verbal and written communication skills and brings excitement that builds collaboration and community
* Ability to respond to a variety of requests and being able to prioritize them effectively
* Negotiate a balance between absolute best and efficient and practical to good effect
* Ability to learn new technology, business workflows, concepts, processes and contribute to the investment process
* Trusted technical partner that collaborates closely with end users to understand and respond to business needs
* Bring curiosity and a questioning mind\\-set to work, asking always about the why and the value of an activity or task

**The Team**


Due to the breadth and complexity of the various securities held in Fixed Income funds, our technology must keep pace with changes in investment markets, strategies, and regulations. The Investment Tools Development (ITD) team works directly with investment professionals using a suite of technologies and digital tools to build solutions. Asset Management Technology (AMT) provides worldwide technology and support to all the Investment Management, Research, Trading, and Investment Operations functions. AMT is an integral partner for Asset Management to deliver innovative, scalable, industry\\-leading investment tools that enable Asset Management to achieve competitive advantage globally.

**Company Overview**


At Fidelity, we are passionate about making our financial expertise broadly accessible and effective in helping people live the lives they want! We are a privately held company that places a high degree of value in creating and nurturing a work environment that attracts the best talent and reflects our commitment to our associates. We are proud of our diverse and inclusive workplace where we respect and value our associates for their unique perspectives and experiences. For information about working at Fidelity, visit FidelityCareers.com. Fidelity Investments is an equal opportunity employer.

**Fidelity will reasonably accommodate applicants with disabilities who need adjustments to complete the application or interview process. Please email us at** **accommodations@fmr.com** **or call 800\\-835\\-5099, prompt 2, option 2 if you would like to request an accommodation.**

### **Certifications:**

### **Category:**


Information Technology
Please be advised that Fidelity’s business is governed by the provisions of the Securities Exchange Act of 1934, the Investment Advisers Act of 1940, the Investment Company Act of 1940, ERISA, numerous state laws governing securities, investment and retirement\\-related financial activities and the rules and regulations of numerous self\\-regulatory organizations, including FINRA, among others. Those laws and regulations may restrict Fidelity from hiring and/or associating with individuals with certain Criminal Histories.","","https://www.indeed.com/cmp/Fidelity-Investments","https://d2q79iu7y748jz.cloudfront.net/s/_squarelogo/256x256/e787411ef64e3f2bc4baa3bcf9c771da","http://www.fidelitycareers.com","Boston, MA","10,000+","more than $10B (USD)","At Fidelity Investments, you’ll find endless opportunities to build a meaningful career that positively impacts peoples’ lives, including yours.","","","","","",""
"in-6cd3380296266531","indeed","https://www.indeed.com/viewjob?jk=6cd3380296266531","https://onyxpointinc.catsone.com/careers/46015-General/jobs/16816606-Software-Engineer-Level-1-FFPP8876/?ref=Indeed","Software Engineer Level 1 -FFPP-8876","Onyx Point, Inc.","Hanover, MD, US","2026-05-27","","direct_data","yearly",78000.0,250000.0,"USD",True,"","","","","**REQUIRED**
* **TO BE CONSIDERED FOR THIS POSITION YOU** **MUST** **HAVE AN ACTIVE TS/SCI W/ FULL SCOPE POLYGRAPH SECURITY CLEARANCE (U.S. CITIZENSHIP REQUIRED)**


  

Sourcing for a SWE1 candidate with experience with the below:  

* Provide full stack developmental support for the AUTUMNATTIC tool that is built using the following technologies: java, angular, elasticsearch
* Develop front end and back\\-end capabilities based on provided requirements
* Perform code reviews for capabilities developed by other team members
* Assist with diagnosing problems users are facing with AUTUMNATTIC


Requirements  

* Development experience with java and angular framework
* Build experience with gitlab and docker
* Build experience with kubernetes or marathon


Desired  

* Experience with language analyzers in elasticsearch
* Experience with computer assisted translation tools such as LILT

  

  

  

  

(7\\) years experience as a SWE, in programs and contracts of similar scope, type, and complexity is required. Bachelor’s degree in Computer Science or related discipline from an accredited college or university is required. Four (4\\) years of additional SWE experience on projects with similar software processes may be substituted for a bachelor’s degree.  

  

Highly Desired  

Cloud Experience: Shall have demonstrated work experience with distributed scalable Big Data Store (NoSQL) such as Hbase, CloudBase/Accumulo, Big Table, etc.; Shall have demonstrated work experience with the Map Reduce programming model and technologies such as Hadoop, Hive, Pig, etc.; Shall have demonstrated work experience with the Hadoop Distributed File System (HDFS); Shall have demonstrated work experience with Serialization such as JSON and/or BSON.  

  

Qualifications  

* Analyze user requirements to derive software design and performance requirements
* Design and code new software or modify existing software to add new features
* Debug existing software and correct defects
* Integrate existing software into new or modified systems or operating environments
* Develop simple data queries for existing or proposed databases or data repositories
* Provide recommendations for improving documentation and software development process standards
* Develop or implement algorithms to meet or exceed system performance and functional standards
* Assist with developing and executing test procedures for software components
* Write or review software and system documentation
* Develop software solutions by analyzing system performance standards, confer with users or system engineers; analyze systems flow, data usage and work processes; and investigate problem areas
* Serve as team lead at the level appropriate to the software development process being used on any particular project
* Modify existing software to correct errors, to adapt to new hardware, or to improve its performance
* Design, develop and modify software systems, using scientific analysis and mathematical models to predict and measure outcome and consequences of design
* Design or implement complex database or data repository interfaces/queries

  

**Compensation: We are committed to providing fair and competitive compensation. The salary range for this position is $78,000 to $250,000 per year. This range reflects the compensation offered across the locations where we hire. The exact salary will be determined based on the candidate's work location, specific role, skill set, and level of expertise.**


**Benefits: We offer a comprehensive benefits package, including:**


* **Health Coverage: Medical, dental, and vision insurance**
* **Additional Insurance: Basic Life/AD\\&D, Voluntary Life/AD\\&D, Short and Long\\-Term Disability, Accident, Critical Illness, Hospitalization Indemnity, and Pet Insurance**
* **Retirement Plan: 401(k) plan with company match**
* **Paid Time Off: Generous PTO, paid holidays, parental leave, and more**
* **Wellness: Access to wellness programs and mental health support**
* **Professional Development: Opportunities for growth, including tuition reimbursement**

**Additional Perks:**


* **Flexible work arrangements, including remote work options**
* **Flexible Spending Accounts (FSAs)**
* **Employee referral programs**
* **Bonus opportunities**
* **Technology allowance**
* **A diverse, inclusive, and supportive workplace culture**","","https://www.indeed.com/cmp/Onyx-Point,-Inc.","https://d2q79iu7y748jz.cloudfront.net/s/_squarelogo/256x256/7f1d9c2e2f2ace44ebb1f622e274549b","","","","","","","","","","",""
"in-f7da7c33c4509569","indeed","https://www.indeed.com/viewjob?jk=f7da7c33c4509569","https://theapplicantmanager.com/jobs?pos=sh5230&src=Indeed","Full Stack Software Engineer","Shield Consulting Solutions","Annapolis Junction, MD, US","2026-05-27","fulltime","","","","","",False,"","","","","\\*\\*Active TS/SCI w/Polygraph REQUIRED\\*\\* Please do not apply if you do not currently possess this level of clearance.
\\-  

  

Telework: Up to 16 hours per week may be available for this position based on mission needs/available tasking at the discretion of leadership, after the individual has become fully acclimated to the duties and responsibilities of the position and has completed the necessary telework training.  

  

Basic Requirements:
* 14 years of experience as a software engineer
* Bachelor’s degree in a technical discipline
	+ 4 additional years of experience as a software engineer may be substituted for a degree

  

Job Description:
* Provide full stack developmental support for the AUTUMNATTIC tool that is built using the following technologies: java, angular, elasticsearch
* Develop front end and back\\-end capabilities based on provided requirements
* Perform code reviews for capabilities developed by other team members
* Assist with diagnosing problems users are facing with AUTUMNATTIC


  

Required Experience:
* Development experience with java and angular framework
* Build experience with gitlab and docker
* Build experience with kubernetes or marathon


  

Desired Experience:
* Experience with language analyzers in elasticsearch
* Experience with computer assisted translation tools such as LILT


\\-  

Excellent benefits package including 25 days PTO, 11 paid holidays, 100% employer\\-paid healthcare for employees and dependents – available day 1, 8% 401(k) employer match – immediate vesting.
  

  

Disclaimer: The salary range provided is an estimate based on current market conditions and may be adjusted based on factors such as experience, skills, and qualifications. The final salary offer will be determined after a thorough review of the candidate's background and alignment with the role. Please note that this range is subject to change and should be considered as a guideline rather than a definitive figure.  

  

Shield Consulting Solutions is an equal opportunity/affirmative action employer. All qualified applicants will receive consideration for employment without regard to sex, gender identity, sexual orientation, race, color, religion, national origin, disability, protected Veteran status, age, or any other characteristic protected by law.","Aerospace And Defense","https://www.indeed.com/cmp/Shield-Consulting-Solutions","https://d2q79iu7y748jz.cloudfront.net/s/_squarelogo/256x256/bddcf1ff8150da9d2b5df4942097df93","https://www.shieldconsulting.com/","9841 Broken Land Pkwy. Suite 214 Columbia, MD 21046","51 to 200","","Veteran Owned Small Business (VOSB) supporting Mission critical IT programs in the Intelligence Community","","","","","",""
"in-0133d05bac016cfa","indeed","https://www.indeed.com/viewjob?jk=0133d05bac016cfa","https://theapplicantmanager.com/jobs?pos=sh5227&src=Indeed","Junior Full Stack Software Engineer","Shield Consulting Solutions","Annapolis Junction, MD, US","2026-05-27","fulltime","","","","","",False,"","","","","\\*\\*Active TS/SCI w/Polygraph REQUIRED\\*\\* Please do not apply if you do not currently possess this level of clearance.
\\-  

  

Telework: Up to 16 hours per week may be available for this position based on mission needs/available tasking at the discretion of leadership, after the individual has become fully acclimated to the duties and responsibilities of the position and has completed the necessary telework training.  

  

Basic Requirements:
* 7 years of experience as a software engineer
* Bachelor’s degree in a technical discipline
	+ 4 additional years of experience as a software engineer may be substituted for a degree

  

Job Description:
* Provide full stack developmental support for the AUTUMNATTIC tool that is built using the following technologies: java, angular, elasticsearch
* Develop front end and back\\-end capabilities based on provided requirements
* Perform code reviews for capabilities developed by other team members
* Assist with diagnosing problems users are facing with AUTUMNATTIC


  

Required Experience:
* Development experience with java and angular framework
* Build experience with gitlab and docker
* Build experience with kubernetes or marathon


  

Desired Experience:
* Experience with language analyzers in elasticsearch
* Experience with computer assisted translation tools such as LILT


\\-  

Excellent benefits package including 25 days PTO, 11 paid holidays, 100% employer\\-paid healthcare for employees and dependents – available day 1, 8% 401(k) employer match – immediate vesting.
  

  

Disclaimer: The salary range provided is an estimate based on current market conditions and may be adjusted based on factors such as experience, skills, and qualifications. The final salary offer will be determined after a thorough review of the candidate's background and alignment with the role. Please note that this range is subject to change and should be considered as a guideline rather than a definitive figure.  

  

Shield Consulting Solutions is an equal opportunity/affirmative action employer. All qualified applicants will receive consideration for employment without regard to sex, gender identity, sexual orientation, race, color, religion, national origin, disability, protected Veteran status, age, or any other characteristic protected by law.","Aerospace And Defense","https://www.indeed.com/cmp/Shield-Consulting-Solutions","https://d2q79iu7y748jz.cloudfront.net/s/_squarelogo/256x256/bddcf1ff8150da9d2b5df4942097df93","https://www.shieldconsulting.com/","9841 Broken Land Pkwy. Suite 214 Columbia, MD 21046","51 to 200","","Veteran Owned Small Business (VOSB) supporting Mission critical IT programs in the Intelligence Community","","","","","",""
"in-5878b28d2a9c8dfd","indeed","https://www.indeed.com/viewjob?jk=5878b28d2a9c8dfd","https://cooperservices.rec.pro.ukg.net/COO1501CMSV/JobBoard/1d3bfac4-a952-4604-8bbc-4f024c7abcf7/OpportunityDetail?opportunityId=384a4d28-7178-4655-a5d7-dfd1cc6e1d22&postingId=5c82bf48-daf8-4640-a430-5d43c421a9f4","Principal Software Architect","Cooper Machinery Services","Houston, TX, US","2026-05-27","fulltime","","","","","",False,"","","","","**Job Title:** Principal Software Architect


**FLSA Status:** Exempt


**Group:** Regular – Full Time


**Department:** Information Technology (IT)


**Location:** Hybrid

  


**About Cooper Machinery Services:**



Cooper Machinery Services provides natural gas compression equipment and services to customers globally in the Oil \\& Gas, Power, Transportation, and Marine sectors. With a proud heritage dating back to 1833, Cooper Machinery Services is the OEM for legendary product lines including Cooper\\-Bessemer™, Ajax™, Superior™, Gemini, TSI, CSI, Enterprise, and Joy. Headquartered in Houston, TX, but with commercial and services hubs around the world, Cooper Machinery Services provides world\\-class services to more than 22,000 units in its installed base.



Our strength is our people. Each employee plays an integral role in our success and growth. With a commitment to our vision that strong relationships drive strong results and better business, our people make Cooper Machinery Services legendary.


**Job Overview:**



The Principal Software Architect is the most senior individual contributor on Cooper’s software engineering team, responsible for the architectural integrity of the systems Cooper builds, integrates, and operates. This role sets the technical direction for how Cooper’s enterprise applications, custom\\-built software, integration platforms, and AI capabilities fit together. The Principal Software Architect defines and governs standards for software engineering practice, integration patterns, and API design across the IT organization, and partners closely with engineering leaders to ensure Cooper’s software stack is scalable, secure, and built for the discipline of a pre\\-IPO portfolio company. You will lead engineering teams through architectural reviews, mentor senior developers, and shape the long\\-term technical roadmap that supports Cooper’s growth and post\\-acquisition integration work.


**Essential Duties and Responsibilities:**


* Own the architectural vision and reference standards for Cooper’s software engineering landscape, spanning enterprise applications, custom\\-built software, integration platforms, and AI capabilities.
* Design, govern, and evolve Cooper’s API and integration strategy, including API gateway patterns, versioning, security, and lifecycle management across internal and external interfaces.
* Lead architectural reviews across SAP, Microsoft Dynamics 365, Microsoft Fabric, and Azure\\-based applications, ensuring decisions are coherent, defensible, and built for scale.
* Establish and enforce engineering standards for code quality, source control, CI/CD, observability, testing, and operational readiness across all software development at Cooper.
* Lead and mentor engineering teams through technical decisions, code reviews, design documents, and architectural deep dives that raise the technical capability of the broader team.
* Drive technical due diligence and integration architecture for acquisitions, working alongside enterprise applications and infrastructure leaders on M\\&A IT integration.
* Evaluate emerging technologies, vendors, and platforms; deliver defensible build\\-versus\\-buy recommendations to senior IT leadership.
* Translate ambiguous business requirements into clear, executable architecture; remove technical ambiguity for engineering teams downstream.
* Partner with security and infrastructure leadership to ensure software architecture decisions support Cooper’s pre\\-IPO security posture, audit readiness, and regulatory obligations.


**Required Qualifications:**


* Bachelor’s or Master’s degree in Computer Science, Software Engineering, or a related technical field.
* 12\\+ years of progressive software engineering experience, including 5\\+ years in a Principal, Staff, or Lead Architect role.
* Deep expertise across software engineering fundamentals, including distributed systems, service design, design patterns, source control, CI/CD, and modern engineering operating practices.
* Proven track record designing and operating production\\-grade integration architectures across packaged enterprise systems and custom\\-built applications.
* Strong hands\\-on experience with API design and API management, including REST, GraphQL, event\\-driven patterns, and API gateway and lifecycle tooling.
* Experience developing full stack applications in multiple frameworks, including .NET/C\\#, React.js or similar
* Strong grasp of relational databases, SQL, data structures and design patterns
* Demonstrated experience leading engineering teams directly or in a matrixed capacity, setting technical direction for groups of ten or more engineers.
* Hands\\-on experience with Microsoft Azure, including Azure App Services, Azure Functions, API Management, Service Bus, and Entra ID.
* Experience integrating ERP and CRM systems such as SAP, Microsoft Dynamics 365, or equivalents into broader enterprise application landscapes.
* Experience architecting software solutions that incorporate modern AI capabilities, including large language models, agent\\-based patterns, and AI\\-augmented workflows.


**Competencies:**


* Architectural Leadership: Sets and defends a coherent technical vision across diverse systems and engineering teams.
* API and Integration Strategy: Deep expertise designing, governing, and operating APIs and integration patterns at enterprise scale.
* Software Engineering Excellence: Champions disciplined engineering practice, including source control, testing, CI/CD, observability, and code quality.
* Engineering Leadership: Mentors senior engineers and leads technical communities of practice; raises the bar without becoming a bottleneck.
* Technology Evaluation: Sound, defensible judgment on build\\-versus\\-buy decisions, vendor selection, and emerging technology adoption.
* Business Translation: Translates ambiguous business problems into clear, executable architecture.
* Communication: Communicates architectural decisions and trade\\-offs clearly to executives, engineers, and non\\-technical stakeholders.
* Pragmatism: Knows the difference between technically right and right for now; ships working solutions while protecting long\\-term integrity.

  


*Cooper Machinery Services is an equal opportunity employer and gives all qualified applicants consideration of employment without regard to race, color, religion, age, sex, sexual orientation, gender identity, genetic information, national origin, disability status, protected veteran status, or any other characteristic protected by federal, state, or local laws.*


Equal Opportunity Employer/Protected Veterans/Individuals with Disabilities  

This employer is required to notify all applicants of their rights pursuant to federal employment laws. For further information, please review the Know Your Rights (https://www.eeoc.gov/poster) notice from the Department of Labor.","","https://www.indeed.com/cmp/Cooper-Machinery-Services","https://d2q79iu7y748jz.cloudfront.net/s/_squarelogo/256x256/f0e2c49b7588f5aced782927554dd58a","https://www.cooperservices.com","Houston, TX
","501 to 1,000","","","","","","","",""
"in-f2fcb5b0befb1499","indeed","https://www.indeed.com/viewjob?jk=f2fcb5b0befb1499","https://careers.google.com/jobs/results/124516453394064070-forward-deployed-engineer-iv/","Forward Deployed Engineer IV, Applied AI, Google Cloud","Google","Durham, NC, US","2026-05-27","fulltime","direct_data","yearly",207000.0,300000.0,"USD",False,"","","","","Applicants in San Francisco: Qualified applications with arrest or conviction records will be considered for employment in accordance with the San Francisco Fair Chance Ordinance for Employers and the California Fair Chance Act.  

The application window will be open until at least June 7, 2026\\. This opportunity will remain online based on business needs which may be before or after the specified date.  

This role may also be located in our Playa Vista, CA campus.


Applicants in the County of Los Angeles: Qualified applications with arrest or conviction records will be considered for employment in accordance with the Los Angeles County Fair Chance Ordinance for Employers and the California Fair Chance Act.


In accordance with Washington state law, we are highlighting our comprehensive benefits package, which is available to all eligible US based employees. Benefits for this role include:

  

* Health, dental, vision, life, disability insurance
* Retirement Benefits: 401(k) with company match
* Paid Time Off: 20 days of vacation per year, accruing at a rate of 6\\.15 hours per pay period for the first five years of employment
* Sick Time: 40 hours/year (increased to 69 hours/year for Seattle) including 5 discretionary sick days per instance
* Maternity Leave (Short\\-Term Disability \\+ Baby Bonding): 28\\-30 weeks
* Baby Bonding Leave: 18 weeks
* Holidays: 13 paid days per year
  


Note: By applying to this position you will have an opportunity to share your preferred working location from the following: **San Francisco, CA, USA; Atlanta, GA, USA; Austin, TX, USA; Boulder, CO, USA; Cambridge, MA, USA; Chicago, IL, USA; Addison, TX, USA; Detroit, MI, USA; Irvine, CA, USA; Kirkland, WA, USA; Los Angeles, CA, USA; Miami, FL, USA; New York, NY, USA; Portland, OR, USA; Reston, VA, USA; San Diego, CA, USA; Seattle, WA, USA; Sunnyvale, CA, USA; Washington D.C., DC, USA; Ann Arbor, MI, USA; Houston, TX, USA; Madison, WI, USA; Pittsburgh, PA, USA; Raleigh, NC, USA; Durham, NC, USA**.### **Minimum qualifications:**

* Bachelor’s degree in Engineering, Computer Science, a related field, or equivalent practical experience.
* 8 years of experience with software development using Python or similar coding languages.
* Experience deploying resources via Terraform or similar tools to automate the setup of agents, functions, or networking.
* Experience building full\\-stack applications that interact with enterprise IT infrastructures and developing external customer projects.
* Experience architecting AI systems on cloud platforms (e.g., Google Clloud Platform (GCP).

  

### **Preferred qualifications:**

* Master’s degree or PhD in AI, Computer Science, or a related technical field.
* Experience implementing multi\\-agent systems using frameworks like ReAct and self\\-reflection.
* Experience debugging agent logic and optimizing tool selection, including tracing conversation identifications (IDs) across microservices to identify and resolve failures in real\\-time.
* Experience connecting agents to enterprise knowledge bases and optimizing retrieval\\-augmented Generation (RAG) chunking to prevent hallucinations.
* Track record of troubleshooting live, high\\-traffic systems during critical windows.
* Ability to travel up to 50% of the time.

**About the job**
-----------------


As a Forward Deployed Engineer (FDE) in Applied AI, you will be the Agent Engineer and the primary driver for our customers' most critical AI initiatives. You will take initial conversational prototypes and transform them into production\\-ready solutions, owning the end\\-to\\-end engineering lifecycle, including the transition from art of the possible to real\\-world business value and scalable, secure AI systems. This is a high\\-travel, role focused on leading technical delivery for conversational AI pilots and establishing the first customer user journeys (CUJs) for our largest customers at their sites. You will have an understanding of software engineering, Machine Learning operations, and cloud infrastructure.
It's an exciting time to join Google Cloud’s Go\\-To\\-Market team, leading the AI revolution for businesses worldwide. You’ll excel by leveraging Google's brand credibility—a legacy built on inventing foundational technologies and proven at scale. We’ll provide you with the world's most advanced AI portfolio, including frontier Gemini models, and the complete Vertex AI platform, helping you to solve business problems. We’re a collaborative culture providing direct access to DeepMind's engineering and research minds, empowering you to solve customer challenges. Join us to be the catalyst for our mission, drive customer success, and define the new cloud era—the market is yours.


The US base salary range for this full\\-time position is $207,000\\-$300,000 \\+ bonus \\+ equity \\+ benefits. Our salary ranges are determined by role, level, and location. Within the range, individual pay is determined by work location and additional factors, including job\\-related skills, experience, and relevant education or training. Your recruiter can share more about the specific salary range for your preferred location during the hiring process.


Please note that the compensation details listed in US role postings reflect the base salary only, and do not include bonus, equity, or benefits. Learn more about benefits at Google.

**Responsibilities**
--------------------

* Serve as the lead developer for conversational AI and customer experience applications, transitioning from rapid prototypes to production\\-grade agentic workflows (e.g., multi\\-agent systems, model context protocol (MCP) servers) that drive measurable return on investment.
* Architect and code conversational flows that are functional, and optimized for the connective tissue between Google’s conversational AI products and customers’ live infrastructure, including APIs, legacy data silos, and security perimeters.
* Build high\\-performance evaluation pipelines and observability frameworks to optimize agentic workloads, focusing on reasoning loops, tool selection, and reducing latency while maintaining production\\-grade security and networking.
* Identify repeatable field patterns and technical friction points in Google’s Applied Artificial Intelligence (AAI) stack, converting them into reusable modules or product feature requests for Engineering teams.
* Co\\-build with customer engineering teams to instill Google\\-grade development best practices, ensuring project success and end\\-user adoption.
Google is proud to be an equal opportunity workplace and is an affirmative action employer. We are committed to equal employment opportunity regardless of race, color, ancestry, religion, sex, national origin, sexual orientation, age, citizenship, marital status, disability, gender identity or Veteran status. We also consider qualified applicants regardless of criminal histories, consistent with legal requirements. See also Google's EEO Policy and EEO is the Law. If you have a disability or special need that requires accommodation, please let us know by completing our Accommodations for Applicants form.","","https://www.indeed.com/cmp/Google","https://d2q79iu7y748jz.cloudfront.net/s/_squarelogo/256x256/d778456838f54580d43f7dd78b3b0d9c","http://goo.gle/3ygdkgv","Mountain View, CA","10,000+","more than $10B (USD)","Our mission is to organize the world’s information and make it universally accessible and useful. ","","","","","",""
"in-99ab4ca51565e5b2","indeed","https://www.indeed.com/viewjob?jk=99ab4ca51565e5b2","https://careers.google.com/jobs/results/124516453394064070-forward-deployed-engineer-iv/","Forward Deployed Engineer IV, Applied AI, Google Cloud","Google","Houston, TX, US","2026-05-27","fulltime","direct_data","yearly",207000.0,300000.0,"USD",False,"","","","","Applicants in San Francisco: Qualified applications with arrest or conviction records will be considered for employment in accordance with the San Francisco Fair Chance Ordinance for Employers and the California Fair Chance Act.  

The application window will be open until at least June 7, 2026\\. This opportunity will remain online based on business needs which may be before or after the specified date.  

This role may also be located in our Playa Vista, CA campus.


Applicants in the County of Los Angeles: Qualified applications with arrest or conviction records will be considered for employment in accordance with the Los Angeles County Fair Chance Ordinance for Employers and the California Fair Chance Act.


In accordance with Washington state law, we are highlighting our comprehensive benefits package, which is available to all eligible US based employees. Benefits for this role include:

  

* Health, dental, vision, life, disability insurance
* Retirement Benefits: 401(k) with company match
* Paid Time Off: 20 days of vacation per year, accruing at a rate of 6\\.15 hours per pay period for the first five years of employment
* Sick Time: 40 hours/year (increased to 69 hours/year for Seattle) including 5 discretionary sick days per instance
* Maternity Leave (Short\\-Term Disability \\+ Baby Bonding): 28\\-30 weeks
* Baby Bonding Leave: 18 weeks
* Holidays: 13 paid days per year
  


Note: By applying to this position you will have an opportunity to share your preferred working location from the following: **San Francisco, CA, USA; Atlanta, GA, USA; Austin, TX, USA; Boulder, CO, USA; Cambridge, MA, USA; Chicago, IL, USA; Addison, TX, USA; Detroit, MI, USA; Irvine, CA, USA; Kirkland, WA, USA; Los Angeles, CA, USA; Miami, FL, USA; New York, NY, USA; Portland, OR, USA; Reston, VA, USA; San Diego, CA, USA; Seattle, WA, USA; Sunnyvale, CA, USA; Washington D.C., DC, USA; Ann Arbor, MI, USA; Houston, TX, USA; Madison, WI, USA; Pittsburgh, PA, USA; Raleigh, NC, USA; Durham, NC, USA**.### **Minimum qualifications:**

* Bachelor’s degree in Engineering, Computer Science, a related field, or equivalent practical experience.
* 8 years of experience with software development using Python or similar coding languages.
* Experience deploying resources via Terraform or similar tools to automate the setup of agents, functions, or networking.
* Experience building full\\-stack applications that interact with enterprise IT infrastructures and developing external customer projects.
* Experience architecting AI systems on cloud platforms (e.g., Google Clloud Platform (GCP).

  

### **Preferred qualifications:**

* Master’s degree or PhD in AI, Computer Science, or a related technical field.
* Experience implementing multi\\-agent systems using frameworks like ReAct and self\\-reflection.
* Experience debugging agent logic and optimizing tool selection, including tracing conversation identifications (IDs) across microservices to identify and resolve failures in real\\-time.
* Experience connecting agents to enterprise knowledge bases and optimizing retrieval\\-augmented Generation (RAG) chunking to prevent hallucinations.
* Track record of troubleshooting live, high\\-traffic systems during critical windows.
* Ability to travel up to 50% of the time.

**About the job**
-----------------


As a Forward Deployed Engineer (FDE) in Applied AI, you will be the Agent Engineer and the primary driver for our customers' most critical AI initiatives. You will take initial conversational prototypes and transform them into production\\-ready solutions, owning the end\\-to\\-end engineering lifecycle, including the transition from art of the possible to real\\-world business value and scalable, secure AI systems. This is a high\\-travel, role focused on leading technical delivery for conversational AI pilots and establishing the first customer user journeys (CUJs) for our largest customers at their sites. You will have an understanding of software engineering, Machine Learning operations, and cloud infrastructure.
It's an exciting time to join Google Cloud’s Go\\-To\\-Market team, leading the AI revolution for businesses worldwide. You’ll excel by leveraging Google's brand credibility—a legacy built on inventing foundational technologies and proven at scale. We’ll provide you with the world's most advanced AI portfolio, including frontier Gemini models, and the complete Vertex AI platform, helping you to solve business problems. We’re a collaborative culture providing direct access to DeepMind's engineering and research minds, empowering you to solve customer challenges. Join us to be the catalyst for our mission, drive customer success, and define the new cloud era—the market is yours.


The US base salary range for this full\\-time position is $207,000\\-$300,000 \\+ bonus \\+ equity \\+ benefits. Our salary ranges are determined by role, level, and location. Within the range, individual pay is determined by work location and additional factors, including job\\-related skills, experience, and relevant education or training. Your recruiter can share more about the specific salary range for your preferred location during the hiring process.


Please note that the compensation details listed in US role postings reflect the base salary only, and do not include bonus, equity, or benefits. Learn more about benefits at Google.

**Responsibilities**
--------------------

* Serve as the lead developer for conversational AI and customer experience applications, transitioning from rapid prototypes to production\\-grade agentic workflows (e.g., multi\\-agent systems, model context protocol (MCP) servers) that drive measurable return on investment.
* Architect and code conversational flows that are functional, and optimized for the connective tissue between Google’s conversational AI products and customers’ live infrastructure, including APIs, legacy data silos, and security perimeters.
* Build high\\-performance evaluation pipelines and observability frameworks to optimize agentic workloads, focusing on reasoning loops, tool selection, and reducing latency while maintaining production\\-grade security and networking.
* Identify repeatable field patterns and technical friction points in Google’s Applied Artificial Intelligence (AAI) stack, converting them into reusable modules or product feature requests for Engineering teams.
* Co\\-build with customer engineering teams to instill Google\\-grade development best practices, ensuring project success and end\\-user adoption.
Google is proud to be an equal opportunity workplace and is an affirmative action employer. We are committed to equal employment opportunity regardless of race, color, ancestry, religion, sex, national origin, sexual orientation, age, citizenship, marital status, disability, gender identity or Veteran status. We also consider qualified applicants regardless of criminal histories, consistent with legal requirements. See also Google's EEO Policy and EEO is the Law. If you have a disability or special need that requires accommodation, please let us know by completing our Accommodations for Applicants form.","","https://www.indeed.com/cmp/Google","https://d2q79iu7y748jz.cloudfront.net/s/_squarelogo/256x256/d778456838f54580d43f7dd78b3b0d9c","http://goo.gle/3ygdkgv","Mountain View, CA","10,000+","more than $10B (USD)","Our mission is to organize the world’s information and make it universally accessible and useful. ","","","","","",""
"in-bf4b6e7e4811b20b","indeed","https://www.indeed.com/viewjob?jk=bf4b6e7e4811b20b","https://careers.google.com/jobs/results/124516453394064070-forward-deployed-engineer-iv/","Forward Deployed Engineer IV, Applied AI, Google Cloud","Google","Madison, WI, US","2026-05-27","fulltime","direct_data","yearly",207000.0,300000.0,"USD",False,"","","","","Applicants in San Francisco: Qualified applications with arrest or conviction records will be considered for employment in accordance with the San Francisco Fair Chance Ordinance for Employers and the California Fair Chance Act.  

The application window will be open until at least June 7, 2026\\. This opportunity will remain online based on business needs which may be before or after the specified date.  

This role may also be located in our Playa Vista, CA campus.


Applicants in the County of Los Angeles: Qualified applications with arrest or conviction records will be considered for employment in accordance with the Los Angeles County Fair Chance Ordinance for Employers and the California Fair Chance Act.


In accordance with Washington state law, we are highlighting our comprehensive benefits package, which is available to all eligible US based employees. Benefits for this role include:

  

* Health, dental, vision, life, disability insurance
* Retirement Benefits: 401(k) with company match
* Paid Time Off: 20 days of vacation per year, accruing at a rate of 6\\.15 hours per pay period for the first five years of employment
* Sick Time: 40 hours/year (increased to 69 hours/year for Seattle) including 5 discretionary sick days per instance
* Maternity Leave (Short\\-Term Disability \\+ Baby Bonding): 28\\-30 weeks
* Baby Bonding Leave: 18 weeks
* Holidays: 13 paid days per year
  


Note: By applying to this position you will have an opportunity to share your preferred working location from the following: **San Francisco, CA, USA; Atlanta, GA, USA; Austin, TX, USA; Boulder, CO, USA; Cambridge, MA, USA; Chicago, IL, USA; Addison, TX, USA; Detroit, MI, USA; Irvine, CA, USA; Kirkland, WA, USA; Los Angeles, CA, USA; Miami, FL, USA; New York, NY, USA; Portland, OR, USA; Reston, VA, USA; San Diego, CA, USA; Seattle, WA, USA; Sunnyvale, CA, USA; Washington D.C., DC, USA; Ann Arbor, MI, USA; Houston, TX, USA; Madison, WI, USA; Pittsburgh, PA, USA; Raleigh, NC, USA; Durham, NC, USA**.### **Minimum qualifications:**

* Bachelor’s degree in Engineering, Computer Science, a related field, or equivalent practical experience.
* 8 years of experience with software development using Python or similar coding languages.
* Experience deploying resources via Terraform or similar tools to automate the setup of agents, functions, or networking.
* Experience building full\\-stack applications that interact with enterprise IT infrastructures and developing external customer projects.
* Experience architecting AI systems on cloud platforms (e.g., Google Clloud Platform (GCP).

  

### **Preferred qualifications:**

* Master’s degree or PhD in AI, Computer Science, or a related technical field.
* Experience implementing multi\\-agent systems using frameworks like ReAct and self\\-reflection.
* Experience debugging agent logic and optimizing tool selection, including tracing conversation identifications (IDs) across microservices to identify and resolve failures in real\\-time.
* Experience connecting agents to enterprise knowledge bases and optimizing retrieval\\-augmented Generation (RAG) chunking to prevent hallucinations.
* Track record of troubleshooting live, high\\-traffic systems during critical windows.
* Ability to travel up to 50% of the time.

**About the job**
-----------------


As a Forward Deployed Engineer (FDE) in Applied AI, you will be the Agent Engineer and the primary driver for our customers' most critical AI initiatives. You will take initial conversational prototypes and transform them into production\\-ready solutions, owning the end\\-to\\-end engineering lifecycle, including the transition from art of the possible to real\\-world business value and scalable, secure AI systems. This is a high\\-travel, role focused on leading technical delivery for conversational AI pilots and establishing the first customer user journeys (CUJs) for our largest customers at their sites. You will have an understanding of software engineering, Machine Learning operations, and cloud infrastructure.
It's an exciting time to join Google Cloud’s Go\\-To\\-Market team, leading the AI revolution for businesses worldwide. You’ll excel by leveraging Google's brand credibility—a legacy built on inventing foundational technologies and proven at scale. We’ll provide you with the world's most advanced AI portfolio, including frontier Gemini models, and the complete Vertex AI platform, helping you to solve business problems. We’re a collaborative culture providing direct access to DeepMind's engineering and research minds, empowering you to solve customer challenges. Join us to be the catalyst for our mission, drive customer success, and define the new cloud era—the market is yours.


The US base salary range for this full\\-time position is $207,000\\-$300,000 \\+ bonus \\+ equity \\+ benefits. Our salary ranges are determined by role, level, and location. Within the range, individual pay is determined by work location and additional factors, including job\\-related skills, experience, and relevant education or training. Your recruiter can share more about the specific salary range for your preferred location during the hiring process.


Please note that the compensation details listed in US role postings reflect the base salary only, and do not include bonus, equity, or benefits. Learn more about benefits at Google.

**Responsibilities**
--------------------

* Serve as the lead developer for conversational AI and customer experience applications, transitioning from rapid prototypes to production\\-grade agentic workflows (e.g., multi\\-agent systems, model context protocol (MCP) servers) that drive measurable return on investment.
* Architect and code conversational flows that are functional, and optimized for the connective tissue between Google’s conversational AI products and customers’ live infrastructure, including APIs, legacy data silos, and security perimeters.
* Build high\\-performance evaluation pipelines and observability frameworks to optimize agentic workloads, focusing on reasoning loops, tool selection, and reducing latency while maintaining production\\-grade security and networking.
* Identify repeatable field patterns and technical friction points in Google’s Applied Artificial Intelligence (AAI) stack, converting them into reusable modules or product feature requests for Engineering teams.
* Co\\-build with customer engineering teams to instill Google\\-grade development best practices, ensuring project success and end\\-user adoption.
Google is proud to be an equal opportunity workplace and is an affirmative action employer. We are committed to equal employment opportunity regardless of race, color, ancestry, religion, sex, national origin, sexual orientation, age, citizenship, marital status, disability, gender identity or Veteran status. We also consider qualified applicants regardless of criminal histories, consistent with legal requirements. See also Google's EEO Policy and EEO is the Law. If you have a disability or special need that requires accommodation, please let us know by completing our Accommodations for Applicants form.","","https://www.indeed.com/cmp/Google","https://d2q79iu7y748jz.cloudfront.net/s/_squarelogo/256x256/d778456838f54580d43f7dd78b3b0d9c","http://goo.gle/3ygdkgv","Mountain View, CA","10,000+","more than $10B (USD)","Our mission is to organize the world’s information and make it universally accessible and useful. ","","","","","",""
"in-682f25180e25bb85","indeed","https://www.indeed.com/viewjob?jk=682f25180e25bb85","https://careers.google.com/jobs/results/124516453394064070-forward-deployed-engineer-iv/","Forward Deployed Engineer IV, Applied AI, Google Cloud","Google","Raleigh, NC, US","2026-05-27","fulltime","direct_data","yearly",207000.0,300000.0,"USD",False,"","","","","Applicants in San Francisco: Qualified applications with arrest or conviction records will be considered for employment in accordance with the San Francisco Fair Chance Ordinance for Employers and the California Fair Chance Act.  

The application window will be open until at least June 7, 2026\\. This opportunity will remain online based on business needs which may be before or after the specified date.  

This role may also be located in our Playa Vista, CA campus.


Applicants in the County of Los Angeles: Qualified applications with arrest or conviction records will be considered for employment in accordance with the Los Angeles County Fair Chance Ordinance for Employers and the California Fair Chance Act.


In accordance with Washington state law, we are highlighting our comprehensive benefits package, which is available to all eligible US based employees. Benefits for this role include:

  

* Health, dental, vision, life, disability insurance
* Retirement Benefits: 401(k) with company match
* Paid Time Off: 20 days of vacation per year, accruing at a rate of 6\\.15 hours per pay period for the first five years of employment
* Sick Time: 40 hours/year (increased to 69 hours/year for Seattle) including 5 discretionary sick days per instance
* Maternity Leave (Short\\-Term Disability \\+ Baby Bonding): 28\\-30 weeks
* Baby Bonding Leave: 18 weeks
* Holidays: 13 paid days per year
  


Note: By applying to this position you will have an opportunity to share your preferred working location from the following: **San Francisco, CA, USA; Atlanta, GA, USA; Austin, TX, USA; Boulder, CO, USA; Cambridge, MA, USA; Chicago, IL, USA; Addison, TX, USA; Detroit, MI, USA; Irvine, CA, USA; Kirkland, WA, USA; Los Angeles, CA, USA; Miami, FL, USA; New York, NY, USA; Portland, OR, USA; Reston, VA, USA; San Diego, CA, USA; Seattle, WA, USA; Sunnyvale, CA, USA; Washington D.C., DC, USA; Ann Arbor, MI, USA; Houston, TX, USA; Madison, WI, USA; Pittsburgh, PA, USA; Raleigh, NC, USA; Durham, NC, USA**.### **Minimum qualifications:**

* Bachelor’s degree in Engineering, Computer Science, a related field, or equivalent practical experience.
* 8 years of experience with software development using Python or similar coding languages.
* Experience deploying resources via Terraform or similar tools to automate the setup of agents, functions, or networking.
* Experience building full\\-stack applications that interact with enterprise IT infrastructures and developing external customer projects.
* Experience architecting AI systems on cloud platforms (e.g., Google Clloud Platform (GCP).

  

### **Preferred qualifications:**

* Master’s degree or PhD in AI, Computer Science, or a related technical field.
* Experience implementing multi\\-agent systems using frameworks like ReAct and self\\-reflection.
* Experience debugging agent logic and optimizing tool selection, including tracing conversation identifications (IDs) across microservices to identify and resolve failures in real\\-time.
* Experience connecting agents to enterprise knowledge bases and optimizing retrieval\\-augmented Generation (RAG) chunking to prevent hallucinations.
* Track record of troubleshooting live, high\\-traffic systems during critical windows.
* Ability to travel up to 50% of the time.

**About the job**
-----------------


As a Forward Deployed Engineer (FDE) in Applied AI, you will be the Agent Engineer and the primary driver for our customers' most critical AI initiatives. You will take initial conversational prototypes and transform them into production\\-ready solutions, owning the end\\-to\\-end engineering lifecycle, including the transition from art of the possible to real\\-world business value and scalable, secure AI systems. This is a high\\-travel, role focused on leading technical delivery for conversational AI pilots and establishing the first customer user journeys (CUJs) for our largest customers at their sites. You will have an understanding of software engineering, Machine Learning operations, and cloud infrastructure.
It's an exciting time to join Google Cloud’s Go\\-To\\-Market team, leading the AI revolution for businesses worldwide. You’ll excel by leveraging Google's brand credibility—a legacy built on inventing foundational technologies and proven at scale. We’ll provide you with the world's most advanced AI portfolio, including frontier Gemini models, and the complete Vertex AI platform, helping you to solve business problems. We’re a collaborative culture providing direct access to DeepMind's engineering and research minds, empowering you to solve customer challenges. Join us to be the catalyst for our mission, drive customer success, and define the new cloud era—the market is yours.


The US base salary range for this full\\-time position is $207,000\\-$300,000 \\+ bonus \\+ equity \\+ benefits. Our salary ranges are determined by role, level, and location. Within the range, individual pay is determined by work location and additional factors, including job\\-related skills, experience, and relevant education or training. Your recruiter can share more about the specific salary range for your preferred location during the hiring process.


Please note that the compensation details listed in US role postings reflect the base salary only, and do not include bonus, equity, or benefits. Learn more about benefits at Google.

**Responsibilities**
--------------------

* Serve as the lead developer for conversational AI and customer experience applications, transitioning from rapid prototypes to production\\-grade agentic workflows (e.g., multi\\-agent systems, model context protocol (MCP) servers) that drive measurable return on investment.
* Architect and code conversational flows that are functional, and optimized for the connective tissue between Google’s conversational AI products and customers’ live infrastructure, including APIs, legacy data silos, and security perimeters.
* Build high\\-performance evaluation pipelines and observability frameworks to optimize agentic workloads, focusing on reasoning loops, tool selection, and reducing latency while maintaining production\\-grade security and networking.
* Identify repeatable field patterns and technical friction points in Google’s Applied Artificial Intelligence (AAI) stack, converting them into reusable modules or product feature requests for Engineering teams.
* Co\\-build with customer engineering teams to instill Google\\-grade development best practices, ensuring project success and end\\-user adoption.
Google is proud to be an equal opportunity workplace and is an affirmative action employer. We are committed to equal employment opportunity regardless of race, color, ancestry, religion, sex, national origin, sexual orientation, age, citizenship, marital status, disability, gender identity or Veteran status. We also consider qualified applicants regardless of criminal histories, consistent with legal requirements. See also Google's EEO Policy and EEO is the Law. If you have a disability or special need that requires accommodation, please let us know by completing our Accommodations for Applicants form.","","https://www.indeed.com/cmp/Google","https://d2q79iu7y748jz.cloudfront.net/s/_squarelogo/256x256/d778456838f54580d43f7dd78b3b0d9c","http://goo.gle/3ygdkgv","Mountain View, CA","10,000+","more than $10B (USD)","Our mission is to organize the world’s information and make it universally accessible and useful. ","","","","","",""
"in-fa8c686252f3d1a1","indeed","https://www.indeed.com/viewjob?jk=fa8c686252f3d1a1","https://careers.google.com/jobs/results/124516453394064070-forward-deployed-engineer-iv/","Forward Deployed Engineer IV, Applied AI, Google Cloud","Google","Pittsburgh, PA, US","2026-05-27","fulltime","direct_data","yearly",207000.0,300000.0,"USD",False,"","","","","Applicants in San Francisco: Qualified applications with arrest or conviction records will be considered for employment in accordance with the San Francisco Fair Chance Ordinance for Employers and the California Fair Chance Act.  

The application window will be open until at least June 7, 2026\\. This opportunity will remain online based on business needs which may be before or after the specified date.  

This role may also be located in our Playa Vista, CA campus.


Applicants in the County of Los Angeles: Qualified applications with arrest or conviction records will be considered for employment in accordance with the Los Angeles County Fair Chance Ordinance for Employers and the California Fair Chance Act.


In accordance with Washington state law, we are highlighting our comprehensive benefits package, which is available to all eligible US based employees. Benefits for this role include:

  

* Health, dental, vision, life, disability insurance
* Retirement Benefits: 401(k) with company match
* Paid Time Off: 20 days of vacation per year, accruing at a rate of 6\\.15 hours per pay period for the first five years of employment
* Sick Time: 40 hours/year (increased to 69 hours/year for Seattle) including 5 discretionary sick days per instance
* Maternity Leave (Short\\-Term Disability \\+ Baby Bonding): 28\\-30 weeks
* Baby Bonding Leave: 18 weeks
* Holidays: 13 paid days per year
  


Note: By applying to this position you will have an opportunity to share your preferred working location from the following: **San Francisco, CA, USA; Atlanta, GA, USA; Austin, TX, USA; Boulder, CO, USA; Cambridge, MA, USA; Chicago, IL, USA; Addison, TX, USA; Detroit, MI, USA; Irvine, CA, USA; Kirkland, WA, USA; Los Angeles, CA, USA; Miami, FL, USA; New York, NY, USA; Portland, OR, USA; Reston, VA, USA; San Diego, CA, USA; Seattle, WA, USA; Sunnyvale, CA, USA; Washington D.C., DC, USA; Ann Arbor, MI, USA; Houston, TX, USA; Madison, WI, USA; Pittsburgh, PA, USA; Raleigh, NC, USA; Durham, NC, USA**.### **Minimum qualifications:**

* Bachelor’s degree in Engineering, Computer Science, a related field, or equivalent practical experience.
* 8 years of experience with software development using Python or similar coding languages.
* Experience deploying resources via Terraform or similar tools to automate the setup of agents, functions, or networking.
* Experience building full\\-stack applications that interact with enterprise IT infrastructures and developing external customer projects.
* Experience architecting AI systems on cloud platforms (e.g., Google Clloud Platform (GCP).

  

### **Preferred qualifications:**

* Master’s degree or PhD in AI, Computer Science, or a related technical field.
* Experience implementing multi\\-agent systems using frameworks like ReAct and self\\-reflection.
* Experience debugging agent logic and optimizing tool selection, including tracing conversation identifications (IDs) across microservices to identify and resolve failures in real\\-time.
* Experience connecting agents to enterprise knowledge bases and optimizing retrieval\\-augmented Generation (RAG) chunking to prevent hallucinations.
* Track record of troubleshooting live, high\\-traffic systems during critical windows.
* Ability to travel up to 50% of the time.

**About the job**
-----------------


As a Forward Deployed Engineer (FDE) in Applied AI, you will be the Agent Engineer and the primary driver for our customers' most critical AI initiatives. You will take initial conversational prototypes and transform them into production\\-ready solutions, owning the end\\-to\\-end engineering lifecycle, including the transition from art of the possible to real\\-world business value and scalable, secure AI systems. This is a high\\-travel, role focused on leading technical delivery for conversational AI pilots and establishing the first customer user journeys (CUJs) for our largest customers at their sites. You will have an understanding of software engineering, Machine Learning operations, and cloud infrastructure.
It's an exciting time to join Google Cloud’s Go\\-To\\-Market team, leading the AI revolution for businesses worldwide. You’ll excel by leveraging Google's brand credibility—a legacy built on inventing foundational technologies and proven at scale. We’ll provide you with the world's most advanced AI portfolio, including frontier Gemini models, and the complete Vertex AI platform, helping you to solve business problems. We’re a collaborative culture providing direct access to DeepMind's engineering and research minds, empowering you to solve customer challenges. Join us to be the catalyst for our mission, drive customer success, and define the new cloud era—the market is yours.


The US base salary range for this full\\-time position is $207,000\\-$300,000 \\+ bonus \\+ equity \\+ benefits. Our salary ranges are determined by role, level, and location. Within the range, individual pay is determined by work location and additional factors, including job\\-related skills, experience, and relevant education or training. Your recruiter can share more about the specific salary range for your preferred location during the hiring process.


Please note that the compensation details listed in US role postings reflect the base salary only, and do not include bonus, equity, or benefits. Learn more about benefits at Google.

**Responsibilities**
--------------------

* Serve as the lead developer for conversational AI and customer experience applications, transitioning from rapid prototypes to production\\-grade agentic workflows (e.g., multi\\-agent systems, model context protocol (MCP) servers) that drive measurable return on investment.
* Architect and code conversational flows that are functional, and optimized for the connective tissue between Google’s conversational AI products and customers’ live infrastructure, including APIs, legacy data silos, and security perimeters.
* Build high\\-performance evaluation pipelines and observability frameworks to optimize agentic workloads, focusing on reasoning loops, tool selection, and reducing latency while maintaining production\\-grade security and networking.
* Identify repeatable field patterns and technical friction points in Google’s Applied Artificial Intelligence (AAI) stack, converting them into reusable modules or product feature requests for Engineering teams.
* Co\\-build with customer engineering teams to instill Google\\-grade development best practices, ensuring project success and end\\-user adoption.
Google is proud to be an equal opportunity workplace and is an affirmative action employer. We are committed to equal employment opportunity regardless of race, color, ancestry, religion, sex, national origin, sexual orientation, age, citizenship, marital status, disability, gender identity or Veteran status. We also consider qualified applicants regardless of criminal histories, consistent with legal requirements. See also Google's EEO Policy and EEO is the Law. If you have a disability or special need that requires accommodation, please let us know by completing our Accommodations for Applicants form.","","https://www.indeed.com/cmp/Google","https://d2q79iu7y748jz.cloudfront.net/s/_squarelogo/256x256/d778456838f54580d43f7dd78b3b0d9c","http://goo.gle/3ygdkgv","Mountain View, CA","10,000+","more than $10B (USD)","Our mission is to organize the world’s information and make it universally accessible and useful. ","","","","","",""
"in-bdb2cdffd0050e6c","indeed","https://www.indeed.com/viewjob?jk=bdb2cdffd0050e6c","https://clearesult.wd1.myworkdayjobs.com/CLEAResult_External_Careers/job/Remote---Arizona/Software-Developer_R0017488-1","Software Developer","CLEAResult","Phoenix, AZ, US","2026-05-27","fulltime","direct_data","yearly",72600.0,109000.0,"USD",False,"","","","","At CLEAResult, we lead the transition to a sustainable, equitable, and carbon\\-neutral energy\\-efficient future for our communities and our planet. We do that by creating a people\\-first culture built on trust, accountability, and transparency; where every employee – regardless of position, role, or identity is treated with respect and given an equal chance to thrive.  

  

Additionally, you will enjoy:  

* Medical, Dental, and Vision Insurance; we also offer a company\\-paid health care concierge service to help navigate our health plan to make the best decisions for you and yours
* 401(k) with company match
* Paid vacation, sick, personal and parental leave time
* Paid Volunteer Time: giving back to our communities is important to us
* Employee Recognition Program – convert your recognition points into gift cards
* Employee Assistance Program – offers benefits to help you manage daily responsibilities
* Access to on\\-demand training courses to advance further in your career
**Job Description**


Please note – this role may be located anywhere within the United States. We are not able to provide sponsorship for this position.
We are looking for a talented individual to join our team as a **Software Developer**!


In this role, you will be part of an enterprise **QuickBase development team** supporting internal program teams across the organization. You will help design, build, and maintain applications, dashboards, and integrations that power energy efficiency programs. This position blends development, system support, and collaboration—ranging from ticket triage and troubleshooting to contributing to full\\-scale application development.


This is a great opportunity for someone early in their development career who has strong technical fundamentals, an interest in CRM systems, and a desire to grow into a full\\-stack developer role.

**For this opportunity, you’re a great fit if you can…**

* Design, build, and maintain **QuickBase applications**, including tables, pipelines, formulas, and REST API integrations
* Develop **HTML, CSS, and JavaScript code pages** within QuickBase for internal tools and customer\\-facing portals
* Build and maintain **Power BI dashboards** with data models, DAX measures, and program reporting visuals
* Manage and triage incoming **development tickets**, resolving simpler requests independently and supporting scoping and requirements gathering for more complex work
* Collaborate with program teams to **translate business needs into technical solutions**, including CRM\\-style workflows and system enhancements
* Support system integrations and data workflows, including APIs, SFTP feeds, and automation pipelines
* Troubleshoot application and data issues, contributing to documentation and continuous improvement across systems

**In this exciting career opportunity, you will have…**

* Experience with **QuickBase** (or similar low\\-code platforms) and understanding of application architecture
* Proficiency in **HTML, CSS, and JavaScript** for front\\-end development
* Experience with **Power BI** and data visualization/reporting tools
* Understanding of **CRM systems and workflows**, with the ability to build and enhance system processes
* Exposure to **full\\-stack development concepts**, including APIs and integrations
* Strong problem\\-solving skills and ability to manage work through a **ticketing\\-based workflow**
* Excellent communication and collaboration skills across technical and non\\-technical teams
* High attention to detail, with the ability to work in a fast\\-paced, team\\-oriented environment
* Bonus: Experience with program management, energy efficiency programs, or enterprise system support

**Target Compensation:**


$85,000\\.00/annual

**DOT Requirements**


If applicable, meet all DOT qualification requirements and comply with all applicable federal, state, and local transportation regulations.

**Compensation Range**


$72,600\\.00 \\- $109,000\\.00**Currency**


USD**Type**


Salary
Any offered salary is determined based on internal equity, internal salary ranges, market data/ranges, applicant’s skills and prior relevant experience, certain degrees and certifications (e.g. JD/technology), for example.


CLEAResult will not provide sponsorship or support for immigration status or work authorization including for international students. Applicants must be authorized to work in the country where the position is located without the need for employer sponsorship or support. Successful hires must pass pre\\-employment checks.

**Equal Opportunity Employer**


As an Equal Opportunity Employer, we are committed to ensuring equal employment opportunities for all job applicants and employees. Employment decisions are based upon job\\-related reasons regardless of an applicant’s race, color, religion, national origin, marital status, age, sex, gender identity, sexual orientation, status as a qualified individual with a disability or protected veteran, or any other protected status.


The above job description and job requirements are not intended to be all inclusive. CLEAResult retains the right to make changes or adjustments to job descriptions and/or requirements at any time without notice.","Energy And Utilities","https://www.indeed.com/cmp/Clearesult","https://d2q79iu7y748jz.cloudfront.net/s/_squarelogo/256x256/e2b7eb9c6ac1912d12a3357e0d975254","http://www.clearesult.com","6504 Bridge Point Parkway
Suite 425
Austin, TX 78730","1,001 to 5,000","$100M to $500M (USD)","We change the way people use energy™","","","","","",""
"in-16fb89123af4917c","indeed","https://www.indeed.com/viewjob?jk=16fb89123af4917c","http://www.indeed.com/job/senior-full-stack-engineer-16fb89123af4917c","Senior Full Stack Engineer","The Simple VUE, LLC.","Remote, US","2026-05-27","contract","direct_data","yearly",115846.0,139513.0,"USD",True,"","","","","**Company Description**

The Simple VUE (TSV) is an Atlanta\\-based analytics and software development firm that helps government agencies and forward\\-thinking commercial organizations turn complex data into actionable insights. Our team designs and builds secure software solutions—spanning AI/ML, data engineering, full\\-stack development, and intelligent automation—that drive efficiency, informed decision\\-making, and measurable impact.

**Role Description**

We're looking for a Full Stack Software Developer who is equally strong across an Angular front end and a .NET Core back end, and who works as a force multiplier through fluent, disciplined use of AI coding tools and multi\\-agent development workflows.

You'll own meaningful end\\-to\\-end slices of a secure, cloud\\-hosted web platform — from UI components and API endpoints through data access, third\\-party integrations, and automated tests. You'll build features that include external system integrations (such as email and voice\\-to\\-text intake pipelines and API\\-based data exchange) and cloud\\-native capabilities like on\\-demand translation. Throughout, you'll use agentic tooling to accelerate delivery while upholding the security, accessibility, and auditability our work demands.

**Full Stack Development**

* Build and maintain Angular (latest LTS) front\\-end applications with TypeScript, RxJS, and Angular Material — responsive across desktop and tablet, with role\\-based access and strong accessibility.
* Design and implement secure, role\\-guarded RESTful APIs in .NET Core / C\\# using Entity Framework Core, backed by Microsoft SQL Server.
* Develop workflow, notification, and reporting features end to end, with appropriate data modeling and audit logging.
* Build and maintain third\\-party integrations, including email\\-based and voice\\-to\\-text (Twilio) intake pipelines and API\\-based data exchange with external line\\-of\\-business systems.
* Integrate cloud\\-native services such as single sign\\-on (Okta SSO/MFA), Amazon Translate for multilingual support, AWS notifications and storage, and embedded Power BI reporting.

**AI\\-Augmented \\& Multi\\-Agent Engineering**

* Use agentic coding tools — Claude Code, OpenAI Codex, and comparable platforms — as a primary part of your daily workflow to plan, implement, refactor, test, and document features.
* Design and orchestrate multi\\-agent workflows: decomposing work across specialized agents, managing context, and coordinating parallel agent tasks against a shared codebase.
* Write effective specifications, prompts, and guardrails so that agent output is reliable, secure, and consistent with project standards.
* Critically review and validate all AI\\-generated code.
* Help establish and continuously improve the team's AI\\-assisted development practices, sharing patterns that increase velocity while protecting code quality.

**Quality, Security \\& Delivery**

* Practice test\\-driven development with meaningful coverage; write unit tests and support integration testing.
* Apply OWASP\\-aligned secure coding practices and remediate findings from security scanning before release.
* Meet WCAG 2\\.1 AA / Section 508 / ADA accessibility standards.
* Contribute to CI/CD pipelines and Infrastructure as Code, and help maintain repeatable, automated deployments.
* Participate in Agile/Scrum ceremonies, track work against acceptance criteria, and produce clear technical documentation.

**Required Qualifications**

* 7\\+ years of professional full\\-stack development experience delivering production web applications.
* Demonstrable, recent experience building applications with Angular/TypeScript on the front end and .NET Core on the back end, against a SQL Server (or comparable relational) database.
* Demonstrable high proficiency with AI coding tools — you can show, not just describe, how you use Claude Code, Codex, or equivalent agents in real software delivery. Be prepared to walk through a multi\\-agent workflow you have designed or operated.
* Practical experience orchestrating multiple agents to build software — decomposing tasks, managing context, coordinating parallel work, and gating output through review and tests.
* Experience building and consuming RESTful APIs and integrating third\\-party services.
* Strong grasp of secure coding (OWASP) and web accessibility (WCAG / Section 508 / ADA).
* Experience with Git\\-based collaboration and CI/CD pipelines.
* Experience with AWS\\-hosted environments and Infrastructure as Code (CloudFormation/CDK).
* U.S. citizen or lawful permanent resident, able to work onshore and pass a background screening.

**Preferred**

* Experience delivering software in regulated or compliance\\-driven environments.
* Experience integrating services such as Okta, Twilio, Amazon Translate, AWS (SNS/S3\\), or Power BI.
* Experience building workflow\\- or state\\-machine\\-driven applications with strong audit\\-trail requirements.
* Background in government, justice, or other public\\-sector technology projects.

Pay: $115,846\\.23 \\- $139,513\\.75 per year

Work Location: Remote","","https://www.indeed.com/cmp/The-Simple-Vue,-Llc.","","","","","","","","","","","",""
"in-82621f121581ead0","indeed","https://www.indeed.com/viewjob?jk=82621f121581ead0","https://www.gdit.com/careers/job/b39583635/senior-full-stack-software-engineer/","Senior Full-Stack Software Engineer","General Dynamics Information Technology","Falls Church, VA, US","2026-05-27","","direct_data","yearly",212500.0,287500.0,"USD",True,"","","","","Your Impact


Own your opportunity to work alongside federal civilian agencies. Make an impact by providing services that help the government ensure the well being and support of U.S. citizens.


Job Description


Transform technology into opportunity as a Software Engineer at GDIT. Shape what's next for mission\\-critical federal platforms while shaping what's next for your engineering career by using AI\\-assisted software development.


MEANINGFUL WORK AND PERSONAL IMPACT


As a Full Stack Software Engineer, the work you do at GDIT will be impactful to a federal agency's mission modernization. You will play a crucial role in building a next\\-generation platform that replaces legacy systems and transforms how the government executes critical operations.

* Lead full\\-stack architecture and implementation for a cloud\\-hosted federal platform that must achieve ATO and retire legacy systems within aggressive timelines
* Collaborate with cross\\-functional teams — UX designers, product managers, DevSecOps engineers to deliver production\\-quality code in a SAFe Agile environment
* Drive engineering excellence through automated testing, code reviews, and mentorship that meets stringent federal quality metrics (zero Sev 1/2 defects, \\<5 Sev 3 per component)
* Utilize modern cloud\\-native technologies, containerized deployments, CI/CD pipelines, and agentic AI tooling to accelerate delivery of mission capabilities


Responsibilities

* Design and implement full\\-stack features for complex federal operational workflows
* Lead architectural decisions for platform services, APIs, and data models
* Build and maintain frontend interfaces that deliver on UX designs with high fidelity
* Develop backend services, integrations, and data pipelines supporting legacy system migration and retirement
* Establish and optimize AI\\-assisted development workflows for the engineering team, including configuring agentic AI tools for code generation, testing, and review
* Contribute to DevSecOps pipeline configuration, containerization, and infrastructure\\-as\\-code
* Participate in architecture design reviews and support ATO documentation with security\\-compliant code
* Mentor team members, conduct code reviews, and drive engineering best practices


WHAT YOU'LL NEED TO SUCCEED


Bring your engineering expertise along with a drive for innovation to GDIT. The Software Engineer Sr Principal must have:

* Education: Bachelor of Arts/Bachelor of Science in Computer Science, Engineering, or related field
* Experience: 8\\+ years of professional software engineering experience with full\\-stack depth
* Technical skills: Strong proficiency in modern frontend frameworks (React, Angular, or Vue) and backend languages (Java, Python, Node.js, or Go)
* Experience with cloud platforms (AWS GovCloud, Azure Government, or equivalent FedRAMP environments)
* Proficiency with containerization (Docker, Kubernetes) and CI/CD pipeline tools
* Experience building RESTful APIs and working with relational and/or NoSQL databases
* Understanding of federal security requirements (NIST 800\\-53, STIG compliance, ATO processes)
* Hands\\-on experience with AI\\-assisted development tools (e.g., GitHub Copilot, Claude Code, Cursor) integrated into daily engineering workflows
* Track record of delivering production software in Agile/SAFe teams
* Security clearance: Active Secret
* US citizenship required


Preferred Qualifications

* Experience configuring and deploying agentic AI coding workflows (autonomous code generation, AI\\-driven test creation, agent\\-based CI/CD integration)
* Demonstrated ability to evaluate, select, and roll out AI developer tooling across engineering teams
* Experience with geospatial systems, scientific/analytical platforms, or technical operations tools
* Familiarity with low\\-code platforms and hybrid architecture patterns
* Experience with legacy system migration and data conversion
* AWS certifications (Solutions Architect, Developer) in GovCloud context
* Experience leading small teams or serving as tech lead on federal programs


Location: Remote with periodic on\\-site (Washington, D.C.)


Clearance: Active Secret clearance required


GDIT IS YOUR PLACE


At GDIT, the mission is our purpose, and our people are at the center of everything we do.

* Growth: AI\\-powered career tool that identifies career steps and learning opportunities
* Support: An internal mobility team focused on helping you achieve your career goals
* Rewards: Comprehensive benefits and wellness packages, 401K with company match, and competitive pay and paid time off
* Flexibility: Full\\-flex work week to own your priorities at work and at home
* Community: Award\\-winning culture of innovation and a military\\-friendly workplace


OWN YOUR OPPORTUNITY


Explore a career in software development at GDIT and you'll find endless opportunities to grow alongside colleagues who share your dedication to advancing innovation.


Work Requirements


Years of Experience
8 \\+ years of related experience* may vary based on technical training, certification(s), *or* degree

Certification
Travel Required
Less than 10%
Citizenship
U.S. Citizenship Required
Salary and Benefit Information


The likely salary range for this position is $212,500 \\- $287,500\\. This is not, however, a guarantee of compensation or salary. Rather, salary will be set based on experience, geographic location and possibly contractual requirements and could fall outside of this range.  

View information about benefits and our total rewards program.
About Our Work


We are GDIT. A global technology and professional services company that delivers technology and mission services to every major agency across the U.S. government, defense and intelligence community. Our 26,000 experts extract the power of technology to create immediate value and deliver solutions at the edge of innovation. We operate across over 50 countries worldwide, offering leading capabilities in digital modernization, AI/ML, cloud, cyber and application development. Together with our customers, we strive to create a safer, smarter world by harnessing the power of deep expertise and advanced technology.
Join our Talent Community to stay up to date on our career opportunities and events at gdit.com/tc.*Equal Opportunity Employer / Individuals with Disabilities / Protected Veterans*","","https://www.indeed.com/cmp/General-Dynamics-Information-Technology","https://d2q79iu7y748jz.cloudfront.net/s/_squarelogo/256x256/8fb756e998ab49977b1e207da51feba2","http://www.gdit.com","Falls Church, VA","10,000+","more than $10B (USD)","We are GDIT. The people supporting some of the most complex government, defense, and intelligence projects across the country.","","","","","",""
"in-6435e356286a621f","indeed","https://www.indeed.com/viewjob?jk=6435e356286a621f","https://sbpukg.rec.pro.ukg.net/USL1001USLG/JobBoard/074c9eae-164a-480b-aa41-146200b15603/OpportunityDetail?opportunityId=e6436994-9d4f-4cf9-8e25-1b071312d5cb&postingId=78631319-8c34-4187-bc39-3f31bb312b6b","Senior Full Stack Application Developer","Specialty Building Products","Duluth, GA, US","2026-05-27","fulltime","","","","","",False,"","","","","Specialty Building Products is currently looking for a strong Senior Full Stack Application Developer to join our VALUES based organization. This individual will play a leadership role in designing, developing, and delivering enterprise\\-grade B2B business applications and eCommerce platforms using Microsoft Azure services and modern development frameworks.



The ideal candidate has deep expertise in building and scaling full stack applications, integrating with backend business systems, and driving architectural improvements within a cross\\-functional environment.  

  

This role will collaborate closely with the Azure Architect, System Administration, Networking, Security, Data Warehouse, and Application Development teams to implement solutions aligned with Microsoft best practices across our Azure tenant.


**Responsibilities:**


* Lead the design, development, testing, and deployment of full stack web applications using .NET (C\\#), React/TypeScript, and Python.
* Architect and implement scalable solutions deployed to Azure Kubernetes Service (AKS) and Azure App Services.
* Build backend integrations with Azure SQL, Azure Database for PostgreSQL, and Azure Blob Storage to support transactional and analytics\\-driven applications.
* Develop event\\-driven and decoupled systems using Azure Service Bus and API\\-first development practices.
* Design and deliver B2B commerce solutions including customer account portals, self\\-service ordering, pricing workflows, and ERP\\-integrated transactions.
* Integrate B2B business systems (ERP, CRM, WMS) for seamless business process automation and data exchange.
* Apply AI services including Azure Cognitive Services, Azure OpenAI, and Document Intelligence to enhance business workflows and end\\-user experience.
* Implement advanced caching strategies using Azure Cache for Redis to boost application performance.
* Secure applications using Azure Key Vault for secrets management and integrate with identity providers via Okta OAuth.
* Lead observability efforts with Azure Monitor, Application Insights, and Log Analytics for diagnostics, alerting, and health checks.
* Contribute to infrastructure automation using Terraform, ensuring reproducible and maintainable deployment pipelines.
* Design and manage API lifecycle through Azure API Management, including governance, throttling, and policy enforcement.
* Drive front\\-end architecture improvements with modern UX patterns and performance optimizations in React.
* Participate in Agile ceremonies, lead technical discussions, mentor junior developers, and ensure delivery excellence.
* Collaborate with business stakeholders and technical leads to gather requirements, provide estimates, and recommend solutions.


**Required Qualifications:**


* Bachelor’s degree in Computer Science, Information Systems, or a related technical field.
* 7\\+ years of experience building and supporting full stack applications in enterprise or eCommerce environments.
* Expert\\-level proficiency in:
	+ .NET C\\# 5\\+ yrs
	+ Python 3\\+yrs
	+ JavaScript/TypeScript 7\\+ yrs  
	
		- React.js 7\\+ yrs
	+ HTML/CSS 7\\+yrs
	+ SQL Stored Procedure
		- Azure cloud services: AKS, App Services, Azure SQL, PostgreSQL, Blob Storage, ADF, Service Bus, Azure API Management, Key Vault, Redis, Azure Monitor, Azure Functions.

* Strong understanding of authentication and authorization protocols including OAuth2/OpenID with Okta or similar providers.
* Demonstrated success delivering B2B commerce and enterprise application platforms with scalable architecture and deep system integrations.
* Expertise in REST API design, microservices patterns, asynchronous messaging, and integration best practices.
* Hands\\-on experience with Azure DevOps for CI/CD and Git version control.
* Production experience with Infrastructure as Code using Terraform.
* Deep knowledge of Microsoft’s Well\\-Architected Framework with proven ability to design secure, performant, and cost\\-effective systems.
* Excellent leadership, collaboration, and communication skills with a strong sense of ownership and continuous improvement.
* Prompt Engineering
* Contex Engineering


**Preferred Certifications:**


* Microsoft Certified: Azure Developer Associate
* Microsoft Certified: Azure Solutions Architect Expert
* Microsoft Certified: DevOps Engineer Expert


Specialty Building Products is the leading distributor of specialty building products in North America. SBP operates under the brands U.S. LUMBER, Alexandria Moulding, REEB Millwork, DW Distribution, Millwork Sales and Amerhart. We serve 45 states in the U.S. and 8 provinces in Canada from over 40 locations. Here at SBP we are a people first organization, our team is built upon strong culture and standards for success. We value your perspective and want to learn more about you with a commitment to laying the foundation for you to build a successful career with us. Join us and *EVOLVE* your future at Specialty Building Products!



Being a part of SBP you will be eligible for many benefits. Full\\-Time benefits would include:


* Medical, Dental, Vision given on the 1st of the month following 30 days of employment
* Company\\-Paid Life Insurance \\& Disability
* 401(k) with Company Match
* Company\\-Paid Time Off
* Paid Holidays \\& Floating Holidays
* PLUS ADDITIONAL PERKS!


We are proud to have the best team in our industry. We have experienced a tremendous amount of growth as a company. This growth has served not only our customer base but has also provided significant opportunities for advancement amongst our employees.


* *Please be careful about scam recruitment. Specialty Building Products would never send any candidate a check or instructions to deposit funds in a bank account in connection with the interview or hiring process.*


*Specialty Building Products is an equal opportunity employer. It is our policy of Specialty Building Products not to discriminate in hiring and employment on the basis of race, color, religion, national origin, sex, disability, age, military status, genetic information, or other protected class status in accordance with all applicable federal, state, and local laws.*


Equal Opportunity Employer  

This employer is required to notify all applicants of their rights pursuant to federal employment laws. For further information, please review the Know Your Rights (https://www.eeoc.gov/poster) notice from the Department of Labor.","","https://www.indeed.com/cmp/Specialty-Building-Products","","","","","","","","","","","",""
"in-a58690392471ea9d","indeed","https://www.indeed.com/viewjob?jk=a58690392471ea9d","https://www.calicolabs.com/careers/?gh_jid=8561499002","Data Engineer, Human Cohorts","Calico Life Sciences","South San Francisco, CA, US","2026-05-27","","direct_data","yearly",191000.0,195000.0,"USD",False,"","","","","### **Who We Are:**



Calico (Calico Life Sciences LLC) is an Alphabet\\-founded research and development company whose mission is to harness advanced technologies and model systems to increase our understanding of the biology that controls human aging. Calico will use that knowledge to devise interventions that enable people to lead longer and healthier lives. Calico’s highly innovative technology labs, its commitment to curiosity\\-driven discovery science, and, with academic and industry partners, its vibrant drug\\-development pipeline, together create an inspiring and exciting place to catalyze and enable medical breakthroughs.


### **Position Description:**



Calico is seeking a Data Engineer to join our highly collaborative Engineering team and focus on developing high\\-performance research data infrastructure for large human cohorts. To succeed, you will need to be an enthusiastic team player, detail\\-oriented, extremely organized, and comfortable working on complex data, software, and scientific problems.



In this position, you will be the engineering lead for data infrastructure to support our human biology teams. You will drive projects from requirements\\-gathering to production deployment, engineering high\\-performance data systems that integrate with our internal data systems and our internally\\-developed AI platform.


### **Position Responsibilities:**


* **End\\-to\\-End Project Ownership:** Collaborate with data scientists and bench scientists to gather requirements, architect solutions, and deploy production\\-grade software that facilitates data movement, transformation, analysis, and visualization
* **Data Flow Architecture:** Define and optimize data flows across the organization
* **Full\\-Stack Tool Development:** Develop data systems and internal web applications (using React and Python) that allow stakeholders to review, visualize, and communicate complex scientific data
* **Mentorship \\& Leadership:** Serve as a strong technical voice within a larger Engineering team; provide mentorship to junior engineers across Calico and help onboard future hires
* **Engineering Excellence:** Champion best practices for infrastructure\\-as\\-code, CI/CD, and containerization while helping to set standards for data engineering at Calico

### **Position Requirements:**


* BS/MS/PhD in Computer Science, Data Science, or a related technical field, or equivalent practical experience
* 4\\+ years (for BS/MS) or 1\\-2 years (for PhD) of professional software or data engineering experience developing robust, production\\-grade, and high\\-performance R\\&D\\-focused information systems
* Experience working with large\\-scale biological datasets
* Fluency in Python and SQL with a strong grasp of software and data engineering principles (testing, modularity, design patterns, data modeling)
* Demonstrated experience developing and deploying cloud\\-based applications on Google Cloud Platform (GCP) (preferred), AWS, or Azure
* Strong experience with modern web frameworks and infrastructure, specifically FastAPI, React, Kubernetes, and Terraform
* Proven ability to lead complex projects involving diverse stakeholders (e.g., ML engineers, computational biologists, bench scientists) from concept to production
* Experience enforcing robust data governance policies and compliance with internal information security standards and best practices
* Must be willing to work onsite at least four days per week


The estimated base salary range for this role is $191,000 \\- $195,000\\. Actual pay will be based on a number of factors including experience and qualifications. This position is also eligible for two annual cash bonuses.","","https://www.indeed.com/cmp/Calico-Life-Sciences","https://d2q79iu7y748jz.cloudfront.net/s/_squarelogo/256x256/87669b162de478b18b0cd7e4eddafcf1","http://www.calicolabs.com","South San Francisco, CA","201 to 500","","Calico is a research and development company whose mission is to harness advanced technologies to increase our understanding of the biology that controls lifespan.","","","","","",""
"in-1860cb5351777c81","indeed","https://www.indeed.com/viewjob?jk=1860cb5351777c81","http://www.indeed.com/job/product-engineer-1860cb5351777c81","Product Engineer","","Fort Worth, TX, US","2026-05-27","contract","direct_data","hourly",50.0,80.0,"USD",False,"","","","","We're looking for a mid\\-level to senior software engineer who enjoys building products quickly, working directly with users, and leveraging modern AI\\-assisted development workflows to dramatically accelerate software delivery.

This role is focused on building and evolving internal enterprise applications for an HVAC and construction\\-focused client. You'll sit directly with users and stakeholders, understand operational workflows firsthand, and rapidly turn ideas and pain points into working software.

We heavily leverage tools like OpenAI ChatGPT, Codex, and similar AI\\-assisted development platforms as a core part of our engineering workflow. We're looking for strong software engineers who are excited about the future of AI\\-assisted product development.

The environment is highly iterative, collaborative, and product\\-oriented. You'll help shape how applications look, function, and evolve over time while continuously improving workflows based on real\\-world feedback from end users.

What you'll do

* Build and expand internal enterprise software applications
* Rapidly prototype, iterate, and ship new functionality
* Use AI\\-assisted development tools heavily throughout the engineering workflow
* Work directly with users to understand workflows, operational challenges, and opportunities for improvement
* Help shape product design, UX, and application functionality in real time
* Automate repetitive workflows and business processes
* Continuously improve applications based on direct user feedback
* Partner closely with operational teams and leadership to identify high\\-impact opportunities
* Contribute to technical architecture and long\\-term scalability of internal platforms

What we're looking for

* 4\\+ years of professional software engineering experience
* Strong full\\-stack development experience
* Comfortable working in fast\\-moving environments with evolving requirements
* Experience using modern AI\\-assisted coding tools such as OpenAI ChatGPT, Codex, or similar platforms
* Strong product intuition and ability to collaborate directly with end users
* Ability to independently take ideas from concept to production
* Comfortable operating with a high level of ownership and autonomy
* Strong communication and problem\\-solving skills

Preferred technical experience

* TypeScript / JavaScript
* React or modern frontend frameworks
* Node.js or backend API development
* SQL / Postgres
* API integrations
* Workflow automation systems
* Cloud deployment and production application support

Engagement details

* Initial 3\\-month contract engagement with potential extension
* Fort Worth, TX
* Minimum 4 days/week onsite
* Mid\\-level to senior candidates considered based on experience and ability to operate independently

Ideal candidate

You're someone who enjoys sitting close to users, rapidly shipping software, and continuously refining products based on real\\-world usage and feedback.

You see AI\\-assisted development as a fundamental shift in how modern software products are built and want to be at the forefront of that transition.

Pay: $50\\.00 \\- $80\\.00 per hour

Ability to Commute:

* Fort Worth, TX 76148 (Required)

Work Location: In person","","https://www.indeed.comNone","","","","","","","","","","","",""
"in-7813a75c73c28eae","indeed","https://www.indeed.com/viewjob?jk=7813a75c73c28eae","https://careers.harris.com/job/-/-/4832/95608260736","Specialist, Software Engineer","L3Harris","Palm Bay, FL, US","2026-05-27","","","","","","",False,"","","","","L3Harris is dedicated to recruiting and developing high\\-performing talent who are passionate about what they do. Our employees are unified in a shared dedication to our customers’ mission and quest for professional growth. L3Harris provides an inclusive, engaging environment designed to empower employees and promote work\\-life success. Fundamental to our culture is an unwavering focus on values, dedication to our communities, and commitment to excellence in everything we do.


L3Harris is the Trusted Disruptor in defense tech. With customers’ mission\\-critical needs always in mind, our employees deliver end\\-to\\-end technology solutions connecting the space, air, land, sea and cyber domains in the interest of national security.

**Job Title: Specialist, Software Engineer**  

**Job Code: 38046**  

**Job Location: Palm Bay, FL**  

**Job Schedule: 9/80: Employees work 9 out of every 14 days – totaling 80 hours worked, and have every other Friday off**

 **Job Description:**


We are seeking a Software Engineer in Palm Bay, Florida to design, develop, integrate, and sustain mission\\-focused software solutions. In this role, you'll work across a diverse technical landscape from embedded software and backend services to web applications, containerized environments, and DevOps workflows.

  

The ideal candidate thrives in varied technical environments and brings experience with technologies including C\\+\\+, Python, JavaScript, React, and Docker\\-based development. You'll play a key role in supporting secure, mission\\-critical programs that make a real impact.

 **Essential Functions:**

* Contribute to the design, development, integration, test, and sustainment of software solutions across embedded systems, backend services, and web\\-based applications.
* Develop and maintain software using technologies such as C\\+\\+, Python, JavaScript, and React in support of mission and program requirements.
* Support containerized development and deployment workflows using Docker and established DevOps practices to improve delivery efficiency, consistency, and reliability.
* Collaborate with systems engineering, software engineering, integration, and program teams to implement technical solutions aligned with operational and customer needs.
* Participate in software troubleshooting, defect resolution, performance improvement, and technical problem solving across the development lifecycle.
* Create and maintain technical documentation, code artifacts, and engineering products that support integration, testing, deployment, and long\\-term sustainment.

 **Qualifications:**

* Bachelor's degree in computer science, computer engineering, software engineering, or related field and a minimum of 4 years of prior relevant experience. Graduate degree and a minimum of 2 years of prior related experience. In lieu of a degree, minimum of 8 years of prior related experience.
* Active TS/SCI is required.

 **Preferred Additional Skills:**

* Active TS/SCI w CI Polygraph.
* Experience contributing across both embedded and web application environments.
* Experience with React and modern JavaScript development for user\\-facing applications.
* Experience with DevOps practices, CI/CD workflows, and containerized software delivery.
* Experience developing or integrating software in Linux\\-based environments.
* Experience in software engineering for one or more of the following areas: embedded software, backend services, full stack applications, or web application development.
* Hands\\-on development experience with one or more relevant programming languages such as C\\+\\+, Python, or JavaScript.
* Experience working with modern software development practices, including version control, code reviews, debugging, and automated build or test workflows.
* Familiarity with Docker\\-based development environments, containerized applications, or DevOps\\-oriented software delivery practices.
* Ability to contribute effectively as an individual contributor on a technical team supporting secure, mission\\-focused software programs.

  

\\#LI\\-FS1


L3Harris Technologies is proud to be an Equal Opportunity Employer. L3Harris is committed to treating all employees and applicants for employment with respect and dignity and maintaining a workplace that is free from unlawful discrimination. All applicants will be considered for employment without regard to race, color, religion, age, national origin, ancestry, ethnicity, gender (including pregnancy, childbirth, breastfeeding or other related medical conditions), gender identity, gender expression, sexual orientation, marital status, veteran status, disability, genetic information, citizenship status, characteristic or membership in any other group protected by federal, state or local laws. L3Harris maintains a drug\\-free workplace and performs pre\\-employment substance abuse testing and background checks, where permitted by law.


Please be aware many of our positions require the ability to obtain a security clearance. Security clearances may only be granted to U.S. citizens. In addition, applicants who accept a conditional offer of employment may be subject to government security investigation(s) and must meet eligibility requirements for access to classified information.


By submitting your resume for this position, you understand and agree that L3Harris Technologies may share your resume, as well as any other related personal information or documentation you provide, with its subsidiaries and affiliated companies for the purpose of considering you for other available positions.


L3Harris Technologies is an E\\-Verify Employer. Please click here for the E\\-Verify Poster in English or Spanish. For information regarding your Right To Work, please click here for English or Spanish.","","https://www.indeed.com/cmp/L3harris","https://d2q79iu7y748jz.cloudfront.net/s/_squarelogo/256x256/6a6c9f075b48a5898354e5f275c43a33","https://www.l3harris.com","Melbourne, FL","10,000+","more than $10B (USD)","At L3Harris, we are proud to employ innovators and problem solvers dedicated to delivering mission critical solutions our customers on the front lines depend on. Learn more at.L3Harris.com/careers.","","","","","",""
"in-fa516bb9e709a815","indeed","https://www.indeed.com/viewjob?jk=fa516bb9e709a815","https://jobs.ashbyhq.com/hadrian-automation/44db308b-2d21-409f-8589-3ab6319b02ec?utm_source=6ErGOvWZOA","Site Reliability Engineer, Robotics","","Los Angeles, CA, US","2026-05-27","fulltime","direct_data","yearly",164000.0,270000.0,"USD",False,"","","","","**Hadrian \\- Manufacturing the Future**


Hadrian is building autonomous factories that help aerospace and defense companies manufacture rockets, satellites, jets, and ships up to 10x faster and up to 2x cheaper. By combining advanced software, robotics, and full\\-stack manufacturing, we are reinventing how America produces its most critical parts.


We’re accelerating our mission with the launch of Factory 3 in Mesa, Arizona, a 290,000\\-square\\-foot facility creating 350 new jobs. We are expanding rapidly to support thousands of future hires, launching Hadrian Maritime to expand into naval production, and introducing a Factory\\-as\\-a\\-Service model that delivers complete systems instead of individual parts.


Hadrian is backed by leading investors including T. Rowe Price, Lux Capital, Founders Fund, and Andreessen Horowitz, our fast\\-growing team is united around reindustrializing American manufacturing for the 21st century and beyond.

**The Role**

**What You’ll Do**

* Own the **reliability of our robotics systems**, from PLCs through ROS2/middleware to Kubernetes.
* Build interfaces to our observability system to ingest telemetry from our controls and robotics systems. Leverage solutions such as Prometheus, Telegraf, OpenTelemetry, and Datadog.
* **Write code frameworks and tools** to support our controls and robotics systems, including diagnostic tools, shared libraries for telemetry data, and automated remediation.
* Partner with controls, robotics, and platform engineering teams to **bake reliability in early**. Review designs, develop SLOs and SLIs, introduce reliability release gates, and push for telemetry contracts to develop production\\-grade services.

 **What We’re Looking For**

* **Ownership.** Someone who has owned the reliability of a production system where downtime had **physical or operational consequences** (manufacturing line, autonomous vehicle, lab automation, network operations)
* **Systems Thinker.** Focused on understanding the relationship among various systems to design sustainable solutions, not one\\-time fixes.
* **Problem Solver.** Solving complex puzzles excites and motivates you to find an efficient solution.
* **T\\-Shaped Skill Set.** Comfortable with bare metal Kubernetes, networking, GitOps workflows, and Infrastructure as Code (IaC). Also skilled in programming in TypeScript, Python, Golang, or C\\+\\+.
* **Strong Communication.** You can run a war room, write a post\\-mortem, and explain a reliability tradeoff to a stakeholder.

**What Will Set You Apart**

* You've built **automated or self\\-healing** **remediation** at scale. We want systems that remove humans from the loop.
* **Background in edge/on\\-prem infrastructure**. You’ve run Kubernetes at the edge (k3s, k0s, k0smotron), managing on\\-prem clusters, time\\-series at the edge, or air\\-gapped deployments. A deep understanding of Linux operating system fundamentals such as cgroups, sockets, and system tuning, is a big plus.
* Deep understanding of **shipping and storing telemetry data** at scale. Experience with Kafka/MQTT/RabbitMQ is a plus.
* **Direct robotics experience**. ROS/ROS2, OPC UA, EtherCAT, motion controllers, or fleet management for autonomous systems
* An individual who is **self\\-directed** and can deliver with **high velocity**.

**Compensation**


For this role, the target salary range is $164,000 \\- $270,000 (actual range may vary based on experience).


This is the lowest to highest salary we reasonably and in good faith believe we would pay for this role at the time of this posting. We may ultimately pay more or less than the posted range, and the range may be modified in the future. An employee's pay position within the salary range will be based on several factors, including, but not limited to, relevant education, qualifications, certifications, experience, skills, geographic location, performance, and business or organizational needs.

**Benefits for Full\\-time Employees**
-------------------------------------

* Medical, dental, vision, and life insurance plans for employees
* 401k
* Relocation support may be provided for certain situations, based on business need.
* Flexible vacation policy

**ITAR Requirements**


To conform to U.S. Government space technology export regulations, including the International Traffic in Arms Regulations (ITAR) you must be a U.S. citizen, lawful permanent resident of the U.S., protected individual as defined by 8 U.S.C. 1324b(a)(3\\), or eligible to obtain the required authorizations from the U.S. Department of State. Learn more about the ITAR here.

**Hadrian Is An Equal Opportunity Employer**


It is the Company’s policy to provide equal employment opportunity for all applicants and employees. The Company does not unlawfully discriminate on the basis of race inclusive of traits historically associated with race (including, but not limited to, hair texture and protective hairstyles, such as braids, locks and twists), color, religion, sex (including pregnancy, childbirth, or related medical conditions), gender identity, gender expression, transgender status, national origin (including, in California, possession of a drivers license), ancestry, citizenship, age, physical or mental disability, height or weight, medical condition, family care status, military or veteran status, marital status, domestic partner status, sexual orientation, genetic information, exercise of reproductive rights, any other basis protected by local, state, or federal laws, or any combination of the above characteristics. When necessary, the Company also makes reasonable accommodations for disabled candidates and employees, including for candidates or employees who are disabled by pregnancy, childbirth, or related medical conditions.","","","","","","","","","","","","","",""
"in-895e4f7ae1af35b8","indeed","https://www.indeed.com/viewjob?jk=895e4f7ae1af35b8","https://careers.google.com/jobs/results/135922543281218246-engineering-manager/","Engineering Manager, Operations Intelligence, gUP Engineering","Google","Boulder, CO, US","2026-05-27","fulltime","direct_data","yearly",207000.0,300000.0,"USD",False,"","","","","The application window will be open until at least June 10, 2026\\. This opportunity will remain online based on business needs which may be before or after the specified date.  

Note: By applying to this position you will have an opportunity to share your preferred working location from the following: **Pittsburgh, PA, USA; Boulder, CO, USA**.### **Minimum qualifications:**

* Bachelor’s degree, or equivalent practical experience.
* 8 years of experience in software development.
* 3 years of experience with full\\-stack development, across the back\\-end such as Java, Python, Golang, or C\\+\\+ codebases, and front\\-end experience including JavaScript or TypeScript, HTML, CSS or equivalent.
* 3 years of experience in a technical leadership role.
* 2 years of experience in a people management or team leadership role.

  

### **Preferred qualifications:**

* Master's degree or PhD in Computer Science or related technical field.
* 3 years of experience working in a complex, matrixed organization.
* Experience with large\\-scale data processing and machine learning platforms, including practical application of Generative AI and machine learning optimization techniques.

**About the job**
-----------------


Like Google's own ambitions, the work of a Software Engineer goes way beyond just Search. Software Engineering Managers have not only the technical expertise to take on and provide technical leadership to major projects, but also manage a team of engineers. You not only optimize your own code but make sure engineers are able to optimize theirs. As a Software Engineering Manager you manage your project goals, contribute to product strategy and help develop your team. Teams work all across the company, in areas such as information retrieval, artificial intelligence, natural language processing, distributed computing, large\\-scale system design, networking, security, data compression, user interface design; the list goes on and is growing every day. Operating with scale and speed, our exceptional software engineers are just getting started \\- and as a manager, you guide the way.  

  

With technical and leadership expertise, you manage engineers across multiple teams and locations, a large product budget and oversee the deployment of large\\-scale projects across multiple sites internationally.



As a part of the Operations Intelligence team, a newly created team at the forefront of transforming how we create, manage, and deliver support content by leveraging data and automation, you will be responsible for building and leading a team of engineers dedicated to designing, developing, and maintaining innovative systems and platforms that automate various aspects of the content life\\-cycle.


In gTech Users and Products (gUP), our mission is to advocate for Google’s users by creating helpful and trusted experiences across the product ecosystem. We achieve this by meeting partners and consumers where they are with support and help, representing their needs with our product partners and proposing fixes and features that elevate their engagement with Google's diverse product ecosystem. Additionally we provide a range of product services that ensure our products are optimized for every user, no matter where they are in the world (e.g., localization, digitization, partner integration and more).


The US base salary range for this full\\-time position is $207,000\\-$300,000 \\+ bonus \\+ equity \\+ benefits. Our salary ranges are determined by role, level, and location. Within the range, individual pay is determined by work location and additional factors, including job\\-related skills, experience, and relevant education or training. Your recruiter can share more about the specific salary range for your preferred location during the hiring process.


Please note that the compensation details listed in US role postings reflect the base salary only, and do not include bonus, equity, or benefits. Learn more about benefits at Google.

**Responsibilities**
--------------------

* Build, mentor, and manage an engineering team focused on content automation, fostering career development, technical excellence, and a collaborative team culture.
* Define and drive the technical strategy, roadmap, and architecture for content automation systems and platforms, evaluating and incorporating innovative technologies to meet business needs.
* Oversee the end\\-to\\-end software development life\\-cycle for the team, ensuring timely and high\\-quality delivery of scalable, reliable, and maintainable content automation solutions.
* Partner with content strategists, product managers, operations teams, data scientists, and other stakeholders to identify automation opportunities, gather requirements, and ensure solutions deliver maximum impact.
* Advocate engineering best practices, drive high standards for code quality and system design, and encourage innovation in the application of automation technologies (including ML/NLP where appropriate) issues.
Google is proud to be an equal opportunity workplace and is an affirmative action employer. We are committed to equal employment opportunity regardless of race, color, ancestry, religion, sex, national origin, sexual orientation, age, citizenship, marital status, disability, gender identity or Veteran status. We also consider qualified applicants regardless of criminal histories, consistent with legal requirements. See also Google's EEO Policy and EEO is the Law. If you have a disability or special need that requires accommodation, please let us know by completing our Accommodations for Applicants form.","","https://www.indeed.com/cmp/Google","https://d2q79iu7y748jz.cloudfront.net/s/_squarelogo/256x256/d778456838f54580d43f7dd78b3b0d9c","http://goo.gle/3ygdkgv","Mountain View, CA","10,000+","more than $10B (USD)","Our mission is to organize the world’s information and make it universally accessible and useful. ","","","","","",""
"in-124da9cb97edca94","indeed","https://www.indeed.com/viewjob?jk=124da9cb97edca94","https://careers.mn.gov/psp/mnjob/MNCAREERS/HRCR/c/HRS_HRAM_FL.HRS_CG_SEARCH_FL.GBL?Page=HRS_APP_JBPST_FL&Action=U&FOCUS=Applicant&SiteId=1001&JobOpeningId=94449&PostingSeq=1","Application and Data Support Specialist - ITS2","State of Minnesota - Minnesota IT Services","Saint Paul, MN, US","2026-05-27","fulltime","direct_data","hourly",28.0,45.0,"USD",False,"","","","careers@state.mn.us, workwithmnit@state.mn.us, workwithmnit@state.mn.us, workwithmnit@state.mn.us, workwithmnit@state.mn.us, careers@state.mn.us","**Job Details**
---------------

**Working Title: Application and Data Support Specialist**  

**Job Class: Information Technology Specialist 2**  

**Agency: Minnesota IT Services**

* **Job ID**: 94449
* **Location**: St. Paul
* **Telework Eligible**: Yes \\#LI\\-Hybrid
* **Full/Part Time**: Full\\-Time
* **Regular/Temporary**: Unlimited
* **Who May Apply**: Open to all qualified job seekers
* **Date Posted**: 05/27/2026
* **Closing Date**: 06/02/2026
* **Hiring Agency/Seniority Unit**: Minnesota IT Services
* **Division/Unit**: Department of Transportation (DOT)
* **Work Shift/Work Hours**: Day Shift
* **Days of Work**: Monday \\- Friday
* **Travel Required**: No
* **Salary Range:** $28\\.18 \\- $45\\.82 / hourly; $58,839 \\- $95,672 / annually
* **Classified Status**: Classified
* **Bargaining Unit/Union**: 214 \\- MN Assoc of Professional Empl/MAPE
* **FLSA Status**: Nonexempt
* Designated in Connect 700 Program for Applicants with Disabilities: Yes

### **The work you'll do is more than just a job.**


At the State of Minnesota, employees play a critical role in developing policies, providing essential services, and working to improve the well\\-being and quality of life for all Minnesotans. The State of Minnesota is committed to equity and inclusion, and invests in employees by providing benefits, support resources, and training and development opportunities.


Join the 2,800\\+ professionals of Minnesota IT Services (MNIT) who connect Minnesotans to services that will improve their lives in government IT. This position serves our partners at the Minnesota Department of Transportation (MnDOT). MNIT MnDOT supports an agency with technology integrated into all areas of business. From business intelligence and solutions for critical transportation infrastructure to planning and operating a safe, efficient, and reliable multimodal transportation system, the team connects people and markets across Minnesota.
**Job Summary**
---------------


As an Application and Data Support Specialist with Minnesota IT Services (MNIT) and Minnesota Department of Transportation (DOT), you will provide MNIT DOT application and data support services for commercial\\-off\\-the\\-shelf (COTS) and custom\\-built per the priorities set by the supervisor. You will be responsible for collaborative application and data support in a matrixed environment with IT service owners, process owners, process managers, architects, and IT team leads that provide direction for the connected IT services. You will communicate, coordinate, deliver and/or resolve application and data support service tasks to ensure MnDOT applications are supported per the application’s service level agreement, support model, and to the satisfaction of the MnDOT business partner.
**This position requires an employee to be onsite at 395 John Ireland Blvd, St. Paul, Minnesota at least 50% of the time, with some opportunity to perform work from a telework location.** Telework for Minnesota IT Services is available on a limited basis. Employees will be required to meet current telework eligibility requirements.
**Qualifications**
------------------

### **Minimum Qualifications**

**To qualify, candidates must clearly show all of the following qualifications in their resume. Resume tips available** **here****:**This position requires a minimum of two (2\\) year of IT related experience in application and data support.
Experience must include:* Front end tools such as HTML, CSS, JavaScript, and modern frameworks like React and Angular.
* Java, Python, or .NET/C\\# for building back\\-end services and APIs
* SQL for creating and maintaining database queries.
* Code repository and DevOps tools such as GitHub.
* Demonstrated ability to communicate clearly and effectively in a manner that facilitates mutual understanding.
* Customer\\-focused approach grounded in active listening, empathy, and solution\\-oriented problem\\-solving to deliver positive user experiences.

### Education in Information Technology (IT) or an IT related field may substitute for experience as follows: a master’s degree for eighteen (18\\) months of experience; a bachelor’s degree for one (1\\) year; and an associate’s degree for six (6\\) months.

### **Preferred Qualifications**

* Proven experience working with multiple IT services (applications, data, infrastructure, service desk, project).
* Ability to effectively deliver complex technical solutions that meet business needs and follow MNIT standards.
* Ability to effectively work with multiple IT services (apps, data, infra, service desk).
* Ability to effectively serve as a technical liaison between business, IT, and third\\-party vendors/contractors.
* Ability to effectively work directly with customers to identify, define, validate and prioritize user needs and requirements.

### **Strongly Preferred Qualifications**

* Experience supporting or developing full\\-stack applications that include front\\-end components, back\\-end services, databases, and system integrations.
* Ability to develop solutions using Power Platform technologies such as Power Apps, Power Automate and Power BI.

### **Additional Requirements**


It is the policy of Minnesota IT Services that a successful candidate must pass all legally required checks prior to employment which may consist of the following:
* SEMA4 Records Check (applies to current and past state employees only)
* Criminal History Check
* Reference Check
* Social Security and Address Verification
* Education Verification
* Other legally required checks

**Minnesota IT Services does not participate in E\\-Verify. Minnesota IT Services will not sponsor applicant for work visas, including F\\-1 STEM OPT extensions. Minnesota IT Services is not able to complete Form I\\-983 or any other form that requires that the employer certifying to using E\\-Verify. All applicants must be legally authorized to work in the United States.**
**Application Details**
-----------------------

### **How to Apply**

Select “Apply for Job” at the top of this page. If you have questions about applying for jobs, contact the Careers Help Desk at 651\\-259\\-3637 or email careers@state.mn.us. For additional information about the application process, go to http://www.mn.gov/careers.

### **Contact**


If you have questions about this position, contact workwithmnit@state.mn.us.

**Connect 700 Program**
To receive consideration as a Connect 700 Program applicant, apply online, email the Job ID\\#, the Working Title and your valid Proof of Eligibility Certificate by the closing date to workwithmnit@state.mn.us.

### **Veterans**

**To be considered for any** **Veteran's Status****, you MUST indicate this on your application.**
RECENTLY SEPARATED VETERANS (RSV): Effective July 1, 2009, legislation provides that the top five RSV applicants who apply and meet the qualifications for a vacancy shall be granted an interview. You must:
* Meet all Minimum Qualifications identified in this posting.
* Meet all of the RSV criteria.
* Submit a copy of your DD\\-214 form by the closing date to: workwithmnit@state.mn.us.


CERTAIN DISABLED VETERANS: Effective August 1, 2012, legislation provides state agencies with the option to appoint certain disabled veterans on a noncompetitive basis if you:
* Meet service requirements and have a verified service\\-connected disability rating of at least 30%.
* Provide qualifying documentation verifying the disability.
* Meet all Minimum Qualifications identified in this posting.
* You must submit all documentation by the closing date to: workwithmnit@state.mn.us.


**Current State Employees*** Bidders: This vacancy is open for bids and all qualified applicants simultaneously. This vacancy will be filled in accordance with applicable union contract provisions. Current employees of Minnesota IT Services who are currently in an **Information Technology Specialist 2** position and who are eligible to bid and apply within the seven (7\\) day bidding period will be considered prior to filling the position via other means.
* Current State Employees: Please note that employment provisions (including but not limited to seniority and leave accrual) vary among the three branches of Minnesota State government. When considering a job with another branch of state government, you are highly encouraged to explore these differences. For assistance, please direct questions to your current or anticipated Human Resources office.

### **About Minnesota IT Services**

Minnesota IT Services is the information technology agency for the State of Minnesota. MNIT partners with agencies, boards, councils, and commissions to deliver secure, reliable technology solutions as we set IT strategy, direction, policies, and standards statewide. Work for MNIT and be part of a nation\\-leading IT organization that helps to create an innovative government that works for everyone. Our culture promotes collaboration, demands agility, and encourages us to embrace change. Be a part of something bigger than yourself, something to be inspired by; come to work for MNIT.
#### **Working together to improve the state we love.**

What do Minnesota's State employees have in common?


* A sense of purpose in their work
* Connection with their coworkers and communities
* Opportunities for personal and professional growth

#### **Benefits**

As an employee, you'll have access to one of the most affordable health insurance plans in Minnesota, along with other benefits to help you and your family be well.

#### **Your benefits may include:**

* Paid vacation and sick leave
* 12 paid holidays each year
* Low\\-cost medical, dental, vision, and prescription drug plans
	+ Fertility care, including IVF
	+ Diabetes care
	+ Dental and orthodontic care for adults and children
* 6 weeks paid leave for parents of newborn or newly adopted children
* Pension plan that provides income when you retire (after working at least three years)
* Employer paid life insurance to provide support for your family in the event of death
* Short\\-term and long\\-term disability insurance that can provide income if you are unable to work due to illness or injury
* Tax\\-free expense accounts for health, dental, and dependent care
* Resources that provide support and promote physical, emotional, social, and financial well\\-being

#### **Support to help you reach your career goals:**

* Training, classes, and professional development
* Tuition reimbursement
* Federal Public Service Loan Forgiveness Program (Some positions may qualify for the Public Service Loan Forgiveness Program. For more information, visit the Federal Student Aid website at studentaid.gov)

#### **Employee Assistance Program (EAP) for work/life support:**

* A voluntary confidential program that helps employees and their families with life challenges that may impact overall health, personal well\\-being, or job performance
* Common sources of stress can be addressed through the EAP: mental health, relationship challenges (personal and work), grief and loss, finances, and legal issues
* Daily Living/Convenience Services: Chore services, home repair, trip planning, child/elder care

**Programs, resources and benefits eligibility varies** based on type of employment, agency, funding availability, union/collective bargaining agreement, location, and length of service with the State of Minnesota.


**EQUAL OPPORTUNITY EMPLOYERS**

Minnesota state agencies are equal opportunity, affirmative action, and veteran\\-friendly employers. State agencies are committed to creating a workforce that reflects the diversity of the state and strongly encourages persons of color and Indigenous communities, members of the LGBTQIA2S\\+ community, individuals with disabilities, women, and veterans to apply. The varied experiences and perspectives of employees strengthen the work we do together and our ability to best serve Minnesotans.


All qualified applicants will receive consideration for employment without regard to race, color, creed, religion, national origin, sex (including pregnancy, childbirth, and disabilities related to pregnancy or childbirth), gender identity, gender expression, marital status, familial status, age, sexual orientation, status regarding public assistance, disability, veteran status or activity in a local Human Rights Commission or any other characteristic protected by law.

**APPLICANTS WITH DISABILITIES**


Minnesota state agencies make reasonable accommodations to their employees and applicants with disabilities. If you have a disability and need assistance in searching or applying for jobs with the State of Minnesota, call the Careers Help Desk at 651\\-259\\-3637 or email careers@state.mn.us and let us know the support you need.","","https://www.indeed.com/cmp/State-of-Minnesota---Minnesota-IT-Services","","","","","","","","","","","",""
"in-06fb1fa1ff50fb62","indeed","https://www.indeed.com/viewjob?jk=06fb1fa1ff50fb62","https://raymondjames.wd1.myworkdayjobs.com/en-US/RaymondJamesCareers/job/Saint-Petersburg-Florida---United-States/Lead-Java-Engineer--Full-Stack-Development_R-0011336","Lead Java Engineer, Full Stack Development","Raymond James","Saint Petersburg, FL, US","2026-05-27","fulltime","","","","","",False,"","","","","**Job Description Summary**

Highly specialized expert developing software applications, in entirety or in part, that have a big impact on business for a large organization.
**Job Description**

***This position will follow our hybrid work model, we expect the selected candidate to be in the office 2\\-3 days a week at the St. Petersburg, FL Corporate Office location.***

**Summary:**

We are seeking a highly skilled and self\\-sufficient Lead Full Stack Developer with deep expertise in Java and strong leadership\\-level experience in Angular development. This role is central to the ongoing development and enhancement of the Annuities and Insurance applications. The ideal candidate will serve as the primary developer responsible for designing and implementing new features independently, enhancing existing functionality, and supporting components within the Java ecosystem.  

  



This position requires a proactive, independent learner who can take ownership of complex technical challenges and deliver high\\-quality solutions with minimal oversight. The candidate will work across the full software development lifecycle and collaborate with cross\\-functional teams to ensure timely and efficient delivery of enterprise\\-grade solutions.


**Responsibilities:**

* Serve as the lead developer for the Annuities and Insurance Applications, driving feature enhancements and new development initiatives.
* Design, develop, and implement scalable and maintainable full stack solutions using Java (Spring, Spring Boot) and Angular.
* Work independently to analyze complex system requirements and translate them into robust technical solutions.
* Support and enhance existing document management functionality within the Java space.
* Collaborate with business analysts, architects, and other developers to ensure alignment with business goals and technical standards.
* Provide technical leadership and mentorship to junior developers and team members.
* Participate in code reviews, system testing, and validation procedures.
* Ensure adherence to best practices in software engineering, including CI/CD, modular design, and secure coding standards.
* Stay current with emerging technologies and recommend improvements to enhance system performance and maintainability.
* Participate in production support rotations and respond to escalated issues as needed.

**Skills:**

* 10\\+ years of hands\\-on experience with Java (Java 8\\+), Spring, Spring Boot, REST, SOAP, and Microservices.
* 5\\+ years of experience leading Angular development efforts in a full stack capacity.
* Strong understanding of software engineering principles, object\\-oriented design, and design patterns.
* Experience with SQL and NoSQL databases, integration frameworks, and distributed caching strategies.
* Familiarity with CI/CD pipelines and DevOps practices.
* Exposure to streaming technologies such as Kafka is a plus.
* Experience in financial services or enterprise\\-scale applications is preferred.
* Excellent communication, analytical, and problem\\-solving skills.

**Preferred Attributes:**

* Self\\-starter with a passion for learning and solving complex problems.
* Ability to work independently and manage multiple priorities in a fast\\-paced environment.
* Strong leadership and mentoring capabilities.

**Education**

Bachelor’s: Computer and Information Science (Required), High School (HS) (Required)
**Work Experience**

General Experience \\- 6 to 10 years
**Certifications**

**Travel**

**Workstyle**

Hybrid
The total compensation for this position includes base salary or wages, and may include components such as additional compensation (cash or equity), discretionary bonuses, or commissions. This position is eligible for a benefits package that may include medical, dental, and vision; life insurance; critical illness insurance and accident insurance; disability benefits; retirement savings; paid time off (including vacation, holidays, and sick leave); and parental leave. Eligibility for benefits and specific offerings may vary based on position and employment status. To view more details of the benefits offered, visit Myrjbenefits.com.  



At Raymond James our associates use five guiding behaviors (Develop, Collaborate, Decide, Deliver, Improve) to deliver on the firm's core values of client\\-first, integrity, independence and a conservative, long\\-term view.
  

  

We expect our associates at all levels to:
  

* Grow professionally and inspire others to do the same
* Work with and through others to achieve desired outcomes
* Make prompt, pragmatic choices and act with the client in mind
* Take ownership and hold themselves and others accountable for delivering results that matter
* Contribute to the continuous evolution of the firm
At Raymond James – as part of our people\\-first culture, we honor, value, and respect the uniqueness, experiences, and backgrounds of all of our Associates. When associates bring their best authentic selves, our organization, clients, and communities thrive. The Company is an equal opportunity employer and makes all employment decisions on the basis of merit and business needs.","Banks And Financial Services","https://www.indeed.com/cmp/Raymond-James","https://d2q79iu7y748jz.cloudfront.net/s/_squarelogo/256x256/d7928fd068e6c5c5c6a6473f9b832afb","http://www.raymondjames.com","880 Carillon Parkway
St. Petersburg, FL 33716","10,000+","$5B to $10B (USD)","Our vision is to be a financial services firm as unique as the people we serve, transforming lives, businesses and communities through the power of personal relationships and professional advice.","","","","","",""
"in-e71383b94e86fbaa","indeed","https://www.indeed.com/viewjob?jk=e71383b94e86fbaa","https://job-boards.greenhouse.io/lilasciences/jobs/4250077009","Senior Software Engineer, Data","Lila Sciences","Cambridge, MA, US","2026-05-27","","direct_data","yearly",144000.0,288000.0,"USD",False,"","","","","**Your Impact at LILA**



Join us in shaping the future of science! We are seeking **Senior** **Software Engineers with backend experience** to join our Data Platform Team (Data), where you’ll collaborate with software engineers, lab scientists, and machine learning engineers to build cutting\\-edge tools for automated scientific analysis and more. If you thrive in a collaborative, fast\\-paced environment and bring best practices in git, development workflows, and user\\-centered design, we want to hear from you!


**About The Team**



The Data Platform Team (Data) builds and support the data systems that underpins Lila's AI Science Factory™. Every experiment run in our labs, every measurement from an instrument, and every signal from our operational systems flows through the platform they build. Their work spans real\\-time ingestion, large\\-scale analytical storage, workflow orchestration, and the self\\-service tools scientists, engineers, and ML teams use to go from raw measurements to discoveries. They build the data backbone of Scientific Superintelligence™, so the science moves faster and each experiment makes the next one smarter.


**What You'll Be Building**


* **Design \\& Build APIs:** Design and build high\\-performance, secure, and well\\-documented APIs that integrate with AI\\-driven applications.
* **Database Architecture \\& Scaling:** Develop schemas and manage diverse data systems (SQL, NoSQL, Vector DBs, and others) for optimal performance and scalability.
* **Performance \\& Reliability:** Diagnose and optimize system bottlenecks, ensuring high availability and low\\-latency performance across large\\-scale workloads.
* **Cloud \\& Infrastructure:** Leverage AWS services, Kubernetes and modern DevOps practices to build and deploy production\\-grade systems at scale.
* **Cross\\-Functional Collaboration:** Work with ML researchers, engineers, and scientists to integrate data pipelines, APIs, and cloud infrastructure into scientific workflows.


**What You'll Need To Succeed**


* **Bachelor’s or Master’s degree** in Computer Science, Engineering, or related field.
* **5\\-8\\+ years of engineering experience** building and deploying large\\-scale backend systems in production.
* **Cloud \\& DevOps Knowledge:** Hands\\-on experience with AWS; strong understanding of Kubernetes and containerization, infrastructure\\-as\\-code (Terraform, CloudFormation), and CI/CD pipelines (GitHub Actions).
* **Experience with ORMs:** Experience with and web services for CRUD services (SQL Alchemy, SQLModel, FastAPI, Django).
* **Orchestration Systems:** Experience with orchestrators tools (Airflow, Prefect, Temporal, Dagster).
* **Full Stack Development**: Experience developing web apps across the full stack (React, TypeScript, Monorepos like Nx, TailWind, FastAPI, SQL/NoSQL, Python, Pydantic)
* Hands on experience using AI coding assistants to drive productivity is required.
* **Communication \\& Collaboration**: Acute listening skills, and a proven track record of working cross\\-functionally with scientists, data engineers, and product teams; able to explain complex ideas to diverse audiences.
* **Problem Solving**: Proven ability to deliver backend solutions, balancing trade\\-offs between scalability, performance, and maintainability.


**Bonus Points For**


* **Familiarity with Python for Science**: Familiarity with data science and ML libraries (pandas, numpy, scipy, jax, pytorch).
* **Domain Background:** Exposure to laboratory software or analytics for life sciences, material sciences, or related fields.
* Experience with laboratory devices, robotics, or hardware
**Compensation**



We offer competitive base compensation with bonus potential and generous early\\-stage equity. Your final offer will reflect your background, expertise, and expected impact.


**U.S. Benefits.** Full\\-time U.S. employees receive a comprehensive benefits program including medical, dental, and vision coverage; employer\\-paid life and disability insurance; flexible time off with generous company wide holidays; paid parental leave; an educational assistance program; commuter benefits, including bike share memberships for office based employees; and a company subsidized lunch program.


**International Benefits.** Full\\-time employees outside the U.S. receive a comprehensive benefits program tailored to their region. USD salary ranges apply only to U.S.\\-based positions; international salaries are set to local market.


Expected Base Salary Range


$144,000 \\- $288,000 USD

**About LILA**



Lila Sciences is building Scientific Superintelligence™ to solve humankind's greatest challenges. We believe science is the most inspiring frontier for AI. Rather than hard\\-coding expert knowledge into tools, LILA builds systems that can learn for themselves.



LILA combines advanced AI models with proprietary AI Science Factory™ instruments into an operating system for science that executes the entire scientific method autonomously, accelerating discovery at unprecedented speed, scale, and impact across medicine, materials, and energy. Learn more at www.lila.ai.



Guided by our core values of truth, trust, curiosity, grit, and velocity, we move with startup speed while tackling problems of historic importance. If this sounds like an environment you'd love to work in, even if you don't meet every qualification listed above, we encourage you to apply.


**We’re All In**



Lila Sciences is committed to equal employment opportunity regardless of race, color, ancestry, religion, sex, national origin, sexual orientation, age, citizenship, marital status, disability, gender identity or Veteran status.



Information you provide during your application process will be handled in accordance with our Candidate Privacy Policy.


**A Note to Agencies**


*Lila Sciences does not accept unsolicited resumes from any source other than candidates. The submission of unsolicited resumes by recruitment or staffing agencies to Lila Sciences or its employees is strictly prohibited unless contacted directly by Lila Science’s internal Talent Acquisition team. Any resume submitted by an agency in the absence of a signed agreement will automatically become the property of Lila Sciences, and Lila Sciences will not owe any referral or other fees with respect thereto.*","","https://www.indeed.com/cmp/Lila-Sciences","","","","","","","","","","","",""
"in-c5acf07a00ef614c","indeed","https://www.indeed.com/viewjob?jk=c5acf07a00ef614c","https://job-boards.greenhouse.io/lilasciences/jobs/4248042009","Senior Software Engineer, App","Lila Sciences","Cambridge, MA, US","2026-05-27","","direct_data","yearly",144000.0,240000.0,"USD",False,"","","","","**Your Impact at LILA**
  

  

Scientists shouldn't have to context\\-switch between a dozen tools to go from hypothesis to result. We're building the platform that makes this a reality — and we need engineers who want to solve problems no one has solved before.



We're hiring Sr Principal / Principal Software Engineers to design the agents, interfaces, and platform integrations that let researchers seamlessly collaborate with AI.


**About The Team**



The Application Team sits at the center of LILA — the integration point where Machine Learning, Life Sciences, Physical Sciences, and Software become one AI\\-native experience that carries a scientist from hypothesis to experiment to breakthrough results.


* AI isn't a feature here — it's the architecture. Agent frameworks, tools, and LLM orchestration are core primitives, not bolt\\-ons.
* The problems are genuinely hard. Connecting AI to automated lab workflows, ML pipelines, and multi\\-domain knowledge graphs means inventing patterns, not copying them.
* You'll learn domains you never expected. Working shoulder\\-to\\-shoulder with lab scientists and ML engineers means your technical surface area grows fast.
* You'll ship things that matter. The tools you build accelerate research timelines from months to days.


If you want to build at the intersection of AI and science, move fast without breaking trust, and grow into the kind of engineer who can architect systems that don't exist yet — we want to talk.



**What You'll Be Building**


* **Design \\& Build UI and APIs:** Design and build high\\-performance, secure, and well\\-documented UI and APIs that integrate with AI\\-driven applications.
* **Database Architecture \\& Scaling:** Develop schemas and manage diverse data systems (SQL, NoSQL, Vector DBs, and others) for optimal performance and scalability.
* **Application Development:** Drive the implementation of front\\-end and backend services, focusing on performance, maintainability, and reliability.
* **Performance \\& Reliability:** Diagnose and optimize system bottlenecks, ensuring high availability and low\\-latency performance across large\\-scale workloads.
* **Cloud \\& Infrastructure:** Leverage AWS services, Kubernetes and modern DevOps practices to build and deploy production\\-grade systems at scale.
* **Cross\\-Functional Collaboration:** Work with ML researchers, engineers, and scientists to integrate data pipelines, APIs, and cloud infrastructure into scientific workflows.


**What You'll Need To Succeed**


* **Bachelor’s or Master’s degree** in Computer Science, Engineering, or related field.
* **5\\-8\\+ years of engineering experience** building and deploying large\\-scale systems in production. You must be strong in backend.
* **Full Stack Development**: Experience developing web apps across the full stack (React, TypeScript, Monorepos like Nx, TailWind, FastAPI, SQL/NoSQL, Python, Pydantic)
* Hands on experience using AI coding assistants to drive productivity is required.
* **Communication \\& Collaboration**: Acute listening skills, and a proven track record of working cross\\-functionally with scientists, data engineers, and product teams; able to explain complex ideas to diverse audiences.
* **Problem Solving**: Proven ability to take ownership of complex backend challenges, balancing trade\\-offs between scalability, performance, and maintainability.


**Bonus Points For**


* **Applied AI Engineering:** Experience building with AI agents, graph\\-based workflows, tool\\-use protocols (MCP), RAG pipelines, or LLM orchestration frameworks.
* **Cloud \\& DevOps Knowledge:** Hands\\-on experience with AWS; strong understanding of Kubernetes and containerization, infrastructure\\-as\\-code (Terraform, CloudFormation), and CI/CD pipelines (GitHub Actions).
* **Experience with ORMs:** Experience with and web services for CRUD services (SQLModel, FastAPI, Django).
* **Orchestration Systems:** Experience with orchestrators tools (Airflow, Prefect, Temporal, Dagster).
* **Familiarity with Python for Science**: Familiarity with data science and ML libraries (pandas, numpy, scipy, jax, pytorch).
* **Domain Background:** Exposure to laboratory software or analytics for life sciences, material sciences, or related fields.
* Experience with laboratory devices, robotics, or hardware drivers.


**Compensation**



We offer competitive base compensation with bonus potential and generous early\\-stage equity. Your final offer will reflect your background, expertise, and expected impact.


**U.S. Benefits.** Full\\-time U.S. employees receive a comprehensive benefits program including medical, dental, and vision coverage; employer\\-paid life and disability insurance; flexible time off with generous company wide holidays; paid parental leave; an educational assistance program; commuter benefits, including bike share memberships for office based employees; and a company subsidized lunch program.


**International Benefits.** Full\\-time employees outside the U.S. receive a comprehensive benefits program tailored to their region. USD salary ranges apply only to U.S.\\-based positions; international salaries are set to local market.


Expected Base Salary Range


$144,000 \\- $240,000 USD

**About LILA**



Lila Sciences is building Scientific Superintelligence™ to solve humankind's greatest challenges. We believe science is the most inspiring frontier for AI. Rather than hard\\-coding expert knowledge into tools, LILA builds systems that can learn for themselves.



LILA combines advanced AI models with proprietary AI Science Factory™ instruments into an operating system for science that executes the entire scientific method autonomously, accelerating discovery at unprecedented speed, scale, and impact across medicine, materials, and energy. Learn more at www.lila.ai.



Guided by our core values of truth, trust, curiosity, grit, and velocity, we move with startup speed while tackling problems of historic importance. If this sounds like an environment you'd love to work in, even if you don't meet every qualification listed above, we encourage you to apply.


**We’re All In**



Lila Sciences is committed to equal employment opportunity regardless of race, color, ancestry, religion, sex, national origin, sexual orientation, age, citizenship, marital status, disability, gender identity or Veteran status.



Information you provide during your application process will be handled in accordance with our Candidate Privacy Policy.


**A Note to Agencies**


*Lila Sciences does not accept unsolicited resumes from any source other than candidates. The submission of unsolicited resumes by recruitment or staffing agencies to Lila Sciences or its employees is strictly prohibited unless contacted directly by Lila Science’s internal Talent Acquisition team. Any resume submitted by an agency in the absence of a signed agreement will automatically become the property of Lila Sciences, and Lila Sciences will not owe any referral or other fees with respect thereto.*","","https://www.indeed.com/cmp/Lila-Sciences","","","","","","","","","","","",""
"in-6553fe8d88b5cc2c","indeed","https://www.indeed.com/viewjob?jk=6553fe8d88b5cc2c","https://holtzbrinck.com/de/job/senior-ai-engineer","Senior AI Engineer","Holtzbrinck Publishing Group","New York, NY, US","2026-05-27","","direct_data","yearly",150000.0,160000.0,"USD",True,"","","","","**Macmillan Publishers**
------------------------


Macmillan Publishers is a global trade book publishing company with prominent imprints around the world, publishing a broad range of award\\-winning books for children and adults in all categories and formats. Macmillan Publishers is committed to our authors, our employees, and to the environment.


New York


IT/Technologie


Berufserfahrene


  
Macmillan is one of the Big 5 Publishers with mission\\-critical systems running royalties, distribution, and the supply chain that books move through from manuscript to consumer. Those systems cannot be turned off. They also cannot stay as they are. The organization has committed to a multi\\-year modernization of its core technology platforms, the build of a Publishing Operating System that enables imprints to operate more efficiently, and the productionization of AI capabilities across the publishing lifecycle. This is a rare opportunity to help redefine the technology foundation of a global publishing company in the AI era.


This is a role for someone who has built and shipped AI\\-powered products at scale and now wants to shape the technical future of an industry that is being fundamentally transformed by AI.


**THE ROLE**
------------


As a Senior AI Engineer (Full\\-Stack / Applications), you will design, build, and operate production\\-grade, cloud\\-native applications with AI at their core. This role sits at the intersection of strong software engineering and deep AI expertise, with a focus on turning state\\-of\\-the\\-art AI capabilities into robust, scalable, and high\\-quality user\\-facing products.


This role prioritizes deep AI knowledge alongside strong software engineering skills to ensure an effective utilization of AI capabilities in production systems.


You will work across the full lifecycle of AI\\-powered systems: from evaluating and optimizing models, to integrating them into end\\-to\\-end applications, to deploying, monitoring, and iterating on them in production. Candidates may bring deeper expertise in either application development or applied AI, and we value engineers who are excited to collaborate and grow across disciplines. We do not expect candidates to match every technology or qualification listed below. Strong candidates will bring deep expertise in some areas alongside curiosity, adaptability, and strong collaboration skills.


In this role you will be flexibly assigned to short\\-term PoC projects, mid\\-term rapid MVP projects and long\\-term product development, based on your skills, interests, and company priorities.


Our current and future tech\\-stack: Google Cloud, AWS, Firebase, Python, Typescript, Django, Terraform, Github, Cloud Firestore, EventArc, PubSub, GCIP, Cloud Storage, Cloud Functions v2, React, BigQuery, Github Actions, commercial AI services, Open Source AI Models, Langfuse, Snowflake, PostgreSQL.


**WHAT YOU WILL BE DOING**
--------------------------


* Own AI\\-powered features end\\-to\\-end, from scoping, design and requirements engineering to feature evaluation, deployment and operation.
* Design, build and maintain cloud\\-native, event\\-driven AI applications across the full stack.
* Evaluate, integrate, and optimize AI models for production use, balancing quality, latency, reliability and cost.
* Collaborate effectively with cross\\-functional team members, including non\\-technical stakeholders, to refine requirements and align technical solutions with business objectives.
* Build and maintain robust AI inference, evaluation, and monitoring pipelines.
* Develop and implement robust, automated AI application evaluation frameworks.
* Analyze AI application performance data and experiments, using insights for data\\-driven improvements.
* Operate and improve production systems, taking ownership of reliability, quality, and technical debt.
* Stay current with AI advancements and share knowledge to upskill the team.
* Plan, track, and break down work effectively in an agile team.
* Provide technical leadership, drive design reviews, write ADRs and contribute to hiring and onboarding.
* Participate in on\\-call rotations, incident response and post\\-mortems for AI\\-powered systems and help define SLOs and error budgets.

**WHAT WE ARE LOOKING FOR**
---------------------------


* Pragmatic, result\\-oriented analytical problem solving skills that can overcome ambiguity.
* Friendly, concise, audience\\-oriented communication in written and spoken form (English) with effective asynchronous communication.
* Self\\-organized, purpose\\-driven individual that likes to collaborate with and enable their team.
* A T\\-shaped engineer with strong general software engineering and AI skills, paired with deep expertise in at least one area:
* + Frontend: Advanced experience with React and TS, building high\\-quality, user\\-facing apps.
	+ Backend: Deep experience designing and operating scalable, event\\-driven Python systems in cloud\\-native environments.
	+ AI: In\\-depth knowledge of frontier AI models, evaluation, integration into AI\\-powered product features, and production best practices.
* Strong theoretical understanding and practical experience with current AI model internals.
* Proven experience with AI model deployment \\& utilization strategies, evaluation methodologies, and monitoring frameworks in production environments.
* Proven experience owning features end\\-to\\-end, from technical design to production.
* Strong understanding of how to integrate AI into production systems, including the challenges of non\\-deterministic behavior.
* Solid understanding and practical application of MLOps and LLMOps best practices for AI applications.
* Familiarity and hands\\-on experience with major AI service providers and their offerings.
* Working knowledge of fine\\-tuning methods and their appropriate application.
* Strong software engineering skills with the ability to bridge AI research/concepts and robust, production\\-ready engineering implementations.
* Experience breaking down complex AI objectives into requirements \\& actionable tasks.
* Experience leveraging and refining agile practices and processes within an AI/ML team context, including effective requirements, design, and code reviews.
* Proven experience in quickly assessing and adopting new technologies \\& frameworks.
* Able to implement Clean Architecture \\& Onion Architecture principles.
* Experience building and operating cloud\\-native systems, ideally on Google Cloud / Firebase with solid DevOps and MLOps fundamentals, including CI/CD, observability, and Infrastructure as Code.
* Working knowledge of AI safety and security.
* Solid testing discipline across the stack.
* Mentorship and technical\\-leadership experience: growing other engineers, leading design reviews, and influencing technical direction across teams.
* Working knowledge of AI safety and security: OWASP Top 10 for LLMs, prompt injection, data exfiltration risks, content moderation, and PII / GDPR handling.
* Solid testing discipline across the stack \\- unit, integration, and contract tests for both deterministic code and AI components.
* Experience operating production systems on\\-call

**WHAT WE’D LOVE TO SEE**
-------------------------


* Experience in the publishing or media industry
* Experience with our entire TechStack
* Experience with MLOps on Vertex AI \\& Weights and Biases
* Experience in applied research
* Experience applying \\& implementing SRE methodologies
* Advanced understanding of ML, LLMs and trends in the AI market
* Specialized, deep expertise in a relevant area.

The salary range for this position is $150,000 \\- $160,000\\.


*This position is classified as remote but is tied to our New York, NY office located at 120 Broadway. Employment is subject to New York State tax withholding under applicable regulations.*


Macmillan Publishers is the U.S. trade company that is part of the Holtzbrinck Publishing Group, a large family\\-owned group of media companies headquartered in Stuttgart, Germany. Holtzbrinck Publishing Group's publishing companies include prominent imprints around the world that publish a broad range of award\\-winning books for children and adults in all categories and formats.


U.S. publishers include Celadon Books, Farrar, Straus and Giroux, Flatiron Books, Henry Holt \\& Company, Macmillan Audio, Macmillan Children’s Publishing Group, The St. Martin's Publishing Group, and Tor Publishing Group. In the UK, Australia, India, and South Africa, companies in the Holtzbrinck Publishing Group publish under the Pan Macmillan name. The German publishing company, Holtzbrinck Deutsche Buchverlage, includes among its imprints S. Fischer, Kiepenheuer \\& Witsch, Rowohlt, and Droemer Knaur.


Macmillan is proud to be an equal opportunity employer consistently striving to foster a culture where everyone belongs. We welcome applicants of all backgrounds and identities. Qualified applicants are evaluated without regard to race, color, religion, age, ethnicity, national origin, sex, sexual orientation, gender identity or expression, disability status, physical ability, neurodiversity, genetic information, protected veteran status, family and economic status and background or any other characteristic protected by federal, state, or local law. We prohibit discrimination of any kind and will provide reasonable accommodations to qualified individuals with disabilities in accordance with applicable law.","","https://www.indeed.com/cmp/Holtzbrinck-Publishing-Group","https://d2q79iu7y748jz.cloudfront.net/s/_squarelogo/256x256/216d90f1e58d42d0ec690a46a12b0f1e","https://www.holtzbrinck.com/de/","Gänsheidestraße 26
70184 Stuttgart
Deutschland","10,000+","$1B to $5B (USD)","","","","","","",""
"in-18cd795a43a24496","indeed","https://www.indeed.com/viewjob?jk=18cd795a43a24496","http://www.indeed.com/job/full-stack-developer-18cd795a43a24496","Full Stack Developer","R. Watson & Associates, Inc.","Medford, OR, US","2026-05-27","fulltime","","","","","",False,"","","","","**Job description:**

Join R. Watson \\& Associates, Inc. – Build Cutting\\-Edge C\\# \\+ AI\\-Powered Solutions!

At R. Watson \\& Associates, Inc., we’re a fast\\-growing innovator delivering high\\-impact software solutions powered by C\\# and advanced AI. We’re seeking a skilled Full Stack Developer with strong C\\# expertise and genuine enthusiasm for AI integration to join our dynamic team and help shape the future of intelligent, scalable, and secure applications.

**What You’ll Do:**

* Develop robust back\\-end services and APIs using C\\# and .NET, ensuring seamless data integration while embedding AI\\-driven features (chatbots, intelligent search, predictive logic, automation, etc.).
* Build modern, responsive front\\-end interfaces with Next.js, React, and Tailwind CSS, including rich AI\\-interactive components and real\\-time AI\\-enhanced user experiences.
* Deploy and manage cloud infrastructure on AWS (EC2, ECS, RDS, IAM, etc.) with a strong focus on security, scalability, and seamless integration of AWS AI services (Amazon Bedrock, SageMaker, Comprehend, etc.).
* Collaborate with a creative, forward\\-thinking team to design, develop, and launch innovative features that leverage AI to solve real business problems.
* Optimize performance, enhance security, and maintain clean, efficient code through thoughtful refactoring — while actively using AI coding assistants (GitHub Copilot, Claude, Grok, etc.) to accelerate development and elevate code quality.
* Stay curious and proactively explore emerging technologies — especially the latest advancements in AI, LLMs, and intelligent systems — to keep our entire stack cutting\\-edge.

**What You Bring:**

* 3\\+ years of professional experience with C\\# and .NET (Core or Framework), including building production APIs, back\\-end services, and integrating AI capabilities.
* Hands\\-on expertise in Next.js, React, and Tailwind CSS for crafting responsive front\\-end interfaces, with demonstrated experience building AI\\-enhanced UIs.
* Practical experience with AWS services (EC2, ECS, RDS, IAM) and familiarity with AWS AI/ML offerings — bonus points for deeper cloud architecture and AI deployment knowledge.
* Proficiency with relational databases (MySQL, PostgreSQL), version control (Git), and integrating AI APIs (OpenAI, Anthropic, Azure AI, etc.).
* Strong problem\\-solving skills, meticulous attention to detail, and a genuine passion for learning — especially in the rapidly evolving AI space.
* Excellent communication skills and a collaborative, team\\-oriented mindset.

**Nice\\-to\\-Haves:**

* Experience with CI/CD pipelines, Docker, or Kubernetes.
* Familiarity with front\\-end testing frameworks (Jest, Cypress, Playwright).
* Exposure to Agile/Scrum methodologies.
* Hands\\-on experience with AI frameworks, vector databases (pgvector, Pinecone, etc.), RAG architectures, or prompt engineering.
* Proven ability to leverage AI coding tools daily to dramatically increase productivity and code quality.

**Why You’ll Love It Here:**

* Competitive salary and comprehensive benefits.
* A vibrant, inclusive team where your ideas — and your AI experiments — genuinely make an impact.
* The opportunity to work on exciting, real\\-world projects that combine solid C\\# engineering with cutting\\-edge AI.
* A culture that encourages continuous learning, experimentation, and career growth.

**Ready to Apply?**

If you’re a C\\# pro who’s excited about building intelligent, AI\\-powered full\\-stack solutions, we want to hear from you! Submit your resume and include a brief summary highlighting your C\\# experience, any AI integrations or projects you’ve worked on, and what excites you most about combining traditional software engineering with AI.

Apply now and let’s create something extraordinary together!

Benefits:

* 401(k)
* 401(k) matching
* Dental insurance
* Health insurance
* Paid time off

Ability to Relocate:

* Medford, OR 97501: Relocate before starting work (Required)

Work Location: In person","","https://www.indeed.com/cmp/R.-Watson-&-Associates,-Inc.","","","","","","","","","","","",""
"in-f997055d9c080f99","indeed","https://www.indeed.com/viewjob?jk=f997055d9c080f99","http://www.indeed.com/job/senior-full-stack-software-engineer-f997055d9c080f99","Senior Full Stack Software Engineer","NEW ERA TECHNOLOGIES","Wright-Patterson AFB, OH, US","2026-05-27","fulltime","direct_data","yearly",130000.0,200000.0,"USD",False,"","","","","The Senior Full Stack Software Engineer will support the National Air and Space Intelligence Center (NASIC) by performing software activities focused on assisting the Air Force move forward with digital transformation. Successful candidates will have strong problem solving and critical thinking skills.

**Job Responsibilities:**

* Design and implement new capabilities and custom software solutions to solve unique government customer problems
* Follow best practices to write well\\-tested, high performing code
* Identify and resolve issues found in existing code
* Integrate capabilities with external services and tools
* Participate in code reviews and mentor team members
* Communicate status and technical details with customers

**Required Qualifications**

* Bachelor’s degree in computer science or relevant STEM field
* **U.S Citizenship with the ability to obtain a TS/SCI Security Clearance**

**Required Experience** 

* 12 \\+ years experience writing, maintaining, debugging, and testing code
* Experience with RESTful web services
* Experience with server\\-side languages, preference toward Golang, NodeJS, and/or Python
* Experience with frontend JavaScript frameworks, preference toward Angular and Vue
* Experience with version control software (e.g., Git)
* Experience with bug/issue tracking software such as JIRA

**Required Skills**

* Ability to communicate technical details of work
* Ability to work in a dynamic environment and take ownership for segments of a project
* Strong oral and written communication and organizational skills
* Open, team\\-oriented, with a strong desire to learn

**Desired Experience**

* Experience with containerized deployment such as Docker
* Experience utilizing document store databases, such as Elasticsearch, OpenSearch and MongoDB
* Experience with Kubernetes and Helm
* Experience with CI/CD pipelines utilizing Argo CD and Jenkins

Pay: $130,000\\.00 \\- $200,000\\.00 per year

Benefits:

* 401(k)
* 401(k) 4% Match
* AD\\&D insurance
* Bereavement leave
* Dental insurance
* Health insurance
* Life insurance
* Paid holidays
* Paid time off
* Relocation assistance
* Tuition reimbursement
* Vision insurance

Security clearance:

* Top Secret (Required)

Work Location: In person","","https://www.indeed.com/cmp/New-Era-Technologies","","","","","","","","","","","",""
"in-5ed5190ad3251bb2","indeed","https://www.indeed.com/viewjob?jk=5ed5190ad3251bb2","https://jobs.smartrecruiters.com/AristaNetworks/744000128633118-full-stack-application-developer","Full Stack Application Developer","Arista Networks","Cary, NC, US","2026-05-27","fulltime","","","","","",False,"","","","","**Company Description**  

Arista Networks is an industry leader in data\\-driven, client\\-to\\-cloud networking for large data center, campus and routing environments. What sets us apart is our relentless pursuit of innovation. We leverage the latest advancements in cloud computing, artificial intelligence, and software\\-defined networking to provide our clients with a competitive edge in an increasingly interconnected world. Our solutions are designed to not only meet the current demands of the digital landscape but to also anticipate and adapt to future challenges.


At Arista we value the diversity of thought and perspectives that each employee brings to the table. We believe that fostering an inclusive environment, where individuals from various backgrounds and experiences feel welcome, is essential for driving creativity and innovation.


Our commitment to excellence has earned us several prestigious awards, such as Best Engineering Team, Best Company for Diversity, Compensation, and Work\\-Life Balance. At Arista, we take pride in our track record of success and strive to maintain the highest standards of quality and performance in everything we do.

 **Job Description**  

We are seeking an experienced Full Stack Application Developer to join our team. In this role, you will be a key contributor to a major architectural overhaul of our internal business intelligence environment. You will take ownership of backend services and frontend interfaces that directly influence the productivity and data visibility of our global support organization, helping us move toward a modern, high\\-performance tech stack.

**Who You’ll Work With**


You will join the Business Intelligence (BI) and Tools team—a collaborative group of engineers and analysts dedicated to building the engine that powers Arista’s world\\-class support. We act as an internal innovation hub, creating the real\\-time tools and data visualizations that allow our support organization to scale at a pace that matches Arista’s rapid growth. You will have a seat at the table in architectural discussions and the opportunity to own features from concept to production.

**What You’ll Do**

* **Core Backend Engineering:** Design and maintain robust APIs utilizing Python\\-based backend web\\-development frameworks, ensuring high performance, logical problem\\-solving, and reliable data delivery.
* **Full\\-Stack Delivery:** Take ownership of developing user\\-facing features within React and Next.js frameworks, ensuring a secure and high\\-performance user experience through strong JavaScript fundamentals.
* **Security \\& Compliance:** Collaborating with the security team to assist with security audits, and ensure application adherence to security policies.
* **Test Driven Development \\& Quality Assurance:** Implement Test Driven Development (TDD) practices and participate in rigorous code reviews to catch defects early and ensure high software quality.
* **System Migration \\& Data Architecture:** Play a key role in transitioning platform data sources to a new centralized database architecture, rewriting backend logic to optimize data flow.
* **DevOps \\& Infrastructure:** Manage database architecture, code deployment, and cloud infrastructure. Utilize Docker and GitLab CI/CD to manage your code through the entire development lifecycle within a Google Cloud (GCP) environment.
* **Tooling Optimization:** Refine and improve internal TAC workflow tools to meet the requirements of a scaling organization.
* **Stakeholder Collaboration:** Proactively communicate with stakeholders to ensure mutual understanding of needs and scope of work.

  

**Qualifications**  

* **Experience:** 3\\-7 years of professional experience in full\\-stack web application development
* **Education:** Bachelor’s or Master’s degree in Computer Science, Engineering, or a related field.
* **Backend Expertise:** Strong proficiency in Python\\-based backend web development, core software development problem\\-solving, and generalized API development.
* **UI/UX Development:** Deep understanding of JavaScript core principles and practical experience implementing interfaces with React, favoring familiarity with Next.js architectures.
* **Data Expertise:** Strong proficiency in relational database technologies, including schema design, performance tuning, and optimizing complex queries for large\\-scale data pipelines.
* **DevOps \\& Infrastructure:** Practical experience with deployment, containerization, and cloud infrastructure (GCP preferred).
* **AI/LLM Experience:** Experience with agentic AI development and/or Large Language Models (LLMs) is preferred.
* **Product Mindset:** The ability to translate user needs into clean, functional, and efficient code with high standards for documentation.


\\#LI\\-SP1

 **Additional Information**  

Arista Networks is an equal opportunity employer. Arista makes all hiring and employment\\-related decisions in a non\\-discriminatory manner without regard to race, color, religion, sex, sexual orientation, gender identity, national origin or any other factor determined to be unlawful under applicable federal, state, or law law. All your information will be kept confidential according to EEO guidelines.","Internet And Software","https://www.indeed.com/cmp/Arista-Networks","https://d2q79iu7y748jz.cloudfront.net/s/_squarelogo/256x256/897ef9d870ceb0ebee65ccebd0c48c3e","http://www.arista.com","Santa Clara, California","1,001 to 5,000","$500M to $1B (USD)","","","","","","",""
"in-ab20e68bf71b9655","indeed","https://www.indeed.com/viewjob?jk=ab20e68bf71b9655","http://www.indeed.com/job/sr-forward-deployment-engineer-senior-genai-engineer-llm-rag-ai-agents-ab20e68bf71b9655","Sr Forward Deployment Engineer / Senior GenAI Engineer (LLM, RAG, AI Agents)","Interas Labs LLC","Remote, US","2026-05-27","contract","direct_data","hourly",55.0,65.0,"USD",True,"","","","","**Role: Sr Forward Deployment Engineer / Senior GenAI Engineer (LLM, RAG, AI Agents)**

**Location: Remote**

**Duration: Long Term**

**Must have 15\\+ years of experience**

**Visa: USC only**

**Overview:**

We are hiring a highly skilled **Senior forward deployment engineer** with strong experience in **AI/ML, generative AI, cloud infrastructure, and full\\-stack development** to deploy and scale enterprise AI solutions.

**Experience:**

* **15\\+ years in AI Engineering, DevOps, Cloud Engineering, or Software Development**
* **Prior experience in customer\\-facing or deployment\\-focused roles preferred**

**Keywords:** Forward Deployment Engineer, AI Engineer, GenAI, LLM, LangChain, OpenAI, Kubernetes, AWS, Terraform, Python, RAG, AI Agents, MLOps, Full\\-Stack Builder.**Required Skills:**

* Strong experience with **LLMs, GenAI, RAG, AI Agents, Prompt Engineering**
* Hands\\-on experience with **OpenAI, Claude, LangChain, LlamaIndex, Hugging Face**
* Strong coding skills in **Python** (mandatory), JavaScript/TypeScript preferred
* Experience with **AWS/Azure/GCP, Kubernetes, Docker, Terraform, CI/CD**
* Experience building and deploying **APIs, microservices, and AI\\-powered applications**
* Knowledge of **Vector Databases** (Pinecone, FAISS, ChromaDB, Weaviate)
* Strong understanding of **DevOps, MLOps, observability, and scalable architectures**
* Experience with **Dynatrace, Splunk, Grafana, ELK** is a plus
* Excellent troubleshooting, communication, and customer\\-facing skills

Pay: $55\\.00 \\- $65\\.00 per hour

Experience:

* Generative AI: 10 years (Required)
* DevOps: 10 years (Required)
* AI/ML: 10 years (Required)
* Cloud infrastructure: 10 years (Required)
* Full\\-stack development: 10 years (Required)
* Monitoring : 10 years (Required)
* Customer\\-facing: 10 years (Required)
* Deployment: 10 years (Required)

Work Location: Remote","","https://www.indeed.com/cmp/Interas-Labs-LLC","","","","","","","","","","","",""
"in-c504b34cabd6342d","indeed","https://www.indeed.com/viewjob?jk=c504b34cabd6342d","http://www.indeed.com/job/full-stack-software-engineer-c504b34cabd6342d","Full Stack Software Engineer","Prime Cargo People Logistics","New York, NY, US","2026-05-27","fulltime","direct_data","yearly",115000.0,150000.0,"USD",False,"","","","info@primecargopeople.com","**Job Title:** Full Stack Software Engineer

**Company:** Prime Cargopeople

**Website:** primecargopeople.com

**Location:** New York, NY (Hybrid)

**Job Type:** Full\\-Time

**Start Date:** Immediate

**ABOUT PRIME CARGOPEOPLE**

Prime Cargopeople (primecargopeople.com) is an AI\\-Driven India Export Platform building a sophisticated B2B and B2C marketplace that connects Indian exporters with global buyers. Our stack includes a Kubernetes\\-based microservices architecture (migrating to AWS), Kafka event pipelines, and custom\\-built AI capabilities — covering personalized recommendations, dynamic pricing, demand forecasting, visual search, voice commerce, and fraud detection. We are assembling our founding engineering team and looking for exceptional Full Stack Software Engineers to join immediately.

**THE ROLE**

We are building our founding engineering team at Prime Cargopeople and looking for exceptional Full Stack Software Engineers who want to build AI\\-powered marketplace technology from the ground up. You will own features end\\-to\\-end — from Node.js microservices APIs to React/Next.js marketplace UIs — integrating AI and LLM services, working with real\\-time event\\-driven systems, and helping migrate our infrastructure to AWS. High ownership, direct impact, fast\\-moving team.

**RESPONSIBILITIES**

* Build and maintain the Prime Marketplace: product catalog, search, filters, supplier storefronts, cart and checkout (B2B \\& B2C)
* Develop AI\\-powered features: visual search, voice commerce, hyper\\-personalized recommendations, dynamic pricing, demand forecasting
* Design and maintain microservices: auth, user, order, chat management, LLM service, recommendation consumers
* Build and maintain real\\-time systems using WebSocket, Kafka, and Redis
* Develop advanced supplier analytics dashboards (transactional, seasonal, regional data)
* Build fraud detection, automated returns, and smart loyalty program modules
* Support AWS migration from existing GCP infrastructure

**REQUIRED QUALIFICATIONS**

*Frontend:*

* 3\\+ years of React.js or Next.js — component architecture, hooks, state management
* Strong HTML5, CSS3, responsive design with marketplace or e\\-commerce UI experience
* WebSocket and real\\-time UI integration

*Backend:*

* 3\\+ years of Node.js (Express or NestJS) building REST and WebSocket APIs
* PostgreSQL and MongoDB — schema design, query optimization
* Redis for caching and session management
* Kafka or equivalent message broker experience

*Infrastructure \\& AI:*

* Docker and Kubernetes for containerized microservices
* AWS (EC2, ECS, RDS, S3, Lambda); GCP\\-to\\-AWS migration experience a plus
* LLM/AI API integration (OpenAI, Claude, or similar) in production
* CI/CD pipelines (GitHub Actions, Jenkins, or equivalent)

**PREFERRED QUALIFICATIONS**

* Experience building B2B or B2C e\\-commerce or marketplace platforms
* ML model integration: recommendation engines, pricing models, fraud detection
* Voice AI or image recognition API integration
* Background in export/logistics, supply chain, or India–US cross\\-border trade

**COMPENSATION \\& BENEFITS**

* Competitive salary commensurate with experience
* Equity participation
* Hybrid work schedule — New York, NY base
* Health insurance, paid time off, professional development budget
* Direct access to founders; high\\-ownership, fast\\-shipping environment

**HOW TO APPLY**

Send your resume and a brief note on a project you're proud of to:

**info@primecargopeople.com** Subject line: Full Stack Engineer – \\[Your Name]

*Prime Cargopeople is an equal opportunity employer. We celebrate diversity and are committed to creating an inclusive environment for all employees.*

Pay: $115,000\\.00 \\- $150,000\\.00 per year

Work Location: In person","","https://www.indeed.com/cmp/Prime-Cargo-People-Logistics","","","","","","","","","","","",""
"in-3548afc20f3f47db","indeed","https://www.indeed.com/viewjob?jk=3548afc20f3f47db","http://www.indeed.com/job/backend-developersoftware-engineer-3548afc20f3f47db","Backend Developer/Software Engineer","D M Ohashi Landscape Services","WA, US","2026-05-27","parttime, fulltime","direct_data","hourly",30.0,60.0,"USD",True,"","","","","Ohashi Landscape Services , a boutique landscape company for over 40 years is looking for a Software Engineer to help us merge low tech with high tech.

This position is responsible for building and maintaining server\\-side application logic. Deal with behind the scenes logic and infrastructure that powers the application. Constructing server\\-side logic, managing databases and ensuring that the application remains secure, scalable and efficient. May also design and develop the user interface part of website or application that users interact with and collaborating with front end developers to ensure seamless integration of user\\-facing elements and optimize performance. Responsible for translating the team’s vision into code, applications and databases that allows a website and app to communicate with the server and work on a user device.

**Responsibilities/Duties**

\\- Write clean, well\\-structured, reuseable, testable, efficient, scalable and maintainable code that effectively handles complex business logic, robust data processing and seamless API interactions for back end and front\\-end components

\\- Implement features and functionalities according to detailed project specifications and precise user requirements, ensuring alignment with project expectations and ultimate user satisfaction

\\- Optimize applications performance for speed, performance and scalability ensuring a smooth user experience

\\- Work closely with project managers and other stakeholders to gather requirements, translate them into technical specifications and ensure the final product meets expectations

\\- Design and develop user interfaces that are not only intuitive and engaging but also fully responsive across a variety of devices, ensuring an optimal user experience.

\\- Collaborate closely with front end developers to seamlessly integrate front end components with server\\-side logic and API's ensuring A cohesive and functional user experience

\\- Participate actively in code reviews providing feedback and suggestions to improve code quality and maintainability troubleshoot and debug issues that arise in the development or production environment

\\- Monitor application performance, identify bottlenecks and optimize code to improve speed and efficiency proactively keep abreast of the latest technologies and frameworks integrating cutting edge solutions into the development process to significantly enhance the office applications functionality and performance

\\- Conduct thorough testing of the application including unit testing integration testing and end to end testing to identify and fix bugs and errors

\\- Write and maintain test strips to automate testing processes

These responsibilities are a summary of functions of the job and are not intended to be an exhaustive or comprehensive list of all responsibilities, tasks and duties.

**Experience/Education**

\\- Bachelor’s degree in IT, computer science, or related field

\\- 4\\+ Years experience in a full stack developer role with emphasis on server development and deployment. Demonstrated experience building \\& deploying full stack web applications.

\\- Back End /Front End Languages \\- Proficiency in JavaScript and Python/JavaScript/Typescript

\\- Databases \\- Experience with relational databases (e.g. MySQL, PostSQL) and familiarity with NoSQL databases

\\- Development frameworks\\- experience with both front end framework (such as Angular, React or Vue.js) and back\\-end frameworks (such as Django, Flask or Express.js)

\\- Strong preference for React/SQL/Node.js experience

\\- Experience with cloud\\-based services such Azure or AWS: deployment hosting, and microservice integration

\\- Experience or familiarity with AI services and agents

\\- Deep understanding of both front end and back\\-end processes

\\- Strong communication skills, ability to communicate effectively with technical and non\\-technical individuals; Strong trouble shooting \\& problem solving skills; ability to work independently and with a team; excellent organizational and time management skills

While position is mostly remote, must be able to attend in person meetings as needed. Must reside in Washington state.

Pay: $30\\.00 \\- $60\\.00 per hour

Benefits:

* 401(k)
* 401(k) matching
* Dental insurance
* Flexible schedule
* Health insurance
* Life insurance
* Paid time off
* Vision insurance

Application Question(s):

* This position requires you to attend in person meetings as needed; will you be able to do this?
* Do you reside in Washington state?
* What are your salary requirements?

Education:

* Bachelor's (Required)

Experience:

* Full\\-stack development: 5 years (Required)
* Back\\-end development: 4 years (Required)

Language:

* English (Required)

Location:

* Washington State (Required)

Work Location: Remote","","https://www.indeed.com/cmp/D-M-Ohashi-Landscape-Services-1","","","","","","","","","","","",""
"in-74b8d8ee5667c278","indeed","https://www.indeed.com/viewjob?jk=74b8d8ee5667c278","http://www.indeed.com/job/it-specialist-74b8d8ee5667c278","IT Specialist","A3N","Las Vegas, NV, US","2026-05-27","fulltime","","yearly","","","USD",True,"","","","","IT Specialist Job Overview

We are seeking a motivated and experienced **IT Specialist** to join our dynamic team. This role is ideal for a versatile IT professional with a strong technical foundation and a proactive approach to problem\\-solving. The position offers a diverse range of responsibilities, including full\\-stack web development, systems administration, technical support, and infrastructure management within a fast\\-paced, multi\\-location environment.

The ideal candidate will possess strong troubleshooting skills, a willingness to learn new technologies quickly, and the ability to work both independently and collaboratively.

Please Note:This is an on\\-site position and is not eligible for remote work.Relocation assistance and international sponsorship are not available.Key ResponsibilitiesWeb Development \\& Website Management

* Develop, maintain, and troubleshoot websites using **PHP** and **JavaScript** (full\\-stack experience strongly preferred).
* Support both front\\-end and back\\-end development initiatives with a focus on security best practices.
* Maintain and manage WordPress websites, including themes, plugins, and platform hierarchy.
* Apply UI/UX principles to improve website usability and user experience.
* Manage hosted website environments and deployments.
* Configure and maintain APIs, webhooks, and MySQL databases.
* Support website integrations and automation workflows, including Zapier.
* Maintain a basic understanding of social media platforms and related integrations.

Technical Administration \\& Systems Support

* Utilize Git and GitLab for version control and collaborative development.
* Support and maintain AWS infrastructure, including EC2, Elastic Beanstalk, and S3 services.
* Assist with CRM development and administration, specifically Zoho CRM.
* Administer enterprise email systems within Google Workspace (non\\-Microsoft Exchange environment).
* Configure and troubleshoot DNS settings and domain\\-related services.
* Work with SSH, FTP, and related protocols.
* Support and maintain VoIP/SIP phone systems.

Network, Hardware \\& End\\-User Support

* Provide help desk support for Windows 10/11, Microsoft Office, and Google Workspace users.
* Troubleshoot software, hardware, and network connectivity issues.
* Configure and support office networks, routers, and firewalls.
* Perform computer hardware setup, repair, replacement, and upgrades.
* Assist with Ethernet cable termination and basic IP networking tasks.

Additional Responsibilities

* Maintain awareness of HIPAA and PII data security considerations.
* Support social media management platforms and analytics tools.
* Provide IT support across multiple office locations in a fast\\-paced environment.
* Maintain accurate technical documentation, configurations, and support records.
* Communicate effectively with both technical and non\\-technical staff.
* Participate in occasional weekend and after\\-hours support as needed.

Qualifications

* Authorized to work in the United States.
* Minimum of **4 years of relevant professional IT experience** in several of the areas listed above.
* Previous help desk or technical support experience required.
* Strong troubleshooting skills across software, hardware, networking, and SaaS platforms.
* Excellent written and verbal communication skills in professional American English.
* Ability to work independently with minimal supervision.
* Strong organizational skills and attention to detail.
* Reliable transportation required.
* Demonstrated ability to quickly learn and adapt to new technologies and SaaS applications.

Additional Information

To be considered, your resume should demonstrate substantial experience relevant to the responsibilities and technologies outlined in this posting.

If you are looking to grow your career in a collaborative environment while working across a broad range of IT disciplines, we encourage you to apply.

Please contact us at 702\\-292\\-9772 to schedule an interview.

Pay: From $50,000\\.00 per year

Benefits:

* 401(k)
* Dental insurance
* Health insurance
* Vision insurance

Work Location: In person","","https://www.indeed.com/cmp/A3n","","","","","","","","","","","",""
"in-ef5291cfd8bee98f","indeed","https://www.indeed.com/viewjob?jk=ef5291cfd8bee98f","https://jobs.localjobnetwork.com/j/t-full-stack-developer-powershell-e-lafayette-group-inc-l-arlington,-va-jobs-j87272601.html","Full Stack Developer - PowerShell","Lafayette Group","Arlington, VA, US","2026-05-26","fulltime","direct_data","yearly",100000.0,125000.0,"USD",True,"","","","talent@lafayettegroup.com","**Job Summary**  

Lafayette Group is seeking an experienced professional to provide advanced consulting support for federal cybersecurity programs. The Mid/Senior Full Stack Developer – PowerShell candidate is an experienced, collaborative team member who shares our passion for supporting cybersecurity, has an innate curiosity to learn, and drives to excel with a team of like\\-minded colleagues in a dynamic environment. This role requires deep, hands\\-on PowerShell expertise. Candidates should have experience leveraging PowerShell in a professional capacity and as a core part of their day\\-to\\-day development work. This position is ideal for candidates with a proven ability to adapt and drive change \\- our solution is rapidly evolving, along with new requirements, technologies and the threat landscape. The ideal candidate will:* Have direct, hands\\-on PowerShell scripting and automation experience as a primary development function in current or previous roles.
* Possess a solid understanding of application architecture and interfaces as well as experience with data modeling, software development and the execution of lifecycle delivery and support services, including SecDevOps and the integration of Operations and Maintenance (O\\&M) services.
* Be experienced with writing well\\-structured code and applications using coding best practices to deliver enterprise applications
* Exceptional interpersonal and relationship\\-building skills and can relate to people at all levels of an organization using excellent communication skills.

  

**Job Responsibilities*** Develop and maintain PowerShell scripts and automation solutions as a core function of the role.
* Provide solution engineering, design, and development services
* Develop well\\-structured code and applications using coding best practices to deliver enterprise applications
* Develop recommendations that meet requirements and optimally deliver technical capabilities that match business needs (reliability, performance, maintainability, scalability, security, usability) on projects of similar size, scope, and complexity.
* Proactively seek opportunities to define and improve processes to align and optimize resources across technical areas and in response to a dynamic customer environment
* Provide thought leadership and influence through effective communication and consultative, analytical, organizational, and design skills
* Ability to take initiative and work independently while maintaining excellent communication with project leadership.

  

**Required Skills:*** Bachelor’s degree in computer science, information systems management, engineering, or other relevant discipline
* 3\\+ years of hands\\-on PowerShell scripting and automation experience as a primary function of a current or previous professional role. This is a core requirement and candidates without direct PowerShell experience will not be considered.
* 5\\+ years’ experience using Agile and SecDevOps practices and tools to iteratively and rapidly deliver secure enterprise scale solutions
* 5\\+ years experience designing and implementing solutions to include consideration of Federal Security requirements (i.e. compliance with Federal ATO requirements across all security domains)
* 3\\+ years’ experience leading technical analysis and solution development efforts, including evaluating new methodologies and technologies
* 3\\+ years’ experience working with Customer Experience / Human Centered Design experts to deliver customer\\-focused, effective solutions
* 3\\+ years’ experience iteratively building and deploying web\\-based applications and data platforms in AWS and Azure \\- HTML/CSS, Javascript, responsive web UI frameworks \\[Python Django, React.js, Angular,js, bootstrap]
* 3\\+ years’ experience with Microservice Frameworks: Java/Spring Boot, Golang, NodeJS, and AWS and Azure Native technology stacks: Containers, Serverless, SQL/NoSQL, Object Storage
* Experience with Git, SVN, or other version control systems.
* Experience with GraphAPI
* Experience with Policy API
* Experience with Open Policy Agent (OPA)/Rego Code
* Strong communication skills with both technical and non\\-technical stakeholders
* Excellent analytical and problem\\-solving skills
* Experience with Atlassian JIRA/Confluence and/or other Project Organization and Team Collaboration platforms
* Must be a US Citizen
* Must be able to obtain Public Trust Clearance


  

**Desired Skills*** Experience with Python scripting in addition to PowerShell
* Experience in establishing a Development Environment in the federal space
* Experience with mocking solutions for quick review
* Experience delivering technical excellence in the federal space, particularly experience with DHS Programs and the DHS SELC
* Contributor to open\\-source projects.
* Relevant professional level cloud or DevOps certifications

**Location:** Remote (Arlington, VA)  

  

**Salary Range**: $100,00\\-$125,000  

  

**Federal Contracts:** This position involves working on federal contracts that require all workers on the contract to be U.S. Citizens. Additionally, some contracts may require the ability to obtain a security clearance.  

  

*LGI is committed to the full inclusion of all qualified individuals. As part of this commitment, we will ensure that persons with disabilities are provided reasonable accommodations for the hiring process. If reasonable accommodation is needed, please contact* *talent@lafayettegroup.com**.*  

Lafayette Group provides equal employment opportunities to all persons and prohibits employment decisions based on race, religion, color, creed, national origin, sex, age, disability, political affiliation, protected veteran status, or sexual orientation.  

  

Equal Opportunity Employer, Including disabled and veterans  

XJ6","","https://www.indeed.com/cmp/Lafayette-Group","","https://www.lafayettegroup.com","Vienna","51 to 200","$5M to $25M (USD)","","","","","","",""
"in-eb996a48e76d2128","indeed","https://www.indeed.com/viewjob?jk=eb996a48e76d2128","https://akina.catsone.com/careers/99975-General/jobs/16816033-Software-Engineer-2--Full-Stack-JavaScript-React/?ref=Indeed","Software Engineer 2 - (Full Stack, JavaScript, React)","Akina, Inc.","Fort Meade, MD, US","2026-05-26","","direct_data","yearly",191000.0,234000.0,"USD",False,"","","","","**Software Engineer 2 \\- (Full Stack, JavaScript, React)**


**Clearance:** TS/SCI w/ poly  

**Position ID:** 20\\-2\\-005\\-SWE2  

**Location:** Fort Meade, Maryland


**Description:**


Join CNO's Custom Media Operations team, winners of the President's Intelligence Advisory Board Killian Award for outstanding mission support. CMO is leading the charge on media capabilities in the IC. You will support the team in full\\-stack web development efforts that connect CMO's capabilities with their customers. This role offers hands\\-on experience developing solutions within the state\\-of\\-the\\-art AI/ML landscape. On this small team, you will manage products through their entire lifecycle—from initial ideation to full production—and take full ownership of their success.


* Builds and maintains full stack applications in collaboration with business leaders and AI/ML engineers providing custom media operations.
* Partners with AI/ML engineers, senior stakeholders, and business users to thoroughly understand complex operational challenges and translate those needs into robust, technical solutions.
* Rapidly prototypes and pilots complex, cutting\\-edge capabilities to meet customers' ever\\-evolving needs.
* Optimizes system usability and workflow efficiency by collaborating with end\\-users to define and refine ideal user interaction path that reduce mission operation friction.
* Cultivates an understanding of latest technological developments in the AI/ML landscape and seeks opportunities to operationalize them.


**Position Required Skills:**


* Proven ability to take a project from initial concept/scoping through iterative development, rigorous testing, and final deployment.
* Highly self\\-directed, with experience decomposing work into features and actions, with minimal oversight.
* Experience conducting direct user research, iterating on new capabilities based on user feedback, and solving real\\-world operational pain points.
* Extensive experience building applications in JavaScript including node.js, TypeScript, and UI frameworks/libraries such as React and Material UI.
* Experience with Linux, especially Ubuntu and Amazon Linux.
* Experience with Docker.
* Working knowledge of NoSQL databases, specifically MongoDB.
* Experience managing CI/CD build pipelines within GitLab.


**Position Desired Skills:**


* Experience with Java/Spring Boot and Python/Flask.
* AWS Certified CloudOps Engineer, or general experience with managing software infrastructure in AWS.
* Certified Kubernetes Application Developer, or general experience with managing an application running on Kubernetes.
* Experience with multimedia and 3D modeling tools such Cinema4D, Blender, Unreal Engine, Gimp, Adobe Photoshop, Adobe Illustrator, etc.
* Basic literacy in AI and knowledge of ML process.
* Experience using code\\-assist tools such as OpenCode, Copilot, etc.


**SWE2 Qualifications:**


 8 years experience and B.S. in a technical discipline or 4 additional years in place of B.S.


**Salary Range:** *\\*\\*$191k\\-$234k (Annually)*


*\\*\\*The range displayed above is a likely salary range for this position. This is not, however, a guarantee of compensation or salary. Rather, salary will be set based on experience, geographic location and possible contractual requirements and could fall outside of this range.*


***Akina is a Woman Owned, Service Disabled, Veteran Owned, Small Business, looking for talented and ambitious individuals to join our team. We offer a generous compensation package that includes 24 days PTO accrued annually and 11 federal holidays. Our 401k is 100% vested on your start date and the company makes a direct contribution worth 10% of your salary. Akina covers 100% of healthcare costs for employees and 50% toward dependents. We offer educational assistance towards college classes and will cover costs associated with job related training and certifications.***


***Akina is committed to excellence and creating innovative and flexible solutions for our clients. We are a small company with an open ear to our employees' needs in order to attract and retain quality talent that enables our customer's mission.***


***We are an equal employment opportunity employer and all qualified applicants will receive consideration for employment without regard to race, color, religion, sex, national origin, disability status, protected veteran status, or any other characteristic protected by law.***


www.akina\\-inc.com/careers","","https://www.indeed.com/cmp/Akina,-Inc.","","https://www.akina-inc.com","Maryland","","","Akina, Inc. is a Native American, woman-owned SDVOSB providing project management, software, and systems engineering services to the Intelligence Community and the Department of Defense.","","","","","",""
"in-a889972f177cd7bf","indeed","https://www.indeed.com/viewjob?jk=a889972f177cd7bf","https://jobs.keysight.com/jobs/52538/job?utm_source=indeed_integration&iis=Job%20Board&iisn=Indeed&indeed-apply-token=73a2d2b2a8d6d5c0a62696875eaebd669103652d3f0c2cd5445d3e66b1592b0f","Software Development Engineer","Keysight Technologies","Santa Rosa, CA, US","2026-05-26","fulltime","","","","","",False,"","","","","Overview:

Keysight is at the forefront of technology innovation, delivering breakthroughs and trusted insights in electronic design, simulation, prototyping, test, manufacturing, and optimization. Our \\~15,000 employees create world\\-class solutions in communications, 5G, automotive, energy, quantum, aerospace, defense, and semiconductor markets for customers in over 100 countries. Learn more about what we do.  

Our award\\-winning culture embraces a bold vision of where technology can take us and a passion for tackling challenging problems with industry\\-first solutions. We believe that when people feel a sense of belonging, they can be more creative, innovative, and thrive at all points in their careers.
Responsibilities:

Our team, part of Keysight Laboratories’ High Frequency Technology Center (HFTC), builds and supports software solutions that help manufacture and test integrated circuits made in Keysight’s Santa Rosa wafer fabrication facility. HFTC’s ability to rapidly innovate and deliver the world’s best high frequency technology provides fundamental differentiation for electronic measurement products.  

This role will make software tools used daily by colleagues to solve manufacturing and automation challenges at many scales. Create and problem solve in a variety of software areas.* Elicit requirements from users
* Architect appropriate structures
* Design and develop
* Test and validate code
* Refactor to improve design
* Investigate and resolve issues


Qualifications:

This role may be filled at multiple levels depending on experience and skill* Bachelor’s degree in Computer Science, Computer Engineering, or equivalent software development experience
* 2\\+ years professional experience developing production systems in C\\#/.NET (preferred) or equivalent object\\-oriented language such as Java or C\\+\\+
* Demonstrated ability to apply object\\-oriented design principles to maintain and evolve complex codebases, including understanding when and why to use different techniques and design patterns
* Experience developing on a team with a Git\\-based collaborative workflow including code reviews, pull requests, and CI/CD pipelines
* Ability to balance multiple concurrent design and implementation tasks driven by R\\&D timelines and manufacturing needs
* Excellent interpersonal, problem solving, and communication skills


Desired Skills  

Experience with or interest in:* Interfacing with subject matter experts in semiconductor manufacturing and microwave electrical test
* Extending and interfacing with an MES, especially Critical Manufacturing, via APIs and customizations
* Iterative development practices with regular customer feedback
* SQL database design, especially SQL Server
* Docker, OpenShift
* This role is primarily application development but may include occasional full\\-stack work. Experience with WPF and/or Angular is helpful

**Location: This role requires an in\\-person, hands\\-on engineer who can physically work with the manufacturing systems in Santa Rosa, CA.**  

This position requires access to certain goods, software, technology, or technical data subject to U.S. export control laws and regulations. Under these laws and regulations, U.S. persons (which includes U.S. citizens, U.S. nationals, lawful permanent residents, refugees, and asylees) working for Keysight can access export\\-controlled items without authorization from the U.S. government. For any individual who is not a U.S. person, Keysight may need authorization from the U.S. Department of State, U.S. Department of Commerce, or other appropriate federal agency before the individual can access export\\-controlled items. **Candidates must be a U.S. citizen or lawful permanent resident of the U.S., or protected individual, having authorization from the U.S. government for export\\-controlled items under 8 U.S.C. 1324b(a)(3\\).**  

Careers Privacy Statement\\*\\*\\*Keysight is an Equal Opportunity Employer.\\*\\*\\*","","https://www.indeed.com/cmp/Keysight-Technologies","https://d2q79iu7y748jz.cloudfront.net/s/_squarelogo/256x256/e2594923561140e657113133fa57a7c7","http://www.keysight.com","Santa Rosa, California","10,000+","$1B to $5B (USD)","Keysight is the world’s leading electronic measurement company, transforming today’s measurement experience.","","","","","",""
"in-c2b88982df0acb02","indeed","https://www.indeed.com/viewjob?jk=c2b88982df0acb02","https://pepsicojobs.com/jobs/449656/job?utm_source=indeed_integration&iis=Job%20Board&iisn=Indeed&indeed-apply-token=73a2d2b2a8d6d5c0a62696875eaebd669103652d3f0c2cd5445d3e66b1592b0f","Principal Software Engineer","PepsiCo","Plano, TX, US","2026-05-26","","direct_data","yearly",127500.0,221800.0,"USD",False,"","","","","Overview:

We are seeking a hands\\-on Principal Engineer / Engineering Manager to lead the design, architecture, and delivery of next\\-generation warehouse supply chain platforms. This role combines deep technical expertise with engineering leadership, driving scalable backend systems and modern application architecture for high\\-throughput, real\\-time warehouse operations.  

You will play a critical role in shaping event\\-driven, cloud\\-native platforms, enabling end\\-to\\-end visibility across inventory, fulfillment, and logistics. The ideal candidate is a strong technical leader who can architect systems, write production\\-grade code, mentor engineers, and influence enterprise\\-wide technology decisions.
Responsibilities:
* Lead architecture, design, and development of scalable backend systems for warehouse and supply chain operations.
* Drive event\\-driven architecture and real\\-time processing using modern streaming platforms (e.g., Kafka).
* Build and evolve microservices\\-based platforms using Java, Spring Boot, and Python.
* Define and enforce engineering best practices, design patterns, and coding standards across teams.
* Act as a technical leader and mentor, guiding engineers and conducting design/code reviews.
* Partner with Product, Operations, and Business teams to translate requirements into scalable solutions.
* Own end\\-to\\-end system architecture, including API design, data models, and integration patterns.
* Lead cloud strategy and implementation across Azure, AWS, or GCP environments.
* Ensure systems meet performance, scalability, reliability, and security standards.
* Drive adoption of CI/CD, DevOps practices, and platform engineering capabilities.
* Provide technical leadership in high\\-visibility, enterprise\\-wide supply chain initiatives.

**Compensation and Benefits:*** The expected compensation range for this position is between $127,500 \\- $221,800\\.
* Location, confirmed job\\-related skills, experience, and education will be considered in setting actual starting salary. Your recruiter can share more about the specific salary range during the hiring process.
* Bonus based on performance and eligibility target payout is 12% of annual salary paid out annually.
* Paid time off subject to eligibility, including paid parental leave, vacation, sick, and bereavement.
* In addition to salary, PepsiCo offers a comprehensive benefits package to support our employees and their families, subject to elections and eligibility: Medical, Dental, Vision, Disability, Health, and Dependent Care Reimbursement Accounts, Employee Assistance Program (EAP), Insurance (Accident, Group Legal, Life), Defined Contribution Retirement Plan.


Qualifications:
### **Required Qualifications**

* Bachelor’s degree in Computer Science, Engineering, or a related field.
* 10\\+ years of software engineering experience, with strong backend focus.
* 5\\+ years designing and building large\\-scale distributed systems.
* Proven experience as a technical lead, principal engineer, or engineering manager.
* Deep expertise in Java, Spring Boot, and strong proficiency in Python.
* Strong experience with microservices, RESTful APIs, and event\\-driven architectures.
* Hands\\-on experience with streaming technologies (e.g., Kafka) and real\\-time data platforms.
* Expertise in cloud\\-native architecture (Azure, AWS, or Google Cloud).
* Strong understanding of system design, scalability, and performance optimization.
* Experience with database design (SQL/NoSQL) and large\\-scale data processing.
* Excellent communication skills with the ability to influence and align global stakeholders.

### **Preferred Qualifications**

* Master’s degree in Computer Science or related field.
* Experience in warehouse management systems (WMS), logistics, or supply chain domain.
* Exposure to control tower platforms, real\\-time tracking, or IoT integrations.
* Familiarity with React.js or full\\-stack architecture.
* Experience building platforms/products used across multiple regions or business units.


\\>:

Our Company will consider for employment qualified applicants with criminal histories in a manner consistent with the requirements of the Fair Credit Reporting Act, and all other applicable laws, including but not limited to, San Francisco Police Code Sections 4901\\-4919, commonly referred to as the San Francisco Fair Chance Ordinance; and Chapter XVII, Article 9 of the Los Angeles Municipal Code, commonly referred to as the Fair Chance Initiative for Hiring Ordinance.  

  

All qualified applicants will receive consideration for employment without regard to age, race, color, religion, sex, sexual orientation, gender identity, national origin, protected veteran status, or disability status.  

  

PepsiCo is an Equal Opportunity Employer: Female / Minority / Disability / Protected Veteran / Sexual Orientation / Gender Identity / Age  

  

If you'd like more information about your EEO rights as an applicant under the law, please download the available **EEO is the Law** \\& **EEO is the Law Supplement**documents. View **PepsiCo EEO Policy**.  

  

Please view our **Pay Transparency Statement**.","","https://www.indeed.com/cmp/PepsiCo","https://d2q79iu7y748jz.cloudfront.net/s/_squarelogo/256x256/bcccb8d07e16eb3976bfa04093a7b739","http://www.pepsico.com","Purchase, NY","10,000+","more than $10B (USD)","PepsiCo products are enjoyed by consumers more than one billion times a day in more than 200 countries and territories around the world.","","","","","",""
"in-fa103546ee6aa17a","indeed","https://www.indeed.com/viewjob?jk=fa103546ee6aa17a","https://careers.bayview.com/bam/jobs/8782/job?utm_source=indeed_integration&iis=Job%20Board&iisn=Indeed&indeed-apply-token=73a2d2b2a8d6d5c0a62696875eaebd669103652d3f0c2cd5445d3e66b1592b0f","Sr. Associate, Analytics Developer","Bayview Asset Management","New York, NY, US","2026-05-26","fulltime","direct_data","yearly",140000.0,170000.0,"USD",False,"","","","","Overview:
**ABOUT US:**
=============


Founded in 1993, Bayview Asset Management is an investment management firm focused on investments in mortgage and consumer credit, including whole loans, asset\\-backed securities, mortgage servicing rights, and other credit\\-related assets.**POSITION SUMMARY:**
=====================


Bayview Asset Management is seeking a Senior Associate, Analytics Software Developer to join the technology team and support one of our investment teams from a technology perspective. This role will focus on building robust, high\\-quality, scalable applications and analytics solutions that support Bayview's trading, research, valuation, and data\\-driven decision\\-making functions. The ideal candidate is a hands\\-on, full\\-stack developer with experience delivering enterprise applications and working with financial and analytical data. This role will partner with business users and other IT teams to analyze requirements, design solutions, implement and deliver applications, and provide ongoing production support.**Key Responsibilities:**
=========================

* Develop and maintain full\\-stack web applications and analytics solutions, ensuring high performance, scalability, and responsiveness.
* Collaborate with business users and cross\\-functional teams to gather requirements, design solutions, and implement features that support trading, research, valuation, and analytics workflows.
* Write clean, maintainable, and efficient code across multiple layers of the technology stack.
* Implement cloud\\-based solutions for scalable, reliable, and secure applications.
* Create and manage RESTful APIs and ensure seamless integration with front\\-end applications and internal data services.
* Design, implement, and optimize databases, ensuring data integrity, security, and auditability.
* Work with modern front\\-end frameworks to build responsive, user\\-friendly interfaces for internal business and analytics applications.
* Automate deployment processes using CI/CD pipelines, ensuring efficient and reliable releases.
* Troubleshoot and debug applications, ensuring timely resolution of issues and stable production support.
* Stay up to date with industry trends, financial technology developments, and software engineering best practices to continuously improve application quality and development processes.

**Qualifications:**
===================

* BA/BS degree in Computer Science or related field with 5\\+ years of industry experience

**Required Skills \\& Experience:**
==================================

* Proven track record of managing risk technology development resources and solving problems
* Demonstrated proficiency with large datasets, including data cleaning and verification using SQL, Excel and/or Python
* Proficiency in at least one object\\-oriented programming language, such as Java, C\\#, or Python, and related frameworks (e.g., Spring Boot for Java, .NET Core for C\\#, Django/Flask for Python).
* Front\\-end development experience with JavaScript and at least one modern front\\-end framework, such as React.js, Angular, or Vue.js.
* Solid experience with databases, including relational databases (e.g., MySQL, PostgreSQL, SQL Server) and/or NoSQL databases (e.g., MongoDB).
* Experience with cloud platforms like AWS, Microsoft Azure, or Google Cloud Platform (GCP), including cloud\\-native services.
* Hands\\-on experience with CI/CD tools and practices, such as Jenkins, GitLab CI, or CircleCI.
* Version control proficiency, primarily with Git, including branching, merging, and managing pull requests.
* Strong understanding of software development best practices, including design patterns, unit testing, API design, and agile methodologies.
* Excellent communication and teamwork skills, with the ability to work independently and as part of a team. Experience working with financial, valuation, or analytics\\-related applications and datasets is strongly preferred.

 **Preferred Skills:*** Familiarity with microservices architecture and containerization technologies like Docker and Kubernetes.
* Experience with DevOps practices and infrastructure\\-as\\-code tools (e.g., Terraform, Ansible).
* Knowledge of API design and integration, including working with third\\-party services and internal enterprise platforms.
* Experience with Agile/Scrum methodologies and familiarity with project management tools like Jira.
* Exposure to AI\\-enabled tools, workflow automation, or AI\\-assisted development tools is a plus.
* Experience supporting trading, research, portfolio analytics, valuation, or operations workflows.
* Familiarity with financial data domains such as positions, pricing, cashflows, valuation, and risk analytics.
* Experience in asset management, capital markets, fixed income, structured products, mortgage finance, or consumer credit environments.

**Certifications, Licenses, and/or Registration**
=================================================

* N/A

**Location \\& Compensation:**
=============================

* This is a hybrid position (3 days onsite) in our New York City office.
* Base compensation is expected to be $140,000\\-$170,000 with the opportunity for incentive compensation including bonus compensation.

**Physical Demands and Work Environment**
=========================================


The physical demands described here are representative of those that must be met by an employee to successfully perform the essential functions of this job. Reasonable accommodations may be made to enable individuals with disabilities to perform the essential functions.  

While performing the duties of this job, the employee is regularly required to sit and use hands to handle, touch or feel objects, tools, or controls. The employee frequently is required to talk and hear. The noise level in the work environment is usually moderate. The employee is occasionally required to stand; walk; reach with hands and arms. The employee is rarely required to stoop, kneel, crouch, or crawl. The employee must regularly lift and/or move up to 10 pounds. Specific vision abilities required by this job include close vision, color vision, and the ability to adjust focus.**EEOC**
========


Bayview is an Equal Employment Opportunity employer. All aspects of consideration for employment and employment with the Company are governed on the basis of merit, competence and qualifications without regard to race, color, religion, sex, national origin, age, disability, veteran status, sexual orientation, or any other category protected by federal, state, or local law.","","https://www.indeed.com/cmp/Bayview-Asset-Management","https://d2q79iu7y748jz.cloudfront.net/s/_squarelogo/256x256/0293511563e188ebd36b0c601ae06c22","http://bayview.com","Coral Gables, FL","1,001 to 5,000","$100M to $500M (USD)","","","","","","",""
"in-f5ca3f9ef8402615","indeed","https://www.indeed.com/viewjob?jk=f5ca3f9ef8402615","https://careers-cvpcorp.icims.com/jobs/3201/job?utm_source=indeed_integration&iis=Job%20Board&iisn=Indeed&indeed-apply-token=73a2d2b2a8d6d5c0a62696875eaebd669103652d3f0c2cd5445d3e66b1592b0f","AI Enabled Software Engineer","Customer Value Partners (CVP)","US","2026-05-26","fulltime","","","","","",False,"","","","","Overview:

Customer Value Partners (CVP) is a management consulting and technology firm that has served federal agencies since 2003\\. CVP NextLabs is our innovation engine, building AI\\-native products like Fifer that change how government operates. We are outcomes\\-obsessed, and serious about shipping software that matters.

**About Fifer**


Fifer is CVP's enterprise GenAI platform purpose\\-built for government. It runs entirely in your cloud environment with zero data leaving premises, swappable LLMs, patent\\-pending multi\\-agent RAG, and out\\-of\\-box apps including Chat, Expert, Audit, Analyst, and Dev.

**About the Role**


CVP NextLabs is hiring a Software Engineer to build and scale Fifer applications. This is not a maintenance role. You will ship features that automate workflows used by Federal Agencies using AI and integrate with the security tool ecosystems of some of the most critical agencies in the U.S. government.


We build with AI\\-first principles: LLMs, Agent Harnesses, AI\\-assisted coding tools are part of our daily workflow, not novelties. If you think in prompts and context windows as naturally as you think in functions, you will fit right in.


Responsibilities:
* Design, build, and maintain full\\-stack features across a React/Next.js frontend and Node.js/NextJs backend using AI assisted coding best practices
* Deploy and manage containerized workloads on AWS and Azure within FedRAMP\\-compliant boundaries
* Implement and maintain CI/CD pipelines using GitHub Actions and Docker
* Design and optimize PostgreSQL schemas for compliance artifact storage and retrieval
* Collaborate with federal agency users to translate authorization workflow pain points into shipped product
* Participate in and help evolve an AI\\-first development culture where prompts, agents, and automation replace toil


Qualifications:
* 4\\+ years of hands\\-on software engineering experience working on real commercial products
* Production experience with React and/or Next.js frontend frameworks
* Production experience with Node.js and ExpressJs backend libraries
* Strong PostgreSQL skills including schema design and query optimization
* Hands\\-on experience deploying to AWS and/or Azure

Daily use of AI\\-assisted coding tools (e.g. Claude Code, GitHub Copilot, Cursor, or equivalent) * \\- not ""familiar with,"" actually uses them
* Experience with Docker containers and GitHub Actions CI/CD pipelines
* Active GitHub profile that reflects how you actually build software

 **The Hiring Challenge (Required)**


We do not hire from resumes alone. After submitting your application, you will receive a challenge brief asking you to build a small working app that solves a real compliance or government workflow problem using AI. We want to see how you think from first principles, how you use AI tools as a development partner, and what you ship when no one is looking over your shoulder. There are no trick questions and no single right answer.

**No cover letters.** Your GitHub and your challenge submission speak louder.

 **About CVP**  

CVP is an award\\-winning healthcare and next\\-gen technology and consulting services firm solving critical problems for healthcare, national security, and public sector clients. We help organizations achieve lasting transformation.  

CVP is an Equal Opportunity Employer dedicated to actively recruiting individuals and providing advancement opportunities based on merit and legitimate job qualifications. We ensure that all associates receive equal opportunities based on their personal qualifications and job requirements. CVP strictly prohibits any form of discrimination or harassment.  

At CVP, we cultivate a work environment that encourages fairness, teamwork, and respect among all associated. We are committed to maintaining a workplace where everyone can grow both personally and professionally.","Consulting And Business Services","https://www.indeed.com/cmp/Customer-Value-Partners-(cvp)-1","https://d2q79iu7y748jz.cloudfront.net/s/_squarelogo/256x256/622ea33f8320fbf8e1433aebc854b6c3","http://www.cvpcorp.com","805 Fifteenth Street NW, Suite 650
Washington, DC 20005","501 to 1,000","$100M to $500M (USD)","CVP is an award-winning healthcare and next-gen technology and consulting services firm solving critical problems for healthcare, national security, and public sector clients.","","","","","",""
"in-59205553c259b012","indeed","https://www.indeed.com/viewjob?jk=59205553c259b012","https://circadence.jobs.agile-ats.com/jobs/details/40","Full Stack Engineer","Circadence","Tupelo, MS, US","2026-05-26","fulltime","","","","","",False,"","","","","Job Description
  
  

Circadence is hiring a Full Stack Software Engineer to help build and evolve our Range Conductor product, which is a cyber range design and automation platform that transforms visual system and network designs into deployable infrastructure, automation workflows, and operational training environments.
  
  

In this role, you will work across the frontend canvas editor, backend orchestration services, and automation layers that power large\\-scale cyber ranges used for training, red team and blue team exercises, and system validation.
  
  

,
  
Required Skills
  
  

Tech Stack Requirements and Experience
  
  

**Frontend:**  

Next.js 14, React 18, TypeScript
  
Material\\-UI, TailwindCSS
  
React Flow (graph and topology visualization)
  
  

**Backend:**  

Python 3\\.10\\+
  
Django 5\\.2
  
Django Channels (WebSockets, real\\-time updates)
  
Ansible Core (automation and orchestration)
  
  

**Infrastructure \\& Platform:**  

PostgreSQL, Redis
  
Docker, NGINX
  
VMware vSphere / vCenter APIs (PyVmomi)
  
  

**Core Responsibilities:**  

Build and enhance interactive, graph\\-based canvas tooling for cyber range and network design
  
Develop Django REST APIs and WebSocket services to support real\\-time collaboration and orchestration feedback
  
Design and implement automation pipelines that translate visual designs into Ansible inventories and playbooks
  
Integrate with VMware vCenter and related APIs for VM, network, and infrastructure provisioning
  
Support cyber range lifecycle management, including design, deployment, modification, and teardown
  
Write and maintain automated tests (Jest, Playwright) and contribute to CI/CD pipelines
  
  

**Required Skills:**  

3–5 years of professional experience building full\\-stack web applications
  
Strong proficiency with React, TypeScript, and modern frontend patterns
  
Strong proficiency with Python and Django, including REST APIs
  
Solid understanding of networking fundamentals, including TCP/IP, subnetting, VLANs, and routing
  
Experience with Docker, Git\\-based workflows, RESTful APIs, and SQL databases
  
Ability to reason about complex systems and communicate technical concepts clearly
  
,
  
Desired Skills
  
Preferred Skills
  
  

Experience developing or maintaining Ansible automation and playbooks
  
VMware vSphere or vCenter administration and API integration experience
  
Background in cyber ranges, lab environments, or network automation platforms
  
Experience building real\\-time or collaborative applications using WebSockets
  
Familiarity with graph or topology visualization tools such as React Flow or D3\\.js
  
  

What You’ll Build
  
  

As part of the Range Conductor team, you will help deliver a platform where users can:
  
  

Visually design cyber ranges, networks, and system topologies using an interactive canvas
  
Configure virtual machines, routers, firewalls, services, and user roles
  
Automatically generate Ansible inventories, roles, and playbooks
  
Deploy complete cyber range environments to VMware\\-based infrastructure
  
Manage IP addressing, VLANs, routing, and system configuration at scale
  
  

**PLEASE NOTE:** In compliance with federal law, all persons hired will be required to verify identity and eligibility to work in the United States and to complete the required employment eligibility verification form upon hire.
  
  

https://www.eeoc.gov/sites/default/files/migrated\\_files/employers/poster\\_screen\\_reader\\_optimized.pdf
  
,
  
About circadence
  
  

Circadence is a premier provider of cyber range solutions, boasting unparalleled proficiency in crafting, building, implementing, and managing tailored enterprise frameworks. Focused primarily on cybersecurity infrastructure, simulation, and education, Circadence excels across various tiers of complexity, seamlessly connecting academic, enterprise, and government use cases. Our unique approach to cybersecurity training stems from the power of gamification and active\\-learning models.
  
  

Circadence’s cybersecurity training leverages gamified, cloud\\-based training and awareness platforms to provide personalized, agile capabilities at scale.
  
  

**Gamified\\-learning capabilities:** Enjoyable, approachable, scalable, and an enduring practice for the next generation of professionals.
  
  

**NIST/NICE Framework alignment:** Users can be confident they are training to industry\\-leading dimensions of cyber excellence.
  
  

**On Demand:** Accessible 24/7, and immersive, unlike other cyber training programs.","","https://www.indeed.com/cmp/Circadence","","http://https:www.circadence.com","Boulder, Colorado","","","","","","","","",""
"in-863835e40145a662","indeed","https://www.indeed.com/viewjob?jk=863835e40145a662","https://recruiting.paylocity.com/Recruiting/Jobs/Details/4200406/Post-Acute-Analytics-Inc/Full-Stack-Software-Engineer?source=Indeed_Feed","Full Stack Software Engineer","Post Acute Analytics","US","2026-05-26","","","","","","",True,"","","","","Description:
**Who we are**


Post\\-Acute Analytics provides a full suite of post\\-acute care technology solutions through its proprietary


advanced predictive technology, turnkey integration engine, performance analytics, and clinical advisory


services. Our solutions help providers and payers who manage post\\-acute care improve quality of care,


decrease costs, and improve patient satisfaction.

**What you will do**


We are seeking a highly skilled and motivated full stack software engineer to join our engineering team. You will


be responsible for designing and developing new application features while maintaining existing technology.


You will be working closely with cross\\-functional teams, including Product, Client teams, and other Engineering


teams, to deliver solutions primarily focused on PAA’s systems integrations with customers and partners.


Requirements:
* Design, develop, and maintain new application features while ensuring existing functionality remains robust and well\\-tested.
* Write efficient and maintainable code with comprehensive test coverage, collaborating with QAengineers to test features and automate testing.
* Co\\-deliver and validate integrated technology solutions with client and partner technology teammembers
* Collaborate within an Agile Scrum team, engaging in sprint planning, daily standups, backlog refinement, and sprint reviews.
* Develop a deep understanding of PAA software and participate actively in code reviews and design discussions, providing constructive feedback and suggesting technology and process enhancements.
* Partner with Product team members, DevOps engineers, and InfoSec professionals to align development efforts with business goals.

**Technical Experience**

* Proficiency in Node.js, React, TypeScript, and Python.
* Experience with hl7 messaging and robotic process automation a plus.
* Experience with PostgreSQL or similar relational databases.
* Proven experience in optimizing performance, scaling applications, and improving database efficiency (e.g., query optimization, indexing strategies, and database performance tuning).
* Experience implementing and operating caching layers (e.g., Redis).
* Experience with API development and external system integrations.
* Demonstrated understanding of GraphQL and/or RESTful API design.
* Hands\\-on experience with Docker and Kubernetes.
* Knowledge of event\\-driven architecture patterns (Kafka or similar).

**Professional Skills**

* Strong collaboration skills with a team\\-oriented mindset.
* Demonstrated interest / experience in the health care industry
* Excellent communication and ability to convey technical concepts clearly.
* Passion for best practices in software development and continuous improvement.
* Detail\\-oriented with a focus on writing high\\-quality, maintainable code.

**What you’ll get**

* Competitive compensation \\& bonus plan commensurate with experience
* 401K
* Health, dental \\& disability insurance
* 10 paid holidays
* Robust time off policy


This position will be based out of our Irving, TX headquarters; however, working remotely from outside the area is perfectly acceptable.","","https://www.indeed.com/cmp/Post-Acute-Analytics","","","","","","","","","","","",""
"in-1754bdbb8eed1b37","indeed","https://www.indeed.com/viewjob?jk=1754bdbb8eed1b37","https://cg.sandia.gov/psc/applicant/EMPLOYEE/HRMS/c/HRS_HRAM_FL.HRS_CG_SEARCH_FL.GBL?Page=HRS_APP_JBPST_FL&Action=U&FOCUS=Applicant&SiteId=1&JobOpeningId=697970&PostingSeq=1","Senior/Principal R&D Computer Science - Manufacturing Systems Application Developer (Full-Stack), Onsite","Sandia National Laboratories","Albuquerque, NM, US","2026-05-26","fulltime","direct_data","yearly",117500.0,235700.0,"USD",False,"","","","","**About Sandia**
----------------

  


Sandia National Laboratories is the nation’s premier science and engineering lab for national security and technology innovation, with teams of specialists focused on cutting\\-edge work in a broad array of areas. Some of the main reasons we love our jobs:

* Challenging work with amazing impact that contributes to security, peace, and freedom worldwide
* Extraordinary co\\-workers
* Some of the best tools, equipment, and research facilities in the world
* Career advancement and enrichment opportunities
* Flexible work arrangements for many positions include 9/80 (work 80 hours every two weeks, with every other Friday off) and 4/10 (work 4 ten\\-hour days each week) compressed workweeks, part\\-time work, and telecommuting (a mix of onsite work and working from home)
* Generous vacation, strong medical and other benefits, competitive 401k, learning opportunities, relocation assistance and amenities aimed at creating a solid work/life balance\\*


World\\-changing technologies. Life\\-changing careers. Learn more about Sandia at: http://www.sandia.gov

* These benefits vary by job classification.

**What Your Job Will Be Like**
------------------------------

  


The Component, Science, Engineering, and Production (CSEP) Information Systems and Operational Technology Solutions department, org 7577, is seeking an experienced full\\-stack developer to join a collaborative team responsible for delivering Information Technology (IT), Industrial Internet of Things (IIOT), and Cyber Assurance solutions for Sandia's discrete manufacturing and lot\\-based production centers.


This position is well\\-suited for an enterprising developer who enjoys solving diverse, high\\-impact problems and advancing smart factory capabilities by implementing, integrating, upgrading, optimizing, and extending both custom and commercial off\\-the\\-shelf (COTS) software, especially within the Production Lifecycle Management (PLM) ecosystem (e.g. PDM, ERP, and MES).


On any given day, you may:

* Design, develop, deploy, and support full\\-stack applications using Java and/or .Net
* Partner with teams across the department and the CIO organization to deliver IIOT/OT and PLM software solutions
* Actively contribute to the implementation and sustainment of Solumina MES software, including development of interfaces, extensions, and customizations
* Develop and/or research methods to perform data/system integration and interfaces between the organization's Oracle ERP, MES, and Smart Manufacturing COTS and custom applications
* Participate in digital engineering/digital thread initiatives
* Perform operational support for computing and software needs across a variety of manufacturing equipment and environments.
* Explore and apply AI\\-enabled approaches to enhance both individual and department productivity and effectiveness.
* Install and maintain COTS software
* Support governance and stewardship of operational and machine data (including time\\-series sensor data, image, and video)
* Partner with cybersecurity professionals to deliver secure, compliant solutions using a graded, risk\\-based approach
* Build and maintain trusted relationships with manufacturing engineering customers and CIO partners, internal and external to Sandia


Due to the nature of the work, the selected applicant must be able to work onsite.


**Salary Range**
----------------

  


$117,500 \\- $235,700

* Salary range is estimated, and actual salary will be determined after consideration of the selected candidate's experience and qualifications, and application of any approved geographic salary differential.


**Qualifications We Require**
-----------------------------



* A Bachelor's degree in a relevant discipline and five (5\\) years of directly relevant experience, or an equivalent combination of directly relevant education and engineering or scientific experience that demonstrates the knowledge, skills, and ability to perform independent research and development.
* Ability to obtain and maintain a DOE Q clearance


**Qualifications We Desire**
----------------------------

  


The ideal R\\&D S\\&E Computer Science candidate for Sandia National Laboratories will in addition possess the following:

* Graduate degree in Computer Science or a highly related field where an independent research project was a graduation requirement (e.g., independent project, thesis, or dissertation).
* Demonstrated software development skills and familiarity with modern software development practices and tools (e.g., Agile).
* Strong verbal and written communication skills, ability to work effectively in multidisciplinary teams, and a passion to improve and expand technical skills.


Also, for this posting we are seeking individuals with the following experience:

* Five (5\\) or more years of recent, hands\\-on full\\-stack software development experience (custom and/or COTS) in medium\\-to\\-large organizations, including sustainment and user support
* Proficiency in software development, with an emphasis on Java and .NET
* Experience developing front\\-end applications using modern JavaScript frameworks (e.g., Angular, React, or Vue.js)
* Proficiency with one or more scripting language (e.g. Bash, JavaScript, PowerShell, or Python)
* Database design and development experience (e.g., Oracle, SQL Server, PostgreSQL).
* Familiarity with Agile software development practices.
* Working knowledge of DevOps practices and tooling (e.g., Git, CI/CD pipeline development and management).
* Interest in developing deep expertise in manufacturing software and processes (PLM/MES/ERP).
* Experience supporting discrete and/or process manufacturing operations.
* Networking fundamentals and troubleshooting experience
* Experience with cloud/hosted infrastructure and identity technologies (e.g., AWS or Azure authentication/authorization), and modern deployment platforms (Kubernetes, containers).
* Experience administering or developing on Windows and Linux/Unix systems.
* Experience with IIoT integration protocols/technologies (e.g., OPC UA, MQTT).
* Experience working in or supporting Operational Technology (OT) environments.
* Familiarity with Sandia corporate IT organizations and processes.
* Familiarity with Sandia cyber security policies and practices.
* Familiarity with (or certification in) IT or quality frameworks such as ITIL or Lean Six Sigma.
* Active DOE Q clearance


**About Our Team**
------------------

  


The Component, Science, Engineering, and Production (CSEP) department, org. 7577, provides IT, OT, and cyber security assurance support and services to our engineering partners across Sandia's Neutron Generator and Advanced Manufacturing Enterprise, Explosives Technologies, and Power Sources technologies centers. The mission\\-focused work performed by the department is varied, challenging, interesting, strategic, and often visible to upper management. As an embedded capability, department 7577's team members have deep domain knowledge and experience with Sandia's manufacturing systems and processes. Team members also collaborate often with colleagues across Sandia's CIO and Cyber organizations to optimize solutions. The department's offerings include expertise in cyber assurance; Oracle ERP manufacturing software operational support and expertise; custom application development (C\\# .NET, Java); operational support, and Microsoft business intelligence and DataMart services (utilizing both SQL server and Oracle databases).


**Posting Duration**
--------------------

  


This posting will be open for application submissions for a minimum of three (3\\) calendar days, including the 'posting date'. Sandia reserves the right to extend the posting date at any time.


**Security Clearance**
----------------------

  


Sandia is required by DOE to conduct a pre\\-employment drug test and background review that includes checks of personal references, credit, law enforcement records, and employment/education verifications. Applicants for employment need to be able to obtain and maintain a DOE Q\\-level security clearance, which requires U.S. citizenship. If you hold more than one citizenship (i.e., of the U.S. and another country), your ability to obtain a security clearance may be impacted.


Applicants offered employment with Sandia are subject to a federal background investigation to meet the requirements for access to classified information or matter if the duties of the position require a DOE security clearance. Substance abuse or illegal drug use, falsification of information, criminal activity, serious misconduct or other indicators of untrustworthiness can cause a clearance to be denied or terminated by DOE, resulting in the inability to perform the duties assigned and subsequent termination of employment.


**EEO**
-------

  


All qualified applicants will receive consideration for employment without regard to race, color, religion, sex, sexual orientation, gender identity, national origin, age, disability, or veteran status and any other protected class under state or federal law.


**NNSA Requirements for MedPEDs**
---------------------------------

  


If you have a Medical Portable Electronic Device (MedPED), such as a pacemaker, defibrillator, drug\\-releasing pump, hearing aids, or diagnostic equipment and other equipment for measuring, monitoring, and recording body functions such as heartbeat and brain waves, if employed by Sandia National Laboratories you may be required to comply with NNSA security requirements for MedPEDs.


If you have a MedPED and you are selected for an on\\-site interview at Sandia National Laboratories, there may be additional steps necessary to ensure compliance with NNSA security requirements prior to the interview date.","","https://www.indeed.com/cmp/Sandia-National-Laboratories","","http://www.sandia.gov","Albuquerque, NM","10,000+","$1B to $5B (USD)","Sandia National Laboratories is the nation’s premier science and engineering lab for national security and technology innovation. World-changing technologies. Life-changing careers.","","","","","",""
"in-78902f746ba9d9e9","indeed","https://www.indeed.com/viewjob?jk=78902f746ba9d9e9","https://ibegin.tcsapps.com/candidate/jobs/shared-job/NDE0MTU0Sg==","Senior Full Stack Engineer","Tata Consultancy Services (TCS)","Mason, OH, US","2026-05-26","","direct_data","yearly",105000.0,145000.0,"USD",False,"","","","","Must Have Technical/Functional Skills
We are looking for a highly skilled Senior Full Stack Developer to design and develop production\\-grade dashboard applications. This role involves end\\-to\\-end ownership, from solution architecture through development and deployment, leveraging Python, AngularJS/Angular, REST APIs, and scalable system design.  

  

The ideal candidate will have strong experience in building enterprise applications, developing high\\-performance APIs, and designing user\\-friendly dashboards. The role also requires familiarity with modern cloud platforms and a basic understanding of AI/ML and LLM concepts to support intelligent application features.
.  

  

Key Skills:  

  

* Hands\\-on experience developing backend services and RESTful APIs using Python frameworks such as FastAPI, Flask, or Django.
* Strong experience in frontend web development using AngularJS and/or Angular, along with HTML5, CSS3, JavaScript, and TypeScript.
* Experience developing dashboards, analytics, or reporting applications.
* Strong understanding of REST API integration, microservices architecture, and distributed systems.
* Experience working with relational and NoSQL databases such as PostgreSQL, MySQL, MongoDB, or SQL Server.
* Familiarity with cloud platforms such as AWS, Azure, or Google Cloud Platform.
* Basic knowledge in LLM, AI/ML, Prompts.

  


  

Salary Range: $105,000 $145,000  

  

TCS Employee Benefits Summary:
Discretionary Annual Incentive.
Comprehensive Medical Coverage: Medical \\& Health, Dental \\& Vision, Disability Planning \\& Insurance, Pet Insurance Plans.
Family Support: Maternal \\& Parental Leaves.
Insurance Options: Auto \\& Home Insurance, Identity Theft Protection.
Convenience \\& Professional Growth: Commuter Benefits \\& Certification \\& amp; Training Reimbursement.
Time Off: Vacation, Time Off, Sick Leave \\& Holidays.
Legal \\& Financial Assistance: Legal Assistance, 401K Plan, Performance Bonus, College Fund, Student Loan Refinancing.  

  

\\#LI\\-SP1  

  

**Location**
Mason, OH
**Job Function**
TECHNOLOGY
**Role**
Senior Engineer
**Job Id**
414154
**Desired Skills**
REST \\| API(Application programming interface)
**Salary Range**
$105,000\\-$145,000 a year
Desired Candidate Profile


**Qualifications** : BACHELOR OF COMPUTER SCIENCE","Consulting And Business Services","https://www.indeed.com/cmp/Tata-Consultancy-Services-(tcs)","https://d2q79iu7y748jz.cloudfront.net/s/_squarelogo/256x256/bfd57a052c0dfad03779c68c62499ce4","https://www.tcs.com/fr-fr","Tour Initiale - 1 Terasse Bellini, 92800 Puteaux","10,000+","more than $10B (USD)","Tata Consultancy Services is an IT services, consulting and business solutions organization that delivers real results to global business.","","","","","",""
"in-50da4b32890bfae5","indeed","https://www.indeed.com/viewjob?jk=50da4b32890bfae5","https://job-boards.greenhouse.io/natera/jobs/6000554004","Staff Software Engineer, Full Stack - Early Cancer Detection (ECD)","Natera","San Carlos, CA, US","2026-05-26","","direct_data","yearly",167300.0,209100.0,"USD",False,"","","","","**POSITION SUMMARY:**  

  

We are seeking an experienced **Staff Software Engineer, Backend (or Full Stack)**, for our Early Cancer Detection (ECD) program, who excels at collaboratively solving complex problems. If you take ownership of your work, think strategically, and have a proven track record of implementing solutions while adapting to constraints and minimizing risks, we encourage you to apply. Strong technical expertise, excellent communication skills, and a desire to thrive in a dynamic environment are essential. In this role, you will collaborate closely with our Engineering Team, Product Managers, and Designers to develop innovative experiences for our internal stakeholders, primarily focusing on creating a custom lab software solution for a high\\-throughput laboratory.


**PRIMARY RESPONSIBILITIES**


* Design, develop, and maintain scalable services that support the diverse activities of a high\\-throughput laboratory.
* Develop back\\-end applications that interact with other software.
* Implement and manage CI/CD pipelines using GitLab.
* Develop comprehensive tests (unit, api, integration) to ensure high code quality.
* Collaborate closely with end\\-users and product managers to iterate on requirements and deliverables.
* Optimize architecture and infrastructure on the AWS cloud platform for performance, scalability, reliability, and cost\\-effectiveness.
* Proactively monitor system performance, troubleshoot issues, conduct thorough root cause analysis, and implement enhancements to improve efficiency and reliability.
* Stay current with emerging technologies and best practices in software engineering and actively contribute to continuous improvement initiatives.
* Be the technical lead and mentor more junior engineers.

  




**QUALIFICATIONS**


* BS degree in computer science, comparable program, or equivalent.
* 10\\+ years of full stack software development experience.
* Proven experience with programming languages such as TypeScript (preferred), or Python
* Experience with software development lifecycle process from build, software configuration, change control, and release and deployment activities.
* Strong quality assurance mindset with a commitment to delivering robust and reliable software.
* Proficiency in messaging frameworks such as Kafka.
* Proficiency in infrastructure as code (IaC).
* Excellent problem\\-solving skills and the ability to work both independently and collaboratively in a dynamic environment.
* Excellent use of modern Agent\\-Driven development practices.
* Strong written and verbal communication skills, coupled with excellent interpersonal skills enabling effective interaction with stakeholders at all levels.

  




**NICE TO HAVE**


* Experience working in highly regulated environments.
* Able to visit the lab in San Carlos, CA on a regular basis to facilitate direct observation of the software in the lab and obtain real\\-time user feedback.

  




**Compensation \\& Total Rewards**



This range reflects a good\\-faith estimate of the base pay we reasonably expect to offer at the time of hire. Final compensation will vary based on experience, qualifications, and internal equity considerations.



This position is also eligible for additional compensation and benefits through Natera’s robust Total Rewards program, including:


* Annual performance incentive bonus
* Long\\-term equity awards
* Comprehensive health benefits (medical, dental, vision)
* 401(k) with company match
* Generous paid time off and company holidays
* Additional wellness and work\\-life benefits
Compensation Range


$167,300 \\- $209,100 USD

**OUR OPPORTUNITY**



Natera™ is a global leader in cell\\-free DNA (cfDNA) testing, dedicated to oncology, women’s health, and organ health. Our aim is to make personalized genetic testing and diagnostics part of the standard of care to protect health and enable earlier and more targeted interventions that lead to longer, healthier lives.



The Natera team consists of highly dedicated statisticians, geneticists, doctors, laboratory scientists, business professionals, software engineers and many other professionals from world\\-class institutions, who care deeply for our work and each other. When you join Natera, you’ll work hard and grow quickly. Working alongside the elite of the industry, you’ll be stretched and challenged, and take pride in being part of a company that is changing the landscape of genetic disease management.


**WHAT WE OFFER**



Competitive Benefits \\- Employee benefits include comprehensive medical, dental, vision, life and disability plans for eligible employees and their dependents. Additionally, Natera employees and their immediate families receive free testing in addition to fertility care benefits. Other benefits include pregnancy and baby bonding leave, 401k benefits, commuter benefits and much more. We also offer a generous employee referral program!



For more information, visit www.natera.com.



Natera is proud to be an Equal Opportunity Employer. We are committed to ensuring a diverse and inclusive workplace environment, and welcome people of different backgrounds, experiences, abilities and perspectives. Inclusive collaboration benefits our employees, our community and our patients, and is critical to our mission of changing the management of disease worldwide.



All qualified applicants are encouraged to apply, and will be considered without regard to race, color, religion, gender, gender identity or expression, sexual orientation, national origin, genetics, age, veteran status, disability or any other legally protected status. We also consider qualified applicants regardless of criminal histories, consistent with applicable laws.


*If you are based in California, we encourage you to read this important information for California residents.*



Link: https://www.natera.com/notice\\-of\\-data\\-collection\\-california\\-residents/



Please be advised that Natera will reach out to candidates with a @natera.com email domain ONLY. Email communications from all other domain names are not from Natera or its employees and are fraudulent. Natera does not request interviews via text messages and does not ask for personal information until a candidate has engaged with the company and has spoken to a recruiter and the hiring team. Natera takes cyber crimes seriously, and will collaborate with law enforcement authorities to prosecute any related cyber crimes.","","https://www.indeed.com/cmp/Natera","https://d2q79iu7y748jz.cloudfront.net/s/_squarelogo/256x256/deed5eddc8ce999da8d385b00dbec012","https://www.natera.com","Austin, TX","5,001 to 10,000","$1B to $5B (USD)","Natera is driven by a passion for elevating the science and utility of prenatal testing.","","","","","",""
"in-83f82aaa0bacb5b1","indeed","https://www.indeed.com/viewjob?jk=83f82aaa0bacb5b1","https://careers.nordstrom.com/senior-full-stack-software-engineer-catalogs-hierarchy-orgmdm-hybrid-seattle-wa/job/1E621E383FD5979BEFEBC992E1A2ED20","Senior Full Stack Software Engineer - Catalogs, Hierarchy & OrgMDM (Hybrid - Seattle, WA)","Nordstrom","Seattle, WA, US","2026-05-26","","direct_data","yearly",142000.0,220500.0,"USD",False,"","","","","Nordstrom's Product Information Management organization is the backbone of how millions of products are represented, organized, and discovered across every Nordstrom channel — from Nordstrom.com, NordstromRack.com and the Nordstrom apps to in\\-store systems and marketplace partner integrations. Within PIM, the **Catalogs, Hierarchy \\& Org MDM** team owns the foundational data structures that make this possible: the product catalogs customers browse, the merchandising hierarchies that power navigation and reporting, and the Organization Master Data Management (MDM) platform that governs how store and organizational entities are maintained across the enterprise.


This is a rare opportunity to work at the intersection of large\\-scale data architecture and customer\\-facing impact. Every product page a customer sees, every filter they apply, and every category they navigate depends on the systems you will build and evolve.

**This role is offered as hybrid in Seattle, WA. Candidates must be available to work in office at the Nordstrom corporate headquarters a minimum of 4 days/week to be considered for this position.**

**A day in the life...**


As a Senior Full Stack Software Engineer, you will design, build, and operate services and user interfaces that are central to Nordstrom's product data ecosystem. You will work across the entire stack — from React\\-based internal tools used by merchants and data stewards to Java microservices that process millions of catalog and hierarchy records daily.

* **Build and evolve core platform services.** You'll own microservices that power catalog management, hierarchical classification, and organizational master data. These services integrate with upstream ingestion pipelines (including Kafka\\-based event streaming and Temporal workflow orchestration) and serve downstream consumers across the company.
* **Design delightful internal tools.** Merchants, buyers, and data stewards rely on the UIs your team builds to manage catalogs, assign hierarchy nodes, and govern organizational entities. You'll create React\\-based applications that make complex data operations intuitive and efficient.
* **Drive data quality at scale.** You'll build validation, canonicalization, and entity resolution capabilities that ensure data consistency across Nordstrom's product ecosystem — spanning wholesale, marketplace, and direct\\-to\\-consumer channels.
* **Own what you ship.** You'll participate in on\\-call rotations, build observability into every service (New Relic, structured logging, custom dashboards), and drive operational excellence through runbooks, alerting, and incident response.
* **Influence technical direction.** You'll contribute to architecture decisions, participate in design reviews, and mentor engineers on the team. Your designs will consider upstream and downstream integration points and balance short\\-term delivery with long\\-term platform health.

**Technology stack...**

* **Backend:** Java, Spring Boot, REST APIs, Kafka (event streaming and CDC), Temporal.io (workflow orchestration), PostgreSQL, DynamoDB, Redis
* **Frontend:** React, TypeScript, modern component libraries, responsive design
* **Infrastructure \\& Cloud:** AWS (ECS/EKS, Lambda, S3, RDS, MSK), Terraform, GitHub Actions CI/CD
* **Data \\& Integration:** Kafka topics (Avro schemas), REST and gRPC service\\-to\\-service communication, batch and real\\-time data pipelines
* **Observability:** New Relic (APM, dashboards, alerting), structured logging, distributed tracing

**You own this if you have...**

* **7\\+ years of professional software engineering experience**, including significant delivery of both backend services and frontend applications.
* **Bachelor’s or Master’s degree in Computer Science, Information Systems Engineering, Data Engineering.**
* **Communication Skills.** Strong verbal, written and diagramming communication skills, with the ability to explain technical concepts clearly to both technical and non\\-technical stakeholders.
* **Programming Skills.** Proficient in more than one Programming Language. Experience with agentic development and perspective on how to get the most from agents during the Software Development Lifecycle.
* **Strong backend fundamentals.** You're comfortable designing and building microservices in Java or Kotlin, working with relational databases (PostgreSQL), and integrating with event\\-driven architectures (Kafka). Experience with workflow orchestration tools like Temporal is a strong plus.
* **Modern frontend skills.** You've built production React applications with TypeScript. You care about usability, accessibility, and creating tools that people enjoy.
* **Infrastructure fluency.** You're comfortable working with containerized deployments (Docker, Kubernetes), defining infrastructure as code with Terraform, and configuring CI/CD pipelines. You don't need to be a platform engineer, but you can provision what your services need and troubleshoot deployment issues without waiting on someone else.
* **Distributed systems thinking.** You understand the tradeoffs of eventual consistency, can reason about failure modes in a service\\-oriented architecture, and have data driven perspectives on topics like idempotency, schema evolution, and data partitioning.
* **Ownership mentality.** You do more than write code — you own outcomes. You think about observability from the start, you write runbooks, and you show up when your systems need you.
* **Collaborative and communicative.** You thrive in cross\\-functional environments. You can explain a technical tradeoff to a product manager, pair with a junior engineer on a complex problem, and contribute to architectural discussions with clarity and conviction.
* **Bias toward simplification.** You actively seek ways to reduce complexity, remove bottlenecks, and make systems easier to operate and evolve.

**Nice to have...**

* Experience with master data management (MDM) concepts or enterprise data governance
* Familiarity with product information management or retail/e\\-commerce domains
* Background in entity resolution, canonicalization, or data quality systems
* Experience with Temporal.io or similar durable execution frameworks
* Contributions to engineering standards, shared libraries, or developer experience tooling

**Why this team...**


The Catalogs, Hierarchy \\& Org MDM team is in an exciting phase. Nordstrom's Marketplace Highway program is expanding the product ecosystem to include third\\-party marketplace sellers alongside the traditional wholesale business, and our team's systems are foundational to that growth. You'll be joining a team that is actively modernizing its platform, tackling hard data problems at scale, and shipping work that has direct, measurable impact on how customers discover and shop for products.


You'll work alongside engineers who are deeply technical, genuinely collaborative, and committed to building things the right way. We invest in our people — through mentorship, stretch assignments, design review culture, and an environment where your ideas shape the direction of the platform.

**We’ve got you covered…**


Our employees are our most important asset and that’s reflected in our benefits. Nordstrom is proud to offer a variety of benefits to support employees and their families, including:

* Medical/Vision, Dental, Retirement and Paid Time Away
* Life Insurance and Disability
* Merchandise Discount and EAP Resources


A few more important points...


The job posting highlights the most critical responsibilities and requirements of the job. It’s not all\\-inclusive. There may be additional duties, responsibilities and qualifications for this job.


For Los Angeles or San Francisco applicants: Nordstrom is required to inform you that we conduct background checks after conditional offer and consider qualified applicants with criminal histories in a manner consistent with legal requirements per Los Angeles, Cal. Muni. Code 189\\.04 and the San Francisco Fair Chance Ordinance. For additional state and location specific notices, please refer to the Legal Notices document within the FAQ section of the Nordstrom Careers site.


Applicants with disabilities who require assistance or accommodation should contact the nearest Nordstrom location, which can be identified at www.nordstrom.com.


Please be mindful that there may be legal notices and requirements related to this job posting that are specific to your state. Review the Career Site FAQ’s for relevant information and guidelines.


© 2022 Nordstrom, Inc


Current Nordstrom employees: To apply, log into Workday, click the Careers button and then click Find Jobs.


Nordstrom keeps job postings open for at least one day after the posting date.

**Pay Range Details**


The pay range(s) below has been provided in compliance with state specific laws. Pay ranges may be different for other locations.  

Pay offers are dependent on the location, as well as job\\-related knowledge, skills, and experience.


$142,000\\.00 \\- $220,500\\.00 Annual
This position may be eligible for performance\\-based incentives/bonuses. Benefits include 401k, medical/vision/dental/life/disability insurance options, PTO accruals, Holidays, and more. Eligibility requirements may apply based on location, job level, classification, and length of employment. Learn more in the Nordstrom Benefits Overview by copying and pasting the following URL into your browser: https://careers.nordstrom.com/pdfs/Ben\\_Overview\\_17\\-19\\.pdf","","https://www.indeed.com/cmp/Nordstrom","https://d2q79iu7y748jz.cloudfront.net/s/_squarelogo/256x256/453eb6f8e635fa99274a5d0c7881f56f","http://www.nordstrom.com","Seattle, WA","10,000+","more than $10B (USD)","Nordstrom, Inc. is a leading fashion retailer based in the U.S.","","","","","",""
"in-17164183c0b4b2a6","indeed","https://www.indeed.com/viewjob?jk=17164183c0b4b2a6","https://jobs.smartrecruiters.com/HireVue/744000128547235-lead-software-engineer-fully-remote-us","Lead Software Engineer | Fully Remote US","HireVue, Inc.","Sandy, UT, US","2026-05-26","fulltime","","","","","",True,"","","","","**Company Description**
-----------------------


Hirevue is where hiring happens – transforming the way organizations discover, engage, and hire the best talent. Connecting companies and candidates anytime, anywhere, Hirevue’s end\\-to\\-end hiring platform features video interviewing, assessments and conversational AI. The industry leader in science backed, modern hiring solutions powered by ethical AI, Hirevue has hosted more than 70 million video interviews and 200 million chat\\-based candidate engagements for over 1200 pioneering customers around the globe.

**Job Description**
-------------------


As a **Lead Software Engineer** at Hirevue, you’ll be a key player in making software happen, from the early design stages to the hands of our users. You will be empowered to influence how our products are forged for real world value.


You’ll be in a very hands\\-on development role collaborating with your team to enhance and extend the leading Hirevue platform. Your focus will be designing solutions, writing quality code with unit tests, leading other engineers by example and solving technical challenges that will continue improving the experience of our users. You will become a key contributor to the codebase willing to work in any area of the code when needed.


Our ability to deliver quality software to our customers in a timely, predictable manner will be directly attributable to your capacity to identify and address challenges faced by the initiatives you will be leading.


**Essential Duties and Responsibilities**

* Help drive development of the Hirevue Interviewing Product Line, ensuring that we’re utilizing the best development techniques, patterns, frameworks and libraries for the team’s initiatives owned by you and/or peers


	+ Analyze Product Requirements and write Technical Designs
	+ Write simple, clear, secure, resilient code
	+ Write unit tests
	+ Review the code of others
	+ Mentor your peers
	+ Collaborate in and/or own the Research and Planning of new Initiatives
* Own and ensure the resolution of complex problems found in our systems
* Find opportunities to broadcast knowledge and lessons learned amongst your peers
* Blend a risk\\-based approach to technical choices from design to operational practice
* Ensure patterns are in place to provide thorough automated testing at each level of the test pyramid
* Communicate patterns and solutions through both thorough written documentation and technical presentations
**Qualifications**
------------------

**We’re looking for an experienced, full\\-stack engineer. More specifically, we’re looking for:**

* Someone with experience designing, building, deploying, supporting SaaS products in a cloud\\-based world. You should have strong knowledge of:


	+ Cloud Services and Best Practices (AWS)
	+ Multiple platforms and languages (C\\#/.NET, Python, React, etc)
	+ RESTFul APIs and MVC Web Patterns
	+ Docker and virtualization technologies
	+ Operational Monitoring, Instrumentation, and Diagnostics
* Someone who understands fundamental computer science concepts. That doesn’t necessarily mean you have a CS degree. You should be able to describe technical design options, engineering trade\\-offs, making technical recommendations and decisions that balance performance and elegance with delivery and functional outcomes
* Someone with a firm grasp of SQL and databases in general (including non\\-relational databases). You should know about CRUD patterns, relational design, what indexes are and why they matter, and the difference between a left join and an inner join.
* Someone to work hand in hand with Product and UX, to design solutions that deliver business value and delight customers.

**Required Qualifications:**

* Due to responsibilities of this role that require elevated access to production data, the successful candidate for this position must be a US\\-based US citizen.
* B.S. in Computer Science (or related field), equivalent trade school degree, or equivalent work experience.
* 5\\+ years in a software engineering role
* Strong proficiency with most or all languages and technologies listed below
* Experience working effectively in a global virtual environment
* Ability to design and code scalable, reliable, and cost\\-effective cloud applications.
* Knowledge of microservices architecture and containerization (e.g., Docker)
* Understanding of security best practices

**Certificates, Licenses, Registrations**

* AWS and/or Software Development certifications preferred
* Experience building software on a complex platform preferred
* Experience Mentoring Others preferred
**Additional Information**
--------------------------

**Why Hirevue?**


All team members at Hirevue are expected to embody our core values, which are the H.E.A.R.T. of Hirevue. They are: Hero for our Customers, Enjoy the Journey, Always do the Right Thing, Reach Forwards, and Take Action and Go.


Flexible Paid Time Off \\| Medical, Dental, Vision \\| 12 Weeks Maternity \\& Adoption \\| 401K match


Click Here for US Benefits

**This position is a work\\-from\\-home role.** The individual in this role must be able to work from home in an environment free from distractions, where they can attend virtual video meetings.


Hirevue takes security seriously and has measures in place to protect work\\-related data in a remote setting. Our organization has implemented a BYOD (Bring Your Own Device) policy, HireVue uses Google User Enrollment, which ensures personal apps and data are kept separate from work apps and data should you choose to use your personal device for work purposes. HireVue can manage only the work\\-related aspects of the device, ensuring privacy for personal data.

*Hirevue is committed to equal treatment and opportunity in all aspects of recruitment, selection, and employment. All qualified applicants will receive consideration for employment without regard to race, color, religion, sex, sexual orientation, gender identity, national origin, disability, veteran status, or any other category protected under the law. HireVue is an equal opportunity employer; committed to a community of inclusion, and an environment free from discrimination, harassment, and retaliation. All your information will be kept confidential according to EEO guidelines.*

*Hirevue is NOT currently hiring in:*

*AK, HI, IA, ME, MS, NM or WV.*

*\\#remote\\-us*","","https://www.indeed.com/cmp/Hirevue,-Inc.","","http://www.hirevue.com","South Jordan, UT","51 to 200","$5M to $25M (USD)","","","","","","",""
"in-c6ae09e4ae37bc36","indeed","https://www.indeed.com/viewjob?jk=c6ae09e4ae37bc36","https://careers.pennymac.com/jobs/39122/job?utm_source=indeed_integration&iis=Job%20Board&iisn=Indeed&indeed-apply-token=73a2d2b2a8d6d5c0a62696875eaebd669103652d3f0c2cd5445d3e66b1592b0f","Fullstack Developer","PENNYMAC","Carrollton, TX, US","2026-05-26","","direct_data","yearly",90000.0,150000.0,"USD",False,"","","","","PENNYMAC:

Pennymac (NYSE: PFSI) is a specialty financial services firm with a comprehensive mortgage platform and integrated business focused on the production and servicing of U.S. mortgage loans and the management of investments related to the U.S. mortgage market.  

At Pennymac, our people are the foundation of our success and at the heart of our dynamic work culture. Together, we work towards a unified goal of helping millions of Americans achieve aspirations of homeownership through the complete mortgage journey.
A Typical Day:

The **Fullstack****Developer** will be responsible for the overall coding and design of technology solutions that address the business needs of Pennymac. As the **Fullstack** **Developer**, you will be part of a diverse, high energy team focused on **full life\\-cycle development.**  

The **Fullstack** **Developer** will:* Create complex, enterprise\\-transforming business applications and write high quality code
* Use the latest technologies and tools.
* Have a high\\-level thinking across entire technology stack, not single\\-layer specialization
* Follow proven development patterns to design and develop stable and highly available applications
* Show composure when troubleshooting high impact issues.
* Work closely with the business and other development teams to ensure applications deliver high value.
* Design, Install, Configure, Maintain, and troubleshoot infrastructure and applications.
* Demonstrate behaviors which are aligned with the organization’s desired culture and values.


What You’ll Bring:
* Bachelor’s degree or 3\\+ years relevant experience.
* Proven ability to resolve production issues in a timely manner.
* Knowledge of **design patterns** and **unit testing**.
* Experience with **Web Development** (**JS, TS, React,** etc…).
* **Backend** programming \\& **API** experience (**Go** \\& **NoSQL/Mongo**).
* **Scripting** experience with **Python** \\& **Bash**.
* Familiarity with **Cloud Services**, primarily **AWS**.
* Experience building or working with scalable applications (**Kubernetes / Docker**).
* Understands **CICD / DevOps** best practices .
* Experience working with a team using **Git** or other version management systems.
* Strong communication skills to interface with internal and external parties.


*Nice to haves (not required)** *Networking knowledge essential for full\\-stack developers; applications require understanding of latency, bandwidth, and network architecture impact, so a f**amiliarity with Networking Fundamentals and different Network Protocols.*
	+ *SIP*
	+ *RTP*
	+ *TCP/IP*
	+ *DTMF*
	+ *QOS*
* *Experience with communication platforms.*
	+ *SMS*
	+ *contact center*
* *Experience analyzing packet captures.*
* *Linux Experience.*
* *Freeswitch development.*
* *Experience with event driven architecture.*
* *Familiarity with Chef \\& Infrastructure as Code.*
	+ *Troposphere*
	+ *AWS CDK*
* *Experience with authentication flows such as OAuth2\\.*
* *Familiarity with SCRUM and Agile best practices.*
* *Experience in implementing and maintaining CRMs.*


Why You Should Join:

As one of the top mortgage lenders in the country, Pennymac has helped over 4 million lifetime homeowners achieve and sustain their aspirations of home. Our vision is to be the most trusted partner for home. Together, 4,000 Pennymac team members across the country are guided by our core values: to be Accountable, Reliable and Ethical in all that we do. Pennymac is committed to conducting a business that makes positive contributions and promotes long\\-term sustainable growth and to fostering an equitable and inclusive environment, where all employees and customers feel valued, respected and supported. **Benefits That Bring It Home:** Whether you're looking for flexible benefits for today, setting up short\\-term goals for tomorrow, or planning for long\\-term success and retirement, Pennymac's benefits have you covered. Some key benefits include:* Comprehensive Medical, Dental, and Vision
* Paid Time Off Programs including vacation, holidays, illness, and parental leave
* Wellness Programs, Employee Recognition Programs, and onsite gyms and cafe style dining (select locations)
* Retirement benefits, life insurance, 401k match, and tuition reimbursement
* Philanthropy Programs including matching gifts, volunteer grants, charitable grants and corporate sponsorships

  

To learn more about our benefits visit: https://pennymacnews.page.link/benefits  

For residents with state required benefit information, additional information can be found at: https://www.pennymac.com/additional\\-benefits\\-information **Compensation:** Individual salary may vary based on multiple factors including specific role, geographic location / market data, and skills and experience as defined below:* Lower in range \\- Building skills and experience in the role
* Mid\\-range \\- Experience and skills align with proficiency in the role
* Higher in range \\- Experience and skills add value above typical requirements of the role

  

Some roles may be eligible for performance\\-based compensation and/or stock\\-based incentives awarded to employees based on company and individual performance.  

\\#TPO  


Salary: $90,000 \\- $150,000 Work Model: OFFICE","","https://www.indeed.com/cmp/Pennymac-2dd02824","https://d2q79iu7y748jz.cloudfront.net/s/_squarelogo/256x256/6287a16097d1feb6a86e6e2a99cb8283","http://www.pennymac.com","Westlake Village, CA","1,001 to 5,000","$1B to $5B (USD)","Since 2008, Pennymac has been a top national mortgage lender, committed to providing each and every customer with the right home loan and superior service long after closing.","","","","","",""
"in-08697b2a437a76b6","indeed","https://www.indeed.com/viewjob?jk=08697b2a437a76b6","https://careers-dminc.icims.com/jobs/28745/job?utm_source=indeed_integration&iis=Job%20Board&iisn=Indeed&indeed-apply-token=73a2d2b2a8d6d5c0a62696875eaebd669103652d3f0c2cd5445d3e66b1592b0f","Junior Software Developer","DMI","Washington, DC, US","2026-05-26","fulltime","","","","","",False,"","","","","About DMI:

DMI is a leading provider of digital services and technology solutions, headquartered in Tysons Corner, VA. With a focus on end\\-to\\-end managed IT services, including managed mobility, cloud, cybersecurity, network operations, and application development, DMI supports public sector agencies and commercial enterprises around the globe. Recognized as a Top Workplace, DMI is committed to delivering secure, efﬁcient, and cost\\-effective solutions that drive measurable results. Learn more at www.dminc.com
About the Opportunity:

DMI, LLC is seeking a **Junior Software Developer** to join us. The Junior Software Developer supports the design and development of enterprise software applications within NTSB's Microsoft ecosystem.  

**Duties and Responsibilities:*** Develop enterprise software applications using .NET Core MVC frameworks in C\\# and ASP.NET
* Build and maintain full\\-stack web solutions using JavaScript, JSON, HTML5, and CSS
* Write clean, testable code for web APIs and web\\-component\\-based user interfaces
* Assist in database development and integration with MS SQL Server
* Participate in agile ceremonies, sprint planning, and daily stand\\-ups
* Follow established coding standards and contribute to peer code reviews
* Support debugging, testing, and troubleshooting of existing applications
* Maintain technical documentation for assigned modules and components
* Coordinate with senior developers and database administrators to integrate solutions across NTSB systems


Qualifications:
**Education and Years of Experience:*** BA. or B.S. in Computer Science, Software Engineering, Information Technology, or a related field, with 5 to 6 years of full\\-stack development experience
* Proficiency in .NET Core, C\\#, JavaScript, JSON, HTML5, CSS, and MS SQL Server, with hands\\-on experience using MVC patterns
* Microsoft Certified Solutions Developer (MCSD) or equivalent certification Degree Substitution Eight additional years of relevant experience beyond the minimum may substitute for the required degree. Six additional years combined with a qualifying certification may also substitute.

**Background Requirements:** Must possess or be eligible to obtain and complete a Public Trust background investigation and/or a Public Trust clearance. **Citizenship Status Required:** Must be a U.S. Citizen **Physical Requirements:** None required for this position. **Location:**
490 L’Enfant Plaza, SW
Washington, District of Columbia 20594 **\\#LI\\-JL1**
Working at DMI:

DMI is a diverse, prosperous, and rewarding place to work. Our culture is shaped by five core values that guide how we work, grow, and succeed together:* **Do What’s Right** – We lead with honesty and integrity.
* **Own the Outcome** – We take responsibility and deliver.
* **Deliver for Our Customers** – We are relentless about delivering value.
* **Think Bold, Act Smart** – We innovate with purpose.
* **Win Together** – We collaborate and celebrate our success.


These values aren’t just ideals—they show up in how we support every part of your well\\-being:* **Convenience/Concierge** – Virtual health visits, commuter perks, pet insurance, and entertainment discounts that make life easier.
* **Development** – Annual performance reviews, tuition assistance, and internal career growth opportunities to help you thrive.
* **Financial** – Generous 401(k) matches, life and disability insurance, and financial wellness tools to support your future.
* **Recognition** – Annual awards, service anniversaries, referral bonuses, and peer\\-to\\-peer shoutouts that spotlight your achievements.
* **Wellness** – Healthcare coverage, wellness programs, flu shots, and biometric screenings to support your health.


DMI values employees for their talents and contributions, and we take pride in helping our customers achieve their goals. Because when we live our values, we all win together. **\\*\\*\\*\\*\\*\\*\\*\\*\\*\\*\\*\\*\\*\\*\\*\\*\\* No Agencies Please \\*\\*\\*\\*\\*\\*\\*\\*\\*\\*\\*\\*\\*\\*\\*\\*\\***  

Applicants selected may be subject to a government security investigation and must meet eligibility requirements for access to classified information. US citizenship may be required for some positions.","","https://www.indeed.com/cmp/Dmi-a4790562","https://d2q79iu7y748jz.cloudfront.net/s/_squarelogo/256x256/9ea2157091143c8c6a8c7ef3dc2b3a08","https://www.dminc.com","McLean, VA","1,001 to 5,000","$100M to $500M (USD)","DMI is a leading provider of digital services & tech solutions with a focus on end-to-end managed services, including managed mobility, cloud, cybersecurity, network ops & application development.","","","","","",""
"in-11fba5ebf3e632aa","indeed","https://www.indeed.com/viewjob?jk=11fba5ebf3e632aa","https://careers-dminc.icims.com/jobs/28744/job?utm_source=indeed_integration&iis=Job%20Board&iisn=Indeed&indeed-apply-token=73a2d2b2a8d6d5c0a62696875eaebd669103652d3f0c2cd5445d3e66b1592b0f","Senior Software Developer","DMI","Washington, DC, US","2026-05-26","fulltime","","","","","",False,"","","","","About DMI:

DMI is a leading provider of digital services and technology solutions, headquartered in Tysons Corner, VA. With a focus on end\\-to\\-end managed IT services, including managed mobility, cloud, cybersecurity, network operations, and application development, DMI supports public sector agencies and commercial enterprises around the globe. Recognized as a Top Workplace, DMI is committed to delivering secure, efﬁcient, and cost\\-effective solutions that drive measurable results. Learn more at www.dminc.com
About the Opportunity:

DMI, LLC is seeking a **Senior Software Developer** to join us. The Senior Software Developer designs, develops, and maintains enterprise software applications across NTSB's Microsoft\\-centric, Azure\\-hosted environment, contributing independently across the full development lifecycle. **Duties and Responsibilities:*** Design and develop ASP.NET Core web APIs and web\\-component\\-based user interfaces using .NET Core MVC frameworks in C\\#
* Build and maintain enterprise applications including full\\-stack .NET solutions using JavaScript, JSON, HTML5, and CSS
* Design and manage databases in MS SQL Server, including schema design, query optimization, and performance tuning
* Integrate applications with Azure infrastructure components, Azure DevOps pipelines, and SAML/OKTA authentication services
* Support and maintain existing production applications built on frameworks including Google Polymer, React JS, Quartz.NET, jQuery, and Bootstrap
* Participate in code reviews, establish development standards, and guide junior developers
* Develop and maintain applications in Microsoft Azure DevOps, following CI/CD best practices
* Collaborate with database administrators, system administrators, and program managers to deliver integrated solutions
* Produce technical documentation, including design specifications and API documentation


Qualifications:
**Education and Years of Experience:*** BS. or M.A. in Computer Science, Software Engineering, Information Technology, or a related field, with at least 10 years of software development experience, including 3 years in an agile environment
* Proficiency in ASP.NET Core, .NET Core MVC, C\\#, MS SQL Server, and web technologies including HTML5, CSS, JavaScript, and JSON
* Familiarity with Azure\\-hosted application environments and Microsoft Azure DevOps

**Background Requirements:** Must possess or be eligible to obtain and successfully complete a Public Trust background investigation and/or a Public Trust clearance. **Citizenship Status Required:** Must be a U.S. Citizen **Physical Requirements:** None required for this position. **Location:**
490 L’Enfant Plaza, SW
Washington, District of Columbia 20594 **\\#LI\\-JL1**
Working at DMI:

DMI is a diverse, prosperous, and rewarding place to work. Our culture is shaped by five core values that guide how we work, grow, and succeed together:* **Do What’s Right** – We lead with honesty and integrity.
* **Own the Outcome** – We take responsibility and deliver.
* **Deliver for Our Customers** – We are relentless about delivering value.
* **Think Bold, Act Smart** – We innovate with purpose.
* **Win Together** – We collaborate and celebrate our success.


These values aren’t just ideals—they show up in how we support every part of your well\\-being:* **Convenience/Concierge** – Virtual health visits, commuter perks, pet insurance, and entertainment discounts that make life easier.
* **Development** – Annual performance reviews, tuition assistance, and internal career growth opportunities to help you thrive.
* **Financial** – Generous 401(k) matches, life and disability insurance, and financial wellness tools to support your future.
* **Recognition** – Annual awards, service anniversaries, referral bonuses, and peer\\-to\\-peer shoutouts that spotlight your achievements.
* **Wellness** – Healthcare coverage, wellness programs, flu shots, and biometric screenings to support your health.


DMI values employees for their talents and contributions, and we take pride in helping our customers achieve their goals. Because when we live our values, we all win together. **\\*\\*\\*\\*\\*\\*\\*\\*\\*\\*\\*\\*\\*\\*\\*\\*\\* No Agencies Please \\*\\*\\*\\*\\*\\*\\*\\*\\*\\*\\*\\*\\*\\*\\*\\*\\***  

Applicants selected may be subject to a government security investigation and must meet eligibility requirements for access to classified information. US citizenship may be required for some positions.","","https://www.indeed.com/cmp/Dmi-a4790562","https://d2q79iu7y748jz.cloudfront.net/s/_squarelogo/256x256/9ea2157091143c8c6a8c7ef3dc2b3a08","https://www.dminc.com","McLean, VA","1,001 to 5,000","$100M to $500M (USD)","DMI is a leading provider of digital services & tech solutions with a focus on end-to-end managed services, including managed mobility, cloud, cybersecurity, network ops & application development.","","","","","",""
"in-673a0cdff7788bfa","indeed","https://www.indeed.com/viewjob?jk=673a0cdff7788bfa","https://careers-dminc.icims.com/jobs/28749/job?utm_source=indeed_integration&iis=Job%20Board&iisn=Indeed&indeed-apply-token=73a2d2b2a8d6d5c0a62696875eaebd669103652d3f0c2cd5445d3e66b1592b0f","Web Developer","DMI","Washington, DC, US","2026-05-26","fulltime","","","","","",False,"","","","","About DMI:

DMI is a leading provider of digital services and technology solutions, headquartered in Tysons Corner, VA. With a focus on end\\-to\\-end managed IT services, including managed mobility, cloud, cybersecurity, network operations, and application development, DMI supports public sector agencies and commercial enterprises around the globe. Recognized as a Top Workplace, DMI is committed to delivering secure, efﬁcient, and cost\\-effective solutions that drive measurable results. Learn more at www.dminc.com
About the Opportunity:

DMI, LLC is seeking a **Web Developer**to join us. The Web Developer designs and maintains public\\-facing and internal web applications supporting NTSB's digital presence and investigative workflow tools. This role works primarily within NTSB's Microsoft and open\\-source web stack, contributing to platforms including NTSB.gov,and Azure\\-hosted web applications.  

**Duties and Responsibilities:*** Develop and maintain web applications using HTML5, CSS, JavaScript, and React JS, following NTSB's established front\\-end standards
* Build and support .NET\\-based web applications using ASP.NET, Azure Functions, and Azure API Management
* Integrate web applications with back\\-end APIs, Azure services, and authentication systems including SAML/OKTA
* Support development and maintenance of public\\-facing web properties, including NTSB.gov and investigative information portals
* Write clean, accessible, and standards\\-compliant front\\-end code, applying Bootstrap, jQuery, and related frameworks as needed
* Participate in agile development cycles, including sprint planning, code reviews, and user acceptance testing
* Troubleshoot and resolve front\\-end performance issues, browser compatibility problems, and integration defects
* Maintain technical documentation for web components, APIs, and deployment configurations Required Qualifications
* Bachelor's degree (B.A. or B.S.) in Computer Science, Web Development, Information Technology, or a related field


Qualifications:
**Education and Years of Experience:*** 3 to 6 years of experience in web development, with a focus on full\\-stack or front\\-end development
* Proficiency in HTML5, CSS, JavaScript, and React JS
* Experience with .NET web frameworks, Azure Functions, or Azure API Management
* Familiarity with SAML/OKTA or similar authentication integration Preferred Qualifications
* Experience with Bootstrap, jQuery, or TypeScript
* Familiarity with SharePoint Online as a web content platform
* Experience working in a federal government web environment


Understanding of Section 508 accessibility requirements and WCAG 2\\.1 standards. Degree Substitution Eight additional years of relevant experience beyond the minimum may substitute for the required degree. Six additional years combined with a qualifying certification may also substitute **Background Requirements:** Must possess or be eligible to obtain and complete a Public Trust background investigation and/or a Public Trust clearance. **Citizenship Status Required:** Must be a U.S. Citizen **Physical Requirements:** None required for this position. **Location:** Washington, DC
Working at DMI:

DMI is a diverse, prosperous, and rewarding place to work. Our culture is shaped by five core values that guide how we work, grow, and succeed together:* **Do What’s Right** – We lead with honesty and integrity.
* **Own the Outcome** – We take responsibility and deliver.
* **Deliver for Our Customers** – We are relentless about delivering value.
* **Think Bold, Act Smart** – We innovate with purpose.
* **Win Together** – We collaborate and celebrate our success.


These values aren’t just ideals—they show up in how we support every part of your well\\-being:* **Convenience/Concierge** – Virtual health visits, commuter perks, pet insurance, and entertainment discounts that make life easier.
* **Development** – Annual performance reviews, tuition assistance, and internal career growth opportunities to help you thrive.
* **Financial** – Generous 401(k) matches, life and disability insurance, and financial wellness tools to support your future.
* **Recognition** – Annual awards, service anniversaries, referral bonuses, and peer\\-to\\-peer shoutouts that spotlight your achievements.
* **Wellness** – Healthcare coverage, wellness programs, flu shots, and biometric screenings to support your health.


DMI values employees for their talents and contributions, and we take pride in helping our customers achieve their goals. Because when we live our values, we all win together. **\\*\\*\\*\\*\\*\\*\\*\\*\\*\\*\\*\\*\\*\\*\\*\\*\\* No Agencies Please \\*\\*\\*\\*\\*\\*\\*\\*\\*\\*\\*\\*\\*\\*\\*\\*\\***  

Applicants selected may be subject to a government security investigation and must meet eligibility requirements for access to classified information. US citizenship may be required for some positions.","","https://www.indeed.com/cmp/Dmi-a4790562","https://d2q79iu7y748jz.cloudfront.net/s/_squarelogo/256x256/9ea2157091143c8c6a8c7ef3dc2b3a08","https://www.dminc.com","McLean, VA","1,001 to 5,000","$100M to $500M (USD)","DMI is a leading provider of digital services & tech solutions with a focus on end-to-end managed services, including managed mobility, cloud, cybersecurity, network ops & application development.","","","","","",""
"in-623ad57a66a94f1a","indeed","https://www.indeed.com/viewjob?jk=623ad57a66a94f1a","https://careers.enlyte.com/jobs/19027/job?utm_source=indeed_integration&iis=Job%20Board&iisn=Indeed&indeed-apply-token=73a2d2b2a8d6d5c0a62696875eaebd669103652d3f0c2cd5445d3e66b1592b0f","Senior Full Stack .NET Developer","Enlyte","Remote, US","2026-05-26","fulltime","direct_data","yearly",87000.0,125000.0,"USD",True,"","","","","Company Overview:

At Enlyte, we combine innovative technology, clinical expertise, and human compassion to help people recover after workplace injuries or auto accidents. We support their journey back to health and wellness through our industry\\-leading solutions and services. Whether you're supporting a Fortune 500 client or a local business, developing cutting\\-edge technology, or providing clinical services you'll work alongside dedicated professionals who share your commitment to excellence and make a meaningful impact. Join us in fueling our mission to protect dreams and restore lives, while building your career in an environment that values collaboration, innovation, and personal growth. **Be part of a team that makes a real difference.**
Job Description :
**This is a full\\-time remote position that can be located anywhere in the U.S.**  

  

**Must be willing to work PST timezone from 9 to 5**  

As a Senior Software Development Engineer, you will lead the design, development, testing, and deployment of features and enhancements for Casualty Solutions Group products. This is a hands\\-on full stack role where deep .NET experience is required, while frontend and backend technology backgrounds can vary as long as you can design, build, and support production systems end to end.
You will also play a mentoring role by supporting junior engineers through technical guidance, collaboration, and strong communication.**Key Responsibilities**
------------------------

* Lead development of core features and architecture for assigned projects, ensuring high standards for code quality, performance, and scalability.
* Own delivery across the software development life cycle from design through implementation, testing, and release.
* Build and maintain backend services and APIs using .NET/ASP.NET patterns and best practices.
* Contribute to frontend development in modern frameworks (React or equivalent) and drive cohesive full stack solutions.
* Mentor and coach junior engineers through code reviews, pairing, and technical guidance.
* Troubleshoot and resolve production issues across application layers.
* Partner with cross\\-functional teams and communicate project status, tradeoffs, and risks to stakeholders.


Qualifications:
* BS in Computer Science or related field, MS preferred.
* 5\\+ years of professional software engineering experience.
* 5\\+ years of hands\\-on experience with C\\# and .NET.
* 5\\+ years of hands\\-on experience with ASP.NET / ASP.NET Core (required).
* Full stack development experience across backend and frontend applications.
* General backend understanding with experience in one or more of the following: Microsoft SQL Server, PostgreSQL, or similar backend/data technologies.
* Hands\\-on depth in at least one modern frontend framework (React, Angular, Vue, or equivalent).
* Experience building and consuming REST APIs using best practices.
* Experience with CI/CD tooling such as Jenkins, Azure Pipelines, and/or GitHub Actions.
* Experience with Git\\-based source control workflows.
* Basic familiarity applying AI tools/capabilities in software development workflows.
* Strong communication, collaboration, and mentoring skills, especially when working with junior team members.
* Must reside in the Pacific or Mountain time zone

**Preferred Qualifications**
----------------------------

* Experience with containerization and orchestration technologies such as Docker and/or Kubernetes.
* Experience with cloud platforms (AWS and/or Azure).
* Experience with Agile/Scrum delivery models.
* Experience with infrastructure and automation tools such as Ansible.


Benefits:

We’re committed to supporting your ultimate well\\-being through our total compensation package offerings that support your health, wealth and self. These offerings include Medical, Dental, Vision, Health Savings Accounts / Flexible Spending Accounts, Life and AD\\&D Insurance, 401(k), Tuition Reimbursement, and an array of resources that encourage a lifetime of healthier living. Benefits eligibility may differ depending on full\\-time or part\\-time status. Compensation depends on the applicable US geographic market. The expected base pay for this position ranges from $87,000 \\- $125,000 annually, and will be based on a number of additional factors including skills, experience, and education.  

*The Company is an equal opportunity employer. All qualified applicants will receive consideration for employment without regard to race, religion, color, national origin, gender, gender identity, sexual orientation, age, status as a protected veteran, among other things, or status as a qualified individual with disability.*

  

Don’t meet every single requirement? Studies have shown that women and underrepresented minorities are less likely to apply to jobs unless they meet every single qualification. We are dedicated to building a diverse, inclusive, and authentic workplace, so if you’re excited about this role but your past experience doesn’t align perfectly with every qualification in the job description, we encourage you to apply anyway. You may be just the right candidate for this or other roles.
\\#LI\\-Remote
\\#LI\\-FP1","","https://www.indeed.com/cmp/Enlyte","https://d2q79iu7y748jz.cloudfront.net/s/_squarelogo/256x256/3365ee5913b2bd65291bcfd6f808858a","https://www.enlyte.com/","9771 Clairemont Mesa Blvd, Suite A,
San Diego, CA 92124","5,001 to 10,000","$1B to $5B (USD)","Our employees share a passion for developing technology and delivering clinical solutions that support people in their journey back health and wellness after an injury at work or car accident.","","","","","",""
"in-6df68db1d4e2c231","indeed","https://www.indeed.com/viewjob?jk=6df68db1d4e2c231","https://uscareers-waters.icims.com/jobs/26498/job?utm_source=indeed_integration&iis=Job%20Board&iisn=Indeed&indeed-apply-token=73a2d2b2a8d6d5c0a62696875eaebd669103652d3f0c2cd5445d3e66b1592b0f","Support Programmer","Waters","Golden, CO, US","2026-05-26","","direct_data","yearly",87500.0,145500.0,"USD",False,"","","","","Overview:

We need your talent!  

Waters Corporation is currently seeking a **Support Programmer to join our Clinical LIMS team based in Golden, Colorado.**  

Our work has real\\-world impact. Our market\\-leading Clinical LIMS platform, **OMNI\\-Lab**, is used globally to support newborn screening programs in hospitals, helping detect life\\-threatening conditions early and improve outcomes for infants around the world.  

If you’re passionate about building high\\-quality software and want your work to directly support life\\-saving healthcare systems, we’d love to hear from you.  

You will work in a fast\\-paced, agile environment and engage in technical discussions, participate in technical designs, demonstrate problem\\-solving abilities, and present and share ideas through global collaboration.
Responsibilities:
**What You’ll Do:**
As part of our agile and collaborative team, you will:* Provide **technical support** to customers, logging issues and ensuring timely resolution
* **Diagnose, troubleshoot, and resolve** software defects and production issues
* Design, develop, test, and maintain **scalable full\\-stack solutions**
* Collaborate with engineers, product specialists, and global teams to deliver new features
* Participate in **technical design discussions** and contribute innovative ideas
* Support **end\\-to\\-end feature development**, from concept through deployment
* Help maintain the **performance, stability, and integrity** of our Clinical LIMS platform
* Escalate and coordinate customer issues with the appropriate teams as needed
* Ensure software quality through **rigorous testing and code reviews**

  


Qualifications:
**Basic Qualifications*** Bachelor’s degree in Computer Science or a related field (or equivalent experience)
* 1\\+ years of experience building and supporting **complex, large\\-scale applications**
* Experience working in a **customer\\-facing or support\\-focused role**
* Strong problem\\-solving and debugging skills

 **Preferred Qualifications*** Experience in **clinical laboratory environments** (e.g., newborn screening, microbiology)
* Familiarity with **Intersystems Ensemble\\\\IRIS**
* Hands\\-on experience with modern web technologies (Angular, HTML, CSS, Javascript, Intersystems/cache, SQL)
* Strong written and verbal communication skills
* Ability to thrive in a **fast\\-paced, agile environment**

 **Benefits*** Paid parental leave
* Parental leave
* Health insurance
* 401(k) matching
* Paid time off
* Vision insurance
* Dental insurance

  


Company Description:

Waters Corporation (NYSE:WAT) is a global leader in life sciences and diagnostics, dedicated to accelerating the benefits of pioneering science through analytical technologies, informatics, and service. With a focus on regulated, high\\-volume testing environments, our innovative portfolio harnesses deep scientific expertise across chemistry, physics, and biology. We collaborate with customers around the world to advance the release of effective, high\\-quality medicines, ensure the safety of food and water, and drive better patient outcomes by detecting diseases earlier, managing routine infections, and combating antibiotic resistance. Through a shared culture of relentless innovation, our passionate team of \\~16,000 colleagues turn scientific challenges into breakthroughs that improve lives worldwide. *Diversity and inclusion are fundamental to our core values at Waters Corporation. It benefits our employees, our products, our customers and our community. Waters complies with all applicable federal, state, and local laws. Qualified applicants are considered without regard to sex, race, color, ancestry, national origin, citizenship status, religion, age, marital status (including civil unions), military service, veteran status, pregnancy (including childbirth and related medical conditions), genetic information, sexual orientation, gender identity, legally recognized disability, domestic violence victim status, or any other characteristic protected by law. Waters is proud to be an equal opportunity workplace and is an affirmative action employer. All hiring decisions are based solely on qualifications, merit, and business needs at the time.*
Key Words: Software Programmer Development Intersystems SQL Customer Support LIMS LIS Clinical Newborn Screening Laboratory","","https://www.indeed.com/cmp/Waters-8","https://d2q79iu7y748jz.cloudfront.net/s/_squarelogo/256x256/bd975cea10291ca5132fd5d95ed01df9","http://www.waters.com","Milford, MA","5,001 to 10,000","$1B to $5B (USD)","Waters is unlocking the potential of science by solving problems that matter. Are you ready to unlock your next opportunity with us?","","","","","",""
"in-c2be82c2c579e7f0","indeed","https://www.indeed.com/viewjob?jk=c2be82c2c579e7f0","https://careers.panasonicautomotive.com/jobs/45690/job?utm_source=indeed_integration&iis=Job%20Board&iisn=Indeed&indeed-apply-token=73a2d2b2a8d6d5c0a62696875eaebd669103652d3f0c2cd5445d3e66b1592b0f","Senior AI Full Stack Engineer","Panasonic Automotive","Farmington Hills, MI, US","2026-05-26","fulltime","","","","","",True,"","","","","Overview:

Senior AI Full Stack Engineer will design, build, and ship production\\-grade AI\\-powered applications that sit at the intersection of modern web engineering and the rapidly evolving world of generative AI and agentic systems.


We are looking for an engineer who is AI\\-native: someone who instinctively reaches for LLM APIs, RAG pipelines, multi\\-agent orchestration, and vector databases as core building blocks — while also owning the complete product surface from a performant React/Next.js front end through a scalable FastAPI or Node.js back end to cloud\\-deployed, observable production systems.


You will partner with AI Architects, data scientists, product managers, and UX designers to deliver AI\\-driven features across connected vehicle platforms, in\\-vehicle infotainment (IVI), manufacturing intelligence, and internal enterprise tools — serving customers and users at scale.


Responsibilities:
**A DAY IN THE LIFE:**

* Design and build end\\-to\\-end AI\\-powered product features — owning the full stack from React/Next.js UI through FastAPI/Node.js backend services to cloud infrastructure and LLM integrations
* Architect and implement LLM integration layers: connecting to OpenAI, Anthropic Claude, Google Gemini, Meta Llama, or other foundation models via APIs, fine\\-tuned endpoints, or on\\-device inference
* Build production\\-grade RAG (Retrieval\\-Augmented Generation) pipelines: document ingestion, chunking strategies, embedding generation, vector store management, and orchestrated retrieval for accurate, low\\-hallucination AI responses
* Develop multi\\-agent and agentic workflow systems using frameworks such as LangChain, LangGraph, CrewAI, or AutoGen — designing agent memory, tool use, planning loops, and goal decomposition
* Engineer prompt engineering strategies, guardrails, and context management systems that optimize LLM output for latency, cost, and quality at scale
* Build and maintain scalable microservices and event\\-driven backend architectures (Kafka, Redis, async queues) to handle high\\-throughput AI workloads and long\\-running agent tasks
* Design responsive, performant front\\-end experiences that elegantly surface AI capabilities — including real\\-time streaming responses (WebSocket/SSE), conversational UIs, AI\\-assisted dashboards, and multi\\-modal interfaces
* Establish observability and monitoring frameworks for AI production systems: model performance tracking, hallucination detection, token cost monitoring, latency profiling, and bias alerting
* Implement responsible AI controls at the application layer: input/output guardrails, content filtering, PII redaction, rate limiting, and audit logging for regulatory compliance.
* Integrate AI features into automotive\\-domain applications including connected vehicle dashboards, IVI systems, manufacturing quality intelligence platforms, and supply chain optimization tools
* Collaborate with AI Architects to translate architecture blueprints into production code; provide engineering feedback that improves architectural decisions
* Champion engineering excellence: code reviews, automated testing (unit, integration, AI evaluation), CI/CD pipelines, and documentation for AI\\-enabled features.

 **MUST\\-HAVES:**

* Bachelor’s degree in Computer Science, Software Engineering, or related technical field; Master’s degree a plus.
* 7\\+ years of professional full stack engineering experience with at least 2\\+ years building and shipping production AI/LLM\\-integrated features.
* Proven track record delivering AI\\-powered products to real users at scale — prototypes do not count
* Expert\\-level proficiency in React and Next.js (App Router, SSR, SSG, streaming); TypeScript required.
* Experience building real\\-time AI interfaces: streaming LLM responses via WebSocket or
* Server\\-Sent Events (SSE), conversational chat UIs, and multi\\-modal content displays.
* trong command of modern CSS, state management (Zustand, Redux Toolkit, or Jotai), and UI component libraries.  

Strong Python backend development using FastAPI (preferred) or equivalent; experience building async, high\\-throughput REST and streaming APIs.  

Solid understanding of microservices design patterns: event\\-driven architecture, message queues (Kafka, Redis Pub/Sub, Celery/Taskiq), and fault\\-tolerant distributed systems.  

Database proficiency: PostgreSQL, MongoDB, and Redis for caching and session management.
* Hands\\-on production experience integrating LLM APIs: OpenAI GPT\\-4o, Anthropic Claude, Google Gemini, Meta Llama, or Mistral.  

Deep expertise in RAG architecture: document processing, embedding models, chunking strategies, semantic search, vector databases (Pinecone, Weaviate, Chroma, pgvector, Qdrant).
* Experience with agentic AI frameworks: LangChain, LangGraph, LlamaIndex, CrewAI, AutoGen, or OpenAI Agents SDK.
* Strong prompt engineering and context engineering skills; experience designing multi\\-turn conversations, tool\\-calling workflows, and structured LLM output parsing.
* Experience implementing LLM guardrails, hallucination mitigation, and output validation for production systems.
* Strong experience with at least one major cloud platform: AWS, Azure, or GCP; familiarity with managed AI/ML services (AWS Bedrock, Azure OpenAI Service, Vertex AI).  

Containerization and orchestration: Docker and Kubernetes; experience with Helm charts and cloud\\-native deployments.
* CI/CD pipelines for AI\\-enabled products: automated testing, model evaluation gates, and zero\\-downtime deployments.
* AI observability tooling: LangSmith, Weights \\& Biases, Helicone, or Arize for LLM tracing, cost tracking, and quality monitoring.
* General observability: OpenTelemetry, Prometheus, Grafana, or Datadog for distributed tracing, metrics, and alerting.

 **BENEFITS \\& PERKS \\- WE'RE ALL ABOUT YOU:**

* Great Medical/Dental Benefits
* Company\\-Matched 401K Retirement Savings
* Annual Bonus Program
* Educational Assistance
* Relaxed Dress Code
* PASATalks Speaker Summits
* Leadership \\& Mentorship Programs
* High5 Reward Recognition Program
* Onsite Happy Hours
* And many more benefits \\& perks found within the ‘Our Culture’ section…

 **WHO WE ARE:**  

At Panasonic, our technology and engineering expertise delivers innovation across diverse industries. It's all about the consumer experience and making sure that we find ways to enhance that experience, either through audio enhancements or through safety enhancements inside the vehicle.  

  

Panasonic Automotive Systems Company of America (PASA) is an industry\\-leading global supplier to Automotive Original Equipment Manufacturers (OEM’s) for infotainment systems and advanced connected car solutions. Our clients include Ford, GM, Chrysler, Daimler, Fiat, Tesla, Honda, Toyota.  

  

**WE TAKE OPPORTUNITY SERIOUSLY:**  

Panasonic is an Equal Opportunity/Affirmative Action employer, and all qualified applicants will receive consideration for employment without regard to: race, color, religion, sex, sexual orientation, gender identity, national origin, age, genetic information, disability status, protected veteran status, or any other characteristics protected by law. All qualified individuals are required to perform the essential functions of the job with our without reasonable accommodations.  

  

Due to the high volume of responses, we will only be able to respond to candidates of interest. All candidates must have valid authorization to work in the U.S. Thank you for your interest in Panasonic Automotive Systems of America.  

 \\#LI\\-CW1


\\#LI\\-REMOTE","Auto","https://www.indeed.com/cmp/Panasonic-Automotive","https://d2q79iu7y748jz.cloudfront.net/s/_squarelogo/256x256/31554e2d9d192a3b33e461ce15264efd","http://careers.panasonic-automotive.com/","Peachtree City","1,001 to 5,000","$1B to $5B (USD)","We don't just strive to put tomorrow's technology on the road, we pride ourselves on recruiting the best and the brightest to do it.","","","","","",""
"in-1c04a9f371533f2c","indeed","https://www.indeed.com/viewjob?jk=1c04a9f371533f2c","https://grnh.se/6vew8rz23us","Software Architect – Manufacturing Test","Cerebras Systems","Sunnyvale, CA, US","2026-05-26","","direct_data","yearly",204000.0,245000.0,"USD",False,"","","","","Cerebras Systems builds the world's largest AI chip, 56 times larger than GPUs. Our novel wafer\\-scale architecture provides the AI compute power of dozens of GPUs on a single chip, with the programming simplicity of a single device. This approach allows Cerebras to deliver industry\\-leading training and inference speeds and empowers machine learning users to effortlessly run large\\-scale ML applications, without the hassle of managing hundreds of GPUs or TPUs.



Cerebras' current customers include top model labs, global enterprises, and cutting\\-edge AI\\-native startups. OpenAI recently announced a multi\\-year partnership with Cerebras, to deploy 750 megawatts of scale, transforming key workloads with ultra high\\-speed inference.



Thanks to the groundbreaking wafer\\-scale architecture, Cerebras Inference offers the fastest Generative AI inference solution in the world, over 10 times faster than GPU\\-based hyperscale cloud inference services. This order of magnitude increase in speed is transforming the user experience of AI applications, unlocking real\\-time iteration and increasing intelligence via additional agentic computation.


**About the Role**
As the Software Architect for Cerebras' manufacturing test platform, you will lead a team of Full Stack Engineers in designing and delivering the end\\-to\\-end software systems that power manufacturing test across every stage of our product lifecycle — from individual components to complete Cerebras systems. The platform spans both cloud infrastructure and physical client\\-server infrastructure deployed across our manufacturing facilities, and you will own the technical vision, architecture, and roadmap across the full stack. Working closely with hardware design, test engineering, operations, data analytics, and reliability teams, you will translate complex, cross\\-functional requirements into a cohesive software architecture that drives manufacturing efficiency, quality, and scale.

**Responsibilities**
* Define and own the technical architecture and long\\-term roadmap for the manufacturing test software platform, including test execution frameworks, user interfaces, distributed data storage, cloud services, on\\-site client\\-server systems, and reporting.
* Lead, mentor, and grow a team of Full Stack Engineers, setting technical standards for code quality, design patterns, testing, documentation, and operational excellence.
* Partner with hardware engineers, test developers, data engineers, operations, and reliability teams to translate business and engineering requirements into clear, scalable software designs.
* Drive key architectural decisions across the stack — from front\\-end frameworks and API design to database schemas, distributed data synchronization, cloud deployments, and on\\-prem infrastructure across multiple manufacturing facilities.
* Conduct design and code reviews, guide technical trade\\-offs, and ensure the team is building secure, reliable, and maintainable systems.
* Collaborate with engineering leadership on planning, prioritization, and delivery commitments, and represent the platform in cross\\-functional technical discussions.
* Identify opportunities to improve manufacturing efficiency, quality, and scalability through better tooling, automation, data infrastructure, and platform capabilities.

**Skills and Qualifications**
*Required*
* Bachelor's or Master's degree in computer science, computer engineering, or a related field.
* 8\\+ years of professional software engineering experience, including 2\\+ years in a technical leadership, staff engineer, or architect role.
* Demonstrated experience designing and delivering complex, full\\-stack software systems at scale, including distributed systems and data\\-intensive applications.
* Strong proficiency in at least one advanced programming language (e.g. Python, C\\+\\+) and deep familiarity with modern full\\-stack development practices.
* Experience architecting software for hardware manufacturing environments, such as manufacturing test automation, MES/test data systems, or manufacturing quality control.
* Experience architecting and building client\\-server software, including designing the protocols, APIs, and deployment patterns that connect on\\-site infrastructure to broader platform services.
* Experience with cloud platforms (e.g. AWS, GCP), including infrastructure\\-as\\-code, CI/CD, and production operations.
* Experience designing systems backed by both SQL databases (e.g. PostgreSQL, MySQL) and NoSQL databases (e.g. MongoDB, Redis), including schema design, performance tuning, and data modeling.
* Solid grounding in front\\-end technologies and frameworks (e.g. HTML, JavaScript, modern UI frameworks) and the ability to make sound architectural decisions about UI/API boundaries.
* Track record of mentoring engineers, leading technical projects end\\-to\\-end, and partnering effectively with cross\\-functional stakeholders.

*Preferred*
* Experience building distributed data platforms that synchronize across multiple sites or facilities.
* Experience with data engineering, data analytics, and/or business intelligence platforms, and partnering with data teams on reporting and visualization.
* Strong UI/UX sensibility and experience guiding the design of tools used by technical operators.
* Experience with networking and cybersecurity considerations in industrial or manufacturing settings.

The base salary range for this position is $204,000 to $245,000 annually. Actual compensation may include bonus and equity, and will be determined based on factors such as experience, skills, and qualifications.

#### **Why Join Cerebras**



People who are serious about software make their own hardware. At Cerebras we have built a breakthrough architecture that is unlocking new opportunities for the AI industry. With dozens of model releases and rapid growth, we've reached an inflection point in our business. Members of our team tell us there are five main reasons they joined Cerebras:



* Build a breakthrough AI platform beyond the constraints of the GPU.


* Publish and open source their cutting\\-edge AI research.


* Work on one of the fastest AI supercomputers in the world.


* Enjoy job stability with startup vitality.


* Our simple, non\\-corporate work culture that respects individual beliefs.



Read our blog: Five Reasons to Join Cerebras in 2026\\.


#### **Apply today and become part of the forefront of groundbreaking advancements in AI!**



*Cerebras Systems is committed to creating an equal and diverse environment and is proud to be an equal opportunity employer.* *We celebrate different backgrounds, perspectives, and skills. We believe inclusive teams build better products and companies.* *We try every day to build a work environment that empowers people to do their best work through continuous learning, growth and support of those around them.*



*This website or its third\\-party tools process personal data. For more details, click* *here* *to review our CCPA disclosure notice.*","","https://www.indeed.com/cmp/Cerebras-Systems","https://d2q79iu7y748jz.cloudfront.net/s/_squarelogo/256x256/9b8cd154d47926735c103f605ca141b1","https://www.cerebras.net","1237 E. Arques Avenue
Sunnyvale, CA 94085","201 to 500","","Cerebras is on a mission to change the compute landscape by accelerating artificial intelligence.","","","","","",""
"in-b728919ee50ec5b1","indeed","https://www.indeed.com/viewjob?jk=b728919ee50ec5b1","https://jobs.ashbyhq.com/nerdwallet/86d3520d-151c-4ff7-9670-0bad9f6e307a?utm_source=aWoMeXVRKM","Staff Software Engineer (Consumer Engineering)","NerdWallet","US","2026-05-26","fulltime","direct_data","yearly",152000.0,282000.0,"USD",True,"","","","","At NerdWallet, we’re on a mission to bring clarity to all of life’s financial decisions and every great mission needs a team of exceptional Nerds. We’ve built an inclusive, flexible, and candid culture where you’re empowered to grow, take smart risks, and be unapologetically yourself (cape optional). Whether remote or in\\-office, we support how you thrive best. We invest in your well\\-being, development, and ability to make an impact because when one Nerd levels up, we all do.


The Staff Software Engineer in Consumer Engineering is a hands\\-on engineer responsible for leading the execution of the team's most complex technical work across the full stack. This role owns the delivery of high\\-quality software at scale, setting the engineering standard and pace for the team. The Staff Engineer also brings a leadership multiplier to the team, partnering with Product and Engineering to inform technical direction, mentor those around them, and help the team operate at its best. They are a force multiplier whose contributions raise the bar of the team, set the pace and ultimately lead the team to success.


The Staff Software Engineer will be a technical leader and thought partner to the Engineering Manager, Product Manager, and partner teams, driving architecture decisions, roadmap planning, and engineering best practices. In this role you will work hands\\-on to build and maintain full\\-stack features and services. As someone who prides themselves on accountability, you will own production reliability for Consumer Credit Cards, taking ownership of setting up observability tooling, responding to incidents, and ensuring that alerts are properly in place for both technical and business failure events. You will leverage your experience and expertise in the field to mentor and coach other engineers on the team by technical guidance through code reviews, paired programming, and documentation as opportunities arise.


This role reports to the Senior Manager, Engineering.

**Where you can make an impact:**
=================================

* Lead the execution of the team's most complex technical initiatives across the full stack setting the engineering standards and pace for the team to follow.
* Lead technical design and architecture for complex features, documenting systems, identifying tradeoffs, and ensuring solutions are maintainable, scalable, performant, and production\\-ready (including observability, alerting, and web performance).
* Mentor and uplevel engineers through actionable code reviews, pair programming, and knowledge sharing; advocate for and improve the team's technical best practices.
* Partner with the EM and PM to collaboratively roadmap large tracks of work, break down business requirements into technical requirements, and help the team hit deadlines. Proactively manage stakeholders, communicate upward, and build cross\\-team influence.
* Participate in the team’s Pod Lead rotation, responding to incidents, serving stakeholder needs and being on\\-call via PagerDuty for a week at a time (roughly once every 4\\-6 weeks).

**Your experience:**
====================

**Technical Skills**

* 8\\-10\\+ years of software engineering experience as a Full\\-stack web developer with a frontend bias
* Production experience at scale
* Strong expertise in React, TypeScript, Node.js and Next.js.
* Hands\\-on experience with observability tools (DataDog or similar)
* Deep knowledge of web performance (Core Web Vitals, caching, critical rendering path, static generation)
* Experience building REST APIs, GraphQL graphs and utilizing cloud services (Vercel \\& AWS or similar: GCP, Azure, etc.) to build backends and data systems
* Familiarity with utilizing AI software\\-development tools such as Claude Code, Codex, Cursor, etc. to accelerate development
* 1\\-2\\+ years experience as in a tech lead capacity

**Behavioral Skills**

* **Ownership and accountability** \\- comfort navigating ambiguity and operating without clear direction to take action and drive projects forward.
* **Communication** \\- skilled at translating complex concepts into language that resonates across varying levels of expertise.
* **Collaborative** \\- able to easily build relationships and trust with teammates across a variety of teams and disciplines
* **Data\\-driven** \\- preference to let data tell the story and validate assumptions through metrics tracking and testing
* **Align and execute** \\- you are able to facilitate technical discussions, drive decisions, and commit to outcomes even when they weren't the preferred choice.

**Preferred Qualifications:**

* Experience with Infrastructure as Code (IaC)
* Experience with organically driven/SEO\\-focused marketplace websites at scale
* A portfolio or Github profile highlighting their work experience, side projects, open\\-source contributions, etc.
* An online blog w/ technical writings, case studies and/or knowledge shares.
* Next.js 13\\+ experience, including App Router.
* Data analytics experience

**Where:**
==========

* This role will be remote (based in the U.S.).
* We believe great work can be done anywhere. No matter where you are based, NerdWallet offers benefits and perks to support the physical, financial, and emotional well being of you and your family.

**What we offer:**
==================

**Work Hard, Stay Balanced (Life’s a series of balancing acts, eh?)**

* Industry\\-leading medical, dental, and vision health care plans for employees and their dependents
* Rejuvenation Policy – Flexible Vacation Time Off \\+ 11 holidays \\+ holiday company shutdown
* New Parent Leave for employees with a newborn child or a child placed with them for adoption or foster care
* Mental health support
* Paid sabbatical after 5 years for Nerds to recharge, gain knowledge, and pursue their interests
* Health and Dependent Care FSA and HSA Plan with monthly NerdWallet contribution
* Monthly Wellness Stipend, Cell Phone Stipend, and Wifi Stipend (Only remote Nerds are eligible for the Wifi Stipend)
* Work from home equipment stipend and co\\-working space subsidy (Only remote Nerds are eligible for these stipends)

**Have Some Fun! (Nerds are fun, too)**

* Nerd\\-led group initiatives – Employee Resource Groups for Parents, Diversity, and Inclusion, Women, LGBTQIA, and other communities
* Hackathons and team events across all teams and departments
* Company\\-wide events like NerdLove (employee appreciation) and our annual Charity Auction
* Our Nerds love to make an impact by paying it forward – Take 8 hours of volunteer time off per quarter and donate to your favorite causes with a company match

**Plan for your future (And when you retire on your island, remember the little people)**

* 401K with 4% company match
* Be the first to test and benefit from our new financial products and tools
* Financial wellness, guidance, and unlimited access to a Certified Financial Planner (CFP) through Northstar
* Disability and Life Insurance with employer\\-paid premiums


If you are based in California, we encourage you to read this important information for California residents linked here.


NerdWallet is committed to pursuing and hiring a diverse workforce and is proud to be an equal opportunity employer. We prohibit discrimination and harassment on the basis of any characteristic protected by applicable federal, state, or local law, so all qualified applicants will receive consideration for employment.


NerdWallet will consider qualified applicants with a criminal history pursuant to the California Fair Chance Act and the San Francisco Fair Chance Act, which requires this notice, as well as the Los Angeles Fair Chance Act, which requires this notice.


NerdWallet participates in the Department of Homeland Security U.S. Citizenship and Immigration Services E\\-Verify program for all US locations. For more information, please see:

* E\\-Verify Participation Poster (English\\+Spanish/Español)
* Right to Work Poster (English) / (Spanish/Español)


\\#LI\\-Remote


Compensation Range: $152K \\- $282K","","https://www.indeed.com/cmp/Nerdwallet","https://d2q79iu7y748jz.cloudfront.net/s/_squarelogo/256x256/8050e0da6214cc32004be9df9f02a628","https://www.nerdwallet.com","San Francisco, CA","501 to 1,000","Decline to state","NerdWallet is on a mission to provide clarity for all of life’s financial decisions.","","","","","",""
"in-aea2e7e42ca981c2","indeed","https://www.indeed.com/viewjob?jk=aea2e7e42ca981c2","https://jobs.ashbyhq.com/metriport/85bd7ce4-6ac5-43d9-aa9a-0f07dcd94f0b?utm_source=vg3xPrw8YZ","Sr. Software Engineer","","San Francisco, CA, US","2026-05-26","fulltime","direct_data","yearly",160000.0,220000.0,"USD",True,"","","","","**Senior Software Engineer**
============================


San Francisco, CA


On\\-site


Metriport is an open\\-source data intelligence platform that helps healthcare organizations access and exchange patient data in real\\-time. We integrate with all major US healthcare IT systems and tap into comprehensive medical data for 300\\+ million individuals.


We've found product\\-market fit with multi\\-million ARR, 100\\+ customers (including Strive Health, Circle Medical, and Brightside Health), backing from top VCs, and years of runway. We're ready to scale. We're a tight\\-knit, high\\-performing team of mostly former founders (including two YC alumni). We're engineering\\-heavy, operate with minimal bureaucracy and high autonomy, and hire based on competence, not prestige. We push hard—founders work six days a week from our SF office—but give everyone freedom to craft their schedule. We measure output and we're committed to sustainable intensity.

**About you**
-------------


In a nutshell, we're looking for “generalist” engineers with the following specific qualities:

* You’re entrepreneurial\\-minded, with an olympian\\-level work ethic (nearly our entire engineering team consists of former founders).
* You are confident in your ability to build scalable systems across the full stack, and people usually come to you for technical guidance.
* You believe you can solve any problem that comes at you, and don't shy away from diving deep into areas where you may lack domain expertise.
* You have a strong sense of ownership over your work, and have demonstrated the ability to lead others.
* You care more about the end result and delivering value to a customer, rather than what new and frilly tech is being used under the hood for a given feature.
* When someone scopes out a project with an ETA of 3 weeks, you ask yourself ""why can't it be done in 3 days?"".
* You’re a hacker at heart, and have a good sense of what rules should, and shouldn’t, be broken.

**What you'll be doing**
------------------------


After quickly ramping up using our comprehensive onboarding materials to get familiar with our domain, and codebase, the goal would be to get you shipping products directly to customers as quickly as possible. Specifically, day to day, this looks like:

* Driving projects, big and small, end\\-to\\-end from ideation to production rollout:


	+ Writing project design docs, reviewing them with the team, and incorporating feedback, to come to the best solution.
	+ Getting PRs up for a v0 as quickly as possible to our staging environment, and then rolling out to some pilot customers for production validation, while collaborating with the team as needed.
	+ Getting the solution from v0 to v1 while incorporating customer feedback.
	+ Rolling out the v1 solution to all of our customers.
* These projects could include things like:


	+ Scaling out a service built to get us to product\\-market fit, so it supports 100x the original load.
	+ Identify the main opportunities to manage infra costs, plan and implement changes in the platform to achieve savings while increasing scalability.
	+ Building an OpenSearch cluster to allow healthcare providers to quickly search across a patient's entire medical history.
	+ Transforming incoming TCP messages from hospitals using a 90s era protocol to modern HTTP based webhooks that we route to our customers.
	+ Using LLMs to transform freeform doctors notes into medical data we can add to patient medical records.
* Reviewing PRs for other engineers, and knowing when to take extra time to keep quality high versus when to get things out the door quickly.
* Managing your own work in Linear.
* Participating in bi\\-weekly sprint planning / retro sessions, and quarterly planning sessions.
* Attending a daily 30 minute remote stand\\-up at 7:30am PST Mon\\-Fri (our only regular mandatory meeting).
* Participating in a daily on\\-call rotation where you’ll be responsive to alerts, customer issues, and work towards fixing the “important but not urgent” items in our backlog that move the needle on DX\\-related topics so we can ship quicker as we go.

**Requirements**
----------------

* You have 6\\+ years experience as a full\\-stack engineer, with a heavy lean towards back\\-end.
* Experience developing and maintaining cloud\\-based platforms, including scaling it out, infra as code, and monitoring.
* Extra points if you have experience processing large amounts of data, including moving it across different services, transforming/consolidating, and building services to query it.
* You’re located in San Francisco or the Bay Area (or willing to relocate).
* Healthcare experience isn't required, but if the following terms mean something to you, that's a plus: FHIR, HIE, IHE, EHR/EMR, NPI, TEFCA, ADT, HL7, HEDIS, RAF, SNOMED, LOINC, ICD\\-10, etc.

**Benefits**
------------

* Competitive equity \\+ compensation package
* Full family Platinum health insurance, dental, and vision coverage
* 401(k) retirement plan \\+ matching
* Flexible work from home or in\\-office
* Healthy lunches are complimentary when working in\\-office (and breakfast \\+ dinners as needed)
* Quarterly company off\\-sites with the team
* MacBook provided by us
* Unlimited PTO (we work hard, but trust you to take time you need to be at your best)

**Our tech**
------------


On the frontend, we use React \\- on the backend, we rely on Node.js and TypeScript for writing core business logic. We deploy a wide range of AWS cloud services (ie ECS, Fargate, Lambda, etc), and manage our infrastructure as code with AWS CDK. Data lives in PostgreSQL, DynamoDB, S3, Snowflake, FHIR server, and more.


The ideal person for this role is a generalist who knows how to pick the best tool for the job.


Metriport provides equal employment opportunities (EEO) to all employees and applicants for employment without regard to race, color, religion, sex, national origin, age, disability, genetics, sexual orientation, gender identity, or gender expression. We are committed to a diverse and inclusive workforce and welcome people from all backgrounds, experiences, perspectives, and abilities.


Compensation Range: $160K \\- $220K","","","","","","","","","","","","","",""
"in-14d53da160f9c6d6","indeed","https://www.indeed.com/viewjob?jk=14d53da160f9c6d6","https://recruitingbypaycor.com/career/JobIntroduction.action?id=8a78839f9e46f5dc019e51beff9a6331&source=Indeed+Free","Senior Software Developer (Job ID:4322)","Valkyrie Enterprises","Huntsville, AL, US","2026-05-26","","","","","","",False,"","","","","**Senior Software Developer**
*Contingent upon Customer Approval*
**Purpose:**
* Valkyrie Enterprises has an immediate need for a highly motivated and skilled **Senior Software Developer** on\\-site in **Huntsville, AL**.
* Join the team responsible for the Missile Defense System (MDS) Ground Test (GT) scenario design for the Missile Defense Agency (MDA).
* MDA GTs are critical to assess the performance of our nation’s defense systems through a variety of Hardware in the Loop (HWIL) and simulation\\-based tests.
* Excellent opportunity to work on cutting\\-edge defense technologies while contributing to the security of our nation.

**Job Description:**
* Hands\\-on engineering role embedded within a development team, collaborating closely with engineers and software developers to maintain .NET Framework web applications, design and code new .NET Core web applications, and maintain existing and design and code new .NET Core Web Services that support the scenario design process.
* Maintain ASP.NET Core Web Services that implement mathematical models of sensors and weapons systems.
* Design, develop, and maintain web\\-based applications and web services used in the MDS Ground Test scenario design process.
* Collaborate with cross\\-functional teams of engineers and developers to enhance and modernize tools and processes.
* Participate in requirements gathering and interface directly with end\\-users to understand their needs and design solutions.
* Perform full\\-stack development tasks including working with SQL databases, back\\-end services, and front\\-end UI components.
* Help modernize our tools and processes and drive innovation and efficiency in our mission.

Target Candidate:
* Applies best practices for software development, focusing on quality, scalability, and maintainability.
* Ensures timely completion of tasks with a focus on excellence, even within tight deadlines.
* Contributes to team knowledge and innovation by bringing new ideas and solutions to the table.
* Works effectively in a fast\\-paced, collaborative team environment.
* Creative, collaborator, and a passion for continuous learning.

**Qualifications:**
* Must have a Bachelor’s Degree in Software Engineering, Computer Science, or a related technical discipline and at least 10\\-plus years of experience with full\\-stack development, including front\\-end technologies (HTML, CSS, JavaScript, ASP.NET, ASP.NET Core) and back\\-end development (C\\#, .NET Framework, .NET Core) with demonstrated ability to work on large\\-scale projects.
* Must have familiarity with web service development
* Must have the ability to work with advanced math and physics, particularly vector mathematics.
* Must be Proficient in designing, implementing, and optimizing SQL database structures and queries.
* Must have excellent problem\\-solving skills and the ability to adapt to new technologies quickly.
* Must have the ability to communicate effectively with end\\-users and technical teams to understand and meet user requirements.
* Must be highly motivated, proactive, and committed to delivering quality work within deadlines.

**Desired Qualifications:**
* Experience with Agile development methodologies, preferred.
* Familiarity with Software Development Life Cycle (SDLC) processes and best practices, preferred.
* Previous experience in the defense or aerospace industry is preferred.
* Passion for working on mission\\-critical applications in a fast\\-paced environment, , preferred.
* Active SECRET security clearance, preferred.

**Security Requirements:**
* Must have the ability to obtain and maintain a Secret clearance.

**Travel Requirements:**
* Occasional or No Travel\\- less than 10%.
* If position requires travel by domestic flight or access to secure federal facilities/military bases, candidate must be able to obtain (by start of position) and maintain appropriate identification credentials, such as REAL ID. (More information regarding REAL ID can be found: https://www.dhs.gov/real\\-id)

**Physical Requirements:**
* Remaining in a stationary position.
* Moving about to accomplish tasks or moving from one worksite to another
* Communicating with others to exchange information
* Repeating motions that may include the wrists, hands and/or fingers.
* Light work that includes moving objects up to 20 pounds.

**Valkyrie strictly adheres to a policy of equal employment opportunity. This policy is based on Valkyrie’s commitment to hire and retain qualified employees consistent with position requirements; and to seek, employ, promote and treat all employees and applicants for employment without regard to race, color, religious creed, national origin, ancestry, citizenship status, pregnancy, childbirth, physical disability, mental disability, age, military status or protected veteran status, marital status, registered domestic partner or civil union status, gender (including sex stereotyping and gender identity or expression), medical condition, genetic information or sexual orientation or other protected characteristics.**
Additionally, Valkyrie Enterprises provides a variety of benefits to eligible employees to support your best health, wellness, and future, to include medical/dental/vision options, company paid life and disability insurances, 401k with match, education reimbursement, as well as company paid holidays and paid time off (PTO).","","https://www.indeed.com/cmp/Valkyrie-Enterprises","https://d2q79iu7y748jz.cloudfront.net/s/_squarelogo/256x256/8809cdbeb8beced854d04d40211969c9","http://www.valkyrie.com","Virginia Beach","51 to 200","$25M to $100M (USD)","","","","","","",""
"in-91f58cfc682a69de","indeed","https://www.indeed.com/viewjob?jk=91f58cfc682a69de","https://probity.com/careers-listing/?gnk=job&gni=8a7887a19e46f5e2019e662b41e8277c&gns=Indeed+Free","KD Applications Developer","Probity Inc.","Herndon, VA, US","2026-05-26","","","","","","",False,"","","","","**PLEASE NOTE:** This position requires an **ACTIVE** Top Secret/SCI Clearance with Polygraph. To be considered for this position, you **MUST** have an **ACTIVE** Clearance Level of **Top Secret/SCI with Polygraph**  


Position Code: 10\\-SO0417\\-2
Location: Herndon, VA  


**Position Description:**
Currently seeking a Senior Full Stack Web Application Developer in Herndon VA to work on a suite of services that will supply users with tools to automate a wide range of enterprise\\-wide applications and data centric mission management applications. The candidate will be part of a team of Software Developers, ETL Developers, and Data Scientists to enhance existing production applications and build out new web services on a routinized production cadence to meet the evolving needs of users. This is an exciting opportunity for Software Developers wanting to broaden their credentials in the realm of artificial intelligence and machine learning (AI/ML). This is also an exciting opportunity for the Software Developers to develop hands\\-on experience with new technical tools/applications.
Development will take place in an iterative fashion using Agile development methodology with input from all levels of stakeholders. The candidate must have the ability to communicate with project team members, user community, and leadership to assess changes and demonstrate iterative progress.
**This position will include a variety of activities, including:**
Fundamental understanding of analytic tools and capabilities.
* Integrating AI/ML technology into a production web application.
* Participation with iterative software development teams with adherence to all reporting requirements.
* Designing, developing and unit testing code for a production system and demonstration capabilities.
* Developing rapid prototypes to drive out requirements and design.
* Providing demonstrations and detailed walk through of features to a variety of technical and non\\-technical audiences.
* Meeting with stakeholders, analyzing requirements, developing user stories, and translating these into software development tasks.
* Development of technical documentation and briefing materials to support program status reviews, control gates, and other presentations as directed.


**Mandatory Skills:**
The ideal Senior\\-Level candidate will have a blend of at least three of the following skillsets:
* Experience in Agile team and software development methodologies.
* Minimum 4\\-6 years building web applications using Angular, React or JavaScript with specific examples. Java Spring framework is a plus.
* Solid understanding around UI/UX fundamentals.
* Minimum 2\\-4 years of work experience using a Linux Operating system.
* Minimum 2\\-4 years of demonstrated experience with development and deployment of applications in cloud services; such as: AWS, C2S, Azure, Oracle Cloud.
* Minimum 2\\-3 years of demonstrated ability to design, develop, test and implement new applications based on project requirements.
* The ability to work individually as well as the ability to work in project teams. Proven ability in decomposing concepts to discrete development tasks and managing your work to a deadline.
* Familiarity of microservices up to include: docker, podman, and or containerization services.
* Minimum 3\\-4 years of demonstrated experience using coding language: Java, Python, JavaScript, CSharp. Python preferred. Other areas of object orientated programming will be considered.
* Candidates must have a Bachelors' Degree and a minimum of eight (8\\) years of experience, or 11 years of experience without a degree.


**Optional Skills:**
* Fundamental understanding around text analytics and its applications/role/use in business intelligence/business analytics (i.e. search, entity extraction, sentiment analysis, document summarization, document categorization) whether through education or experience.
* Demonstrated experience developing proof of concepts of new technologies and evaluating the state of the art in machine learning algorithms for text analytics whether through education or experience.
* Fundamental understanding around machine learning frameworks such as PyTorch, Keras, Tensorflow whether through education or experience is a plus.
* Fundamental understanding of data visualization tools (i.e. Tableau, Pandas, D3\\.js, ggplot, etc) whether through education or experience.
* Experience with Relational or Non\\-Relational data stores such as MySQL, Postgres, MongoDB, or DynamoDB whether through education or experience.
* Familiarity with tools such as Jira, Confluence, and GitHub for documenting work a plus.","","https://www.indeed.com/cmp/Probity-Inc.","https://d2q79iu7y748jz.cloudfront.net/s/_squarelogo/256x256/92178e22fe122bf700866b976ae0bf39","http://www.trueprobity.com","Herndon","51 to 200","$5M to $25M (USD)","","","","","","",""
"in-5e94c18c794794df","indeed","https://www.indeed.com/viewjob?jk=5e94c18c794794df","https://probity.com/careers-listing/?gnk=job&gni=8a7887a19e46f5e2019e6627ae292695&gns=Indeed+Free","KD Applications Developer","Probity Inc.","Herndon, VA, US","2026-05-26","","","","","","",False,"","","","","**PLEASE NOTE:** This position requires an **ACTIVE** Top Secret/SCI Clearance with Polygraph. To be considered for this position, you **MUST** have an **ACTIVE** Clearance Level of **Top Secret/SCI with Polygraph**  


Position Code: 10\\-SO0522\\-2
Location: Herndon, VA  


**Job Overview:**
Seeking a Full Stack Web Application Developer SME in Herndon VA to work on a suite of services that will supply users with tools to automate a wide range of enterprise\\-wide applications and data centric mission management applications. The candidate will be part of a team of Software Developers, ETL Developers, and Data Scientists to enhance existing production applications and build out new web services on a routinized production cadence to meet the evolving needs of users. This is an exciting opportunity for Software Developers wanting to broaden their credentials in the realm of artificial intelligence and machine learning (AI/ML).
Development will take place in an iterative fashion using Agile development methodology with input from all levels of stakeholders. The candidate must have the ability to communicate with project team members, user community, and leadership to assess changes and demonstrate iterative progress.
**This position will include a variety of activities, including:**
* Integrating AI/ML technology into a production web application.
* Participation with iterative software development teams with adherence to all reporting requirements.
* Designing, developing and unit testing code for a production system and demonstration capabilities.
* Developing rapid prototypes to drive out requirements and design.
* Providing demonstrations and detailed walk through of features to a variety of technical and non\\-technical audiences.
* Meeting with stakeholders, analyzing requirements, developing user stories, and translating these into software development tasks.
* Development of technical documentation and briefing materials to support program status reviews, control gates, and other presentations as directed.
* Write and maintain technical documentation for application workflows, integrations, and compliance procedures.
* Optimize and enhance application performance, ensuring scalability and security.


**Mandatory Skills:**
* Demonstrated experience on Agile software development teams following Agile methodologies, including Scrum and Kanban.
* Demonstrated experience using Jira, Confluence, and GitHub for documenting work and team collaboration.
* Minimum 8\\-10 years building web applications and UX/UI frameworks using Angular, React or JavaScript with specific examples. Java Spring framework is a plus.
* Minimum 6\\-8 years working in Linux Operating system.
* Minimum 4\\-6 years of demonstrated experience with development and deployment of applications in the Commercial Cloud Services (C2S) environment or an Amazon Web Services cloud environment. Willing to consider to substitute C2S if candidate has a minimum 4\\-6 years of cloud computing technology to include Azure, Oracle, Google, etc.
* Minimum 2\\-3 years of demonstrated experience with search \\& analytic tools. Examples to include ElasticSearch, Solr, OpenSearch.
* Minimum 2\\-3 years of demonstrated (Extract, Transform, Load \\- ETL) with large structured and unstructured raw data sets.
* Minimum 2\\-4 years of demonstrated ability to design, develop, test and implement new applications based on project requirements.
* The ability to work individually as well as the ability to work in project teams. Proven ability in decomposing concepts to discrete development tasks and managing your work to a deadline.
* Minimum 6\\-8 years of demonstrated ability in microservices up to and including docker, podman, and or containerization services.
* Minimum 4\\-6 years in Object Oriented programming. Python is preferred software development language, but would consider Java, JavaScript, C\\#, SQL, Etc.
* Bachelor’s degree in Computer Science, Math, or other relevant field and minimum of six years of experience (Master’s degree equates to an additional 2 years of relevant work experience)


**Optional Skills:**
* Demonstrated experience with text analytics and its applications/role/use in business intelligence/business analytics (i.e. search, entity extraction, sentiment analysis, document summarization, document categorization) whether through education or experience.
* Demonstrated experience developing proof of concepts of new technologies and evaluating the state of the art in machine learning algorithms for text analytics whether through education or experience.
* Demonstrated experience with machine learning frameworks such as PyTorch, Keras, Tensorflow whether through education or experience.
* Demonstrated experience with data visualization tools (i.e. Tableau, Pandas, D3\\.js, ggplot, etc) whether through education or experience.
* Demonstrated experience with Relational or Non\\-Relational data stores such as MySQL, Postgres, MongoDB, or DynamoDB whether through education or experience.
* Demonstrated experience using Natural Language Processing tools such as spaCy, NLTK, Stanford CoreNLP, or Gensim Natural Language Processing whether through education or experience.","","https://www.indeed.com/cmp/Probity-Inc.","https://d2q79iu7y748jz.cloudfront.net/s/_squarelogo/256x256/92178e22fe122bf700866b976ae0bf39","http://www.trueprobity.com","Herndon","51 to 200","$5M to $25M (USD)","","","","","","",""
"in-1cc994ebcdc15465","indeed","https://www.indeed.com/viewjob?jk=1cc994ebcdc15465","https://app.jobvite.com/CompanyJobs/Job.aspx?j=oGwbAfwH&loc=CUXyWfw5&s=Indeed","Engineering Manager","NRC Health","Remote, US","2026-05-26","","direct_data","yearly",156000.0,210600.0,"USD",True,"","","","","At NRC Health, we promise to help our customers bring Human Understanding to healthcare for their patients and communities. Our associates are at the heart of delivering that promise, so we promise that same Human Understanding to each other. Come where culture is everything. ***Our associates. . .*** **Have Purpose –** we do work that matters for our partners, the community, and the healthcare industry.
*Innovate* with us to move healthcare forward.
*Give back* to the community with paid volunteer time off. **Think Boldly** – we have big ideas and are empowered to “think like an owner.”
*Fit your role* and do what you love.
*Grow and develop* along a career path designed by you. **Feel Connected** – our favorite thing about our workday is each other.*Support one another* – no one says, “That’s not my job.”
*Celebrate with* *each other* at beer:30, virtual events, and company gatherings. **Be Understood** – we are each unique and want to live our best lives at work and home.*Let life happen* with My Time Off, a form of unlimited vacation, and up to 12 weeks paid for parental and emergency leave.
*Live healthy* with complimentary lifestyle and financial coaches, a wellness program, and a comprehensive insurance plan. ***Who we want:**** Do you write fast, clean, beautiful code that is robust, secure, scalable, and stable?
* Are you comfortable working across the full stack, SQL included?
* Do you thrive in a collaborative environment where all team members are empowered to design and deliver solutions to end\\-users?
* Do you have a strong understanding of .NET software development?
* Are you highly proficient in at least one object\\-oriented programming language?

 ***What you will do:***
As a Software Engineering Manager, you will be responsible for leading multiple teams of engineers to define, build, and deliver software solutions. You will need to be strong in AI\\-assisted software delivery, strategic planning, project management, and technical leadership. You will be required to foster a collaborative environment, ensuring teams are productive and aligned with company goals. Additionally, you will mentor and support your team leads and engineers to ensure we deliver a high\\-quality product to our customers. ***Key Responsibilities:**** Lead one or more multiple engineering teams with accountability for delivery, operational excellence, quality, security, scalability, and alignment to business outcomes
* Develop engineers through coaching, performance management, feedback, and career growth planning.
* Champion AI\\-forward engineering practices by driving responsible adoption of AI\\-assisted development, automation, and data\\-informed decision\\-making to improve productivity, quality, and innovation.
* Drive engineering maturity through continuous improvement in delivery practices, testing, reliability, observability, and technical excellence.
* Partner cross\\-functionally with Product, Design, Data, and Operations leaders to align roadmaps, priorities, dependencies, and customer outcomes.
* Guide architectural and technical decision\\-making to ensure systems are maintainable, resilient, performant, and aligned to long\\-term platform strategy.
* Manage team capacity, prioritization, and execution across multiple initiatives while balancing feature delivery, operational support, and technical debt reduction.
* Foster a high\\-performing, collaborative engineering culture grounded in accountability, ownership, inclusion, and continuous learning.
* Establish and monitor engineering health metrics, delivery performance, and operational indicators to support continuous improvement and organizational effectiveness.
* Lead incident management, risk mitigation, and operational readiness efforts to ensure reliable service delivery and effective customer support.
* Influence organizational strategy by identifying opportunities for process optimization, platform modernization, and scalable engineering practices.

 ***What you need:***  

* Bachelor’s Degree in Computer Science, MIS, IT, Engineering, or a related field with outstanding academics, or equivalent experience and the demonstrated ability to learn
* 7\\+ years’ experience working on a software development team
* 3\\+ years’ experience in a software leadership role overseeing one or more teams
* Experience using Claude Code and/or GitHub Copilot to accelerate and amplify software delivery
* Experience in web\\-based software delivery of client/customer\\-facing applications
* Experience working in a collaborative environment using agile methodologies
* Strong understanding of MVC, OOP design, data structures, and algorithms with emphasis on executing at scale
* Experience with test\\-driven development (NUnit or similar).
* Solid understanding of REST API design methodologies using .Net Core 3\\.x and newer (C\\#).
* Experience with building Micro Services with ASP.NET Core.
* Strong skills in modern web development practices.
* Familiarity with client\\-side web frameworks such as React, Angular or Vue
* Experience implementing serverless Cloud technologies such as AWS ECS, RDS, Lambda, and SQS or equivalent technologies
* Experience working effectively with non\\-technical business partners to inform product and business decisions
* Demonstrated design experience, including story decomposition and execution.
* Willingness to act as a mentor to other team members.

 ***Compensation***
In the spirit of pay transparency, we are excited to share the base salary range for this position is $156,000 \\- $210,600, exclusive of fringe benefits or potential bonuses. If you are hired at NRC Health, your final base salary compensation will be determined based on factors such as skills, education, and/or experience. In addition to those factors – we believe in the importance of pay equity and consider internal equity of our current team members as a part of any final offer. Please keep in mind that the range mentioned above is the full base salary range for the role. Hiring at the maximum of the range would not be typical in order to allow for future and continued salary growth. We also offer a generous compensation and benefits package. For more information on specific benefits, please refer to our Careers Page.  

NRC Health is not currently hiring in DE, HI, MD, NJ, RI, D.C.  

In general, NRC Health’s positions are closed within 30 days. However, factors such as candidate flow and business necessity may require NRC Health to shorten or extend the application window. We encourage our prospective candidates to submit their application expediently so as not to miss out on our opportunities.  

***Inclusion \\& Belonging***
At NRC Health, Inclusion \\& Belonging are essential to our mission as a company devoted to greater Human Understanding. For information about our efforts in this area, please refer to our Equal Employment Opportunity policy. ***Have*** ***Purpose. Think B******oldly. Feel*** ***C******onnected******. Be U******nderstood.***","","https://www.indeed.com/cmp/Nrc-Health","https://d2q79iu7y748jz.cloudfront.net/s/_squarelogo/256x256/dbbd65e7570c691ac166248cff357b53","http://www.nrchealth.com","Lincoln, NE","501 to 1,000","$100M to $500M (USD)","At NRC Health, culture and purpose are everything. It’s at the heart of what we do for our associates, clients, community, and industry.","","","","","",""
"in-0cc45c3cbced5796","indeed","https://www.indeed.com/viewjob?jk=0cc45c3cbced5796","https://app.jobvite.com/CompanyJobs/Job.aspx?j=oGwbAfwH&loc=CwisWfwW&s=Indeed","Engineering Manager","NRC Health","Lincoln, NE, US","2026-05-26","","direct_data","yearly",156000.0,210600.0,"USD",False,"","","","","At NRC Health, we promise to help our customers bring Human Understanding to healthcare for their patients and communities. Our associates are at the heart of delivering that promise, so we promise that same Human Understanding to each other. Come where culture is everything. ***Our associates. . .*** **Have Purpose –** we do work that matters for our partners, the community, and the healthcare industry.
*Innovate* with us to move healthcare forward.
*Give back* to the community with paid volunteer time off. **Think Boldly** – we have big ideas and are empowered to “think like an owner.”
*Fit your role* and do what you love.
*Grow and develop* along a career path designed by you. **Feel Connected** – our favorite thing about our workday is each other.*Support one another* – no one says, “That’s not my job.”
*Celebrate with* *each other* at beer:30, virtual events, and company gatherings. **Be Understood** – we are each unique and want to live our best lives at work and home.*Let life happen* with My Time Off, a form of unlimited vacation, and up to 12 weeks paid for parental and emergency leave.
*Live healthy* with complimentary lifestyle and financial coaches, a wellness program, and a comprehensive insurance plan. ***Who we want:**** Do you write fast, clean, beautiful code that is robust, secure, scalable, and stable?
* Are you comfortable working across the full stack, SQL included?
* Do you thrive in a collaborative environment where all team members are empowered to design and deliver solutions to end\\-users?
* Do you have a strong understanding of .NET software development?
* Are you highly proficient in at least one object\\-oriented programming language?

 ***What you will do:***
As a Software Engineering Manager, you will be responsible for leading multiple teams of engineers to define, build, and deliver software solutions. You will need to be strong in AI\\-assisted software delivery, strategic planning, project management, and technical leadership. You will be required to foster a collaborative environment, ensuring teams are productive and aligned with company goals. Additionally, you will mentor and support your team leads and engineers to ensure we deliver a high\\-quality product to our customers. ***Key Responsibilities:**** Lead one or more multiple engineering teams with accountability for delivery, operational excellence, quality, security, scalability, and alignment to business outcomes
* Develop engineers through coaching, performance management, feedback, and career growth planning.
* Champion AI\\-forward engineering practices by driving responsible adoption of AI\\-assisted development, automation, and data\\-informed decision\\-making to improve productivity, quality, and innovation.
* Drive engineering maturity through continuous improvement in delivery practices, testing, reliability, observability, and technical excellence.
* Partner cross\\-functionally with Product, Design, Data, and Operations leaders to align roadmaps, priorities, dependencies, and customer outcomes.
* Guide architectural and technical decision\\-making to ensure systems are maintainable, resilient, performant, and aligned to long\\-term platform strategy.
* Manage team capacity, prioritization, and execution across multiple initiatives while balancing feature delivery, operational support, and technical debt reduction.
* Foster a high\\-performing, collaborative engineering culture grounded in accountability, ownership, inclusion, and continuous learning.
* Establish and monitor engineering health metrics, delivery performance, and operational indicators to support continuous improvement and organizational effectiveness.
* Lead incident management, risk mitigation, and operational readiness efforts to ensure reliable service delivery and effective customer support.
* Influence organizational strategy by identifying opportunities for process optimization, platform modernization, and scalable engineering practices.

 ***What you need:***  

* Bachelor’s Degree in Computer Science, MIS, IT, Engineering, or a related field with outstanding academics, or equivalent experience and the demonstrated ability to learn
* 7\\+ years’ experience working on a software development team
* 3\\+ years’ experience in a software leadership role overseeing one or more teams
* Experience using Claude Code and/or GitHub Copilot to accelerate and amplify software delivery
* Experience in web\\-based software delivery of client/customer\\-facing applications
* Experience working in a collaborative environment using agile methodologies
* Strong understanding of MVC, OOP design, data structures, and algorithms with emphasis on executing at scale
* Experience with test\\-driven development (NUnit or similar).
* Solid understanding of REST API design methodologies using .Net Core 3\\.x and newer (C\\#).
* Experience with building Micro Services with ASP.NET Core.
* Strong skills in modern web development practices.
* Familiarity with client\\-side web frameworks such as React, Angular or Vue
* Experience implementing serverless Cloud technologies such as AWS ECS, RDS, Lambda, and SQS or equivalent technologies
* Experience working effectively with non\\-technical business partners to inform product and business decisions
* Demonstrated design experience, including story decomposition and execution.
* Willingness to act as a mentor to other team members.

 ***Compensation***
In the spirit of pay transparency, we are excited to share the base salary range for this position is $156,000 \\- $210,600, exclusive of fringe benefits or potential bonuses. If you are hired at NRC Health, your final base salary compensation will be determined based on factors such as skills, education, and/or experience. In addition to those factors – we believe in the importance of pay equity and consider internal equity of our current team members as a part of any final offer. Please keep in mind that the range mentioned above is the full base salary range for the role. Hiring at the maximum of the range would not be typical in order to allow for future and continued salary growth. We also offer a generous compensation and benefits package. For more information on specific benefits, please refer to our Careers Page.  

NRC Health is not currently hiring in DE, HI, MD, NJ, RI, D.C.  

In general, NRC Health’s positions are closed within 30 days. However, factors such as candidate flow and business necessity may require NRC Health to shorten or extend the application window. We encourage our prospective candidates to submit their application expediently so as not to miss out on our opportunities.  

***Inclusion \\& Belonging***
At NRC Health, Inclusion \\& Belonging are essential to our mission as a company devoted to greater Human Understanding. For information about our efforts in this area, please refer to our Equal Employment Opportunity policy. ***Have*** ***Purpose. Think B******oldly. Feel*** ***C******onnected******. Be U******nderstood.***","","https://www.indeed.com/cmp/Nrc-Health","https://d2q79iu7y748jz.cloudfront.net/s/_squarelogo/256x256/dbbd65e7570c691ac166248cff357b53","http://www.nrchealth.com","Lincoln, NE","501 to 1,000","$100M to $500M (USD)","At NRC Health, culture and purpose are everything. It’s at the heart of what we do for our associates, clients, community, and industry.","","","","","",""
"in-53e190982a9f3e54","indeed","https://www.indeed.com/viewjob?jk=53e190982a9f3e54","https://click.appcast.io/t/RZvm_o2ag2LbZa6uPZEnGMZ-H3_i4gSYQPitvC9uQQU=","Staff, Software Engineer","Walmart","Bentonville, AR, US","2026-05-26","","direct_data","yearly",110000.0,286000.0,"USD",False,"","","","","**Position Summary...**
-----------------------

**What you'll do...**
---------------------


As a **Staff Software Engineer** for Walmart’s Developer AI tool, Wibey, you will partner with other technical leaders to design, build, and iterate on the Wibey Core AI orchestration layers that enable intelligent, context\\-aware, and personalized developer experiences across Walmart’s global ecosystem. You'll bring deep technical execution to the intersection of AI systems, memory/context management, and multi\\-agent orchestration – turning architectural vision into working, production\\-quality software that shapes the future of developer productivity at scale.  

  

**About the team:**  

The Wibey Core team is a high\\-impact group of engineers who design and operate the intelligence layer powering Wibey, Walmart's AI super agent for builders. They sit at the intersection of cutting\\-edge AI and large\\-scale platform engineering, solving genuinely hard problems that make a measurable difference for our builders every day.  

  

**What you'll do:**
* Implement and iterate on complex problems in AI orchestration and context management, building the systems that connect multiple AI agents, MCP servers, and context pipelines while maintaining stateful, secure, and relevant contextual understanding across Wibey interfaces.
* Collaborate with technical leaders and product teams to contribute to technical roadmaps, author and review ADRs (Architectural Decision Records), build POCs and implement them in production.
* Partner with cross\\-functional engineering and product teams to translate requirements and architectural direction into well\\-designed, maintainable, and scalable solutions.
* Mentor junior and mid\\-level engineers on the team, helping grow technical craft and accelerating their contributions to Wibey Core.


  

**What you'll bring:**
* Experienced full stack development in NodeJS, Python, React, Java, Spring or similar
* Deep expertise in AI systems architecture, including multi\\-agent orchestration, language model interactions, context persistence, and retrieval\\-augmented generation (RAG) – with a track record of shipping these capabilities in production environments.
* Solid understanding of context and memory management in AI applications, including vector databases, embeddings, and session\\-state design.
* Ability to engage meaningfully in architectural discussions, influence technical direction, and contribute to design decisions alongside senior technical leaders.
* Exceptional communication and collaboration skills, with the ability to work effectively across engineering and product teams and clearly articulate technical tradeoffs.


  

At Walmart, we offer competitive pay as well as performance\\-based bonus awards and other great benefits for a happier mind, body, and wallet. Health benefits include medical, vision and dental coverage. Financial benefits include 401(k), stock purchase and company\\-paid life insurance. Paid time off benefits include PTO (including sick leave), parental leave, family care leave, bereavement, jury duty, and voting. Other benefits include short\\-term and long\\-term disability, company discounts, Military Leave Pay, adoption and surrogacy expense reimbursement, and more. You will also receive PTO and/or PPTO that can be used for vacation, sick leave, holidays, or other purposes. The amount you receive depends on your job classification and length of employment. It will meet or exceed the requirements of paid sick leave laws, where applicable. For information about PTO, see https://one.walmart.com/notices. Live Better U is a Walmart\\-paid education benefit program for full\\-time and part\\-time associates in Walmart and Sam's Club facilities. Programs range from high school completion to bachelor's degrees, including English Language Learning and short\\-form certificates. Tuition, books, and fees are completely paid for by Walmart.
  

Eligibility requirements apply to some benefits and may depend on your job classification and length of employment. Benefits are subject to change and may be subject to a specific plan or program terms.
  

For information about benefits and eligibility, see One.Walmart.
  

Bentonville, Arkansas US\\-30095: The annual salary range for this position is $110,000\\.00 \\- $220,000\\.00
  

Sunnyvale, California US\\-11657: The annual salary range for this position is $143,000\\.00 \\- $286,000\\.00
  

Bellevue, Washington US\\-11075: The annual salary range for this position is $132,000\\.00 \\- $264,000\\.00 Additional compensation includes annual or quarterly performance bonuses. Additional compensation for certain positions may also include :
  

* Stock


ㅤ


ㅤ


ㅤ


ㅤ


‎

**Minimum Qualifications...**
-----------------------------

*Outlined below are the required minimum qualifications for this position. If none are listed, there are no minimum qualifications.*

Option 1: Bachelor's degree in computer science, computer engineering, computer information systems, software engineering, or related area and 4 years’ experience in software engineering or related area.  

Option 2: 6 years’ experience in software engineering or related area.**Preferred Qualifications...**
-------------------------------

*Outlined below are the optional preferred qualifications for this position. If none are listed, there are no preferred qualifications.*


Master’s degree in Computer Science, Computer Engineering, Computer Information Systems, Software Engineering, or related area and 2 years' experience in software engineering or related area, We value candidates with a background in creating inclusive digital experiences, demonstrating knowledge in implementing Web Content Accessibility Guidelines (WCAG) 2\\.2 AA standards, assistive technologies, and integrating digital accessibility seamlessly. The ideal candidate would have knowledge of accessibility best practices and join us as we continue to create accessible products and services following Walmart’s accessibility standards and guidelines for supporting an inclusive culture.**Primary Location...**
-----------------------


2403 Se J St, Bentonville, AR 72716, United States of America
Walmart and its subsidiaries are committed to maintaining a drug\\-free workplace and has a no tolerance policy regarding the use of illegal drugs and alcohol on the job. This policy applies to all employees and aims to create a safe and productive work environment.","","https://www.indeed.com/cmp/Walmart","https://d2q79iu7y748jz.cloudfront.net/s/_squarelogo/256x256/9c80885fef258045d6217203814f0e34","https://careers.walmart.com","Bentonville, AR","10,000+","more than $10B (USD)","Headquartered in Bentonville, Arkansas, Walmart is a multinational corporation that operates the largest chain of department stores globally.","","","","","",""
"in-132ec3a8e9018054","indeed","https://www.indeed.com/viewjob?jk=132ec3a8e9018054","https://job-boards.greenhouse.io/cerebrassystems/jobs/7749004003","Software Architect – Manufacturing Test","Cerebras Systems","Sunnyvale, CA, US","2026-05-26","","direct_data","yearly",204000.0,245000.0,"USD",False,"","","","","Cerebras Systems builds the world's largest AI chip, 56 times larger than GPUs. Our novel wafer\\-scale architecture provides the AI compute power of dozens of GPUs on a single chip, with the programming simplicity of a single device. This approach allows Cerebras to deliver industry\\-leading training and inference speeds and empowers machine learning users to effortlessly run large\\-scale ML applications, without the hassle of managing hundreds of GPUs or TPUs.



Cerebras' current customers include top model labs, global enterprises, and cutting\\-edge AI\\-native startups. OpenAI recently announced a multi\\-year partnership with Cerebras, to deploy 750 megawatts of scale, transforming key workloads with ultra high\\-speed inference.



Thanks to the groundbreaking wafer\\-scale architecture, Cerebras Inference offers the fastest Generative AI inference solution in the world, over 10 times faster than GPU\\-based hyperscale cloud inference services. This order of magnitude increase in speed is transforming the user experience of AI applications, unlocking real\\-time iteration and increasing intelligence via additional agentic computation.


**About the Role**
As the Software Architect for Cerebras' manufacturing test platform, you will lead a team of Full Stack Engineers in designing and delivering the end\\-to\\-end software systems that power manufacturing test across every stage of our product lifecycle — from individual components to complete Cerebras systems. The platform spans both cloud infrastructure and physical client\\-server infrastructure deployed across our manufacturing facilities, and you will own the technical vision, architecture, and roadmap across the full stack. Working closely with hardware design, test engineering, operations, data analytics, and reliability teams, you will translate complex, cross\\-functional requirements into a cohesive software architecture that drives manufacturing efficiency, quality, and scale.

**Responsibilities**
* Define and own the technical architecture and long\\-term roadmap for the manufacturing test software platform, including test execution frameworks, user interfaces, distributed data storage, cloud services, on\\-site client\\-server systems, and reporting.
* Lead, mentor, and grow a team of Full Stack Engineers, setting technical standards for code quality, design patterns, testing, documentation, and operational excellence.
* Partner with hardware engineers, test developers, data engineers, operations, and reliability teams to translate business and engineering requirements into clear, scalable software designs.
* Drive key architectural decisions across the stack — from front\\-end frameworks and API design to database schemas, distributed data synchronization, cloud deployments, and on\\-prem infrastructure across multiple manufacturing facilities.
* Conduct design and code reviews, guide technical trade\\-offs, and ensure the team is building secure, reliable, and maintainable systems.
* Collaborate with engineering leadership on planning, prioritization, and delivery commitments, and represent the platform in cross\\-functional technical discussions.
* Identify opportunities to improve manufacturing efficiency, quality, and scalability through better tooling, automation, data infrastructure, and platform capabilities.

**Skills and Qualifications**
*Required*
* Bachelor's or Master's degree in computer science, computer engineering, or a related field.
* 8\\+ years of professional software engineering experience, including 2\\+ years in a technical leadership, staff engineer, or architect role.
* Demonstrated experience designing and delivering complex, full\\-stack software systems at scale, including distributed systems and data\\-intensive applications.
* Strong proficiency in at least one advanced programming language (e.g. Python, C\\+\\+) and deep familiarity with modern full\\-stack development practices.
* Experience architecting software for hardware manufacturing environments, such as manufacturing test automation, MES/test data systems, or manufacturing quality control.
* Experience architecting and building client\\-server software, including designing the protocols, APIs, and deployment patterns that connect on\\-site infrastructure to broader platform services.
* Experience with cloud platforms (e.g. AWS, GCP), including infrastructure\\-as\\-code, CI/CD, and production operations.
* Experience designing systems backed by both SQL databases (e.g. PostgreSQL, MySQL) and NoSQL databases (e.g. MongoDB, Redis), including schema design, performance tuning, and data modeling.
* Solid grounding in front\\-end technologies and frameworks (e.g. HTML, JavaScript, modern UI frameworks) and the ability to make sound architectural decisions about UI/API boundaries.
* Track record of mentoring engineers, leading technical projects end\\-to\\-end, and partnering effectively with cross\\-functional stakeholders.

*Preferred*
* Experience building distributed data platforms that synchronize across multiple sites or facilities.
* Experience with data engineering, data analytics, and/or business intelligence platforms, and partnering with data teams on reporting and visualization.
* Strong UI/UX sensibility and experience guiding the design of tools used by technical operators.
* Experience with networking and cybersecurity considerations in industrial or manufacturing settings.

The base salary range for this position is $204,000 to $245,000 annually. Actual compensation may include bonus and equity, and will be determined based on factors such as experience, skills, and qualifications.

#### **Why Join Cerebras**



People who are serious about software make their own hardware. At Cerebras we have built a breakthrough architecture that is unlocking new opportunities for the AI industry. With dozens of model releases and rapid growth, we’ve reached an inflection point in our business. Members of our team tell us there are five main reasons they joined Cerebras:



* Build a breakthrough AI platform beyond the constraints of the GPU.


* Publish and open source their cutting\\-edge AI research.


* Work on one of the fastest AI supercomputers in the world.


* Enjoy job stability with startup vitality.


* Our simple, non\\-corporate work culture that respects individual beliefs.","","https://www.indeed.com/cmp/Cerebras-Systems","https://d2q79iu7y748jz.cloudfront.net/s/_squarelogo/256x256/9b8cd154d47926735c103f605ca141b1","https://www.cerebras.net","1237 E. Arques Avenue
Sunnyvale, CA 94085","201 to 500","","Cerebras is on a mission to change the compute landscape by accelerating artificial intelligence.","","","","","",""
"in-858871a8423ac1bf","indeed","https://www.indeed.com/viewjob?jk=858871a8423ac1bf","https://hdsupply.jobs/us/en/job/HDSUUSR26002680EXTERNALENUS/Manager-Information-Technology?utm_source=indeed&utm_medium=phenom-feeds","Manager, Information Technology","HD Supply","Atlanta, GA, US","2026-05-26","fulltime","","","","","",False,"","","","","**Preferred Qualifications**

* **Technical Leadership \\& Team Scale:** 2\\+ years of formal people management or team leadership experience, with proven success managing offshore technical teams (specifically including teams in India) across multiple Agile/Scrum delivery pods.
* **Engineering Background:** Must have a strong technical foundation as a former hands\\-on Software Developer, DevOps Engineer, or Technical Lead within the last 7 years. *Pure project managers or non\\-technical scrum masters will not be considered.*
* **Full\\-Stack Application Knowledge:** Solid technical understanding of modern software development ecosystems, including backend (Java, .NET, Node.js) and frontend (React, Angular) frameworks.
* **DevOps \\& Infrastructure Familiarity:** Strong foundational knowledge of CI/CD pipelines (Azure DevOps, GitHub Actions, Jenkins) and Infrastructure as Code (Terraform, Bicep) to effectively guide technical teams and evaluate delivery metrics.
* **Delivery \\& Resource Management:** Proven capability to drive operational stability, manage resource allocation across growing teams, and ensure technology solutions closely align with business objectives.

**Job Summary**


Manages a team that develops, implements, and/or supports technology solutions for a business function. Ensures the operational stability of technology systems and applications and that technology solutions meet the needs of the company.

**Major Tasks, Responsibilities, and Key Accountabilities**

* Oversees technology development and support activities to ensure technology issues are resolved in a timely and cost\\-effective manner in accordance with governance and security processes.
* Manages and tracks the progress of multiple technology efforts, including administration, work plans, resource planning and control, status reports, and budgeting.
* Resolves problems by analyzing issues, recommending corrective actions, providing tactical direction, and reallocating associate resources where needed.
* Communicates activity statuses with technology teams, peers, management, and end\\-users.
* Provides management, coaching, and feedback to associates, including assessing performance and providing guidance and direction on work\\-related activities.
* Reviews operational processes and implements changes when needed.
* Works with leadership to align technology resources to appropriate projects and workstreams.
* Builds relationship with key stakeholders and operational groups to identify and resolve business issues.

 **Nature and Scope**

* Solutions require analysis and investigation.
* Achieves planned results by decisions and actions based on professional methods, business principles, and practical experience.
* Manages a group or team of professional individual contributors and/or indirectly supervises support staff.

**Work Environment**

* Located in a comfortable indoor area. Any unpleasant conditions would be infrequent and not objectionable.
* Most of the time is spent sitting in a comfortable position and there is frequent opportunity to move about. On rare occasions there may be a need to move or lift light articles.
* Typically requires overnight travel less than 10% of the time.

**Education and Experience**

* Typically requires BS/BA in a related discipline. Generally 7\\+ years of experience in a related field. May require certification. Advanced degree may offset less experience in some disciplines.

**Our Goals for Diversity, Equity, and Inclusion**


We are committed to creating a culture that promotes equity, respect, and advocacy for every HD Supply associate. We value the diversity of our people.

**Equal Employment Opportunity**


HD Supply is an Equal Opportunity/Affirmative Action Employer. All qualified applicants will receive consideration for employment without regard to race, color, religion, sex, pregnancy, sexual orientation, gender identity, national origin, age, protected veteran status, or disability status.","","https://www.indeed.com/cmp/Hd-Supply","https://d2q79iu7y748jz.cloudfront.net/s/_squarelogo/256x256/387276bacd12a1a71a149495fb5bf164","http://www.hdsupply.com","Atlanta, GA","10,000+","$5B to $10B (USD)","One of HD Supply's greatest assets and differentiators is our people. As a company, we believe in hiring only the best-of-the-best talent, those who will go above and beyond to solve our customers' to","","","","","",""
"in-a42a711acfa17b3a","indeed","https://www.indeed.com/viewjob?jk=a42a711acfa17b3a","https://career.lpl.com/job/R-050747/AVP-Software-Engineering","AVP, Software Engineering","LPL Financial","New York, NY, US","2026-05-26","","direct_data","yearly",154500.0,257500.0,"USD",False,"","","","","**Where Ambition Meets Innovation**


Build a career that matches all your initiative with an impressive dose of innovation. From cutting‑edge resources and a collaborative environment to the freedom to make an impact, you’ll find everything you need at LPL Financial to shape your success—while helping advisors deliver objective guidance to their clients.


Are you excited to help drive a large‑scale cloud transformation? Join LPL Financial’s Technology organization and play a pivotal role in building next‑generation, cloud‑native, omni‑channel platforms that serve our employees, independent financial advisors, and the clients who rely on them every day.

**Job Overview**


LPL Financial is seeking an AVP, Cloud Lead to join our Technology organization. Reporting to the Application Development Manager, this role partners closely with business stakeholders, architects, and engineering teams to design and deliver scalable, cloud‑native solutions aligned with product roadmaps and LPL’s long‑term technology vision.


This position is ideal for a hands‑on cloud engineering leader who thrives in complex environments, values collaboration, and is passionate about building high‑quality, resilient platforms that meet enterprise standards while enabling innovation.

**Responsibilities**

* Design and develop scalable, enterprise‑class applications in cloud or hybrid‑cloud environments
* Participate in all phases of the software development lifecycle, from concept through deployment and support
* Architect solutions that align with enterprise architecture standards and cloud best practices
* Build and support highly scalable core platform components used across applications and services
* Provide advanced troubleshooting and technical debugging support
* Evaluate new design proposals and recommend improvements that enhance scalability, performance, and reliability
* Assist with conceptual designs and rough‑order‑of‑magnitude (ROM) effort estimates
* Maintain clear, accurate, and up‑to‑date technical documentation
* Collaborate with Quality Assurance, Release Management, and Change Control to ensure smooth delivery

**What Are We Looking For?**


We’re looking for a strong collaborator who is client‑focused, technically curious, and energized by solving complex problems. The ideal candidate thrives in a fast‑paced environment, brings a continuous‑improvement mindset, and takes pride in delivering reliable, high‑quality solutions that create real business impact.

**Requirements**

* 7\\+ years of full‑stack application development experience using C\\#, Angular (or similar), and relational databases
* 5\\+ years of hands‑on experience designing and developing solutions in cloud or hybrid‑cloud environments
* Strong hands‑on experience with AWS, including services such as ECS/EKS, Fargate, VPC, S3, RDS/Aurora, DynamoDB, IAM, EC2, and Lambda
* Advanced SQL development experience with Oracle or PostgreSQL, including complex query design
* 8\\+ years of experience contributing to software architecture and product‑based application development

**Preferences**

* Cloud developer or engineer certification (AWS preferred)
* Experience delivering solutions in an Agile development environment
* Knowledge of microservices architecture, API‑driven systems, and event‑streaming platforms (Kafka and/or StreamSets a plus)
* Experience with Docker, Kubernetes, and Terraform
* Familiarity with DevSecOps, CI/CD pipelines, and infrastructure‑as‑code practices
* Experience mentoring or guiding other engineers through technical leadership
* Strong communication skills with the ability to influence and drive change

*Please note: This position does not offer work authorization sponsorship now or in the future. Applicants must have valid U.S. work authorization that does not require employer sponsorship.*

 **Pay Range:**

$154,500\\.00 \\- $257,500\\.00  


Actual base salary varies based on factors, including but not limited to, relevant skill, prior experience, education, base salary of internal peers, demonstrated performance, and geographic location. Additionally, LPL Total Rewards package is highly competitive, designed to support your success at work, at home, and at play – such as 401K matching, health benefits, employee stock options, paid time off, volunteer time off, and more. Your recruiter will be happy to discuss all that LPL has to offer! **Company Overview:**


LPL Financial Holdings Inc. (Nasdaq: LPLA) is among the fastest growing wealth management firms in the U.S. As a leader in the financial advisor\\-mediated marketplace(6\\) , LPL supports over 32,000 financial advisors and the wealth management practices of approximately 1,100 financial institutions, servicing and custodying approximately $2\\.3 trillion in brokerage and advisory assets on behalf of approximately 8 million Americans. The firm provides a wide range of advisor affiliation models, investment solutions, fintech tools and practice management services, ensuring that advisors and institutions have the flexibility to choose the business model, services, and technology resources they need to run thriving businesses. For further information about LPL, please visit www.lpl.com.

  

At LPL, independence means that advisors and institution leaders have the freedom they deserve to choose the business model, services, and technology resources that allow them to run a thriving business. They have the flexibility to do business their way. And they have the freedom to manage their client relationships, because they know their clients best. Simply put, we take care of our advisors and institutions, so they can take care of their clients.

  

For further information about LPL, please visit www.lpl.com.

  

Join the LPL team and help us make a difference by turning life’s aspirations into financial realities. Please log in or create an account to apply to this position. Principals only. EOE.

 **Information on Interviews:**


LPL will only communicate with a job applicant directly from an **@lplfinancial.com** email address and will never conduct an interview online or in a chatroom forum. During an interview, LPL will not request any form of payment from the applicant, or information regarding an applicant’s bank or credit card. Should you have any questions regarding the application process, please contact LPL’s Human Resources Solutions Center at (855\\) 575\\-6947\\.

  

EAC 5\\.19\\.26","","https://www.indeed.com/cmp/Lpl-Financial","https://d2q79iu7y748jz.cloudfront.net/s/_squarelogo/256x256/f91044adb73e66902d9adba08eae69fd","https://www.lpl.com","San Diego, CA","5,001 to 10,000","$1B to $5B (USD)","LPL Financial is the biggest independent broker-dealer in the nation, and has a well-deserved reputation with financial professionals for being financially strong, delivering great service, and having","","","","","",""
"in-37d9e3af3b8b4be4","indeed","https://www.indeed.com/viewjob?jk=37d9e3af3b8b4be4","https://spacedynamicslaboratory.applytojob.com/apply/l86BfTxajX/Full-Stack-Web-Developer?source=INDE&~","Full Stack Web Developer","Space Dynamics Laboratory","North Logan, UT, US","2026-05-26","fulltime","direct_data","yearly",90000.0,180000.0,"USD",False,"","","","employment@sdl.usu.edu","**Job ID: 8126**  

**Date Posted: May 26, 2026**  

  

Space Dynamics Laboratory (SDL) is seeking a motivated and team\\-oriented Full Stack Web Developer to develop database‐backed web applications, public facing websites, and interface with third\\-party applications. The selected candidate will work closely with a team of designers and developers to build functional and engaging websites, while ensuring the alignment of web design and user experience requirements.  

  

**Primary Responsibilities:**

* Writes clean, consistent, and well‐documented code
* Designs, implements, tests, and maintains web applications using a variety of web technologies and libraries
* Designs relational data models
* Collaborates in an Agile/Scrum development environment
* Builds software solutions for internal customers
* Provides operational support for existing systems
* Troubleshoots and resolves technical issues
* Gathers and evaluates user requirements and feedback with business process owners and team

  

**Qualifications:*** Bachelor’s degree in software engineering, information technology, computer science, or a related field
* **5\\+ years of full\\-time, professional** web application development experience
* Outstanding skills in two or more of the following:
	+ Front\\-end web development
	+ Application design and development
	+ Back\\-end development
	+ Relational databases
	+ Software quality assurance
* Superior analytical and problem\\-solving abilities
* Excellent verbal and written communication skills
* Must be self‐motivated and customer\\-service oriented
* Must be a U.S. citizen, lawful permanent resident of the U.S., or other U.S. person

  

**Preferred Qualifications:*** Master’s degree in software engineering, information technology, computer science, or a related field
* Understanding of UX/UI design principles
* Experience with responsive web design
* Experience with JavaScript frameworks including modern front\\-end libraries (e.g. Vue)

  

* **Salary Range**
* $90,000 \\- $180,000
	+ Salary commensurate on education and relevant experience

  

This range serves as a general guideline and may vary based on factors such as role, level, location, market conditions, and individual qualifications, including job\\-related skills, experience, and relevant education or training. The range displayed in the job advertisement reflects the minimum and maximum target salaries across all US locations. Specific salary details for a candidate’s preferred location can be provided by the recruiter or HR manager during the hiring process.  

  

**Why Join SDL?**  

* SDL offers competitive salaries and **a comprehensive benefits package**. Visit our **Benefits Page** to learn more about what we offer.

  

SDL delivers advanced multi\\-domain solutions to protect national security and enable scientific discovery. Our expertise in satellites, sensors and instruments, ground systems and data processing, and autonomous systems plays a critical role in missions supporting NASA and the Department of Defense. Join our team of engineers, scientists, technicians, and business professionals in our seventh decade of delivering mission success.  

  

At SDL, we strive to uphold a culture of respect, collaboration, empowerment, and accountability. We listen with open minds, seek to understand diverse perspectives, and engage in thoughtful dialogue. We work together by sharing knowledge, involving others, and offering support. We trust and empower our team members to take ownership, act with integrity, and be accountable. Above all, we deliver on our commitments to each other and to our mission partners.  

  

The application window for this position is expected to remain open for approximately 14 days; however, it may be shortened or extended depending on business needs and the availability of qualified candidates. We encourage interested candidates to submit their applications promptly.
For questions, assistance, or accommodation with the application process or the DoD SkillBridge program, please contact employment@sdl.usu.edu.


l86BfTxajX","Aerospace And Defense","https://www.indeed.com/cmp/Space-Dynamics-Laboratory","https://d2q79iu7y748jz.cloudfront.net/s/_squarelogo/256x256/0983d455fbcec5e3797eea29021d11cc","https://www.sdl.usu.edu/","1695 North Research Park Way, Logan, UT 84321","501 to 1,000","$25M to $100M (USD)","","","","","","",""
"in-f4f58d3268b4cdee","indeed","https://www.indeed.com/viewjob?jk=f4f58d3268b4cdee","https://gliacelltechnologies.applytojob.com/apply/YTEisdbFgp/Software-Engineer-Partial-Telework?source=INDE&~","Software Engineer (Partial Telework)","GliaCell Technologies","Annapolis Junction, MD, US","2026-05-26","fulltime","direct_data","yearly",115000.0,190000.0,"USD",True,"","","","","**\\*\\*\\*An active or rein\\-statable TS/SCI with Polygraph security clearance is REQUIRED. Please do not apply if you currently do not possess this level of clearance.\\*\\*\\***  

  

**Are you a Software Engineer who is ready for a new challenge that will launch your career to the next level?**

* Tired of being treated like a company drone?
* Tired of promised adventures during the hiring phase, then dropped off on a remote contract and never seen or heard from the mothership again?
* Our engineers were certainly tired of the same.

**At GliaCell our slogan is “We make It happen”.**

* We will immerse you in the latest technologies.
* We will develop and support your own personalized training program to continue your individual growth.
* We will provide you with work that matters with our mission focused customers, and surround you with a family of brilliant engineers.

**Culture isn’t something you need to talk about…if it just exists.**

**If this sounds interesting to you, then we’d like to have a discussion regarding your next adventure! If you want to be a drone, this isn’t the place for you.**

**We Make It Happen!**

*GliaCell Technologies focuses on Software \\& System Engineering in Enterprise and Cyber Security solution spaces. We excel at delivering stable and reliable software solutions using Agile Software Development principles. These provide us the capability to deliver a quick turn\\-around using interactive applications and the integration of industry standard software stacks.*

*GliaCell’s Enterprise capabilities include Full\\-Stack Application Development, Big Data, Cloud Technologies, Analytics, Machine Learning, AI, and DevOps Containerization. We also provide customer solutions in the areas of CND, CNE, and CNO by providing our customers with assessments and solutions in Threat Mitigation, Vulnerability Exposure, Penetration Testing, Threat Hunting, and Preventing Advanced Persistent Threat.*

**We Offer:**

* Long term job security
* Competitive salaries \\& bonus opportunities
* Challenging work you are passionate about
* Ability to work with some amazingly talented people

**Job Description:**


GliaCell is seeking a **Software Engineer** on one of our subcontracts. This is a full\\-time position offering the opportunity to support a U.S. Government customer. The mission is to provide technical expertise that assists in sustaining critical mission\\-related software and systems to a large government contract.

**Responsibilities:**

* Provide full stack developmental support for the AUTUMNATTIC tool that is built using the following technologies: Java, Angular, Elasticsearch
* Develop front end and back\\-end capabilities based on provided requirements
* Perform code reviews for capabilities developed by other team members
* Assist with diagnosing problems users are facing with AUTUMNATTIC

**Key Requirements:**


To be considered for this position you must have the following:

* **Possess an active or rein\\-statable TS/SCI with Polygraph security clearance.** (This position requires in\\-scope poly, within 7 years).
* U.S. Citizenship.
* 7\\+ years Software Engineering experience and a BS degree in Computer Science or related.
* Four (4\\) years of additional SWE experience on projects with similar software processes may be substituted for a bachelor’s degree.
* Works well independently as well as on a team.
* Strong communication skills.

**Key Skills:**

* Development experience with Java and Angular framework
* Build experience with GitLab and Docker
* Build experience with Kubernetes or Marathon

**Desired Skills:**

* Experience with language analyzers in Elasticsearch
* Experience with computer assisted translation tools such as LILT

**Location:** Annapolis Junction, Maryland (Partial Telework of 16 hours per week is expected)  

***Note****: Telework granted for this position does not become available until after the individual has been in the position for a period of time, has acclimated to tasking/duties, and has meaningful work that can be done remotely. Telework can also be removed at any time.*

**Salary Range:** The salary range for this full\\-time position is $115,000 to $190,000\\. Our salary ranges are determined by position, level, skills, professional experience, relevant education and certifications. The range displayed on each job posting reflects the minimum and maximum target salaries for this position across our projects. Within the range, your salary is determined by your individual benefits package selection. Your recruiter can share more about the specific salary range for your preferred position during the hiring process. SIGN\\-ON BONUS ELIGIBLE.

**Benefits:**

* CareFirst Medical Coverage for Employee and Dependents
* Guardian Dental and Vision Coverage for Employee and Dependents
* Up to 25 Days of Paid Time Off
* Up to 40 hours of PTO Carryover
* 11 Federal Government Holidays
* Work From Home Opportunities
* 401K Company Contribution, Fully Vested Day 1
* Discretionary, Certification, and Sign\\-On Bonus Potential
* Employee Referral Bonus Program
* Annual Professional Development
* 100% Premium Covered for Life \\& Disability Insurances
* Additional Voluntary Life Insurance Coverage Available
* Employee Assistance Program
* Travel Protection Program
* Financial Planning Assistance
* Bereavement and Jury Duty Leave
* Monthly Team and Family Events
* Technology Budget
* Global Entry
* Annual Swag Budget


Learn more about GliaCell Technologies: https://gliacelltechnologies.applytojob.com/apply/

**To apply for this position, respond to this job posting and attach an updated resume for us to review.**


GliaCell Technologies, LLC is an Equal Opportunity/Affirmative Action Employer. All qualified applicants will receive consideration for employment without regard to race, color, religion, sex, sexual orientation, gender identity, national origin, age, protected veteran status, or disability status.




YTEisdbFgp","","https://www.indeed.com/cmp/Gliacell-Technologies","https://d2q79iu7y748jz.cloudfront.net/s/_squarelogo/256x256/2690e7ac09737ce3d45ce0c0b9d51851","http://www.gliacelltechnologies.com","Centreville","11 to 50","","","","","","","",""
"in-6e596f1146d6df77","indeed","https://www.indeed.com/viewjob?jk=6e596f1146d6df77","https://arteratechnologies.applytojob.com/apply/41CmXIKV8X/Software-Engineers?source=INDE&~","Software Engineers","Artera Technologies","Annapolis Junction, MD, US","2026-05-26","fulltime","","","","","",False,"","","","staffing@arteratech.com","**SOFTWARE ENGINEERS**  

Job Type: Full Time
Level: Junior, Mid, Senior, Principal  

Location: Maryland (Annapolis Junction / Fort Meade area)  

Security Clearance: TS/SCI with Appropriate Agency Polygraph  

Artera Technologies, LLC specializes in prototyping, developing, and deploying full\\-stack solutions for high\\-profile tools supporting our client’s mission\\-critical systems. Optimization and load management is the primary focus in this fast\\-paced and high\\-stakes environment. We are looking for enthusiastic Software Engineers to support a variety of DoD/IC programs, spanning a range of experience levels and technology stacks.  

  

***Tasking:**** Develops, maintains, and enhances complex and diverse software systems (e.g., processing\\-intensive analytics, novel algorithm development, manipulation of extremely large data sets, real\\-time systems, and business management information systems) based upon documented requirements.
* Reviews and tests software components for adherence to the design requirements and documents test results.
* Utilizes software development and software design methodologies appropriate to the development environment.
* Provides specific input to the software components of system design to include hardware/software trade\\-offs, software reuse, use of Commercial Off\\-the\\-shelf (COTS)/Government Off\\-the\\-shelf (GOTS) in place of new development, and requirements analysis and synthesis from system level to individual software components.
* Design or implement complex database or data repository interfaces/queries.
* Develop or implement algorithms to meet or exceed system performance and functional standards.
* Develop software solutions by analyzing system performance standards, confer with users or system engineers; analyze systems flow, data usage and work processes; and investigate problem areas.
* Modify existing software to correct errors, to adapt to new hardware, or to improve its performance.
* Design, develop and modify software systems, using scientific analysis and mathematical models to predict and measure outcome and consequences of design.
* Developing software with high level languages such as Java, C, C\\+\\+, etc.
* May also have experience with open\\-source (NoSQL) products such as HBase /Accumulo, Big Table, etc.

  

***General Qualifications:**** Software Engineer Level 1 requires a bachelor’s degree in computer science or other related discipline, and 0\\-7 years of experience as a software engineer on programs and contracts of similar scope, type, and complexity.
* Software Engineer Level 2 requires a bachelor’s degree in computer science or other related discipline, and 7\\-14 years of experience as a software engineer on programs and contracts of similar scope, type, and complexity.
* Software Engineer Level 3 requires a bachelor’s degree in computer science or other related discipline, and 20\\+ years of experience as a software engineer on programs and contracts of similar scope, type, and complexity.
* *Four (4\\) additional years of relevant experience may be accepted in lieu a bachelor’s degree on some contracts.*

  

***Depending upon the individual position, our roles include the use of technologies such as:**** Java / J2EE
* JavaScript
* C / C\\+\\+
* Python
* Angular
* Docker
* Kubernetes
* UNIX / Linux
* MongoDB
* Express
* React
* Node
* GoLang
* Vue.js
* Web Services (REST, SOAP)
* Java Frameworks (Spring, Hibernate)

  

***About Us!***  

Artera Technologies, LLC is an energetic, employee\\-focused, woman\\-owned business headquartered in Ellicott City, MD. Founded in 2012, Artera offers innovative software and systems engineering solutions to the Intelligence Community (IC). We specialize in Computer Network Operations (CNO), embedded development, software engineering, cloud engineering, Artificial Intelligence and Machine Learning (AI/ML), DevOps support, systems engineering and more. We hire and retain top talent to deliver leading\\-edge solutions to help solve our customer’s mission challenges. Artera was founded with the conviction that organizational culture is the key to delivering powerful solutions. Since 2012, our tight\\-knit team of tech professionals have committed to our core values: Integrity, Customer Mission Success, and Employee Growth \\& Engagement.  

  

***Ready to make a difference?***  

With a large variety of projects and contracts we can find the right fit—skills, growth opportunities, and personality—for each of our employees. To apply, please visit www.arteratech.com or email your resume to staffing@arteratech.com.  

  

*Artera Technologies, LLC provides equal employment opportunities (EEO) to all employees and applicants for employment without regard to race, color, religion, sex, sexual orientation, gender identity, national origin, disability or veteran status, or any other protected class.*  




41CmXIKV8X","","https://www.indeed.com/cmp/Artera-Technologies","","","","","","","","","","","",""
"in-a96dfa4a61b04e92","indeed","https://www.indeed.com/viewjob?jk=a96dfa4a61b04e92","https://broadinstitute.avature.net/en_US/careers/JobDetail/Senior-Software-Engineer-Translational-Genomics/21858","Senior Software Engineer - Translational Genomics","Broad Institute","Cambridge, MA, US","2026-05-26","fulltime","direct_data","yearly",108000.0,150667.0,"USD",False,"","","","recruiting@broadinstitute.org","### **General information**

Location
Cambridge, MA
Ref \\#
44215
Job Family
Research
Workplace
Hybrid
Date published
05/26/2026
Time Type
Full time
Pay Range
$108,000\\.00/yr \\- $150,667\\.00/yr
### **Description \\& Requirements**

**Broad Institute of MIT and Harvard** **Location:** Cambridge, MA (hybrid — in\\-office at least one to two days per week)

 **Position:** Senior Software Engineer, Full Stack

**About the Role**


The Translational Genomics Group builds open\\-source software that accelerates rare disease diagnosis. In this role, you will become a key contributor to seqr, a platform used internationally by many research groups and consortia to search large genomic datasets and identify disease\\-causing variants to empower families and discover novel biology. seqr has helped provide genetic diagnoses to more than 5,000 rare disease families.


You will work across the full stack — cloud deployments, data pipelines, backend APIs, databases, and user interfaces. You’ll start with well\\-scoped tasks guided by our lead software engineer, and progressively take on larger, more complex tasks and ownership of areas of the system as your capabilities grow.

**What We’re Looking For**
--------------------------


We value technical aptitude and willingness to learn just as highly as pre\\-existing domain knowledge. You should be able to work independently and solve engineering problems with minimal mentoring on the technical side. The genomic and clinical domain is complex and constantly changing — we’re prepared to invest in a longer learning curve there. You don’t need to arrive knowing genomics. You do need to arrive ready to build software independently and take ownership of your work.

**Responsibilities**
--------------------

* Develop features across the full platform: data pipelines (Python/Hail), backend services (Python/Django), databases (PostgreSQL, ClickHouse), and frontend interfaces (React, Redux).
* Assist with deployment related troubleshooting and maintenance
* Work independently on assigned tasks, growing in scope and complexity over time.
* Collaborate with the lead software engineer on design and architecture, progressively taking on more scoping and design work as you gain experience.
* Maintain and extend data pipelines that ingest genomic data, annotate variants, and load them into analytical databases.
* Build and improve user interfaces that help researchers find disease\\-causing variants.
* Understand the deployed environment well enough to assist with maintenance and troubleshooting when needed.
* Write tests, participate in code review, and contribute to CI/CD workflows.
* Collaborate with computational biologists, clinicians, and researchers to translate requirements into well\\-engineered solutions.

**Relevant Technologies**
-------------------------

* Python/Django
* JavaScript/React.js/Redux
* PostgreSQL
* ClickHouse
* Google Cloud Platform (Dataproc, GCS, Cloud Build)
* Hail (genomic data processing framework)
* Docker/Terraform/Helm
* Bash/Unix/Linux environments
* Git


Experience with all technologies is not required. AI\\-assisted coding tools can be used where appropriate.

**Requirements**
----------------

* Requires 5\\+ years of related experience with a Bachelor’s degree in related discipline; or 3\\+ years and a Master’s degree. Candidates with a PhD in a related field will also be considered.
* Full\\-stack experience — comfortable across backend, database, and frontend layers.
* Strong Python and Javascript skills.
* Ability to work independently and manage your own time effectively.
* Openness to AI\\-assisted development tools, with good judgment about responsible use around sensitive data.
* Strong communication skills and comfort working with non\\-technical collaborators.
* Curiosity and adaptability — willingness to learn new domains and technologies on the job.
* Availability to be in the office at least twice per week.

**Preferred Qualifications**
----------------------------

* Experience with React.js, Redux, or similar frontend frameworks.
* Experience with PostgreSQL, ClickHouse, or related databases.
* Experience with data pipelines, ETL, or data\\-intensive applications.
* Familiarity with Google Cloud Platform, Docker, Terraform, and Helm.
* Experience with genomics, bioinformatics, or clinical data environments (HIPAA, PHI).
* Experience with Hail or workflow orchestration tools.

**Growth and Development**
--------------------------


This role is designed to grow with you. You’ll start with well\\-defined tasks with guidance readily available, progressively take on larger areas of the system, and have a voice in where you focus — while maintaining breadth across the platform. The goal is for you to move toward a collaborative relationship with the lead engineer, influencing architecture and helping scope work over time.

**Team Environment**
--------------------


The seqr team is small and highly productive. You will work closely with a lead software engineer and product owner who provides direction and design guidance — with the explicit goal of needing to do less of that over time. The team operates with clear technical leadership and shared accountability.


The broader group works at the frontiers of genomic medicine. We value intellectual curiosity, creativity, and collaboration across disciplines. We expect our engineers to be open to adopting new tools and technologies \\- including AI\\-assisted coding \\- as they prove useful. The work is fast moving and loosely structured — we need teammates who are engaged in the mission, committed to quality engineering, and comfortable learning new domains.


We are committed to building a diverse team. We know many excellent candidates choose not to apply despite their capabilities — if you are a software engineer eager to grow professionally and participate in high\\-impact open science, we encourage you to apply.


The expected base pay range for this position as listed above is based on a 40 hour per week schedule. Broad provides pay ranges representing its reasonable and good faith estimate of what the organization reasonably expects to pay for a position at the time of posting. Actual compensation will vary based on factors including but not limited to, relevant skills, experience, education, qualifications, and other factors permissible by law.

At Broad, your base pay is just one part of a comprehensive total rewards package. From day one, this role offers a competitive benefits package including medical, dental, vision, life, and disability insurance; a 401(k) retirement plan; flexible spending and health savings accounts; at least 13 paid holidays; winter closure; paid time off; parental and family care leave; and an employee assistance program, among other Broad benefits.  

The Broad Institute is an equal opportunity employer. All qualified applicants will receive consideration for employment without regard to race, national origin, religion, age, color, sex, disability, protected veteran status, or any other characteristic protected by local, state, or federal laws, rules, or regulations.  

Should you need a reasonable accommodation to complete the application or interview process, please contact recruiting@broadinstitute.org for assistance.","","https://www.indeed.com/cmp/MIT-Broad-Institute","https://d2q79iu7y748jz.cloudfront.net/s/_squarelogo/256x256/38caaeee7a2d52913a900ff7c2bbfe8b","https://www.broadinstitute.org","Cambridge, MA","1,001 to 5,000","$100M to $500M (USD)","The culture and environment at the Broad is designed to encourage creativity and to engage all participants, regardless of role or seniority, in the mission of the Institute.","","","","","",""
"in-8b988dcf03f6b634","indeed","https://www.indeed.com/viewjob?jk=8b988dcf03f6b634","https://www.sharpquest.com/Career#US-26-0062%20.NET+SQL%20Fullstack%20Developer",".NET+SQL Fullstack Developer","SharpQuest","Troy, MI, US","2026-05-26","fulltime","","","","","",False,"","","","","**About Us:**


SharpQuest, Inc. (d/b/a AI Software LLC) is a Custom Application Development and SaaS Consulting Company based in Troy, Michigan (Greater Detroit). We provide customized software solutions for our clients in the Automotive, Healthcare, Energy, Government, and Manufacturing sectors.


Currently, we are helping a client build a SaaS product in the Employee Benefit Industry. The product requires subject matter expertise in the following domains:

* Healthcare
* Financial
* Banking
* Insurance \\& Claims

 **Highlight of Job Requirement:**

**Position Summary for .NET Full stack Developer:**


We are looking for Software Engineers who want to develop their expertise in the above business domains and are excited about maintaining and enhancing a SaaS product in employee benefit industry.


Ideal candidate should have experience with C\\#.NET, Angular, and TypeScript and a strong background in software design and development, having worked on multiple projects over their career with .NET Core/C\\#, ASP.NET Web API, HTML/CSS/JavaScript, Entity Framework, SQL and SQL Server. Candidate should have thorough understanding about Database Design, Object Oriented Design Principles and Patterns and Practices used in enterprise software. Candidate should have worked with medium to large size database with 100\\+ tables and 1000\\+ routines.

 **Minimum Experience:** 5\\-7 years Software Development Experience.

**Education:** Bachelor’s or Master’s degree in Computer engineering or relevant field

 **This is a full\\-time position. Our full\\-time employees enjoy the following benefits:**


Standard health care insurance.


Dental and vision optional.


401K match up to 3%.


6 – 7 National holidays.


2 – 4 weeks of vacation.


General Life insurance.

 **Your duties include:**


API Development using .NET Core and C\\#


Database development using T\\-SQL on MS SQL Server


Front\\-end Development using TypeScript and Angular


R \\& D for available solutions and 3rd party API integrations


Comparative Analysis of different approaches and finding optimal solutions


Documentation, Writing Blog


Supporting existing applications in SQL, C\\#, TypeScript, and Angular

 **Requirement and Skills:**


5\\-7 years of strong coding experience.


Expert knowledge of Domain\\-Driven Design, Object Oriented Programming.


Expert understanding of Algorithms and Data Structures.


Expert at C\\#, .NET, and MS SQL.


Ability to review code, follow best practices, and provide code review comments.


Ability to analyze performance bottlenecks and provide solutions.


Ability to work independently.


ANGULAR Experience would be a huge plus.


Proficient understanding of client\\-side scripting and JavaScript frameworks (Angular, jQuery, React, Vue)


Excellent English communication, presentation, and interpersonal skills.


Time management and organizational skills.

  

If interested in the role, please apply.

  


 View","","https://www.indeed.com/cmp/Sharpquest","","http://www.sharpquest.com","San Ramon, CA","2 to 10","less than $1M (USD)","","","","","","",""
"in-d54e5fea8683bd6b","indeed","https://www.indeed.com/viewjob?jk=d54e5fea8683bd6b","https://candidateportal.ceipal.com/job-details/XapejDQqmqFWb1faz-SRodCFpHxDmc1WxzM23zB4rJ0#.job_boards.Indeed","Sr. Full Stack Developer (React/Node)","Recutify Inc.","Woodlawn, MD, US","2026-05-26","contract","direct_data","hourly",50.0,55.0,"USD",False,"","","","","**Title: Sr. Full Stack Developer (React/Node)**


**Location: Woodlawn, MD 5x/week \\- locals needed, F2F is must**


**Employment Type: Long Term Contract**


**Key Required Skills:**


**React, Node, Redux, Mobx, Flux, Typescript, and Bootstrap.**


**Position Description:**


* Architect, design, code, and implement next\\-generation web application using software engineering best practices in the latest technologies: NodeJS, Single Page Application front\\-end (ReactJS, ReduxJS, MobxJS), NodeJS API Framework (RESTful APIs, Express, Knex), and DevOps (Jenkins, Red Hat OpenShift, Docker, SonarQube, UrbanCode).
* Provide software expertise in one or more of these areas: Rich Single Page Application modular user interfaces, secure RESTful API micro\\-services, User Experience (UX) and accessibility (Section 508/WCAG/USDS Web Standards).
* Investigate and repair application defects regardless of component: front\\-end, business logic, middleware, or database (PL/SQL and Data Modeling)
* Brief management, customer, team, or vendors using written or oral skills at appropriate technical level for audience.

**Skills Requirements:**


Foundation for Success (Basic Qualifications)


* 10\\+ years of experience in modern software development with a solid understanding of designing, building, deploying, and running applications \\- Combined experience building web applications with modern technologies (Node, React, Redux, Mobx, Flux, Typescript, Bootstrap).
* Extensive senior level full\\-stack software development experience with Node.js and React.js with detailed understanding of user interface frameworks, back\\-end software architecture interactions and node module capabilities.
* Comprehensive knowledge of Scrum and Kanban Agile development process and TDD, BDD, ceremonies including scrums, planning events, backlog grooming, retrospectives and demos.
* Strong communication and collaborative skills in providing technical direction and hands\\-on software development to include design, development and testing.

**Factors To Help You Shine (Required Skills)**


**\\*\\*Selected candidate must be able to obtain and maintain a public trust clearance\\*\\***


**\\*\\*Selected candidate must be willing to work on\\-site in Woodlawn, MD 5 days a week\\*\\***


**\\*\\*Master's and 5\\+ years of experience, Bachelor's and 7\\+ years of experience or 13\\+ years in lieu of a degree\\*\\***


Extensive senior level full\\-stack software development experience with Node.js and React.js with detailed understanding of user interface frameworks, back\\-end software architecture interactions and node module capabilities.


Strong experience with JavaScript frameworks/technologies such as React.js, Express.js, MobX, Redux or Flux.js.


Strong development experience with developing RESTful Web Services using Node.js.


Complex programming, program debugging, data analysis, problem analysis and resolution of issues within open\\-source applications.


Expertise in writing complex SQL queries in PostgreSQL and optimize queries.


Experience with working as part of a large team and managing and resolving merge conflicts and working with upstream and downstream dependencies.


Ability to mentor team members on Node.js and React technologies.


**How To Stand Out from The Crowd (Desired Skills)**


* Experience with HTML/CSS creation and manipulation.
* Experience with other JavaScript frameworks such as Express, Restify, Hapi, Sails, JOI, Moment, Axios and Knex.
* Experience with Jenkins and Continuous Integration.
* Experience with databases PostgreSQL and SOLR.
* Standards \\& Protocols knowledge including XML, XSLT, WSDL, JSON.
* Experience with Testing Tools including Mocha, Chai, Jest, Sinon, Supertest, Enzyme, Instanbul, Selenium, Load Runner, JSLint and Cucumber.
* Experience with source code versioning and Pull Requests with Git and Stash.
* Experience with IDEs such as VS code.
* Knowledge of SonarCube, Phabricator, Gerritt, Karma, Jasmine
* Experience with performance tuning and increasing efficiency of a large enterprise system
* Knowledge of projects using SAFe methodology.
* Experience with DevOps processes and implementation.
* Experience with environments utilizing Cloud Technologies such as Amazon Web Services.
* Experience with NGiNX web server.
* Experience with MQLight, Redis In\\-memory data structure store and message broker.","","https://www.indeed.com/cmp/Recutify-Inc.","","","","","","","","","","","",""
"in-323637a290e637a7","indeed","https://www.indeed.com/viewjob?jk=323637a290e637a7","https://www.amentumcareers.com/jobs/software-developer-expert-chantilly-virginia-united-states-c89c4f3e-90b4-49cd-999f-53138ca87198?source=Indeed+Feed","Software Developer - Expert","Amentum","Chantilly, VA, US","2026-05-26","fulltime","direct_data","yearly",225000.0,235000.0,"USD",False,"","","","","**Purpose and Impact:**


We are seeking a talented and experienced Senior Software Engineer to join our dynamic team. The ideal candidate will have over 10 years of software development experience with a strong background in cloud technologies and development, information systems, and service\\-oriented architectures. The role requires proficiency in full\\-stack development, database design, DevOps, and the ability to migrate and modernize legacy applications to the cloud.

**Work Schedule:** M\\- F 40 hours a week

**Essential Responsibilities:**

* Lead software development projects from requirements analysis through deployment and maintenance.
* Design and develop software solutions, employing technologies such as Python, NodeJS, Angular, JavaScript, C\\#, SQL Server, Microsoft Windows Server, and Linux.
* Experience with cloud technologies, migrating existing systems to the cloud, and establishing new CI/CD pipelines.
* Monitor, troubleshoot, and enhance system operations using tools like Splunk and Grafana/Prometheus.
* Work with Jira and Confluence for agile management.
* Produce technical documentation, including system designs, Interface Control Documents (ICDs), and operational procedures.
* Collaborate with cross\\-functional teams to reverse engineer legacy codebases and produce UML models.
* Support secure communications systems, ensuring compliance with operational and security standards.
* Research, prototype, and recommend improvements to existing systems and architectures.
* Troubleshoot and resolve complex software, performance, and infrastructure issues.
* Research and adopt emerging technologies to enhance system efficiency.

**Minimum Requirements (Knowledge, Skills, and Abilities):**

* Hands\\-on experience with secure systems engineering, systems integration, and reverse engineering.
* Proficiency in programming languages (at least two): Python, NodeJS, Angular, JavaScript, C\\#, SQL.
* Experience with cloud technologies.
* Experience working with tools like JIRA, Confluence, Splunk, and diagramming applications.
* Strong skills in debugging, performance optimization, and DevOps practices.
* Experience monitoring critical systems.
* Experience with SQL and NoSQL databases

**Clearance Required:**

* TS/SCI with Poly

**Minimum Education:**

* Bachelor’s degree in Computer Science, Design, or related field (or equivalent experience).

**Minimum Years of Experience:**

* 10

**Preferred Qualifications:**

* Hands\\-on experience with secure systems engineering, systems integration, and reverse engineering.
* Proficiency in programming languages (at least two): Python, NodeJS, Angular, JavaScript, C\\#, SQL.
* Experience with cloud technologies.
* Experience working with tools like JIRA, Confluence, Splunk, and diagramming applications.
* Strong skills in debugging, performance optimization, and DevOps practices.
* Experience monitoring critical systems.
* Experience with SQL and NoSQL databases

***As part of our commitment to maintaining a safe and compliant work environment, Amentum is a drug\\-free workplace and requires all personnel to comply with company drug and alcohol policies as a condition of employment. Employment is contingent upon successful completion of the drug screening process. Please note that this may include pre\\-hire screening for marijuana, as well as other federally controlled substances due to Amentum’s role as a federal contractor and trusted partner to the US Government.***

**Other Responsibilities:**

**Safety** \\- Amentum enforces a safety culture whereby all employees have the responsibility for continuously developing and maintaining a safe work environment. As appropriate, each employee is responsible for completing all training requirements and fulfilling all self\\-aid/buddy aid responsibilities, participating in emergency response tasks and serving on safety committees and teams.

**Quality** \\- Quality is the foundation for the management of our business and the keystone to our goal of customer satisfaction. It is our policy to consistently provide services that meet customer expectations. Accordingly, each employee must conform to the Amentum Quality Policy and carry out job activities in compliance with applicable Amentum Quality System documents and customer contracts. Each employee must read and understand his/her Quality Management and Customer Satisfaction responsibilities.

**Procedure Compliance** \\- Each employee must read, understand and implement the general and specific operational, safety, quality and environmental requirements of all plans, procedures and policies pertaining to his/her job.


Qualified applicants will receive consideration for employment without regard to race, color, religion, sex, national origin, sexual orientation, gender identity, disability or protected veteran status.


\\#javelin

  



**Compensation Details:**


$225,000 \\- $235,000  



The compensation range or hourly rate listed for this position is provided as a good\\-faith estimate of what the company intends to offer for this role at the time this posting was issued. Actual compensation may vary based on factors such as job responsibilities, education, experience, skills, internal equity, market data, applicable collective bargaining agreements, and relevant laws.

 **Benefits Overview:**


Our health and welfare benefits are designed to support you and your priorities. Offerings include:

* Health, dental, and vision insurance
* Paid time off and holidays
* Retirement benefits (including 401(k) matching)
* Educational reimbursement
* Parental leave
* Employee stock purchase plan
* Tax\\-saving options
* Disability and life insurance
* Pet insurance

 *Note: Benefits may vary based on employment type, location, and applicable agreements. Positions governed by a Collective Bargaining Agreement (CBA), the McNamara\\-O'Hara Service Contract Act (SCA), or other employment contracts may include different provisions/benefits.*

  



**Original Posting:**


05/26/2026 \\- Until Filled
Amentum anticipates this job requisition will remain open for at least three days, with a closing date no earlier than three days after the original posting. This timeline may change based on business needs.

  



Amentum is proud to be an Equal Opportunity Employer. Our hiring practices provide equal opportunity for employment without regard to race, sex, sexual orientation, pregnancy (including pregnancy, childbirth, breastfeeding, or medical conditions related to pregnancy, childbirth, or breastfeeding), age, ancestry, United States military or veteran status, color, religion, creed, marital or domestic partner status, medical condition, genetic information, national origin, citizenship status, low\\-income status, or mental or physical disability so long as the essential functions of the job can be performed with or without reasonable accommodation, or any other protected category under federal, state, or local law. Learn more about your rights under Federal laws and supplemental language at Labor Laws Posters.","","https://www.indeed.com/cmp/Amentum","https://d2q79iu7y748jz.cloudfront.net/s/_squarelogo/256x256/ed4d09e508e00fb990145f2d5d38bdd5","https://www.amentum.com/","","Decline to state","Decline to state","Bringing advanced engineering and technology solutions to the most significant challenges in science, security and sustainability..","","","","","",""
"in-55b088e6bfeed9d5","indeed","https://www.indeed.com/viewjob?jk=55b088e6bfeed9d5","https://visa.wd5.myworkdayjobs.com/Visa/job/US---Austin-TX/Software-Engineer--Operations-and-Infrastructure_REF082602W","Software Engineer- Operations and Infrastructure","Visa","Austin, TX, US","2026-05-26","fulltime","direct_data","yearly",88000.0,136900.0,"USD",False,"","","","","**About Us**  

Visa is a world leader in payments technology, facilitating transactions between consumers, merchants, financial institutions and government entities across more than 200 countries and territories, dedicated to uplifting everyone, everywhere by being the best way to pay and be paid.


At Visa, you'll have the opportunity to create impact at scale — tackling meaningful challenges, growing your skills and seeing your contributions impact lives around the world.


Join Visa and do work that matters – to you, to your community, and to the world. Progress starts with you.

**Job Description**


Visa’s Technology Organization is a community of problem solvers and innovators building and supporting systems at global scale. Within this space, our Operations \\& Infrastructure engineering teams are responsible for developing and maintaining the platforms, services, and automation that ensure Visa’s systems are reliable, scalable, and secure.

  

We are seeking a Software Engineer to join one of our Operations \\& Infrastructure teams. In this role, you will contribute to building full\\-stack applications, backend services, and automation solutions that support critical infrastructure, platform capabilities, and internal engineering systems.


This is an excellent opportunity for an early\\-career engineer who is passionate about software engineering, systems reliability, and building tools and platforms that operate at scale.

**The Opportunity**
-------------------


As a Software Engineer, you will work alongside experienced engineers to design, build, and improve systems that power Visa’s technology ecosystem. You will gain exposure to distributed systems, cloud platforms, automation, and modern full\\-stack development, while contributing to real\\-world solutions used across the organization.

  

You’ll collaborate with cross\\-functional teams including engineering, platform, infrastructure, and operations to deliver solutions that improve developer productivity, system reliability, and operational efficiency.

**Key Responsibilities**
------------------------

* Design, develop, test, and maintain backend services, APIs, and full\\-stack applications
* Build and support automation tools, platform capabilities, and internal systems
* Write clean, scalable, and maintainable code following engineering best practices (testing, code reviews, CI/CD)
* Collaborate with cross\\-functional teams to define requirements and deliver high\\-quality solutions
* Contribute to systems that improve reliability, performance, and operational efficiency
* Participate in design discussions and contribute to decisions around architecture, scalability, and system behavior
* Troubleshoot application and system issues, perform root cause analysis, and support resolution of production incidents
* Support development of cloud\\-native and distributed systems
* Document technical designs, implementation details, and system behavior
* Continuously improve engineering quality, system observability, and operational excellence

Visa requires at least 3 days in office, expectations of these days will be confirmed by your Hiring Manager.**Qualifications**


Basic Qualifications

* Bachelor’s degree, OR 3\\+ years of relevant work experience.
* Experience in analysis, design, and programming of computer applications.
* Experience in debugging and modifying software programs.
* Experience in writing and maintaining technical documentation.
* Experience in performing software testing and troubleshooting.
* Experience in collaborating with users or stakeholders to gather requirements.
* Experience in developing or supporting installation and maintenance procedures.

  

Preferred Qualifications

* 1\\-2 years of experience in full\\-stack development or backend services
* Familiarity with modern frontend technologies (JavaScript, TypeScript, React, Angular, HTML, CSS)
* Experience building backend services or APIs using technologies such as Java, Python, Node.js, Spring Boot, or similar frameworks
* Exposure to **c**loud platforms (AWS, Azure, GCP) and an understanding of cloud\\-native concepts
* Familiarity with automation, infrastructure, or platform engineering concepts
* Exposure to CI/CD pipelines, version control (Git), containerization, or developer tooling
* Basic understanding of system reliability, monitoring, and debugging in distributed systems
* Strong problem\\-solving skills and ability to learn new technologies quickly
* Strong written and verbal communication skills and ability to collaborate across teams
**U.S. Applicants Only**


The estimated salary range for this position is $88,000\\.00 to $ 136,900\\.00 USD per year, which may include potential sales incentive payments (if applicable). Salary may vary depending on job\\-related factors which may include knowledge, skills, experience, and location. In addition, this position may be eligible for bonus and equity.Visa has a comprehensive benefits package for which this position may be eligible that includes Medical, Dental, Vision, 401(k), FSA/HSA, Life Insurance, Paid Time Off, and Wellness Program.**Work Hours**


Varies upon the needs of the department.

**Travel Requirements**


This position requires travel 5\\-10% of the time.

**Mental/Physical Requirements**


This position will be performed in an office setting. The position will require the incumbent to sit and stand at a desk, communicate in person and by telephone, frequently operate standard office equipment, such as telephones and computers.

**Visa is an EEO Employer**


Qualified applicants will receive consideration for employment without regard to race, color religion, sex, national origin, sexual orientation, gender identity, disability or protect veteran status. Visa will also consider for employment qualified applicants with criminal histories in a manner consistent with the EEOC guidelines and applicable local law.","","https://www.indeed.com/cmp/Visa","https://d2q79iu7y748jz.cloudfront.net/s/_squarelogo/256x256/860a54ecfd7d7cab270f291d2d877922","http://www.visa.com","","10,000+","more than $10B (USD)","Our Purpose is to... Uplift everyone, everywhere by being the best way to pay and be paid.","","","","","",""
"in-5628c6172bfb3a24","indeed","https://www.indeed.com/viewjob?jk=5628c6172bfb3a24","https://visa.wd5.myworkdayjobs.com/Visa/job/US---Austin-TX/Software-Engineer--Operations-and-Infrastructure_REF082600W","Software Engineer- Operations and Infrastructure","Visa","Austin, TX, US","2026-05-26","fulltime","direct_data","yearly",88000.0,136900.0,"USD",False,"","","","","**About Us**  

Visa is a world leader in payments technology, facilitating transactions between consumers, merchants, financial institutions and government entities across more than 200 countries and territories, dedicated to uplifting everyone, everywhere by being the best way to pay and be paid.


At Visa, you'll have the opportunity to create impact at scale — tackling meaningful challenges, growing your skills and seeing your contributions impact lives around the world.


Join Visa and do work that matters – to you, to your community, and to the world. Progress starts with you.

**Job Description**


Visa’s Technology Organization is a community of problem solvers and innovators building and supporting systems at global scale. Within this space, our Operations \\& Infrastructure engineering teams are responsible for developing and maintaining the platforms, services, and automation that ensure Visa’s systems are reliable, scalable, and secure.

  

We are seeking a Software Engineer to join one of our Operations \\& Infrastructure teams. In this role, you will contribute to building full\\-stack applications, backend services, and automation solutions that support critical infrastructure, platform capabilities, and internal engineering systems.

  

This is an excellent opportunity for an early\\-career engineer who is passionate about software engineering, systems reliability, and building tools and platforms that operate at scale.

**The Opportunity**
-------------------


As a Software Engineer, you will work alongside experienced engineers to design, build, and improve systems that power Visa’s technology ecosystem. You will gain exposure to distributed systems, cloud platforms, automation, and modern full\\-stack development, while contributing to real\\-world solutions used across the organization.

  

You’ll collaborate with cross\\-functional teams including engineering, platform, infrastructure, and operations to deliver solutions that improve developer productivity, system reliability, and operational efficiency.

**Key Responsibilities**
------------------------

* Design, develop, test, and maintain backend services, APIs, and full\\-stack applications
* Build and support automation tools, platform capabilities, and internal systems
* Write clean, scalable, and maintainable code following engineering best practices (testing, code reviews, CI/CD)
* Collaborate with cross\\-functional teams to define requirements and deliver high\\-quality solutions
* Contribute to systems that improve reliability, performance, and operational efficiency
* Participate in design discussions and contribute to decisions around architecture, scalability, and system behavior
* Troubleshoot application and system issues, perform root cause analysis, and support resolution of production incidents
* Support development of cloud\\-native and distributed systems
* Document technical designs, implementation details, and system behavior
* Continuously improve engineering quality, system observability, and operational excellence

Visa requires at least 3 days in office, expectations of these days will be confirmed by your Hiring Manager.**Qualifications**

**Basic Qualifications:**

* Bachelor’s degree, OR 3\\+ years of relevant work experience.
* Experience in analysis, design, and programming of computer applications.
* Experience in debugging and modifying software programs.
* Experience in writing and maintaining technical documentation.
* Experience in performing software testing and troubleshooting.
* Experience in collaborating with users or stakeholders to gather requirements.
* Experience in developing or supporting installation and maintenance procedures.

 **Preferred Qualifications:**

* 1\\-2 years of relevant work experience.
* Experience or coursework in full\\-stack development, backend services, or systems programming
* Familiarity with modern frontend technologies (JavaScript, TypeScript, React, Angular, HTML, CSS)
* Experience building backend services or APIs using technologies such as Java, Python, Node.js, Spring Boot, or similar frameworks
* Exposure to cloud platforms (AWS, Azure, GCP) and an understanding of cloud\\-native concepts
* Familiarity with automation, infrastructure, or platform engineering concepts
* Exposure to CI/CD pipelines, version control (Git), containerization, or developer tooling
* Basic understanding of system reliability, monitoring, and debugging in distributed systems
* Strong problem\\-solving skills and ability to learn new technologies quickly
* Strong written and verbal communication skills and ability to collaborate across teams
**U.S. Applicants Only**


The estimated salary range for this position is $88,000\\.00 to $ 136,900\\.00 USD per year, which may include potential sales incentive payments (if applicable). Salary may vary depending on job\\-related factors which may include knowledge, skills, experience, and location. In addition, this position may be eligible for bonus and equity.Visa has a comprehensive benefits package for which this position may be eligible that includes Medical, Dental, Vision, 401(k), FSA/HSA, Life Insurance, Paid Time Off, and Wellness Program.**Work Hours**


Varies upon the needs of the department.

**Travel Requirements**


This position requires travel 5\\-10% of the time.

**Mental/Physical Requirements**


This position will be performed in an office setting. The position will require the incumbent to sit and stand at a desk, communicate in person and by telephone, frequently operate standard office equipment, such as telephones and computers.

**Visa is an EEO Employer**


Qualified applicants will receive consideration for employment without regard to race, color religion, sex, national origin, sexual orientation, gender identity, disability or protect veteran status. Visa will also consider for employment qualified applicants with criminal histories in a manner consistent with the EEOC guidelines and applicable local law.","","https://www.indeed.com/cmp/Visa","https://d2q79iu7y748jz.cloudfront.net/s/_squarelogo/256x256/860a54ecfd7d7cab270f291d2d877922","http://www.visa.com","","10,000+","more than $10B (USD)","Our Purpose is to... Uplift everyone, everywhere by being the best way to pay and be paid.","","","","","",""
"in-b5640388ab000a7a","indeed","https://www.indeed.com/viewjob?jk=b5640388ab000a7a","https://jobs.silkroad.com/Core4ce/Careers/jobs/1289","Full Stack Developer","Core4ce","Reston, VA, US","2026-05-26","fulltime","","","","","",False,"","","","","Intelligence/Intel Community


Reston, VA
 •
ID: 1289\\-383
 •
Full\\-Time/Regular  

  

Ready to build innovative solutions in a fast\\-paced Agile environment? We're looking for a passionate and experienced Full Stack Developer to join our dedicated, on\\-site team. You'll play a critical role in developing, testing, and deploying custom software solutions, working closely with diverse teams and using cutting\\-edge technologies like modern JavaScript frameworks, microservices, AWS, and various database systems.

  

**Responsibilities:**

  

* Craft, build, and test innovative software applications and components across diverse system environments.
* Define clear approaches for implementing and integrating custom applications.
* Convert complex system requirements into actionable design specifications.
* Lead testing initiatives and support seamless application rollouts to production.
* Engage in thorough peer code reviews to maintain quality standards.
* Conduct regression and 508 compliances testing to ensure accessibility.
* Work collaboratively with cross\\-functional teams to deliver robust solutions.
* Utilize AWS infrastructure for scalable cloud\\-based application development.
* Efficiently manage and interact with data using SQL and NoSQL databases.
  


* This position is designed to be flexible, with responsibilities evolving to meet business needs and enable individual growth.


**Requirements:**

  

* TS/SCI Full Scope Poly security clearance.
* Solid expertise in modern JavaScript frameworks.
* Demonstrable experience building microservice\\-based applications.
* Proven track record with cloud platform development.
* Strong command of both SQL and NoSQL database technologies.
* Hands\\-on experience developing and integrating RESTful APIs.
  


**Preferred Skills:**

  

* Strong proficiency with React, TypeScript, and React Query.
* Python development experience.
* Familiarity with AWS services, particularly Lambda Functions and DynamoDB.
* Understanding of 508 compliance standards.
* Exposure to DevOps methodologies.
* Knowledge of business process modeling tools like Camunda, Flowable, or N8n\\-io.
* Previous experience working within Agile frameworks.

  


**Why Work for Us?**


Core4ce is a team of innovators, self\\-starters, and critical thinkers—driven by a shared mission to strengthen national security and advance warfighting outcomes.



We offer:


* 401(k) with 100% company match on the first 6% deferred, with **immediate** vesting
* Comprehensive medical, dental, and vision coverage—employee portion paid 100% by Core4ce
* **Unlimited** access to **training** and certifications, with no pre\\-set cap on eligible professional development
* **Tuition assistance** for job\\-related degrees and courses
* Paid **parental leave**, PTO that grows with tenure, and generous holiday schedules
* Got a big idea? At Core4ce, *The Forge* gives every employee the chance to propose bold innovations and help bring them to life with internal backing.

  



Join us to build a career that matters—supported by a company that invests in you.

  


*All qualified applicants will receive consideration for employment without regard to race, color, religion, sex (including pregnancy), national origin, disability, veteran status, age, genetic information, or other legally protected status.*","","https://www.indeed.com/cmp/Core4ce-1","","","","","","","","","","","",""
"in-ac99a18acf4405a9","indeed","https://www.indeed.com/viewjob?jk=ac99a18acf4405a9","https://lower.wd1.myworkdayjobs.com/en-US/lower_external_careers/job/Columbus-OH-N-High-St/Staff-Software-Engineer_JR100379","Staff Software Engineer","Lower","Columbus, OH, US","2026-05-26","fulltime","","","","","",False,"","","","","Here at **Lower**, we believe homeownership is the **key to building wealth**, and we’re making it **easier and more accessible** than ever. As a **mission\\-driven fintech**, we simplify the home\\-buying process through cutting\\-edge technology and a **seamless customer experience**.


With **tens of billions in funded home loans** and top ratings on **Trustpilot (4\\.8\\), Google (4\\.9\\), and Zillow (4\\.9\\)**, we’re a leader in the industry. But what truly sets us apart? **Our people.** Join us and be part of something bigger.

**Job Description:**


LowerOS is our modern operating system that powers Lower’s digital mortgage and home finance experiences end to end. Our platform helps borrowers move from first inquiry to clear\\-to\\-close with less friction by unifying application, underwriting, and closing tools into a single, cohesive workflow for our sales, operations, and servicing teams.

  

As a Staff Software Engineer on the LowerOS team, you will lead the design and evolution of the core services, systems, and architectural patterns that power Lower’s digital mortgage platform end to end. You will shape the core services and features that make getting a mortgage feel simple, transparent, and human—so more people can build wealth through homeownership. You’ll operate as a technical leader across teams, helping scale our platform, mentor engineers, and drive high\\-impact technical initiatives that improve both developer effectiveness and customer experience.

  

This is an opportunity to join a fintech company redefining the mortgage industry by combining data\\-driven insights with thoughtful user experiences. You’ll work on impactful projects, collaborate with a talented team, and help us build scalable systems that directly improve how people achieve one of life’s biggest milestones—owning a home.

 **Work Location**: Hybrid in either Columbus, OH (preferred); Austin, TX; or Denver, CO

**Work Type:** Full\\-time W2 employment, visa sponsorship is not available for this position at this time.

 **What you’ll do:**

***Technical Skills***

* **System design \\& architecture:** Lead the design and evolution of scalable, reliable, and maintainable distributed systems, driving architectural decisions across teams while balancing performance, cost, complexity, and long\\-term platform scalability.
* **Code quality \\& testing**: Strong in unit, integration, end\\-to\\-end testing, and test automation frameworks.
* **Performance optimization**: Proficiency in profiling, debugging, and optimizing application performance.
* **DevOps \\& CI/CD**: Experience with deployment pipelines, monitoring, observability, and release management.
* **Security awareness**: Knowledge of secure coding practices, threat modeling, and compliance requirements.
* **Data \\& APIs**: Comfortable designing and consuming APIs, working with databases, and handling data modeling.
* **Tooling, automation \\& AI\\-assisted development:** Skilled at improving developer workflows through automation (build systems, config management, test infrastructure) and modern AI\\-assisted engineering tools such as Cursor, Claude Code, Codex, or similar technologies to accelerate development, debugging, testing, and documentation workflows.

***Collaboration \\& Leadership***

* **Stakeholder communication:** Partner with engineering, product, and business leaders to translate strategic business initiatives into scalable technical solutions, clearly communicating tradeoffs, risks, and long\\-term architectural considerations.
* **Mentorship**: Coach junior and mid\\-level engineers, providing guidance on coding practices, system design, and career development.
* **Code review**: Promote best practices in readability, maintainability, and scalability through constructive code reviews, providing guidance and support.
* **Engineering influence:** Lead through technical influence, mentorship, and collaboration rather than direct authority, helping elevate engineering quality and decision\\-making across the organization.
* **Cross\\-functional technical leadership:** Drive alignment and technical execution across multiple engineering teams, fostering collaboration, reducing organizational friction, and promoting shared engineering standards and best practices.

***Project \\& Execution***

* **Technical program ownership:** Lead large, ambiguous, or cross\\-functional technical initiatives from architecture through delivery, ensuring scalability, reliability, and long\\-term maintainability across systems and teams.
* **Risk management**: Identify risks early (technical debt, bottlenecks, scalability limits) and propose mitigations.
* **Tradeoff negotiation**: Weigh cost, scalability, and performance when evaluating solutions and clearly explain reasoning.
* **Documentation**: Produce and maintain high\\-quality technical documentation for systems, processes, and decisions.
* **Organizational unblocker:** Proactively identify and resolve technical, operational, or coordination roadblocks impacting engineering teams, improving delivery velocity and cross\\-team effectiveness.
* **Continuous improvement**: Identify systemic engineering bottlenecks, operational inefficiencies, and architectural gaps, driving initiatives that improve developer productivity, platform reliability, and organizational scalability.

***Strategic Impact***

* **Technical vision**: Influence long\\-term technical direction, helping shape architecture and tech stack decisions.
* **Technical leadership across teams:** Serve as a technical leader across multiple engineering teams, helping establish architectural patterns, engineering standards, and shared platform direction.
* **Innovation**: Proactively identify opportunities for new technologies, frameworks, or approaches that benefit the business.
* **Quality bar setting**: Advocate for engineering excellence, ensuring the team balances speed with maintainability.
* **Institutional knowledge \\& platform stewardship:** Develop deep expertise in Lower’s systems, infrastructure, and domain workflows, helping teams navigate technical complexity and make informed architectural decisions.

**Who you are:**

* **8\\+ years of professional experience** in software engineering, including experience designing and scaling enterprise\\-grade web applications and distributed systems (or closely related fields).
* **Full\\-stack expertise** with proven ability to deliver high\\-quality backend and front\\-end solutions.
* **Problem solver and innovator**, with a track record of implementing new ideas and tackling complex technical challenges in design and architecture.
* **Proficiency in our stack**— TypeScript, React, AWS, Next.js, Node.js and Postgres —or the ability to quickly learn new languages, frameworks, and tools.
* **Experience leveraging AI\\-assisted software development tools** (such as Cursor, Claude Code, Codex, GitHub Copilot, or similar) to improve engineering productivity, code quality, debugging, testing, and developer efficiency.
* **Strong computer science foundations**, including algorithms, data structures, concurrency, parallelism, asynchronous programming, networking, and system design.
* **Demonstrated ability to influence technical direction across teams**, lead architectural initiatives, and operate effectively in ambiguous or rapidly evolving environments.
* **Strong track record of mentoring engineers**, **scaling engineering best practices, and improving technical decision\\-**making within growing organizations.
* **Excellent communication and collaboration skills**—someone who brings strong opinions held loosely, engages debate without ego, gives and receives feedback constructively, and helps foster a supportive engineering culture. We're looking for someone people want to design alongside.
* Prior experience in **fintech, lending, or consumer financial products** is a **plus**, but not required.

**What you'll get:**

* Extended benefit offerings including medical/dental/vision, parental leave, life insurance, short\\- and long\\-term disability
* Paid holidays and paid time off
* 401K with company match
* Discount on home mortgage refinances or purchase


Lower provides equal employment opportunities to all employees and applicants for employment and prohibits discrimination and harassment of any type without regard to race, color, religion, age, sex, national origin, disability status, genetics, protected veteran status, sexual orientation, gender identity or expression, or any other characteristic protected by federal, state or local laws.  

  

This policy applies to all terms and conditions of employment, including recruiting, hiring, placement, promotion, termination, layoff, recall, transfer, leaves of absence, compensation and training.","","https://www.indeed.com/cmp/Lower-2","https://d2q79iu7y748jz.cloudfront.net/s/_squarelogo/256x256/3967bd6baa16bba52359d1517c19d6c5","http://www.Lower.com","New Albany, OH","1,001 to 5,000","Decline to state","We believe owning a home is one of the greatest wealth builders out there. So our goal is to make homeownership more accessible, and to help more people buy homes.","","","","","",""
"in-6dfc72855c6aaa2d","indeed","https://www.indeed.com/viewjob?jk=6dfc72855c6aaa2d","https://click.appcast.io/t/Rr8t5DwPsujdooOtwcxJ6qwvE4bgukFuZixuMW1VHVY=","Staff Engineer - Customer Platform","GEICO","Seattle, WA, US","2026-05-26","fulltime","direct_data","yearly",105000.0,260000.0,"USD",False,"","","","","**At GEICO, we offer a rewarding career where your ambitions are met with endless possibilities.**

**Every day we honor our iconic brand by offering quality coverage to millions of customers and being there when they need us most. We thrive through relentless innovation to exceed our customers’ expectations while making a real impact for our company through our shared purpose.**

**When you join our company, we want you to feel valued, supported and proud to work here. That’s why we offer The GEICO Pledge: Great Company, Great Culture, Great Rewards and Great Careers.**

**Position Summary**


GEICO is seeking an experienced Engineer with a passion for building high\\-performance, low maintenance, zero\\-downtime platforms, and applications. In this role you will help us create the elevated and superior version of www.geico.com working specifically to modernize the frameworks and technologies. In this role you will be a part of a technical transformation where engineering excellence, continuous improvement, AI automation, and a culture of psychological safety are paramount.

 **Position Description**


Our Staff Engineer is a key member of the engineering staff working across the organization to provide friction\\-less experiences to our customers and maintaining the highest standards of protection and availability. Key engineering responsibilities will focus on the development and continued maintenance of several web applications and their supporting architecture, including both customer\\-facing experiences as well as internally developed web tools to facilitate content management.


Our team thrives and succeeds in delivering high quality technology products and services in a hyper\\-growth environment where priorities shift quickly. The ideal candidate has broad and deep technical knowledge bringing forward a full stack mindset, work duties can range from front\\-end UIs through back\\-end systems and all points in between.

 **Position Responsibilities**


As a Staff Engineer, you will:

* Evolve Geico.com and its supporting systems with a focus on speed to market, security, 24x7 availability, and user engagement.
* Scope, design, and build scalable and resilient software solutions amongst diverse engineering groups
* Utilize object\\-oriented languages, SQL based databases, Container Orchestration services including Docker and Kubernetes, and a variety of Cloud hosting tools and services
* Perform engineering design evaluations and code reviews with peers to elevate the quality of engineering across the organization
* Manage day\\-to\\-day activities of the engineering teams overseeing execution of software development projects against delivery commitments
* Seek ways to simplify and standardize designs, operations, and deployment plans, focusing on reducing complexity and providing performance, agility, and scalability
* Responsible for production operations support and ensuring availability, stability, and performance of production applications
* Collaborate with cross\\-functional organizations throughout the entire software lifecycle to ensure technology and roadmap alignment
* Manage projects and processes to keep the team organized, efficient, and optimally running
* Set, manage, and report KPIs to measure progress and facilitate data\\-driven decision making
* Responsible for evaluating and driving new technology and Open\\-Source software considerations
* Research and guide architectural level changes that support and enhance application performance, security, and our drive to innovate
* Mentor and manage engineering peers to help share the necessary skills to perform their jobs and develop their professional careers
 **Qualifications**

* Strong understanding of customer facing web applications with experience in Next.JS/React, JavaScript, Python/Django, NGINX, or PostgreSQL.
* Ability to break down analytic data to drive decisions and results that will provide business value to the organization and help our customers
* Strong background in delivering digital \\- web products at scale
* Strong understanding of cloud infrastructure concepts, platforms, and technologies
* Advanced understanding of application and infrastructure monitoring and tooling
* Strong understanding of the Software Development Lifecycle (SDLC)
* Experience designing flexible, scalable, high\\-availability Cloud native applications
* Experience architecting and designing new and current systems
* Strong understanding of CI/CD, Release Management, and Configuration Management processes tooling
* Strong critical thinking, decision making, and problem\\-solving skills
* Excellent verbal/written communication skills, with the ability to effectively communicate to both senior leadership and highly technical personnel
* Ability to excel in a fast\\-paced environment
* Experience delivering within a customer facing application backed by a Content Management system is desired
* Understanding of data modeling and AI concepts is desired
 **Annual Salary**


$105,000\\.00 \\- $260,000\\.00
The above annual salary range is a general guideline. Multiple factors are taken into consideration to arrive at the final hourly rate/ annual salary to be offered to the selected candidate. Factors include, but are not limited to, the scope and responsibilities of the role, the selected candidate’s work experience, education and training, the work location as well as market and business considerations.

  


At this time, GEICO will not sponsor a new applicant for employment authorization for this position. **The GEICO Pledge:**

**Great Company:** At GEICO, we help our customers through life’s twists and turns. Our mission is to protect people when they need it most and we’re constantly evolving to stay ahead of their needs.


We’re an iconic brand that thrives on innovation, exceeding our customers’ expectations and enabling our collective success. From day one, you’ll take on exciting challenges that help you grow and collaborate with dynamic teams who want to make a positive impact on people’s lives.

**Great Careers:** We offer a career where you can learn, grow, and thrive through personalized development programs, created with your career – and your potential – in mind. You’ll have access to industry leading training, certification assistance, career mentorship and coaching with supportive leaders at all levels.

**Great Culture:** We foster an inclusive culture of shared success, rooted in integrity, a bias for action and a winning mindset. Grounded by our core values, we have an an established culture of caring, inclusion, and belonging, that values different perspectives. Our teams are led by dynamic, multi\\-faceted teams led by supportive leaders, driven by performance excellence and unified under a shared purpose.


As part of our culture, we also offer employee engagement and recognition programs that reward the positive impact our work makes on the lives of our customers.

**Great Rewards:** We offer compensation and benefits built to enhance your physical well\\-being, mental and emotional health and financial future.

* Comprehensive Total Rewards program that offers personalized coverage tailor\\-made for you and your family’s overall well\\-being.
* Financial benefits including market\\-competitive compensation; a 401K savings plan vested from day one that offers a 6% match; performance and recognition\\-based incentives; and tuition assistance.
* Access to additional benefits like mental healthcare as well as fertility and adoption assistance.
* Supports flexibility\\- We provide workplace flexibility as well as our GEICO Flex program, which offers the ability to work from anywhere in the US for up to four weeks per year.


The equal employment opportunity policy of the GEICO Companies provides for a fair and equal employment opportunity for all associates and job applicants regardless of race, color, religious creed, national origin, ancestry, age, gender, pregnancy, sexual orientation, gender identity, marital status, familial status, disability or genetic information, in compliance with applicable federal, state and local law. GEICO hires and promotes individuals solely on the basis of their qualifications for the job to be filled.


GEICO reasonably accommodates qualified individuals with disabilities to enable them to receive equal employment opportunity and/or perform the essential functions of the job, unless the accommodation would impose an undue hardship to the Company. This applies to all applicants and associates. GEICO also provides a work environment in which each associate is able to be productive and work to the best of their ability. We do not condone or tolerate an atmosphere of intimidation or harassment. We expect and require the cooperation of all associates in maintaining an atmosphere free from discrimination and harassment with mutual respect by and for all associates and applicants.","","https://www.indeed.com/cmp/Geico","","https://www.geico.com/careers/","","10,000+","Decline to state","At GEICO, we offer a rewarding career where your ambitions are met with endless possibilities.","","","","","",""
"in-0934c989cfa060d7","indeed","https://www.indeed.com/viewjob?jk=0934c989cfa060d7","https://click.appcast.io/t/klmQkS9jYt4G8asoz4RBvziVP_4HwhsDOzLmXzJAsrs=","Staff Engineer - Customer Platform","GEICO","Dallas, TX, US","2026-05-26","fulltime","direct_data","yearly",105000.0,260000.0,"USD",False,"","","","","**At GEICO, we offer a rewarding career where your ambitions are met with endless possibilities.**

**Every day we honor our iconic brand by offering quality coverage to millions of customers and being there when they need us most. We thrive through relentless innovation to exceed our customers’ expectations while making a real impact for our company through our shared purpose.**

**When you join our company, we want you to feel valued, supported and proud to work here. That’s why we offer The GEICO Pledge: Great Company, Great Culture, Great Rewards and Great Careers.**

**Position Summary**


GEICO is seeking an experienced Engineer with a passion for building high\\-performance, low maintenance, zero\\-downtime platforms, and applications. In this role you will help us create the elevated and superior version of www.geico.com working specifically to modernize the frameworks and technologies. In this role you will be a part of a technical transformation where engineering excellence, continuous improvement, AI automation, and a culture of psychological safety are paramount.

 **Position Description**


Our Staff Engineer is a key member of the engineering staff working across the organization to provide friction\\-less experiences to our customers and maintaining the highest standards of protection and availability. Key engineering responsibilities will focus on the development and continued maintenance of several web applications and their supporting architecture, including both customer\\-facing experiences as well as internally developed web tools to facilitate content management.


Our team thrives and succeeds in delivering high quality technology products and services in a hyper\\-growth environment where priorities shift quickly. The ideal candidate has broad and deep technical knowledge bringing forward a full stack mindset, work duties can range from front\\-end UIs through back\\-end systems and all points in between.

 **Position Responsibilities**


As a Staff Engineer, you will:

* Evolve Geico.com and its supporting systems with a focus on speed to market, security, 24x7 availability, and user engagement.
* Scope, design, and build scalable and resilient software solutions amongst diverse engineering groups
* Utilize object\\-oriented languages, SQL based databases, Container Orchestration services including Docker and Kubernetes, and a variety of Cloud hosting tools and services
* Perform engineering design evaluations and code reviews with peers to elevate the quality of engineering across the organization
* Manage day\\-to\\-day activities of the engineering teams overseeing execution of software development projects against delivery commitments
* Seek ways to simplify and standardize designs, operations, and deployment plans, focusing on reducing complexity and providing performance, agility, and scalability
* Responsible for production operations support and ensuring availability, stability, and performance of production applications
* Collaborate with cross\\-functional organizations throughout the entire software lifecycle to ensure technology and roadmap alignment
* Manage projects and processes to keep the team organized, efficient, and optimally running
* Set, manage, and report KPIs to measure progress and facilitate data\\-driven decision making
* Responsible for evaluating and driving new technology and Open\\-Source software considerations
* Research and guide architectural level changes that support and enhance application performance, security, and our drive to innovate
* Mentor and manage engineering peers to help share the necessary skills to perform their jobs and develop their professional careers
 **Qualifications**

* Strong understanding of customer facing web applications with experience in Next.JS/React, JavaScript, Python/Django, NGINX, or PostgreSQL.
* Ability to break down analytic data to drive decisions and results that will provide business value to the organization and help our customers
* Strong background in delivering digital \\- web products at scale
* Strong understanding of cloud infrastructure concepts, platforms, and technologies
* Advanced understanding of application and infrastructure monitoring and tooling
* Strong understanding of the Software Development Lifecycle (SDLC)
* Experience designing flexible, scalable, high\\-availability Cloud native applications
* Experience architecting and designing new and current systems
* Strong understanding of CI/CD, Release Management, and Configuration Management processes tooling
* Strong critical thinking, decision making, and problem\\-solving skills
* Excellent verbal/written communication skills, with the ability to effectively communicate to both senior leadership and highly technical personnel
* Ability to excel in a fast\\-paced environment
* Experience delivering within a customer facing application backed by a Content Management system is desired
* Understanding of data modeling and AI concepts is desired
 **Annual Salary**


$105,000\\.00 \\- $260,000\\.00
The above annual salary range is a general guideline. Multiple factors are taken into consideration to arrive at the final hourly rate/ annual salary to be offered to the selected candidate. Factors include, but are not limited to, the scope and responsibilities of the role, the selected candidate’s work experience, education and training, the work location as well as market and business considerations.

  


At this time, GEICO will not sponsor a new applicant for employment authorization for this position. **The GEICO Pledge:**

**Great Company:** At GEICO, we help our customers through life’s twists and turns. Our mission is to protect people when they need it most and we’re constantly evolving to stay ahead of their needs.


We’re an iconic brand that thrives on innovation, exceeding our customers’ expectations and enabling our collective success. From day one, you’ll take on exciting challenges that help you grow and collaborate with dynamic teams who want to make a positive impact on people’s lives.

**Great Careers:** We offer a career where you can learn, grow, and thrive through personalized development programs, created with your career – and your potential – in mind. You’ll have access to industry leading training, certification assistance, career mentorship and coaching with supportive leaders at all levels.

**Great Culture:** We foster an inclusive culture of shared success, rooted in integrity, a bias for action and a winning mindset. Grounded by our core values, we have an an established culture of caring, inclusion, and belonging, that values different perspectives. Our teams are led by dynamic, multi\\-faceted teams led by supportive leaders, driven by performance excellence and unified under a shared purpose.


As part of our culture, we also offer employee engagement and recognition programs that reward the positive impact our work makes on the lives of our customers.

**Great Rewards:** We offer compensation and benefits built to enhance your physical well\\-being, mental and emotional health and financial future.

* Comprehensive Total Rewards program that offers personalized coverage tailor\\-made for you and your family’s overall well\\-being.
* Financial benefits including market\\-competitive compensation; a 401K savings plan vested from day one that offers a 6% match; performance and recognition\\-based incentives; and tuition assistance.
* Access to additional benefits like mental healthcare as well as fertility and adoption assistance.
* Supports flexibility\\- We provide workplace flexibility as well as our GEICO Flex program, which offers the ability to work from anywhere in the US for up to four weeks per year.


The equal employment opportunity policy of the GEICO Companies provides for a fair and equal employment opportunity for all associates and job applicants regardless of race, color, religious creed, national origin, ancestry, age, gender, pregnancy, sexual orientation, gender identity, marital status, familial status, disability or genetic information, in compliance with applicable federal, state and local law. GEICO hires and promotes individuals solely on the basis of their qualifications for the job to be filled.


GEICO reasonably accommodates qualified individuals with disabilities to enable them to receive equal employment opportunity and/or perform the essential functions of the job, unless the accommodation would impose an undue hardship to the Company. This applies to all applicants and associates. GEICO also provides a work environment in which each associate is able to be productive and work to the best of their ability. We do not condone or tolerate an atmosphere of intimidation or harassment. We expect and require the cooperation of all associates in maintaining an atmosphere free from discrimination and harassment with mutual respect by and for all associates and applicants.","","https://www.indeed.com/cmp/Geico","","https://www.geico.com/careers/","","10,000+","Decline to state","At GEICO, we offer a rewarding career where your ambitions are met with endless possibilities.","","","","","",""
"in-3f5534a70ee4e91b","indeed","https://www.indeed.com/viewjob?jk=3f5534a70ee4e91b","https://click.appcast.io/t/z-wfsImwewwt8XI9w5qsRzCnenHV5I485vvyxaQzio4=","Staff Engineer - Customer Platform","GEICO","Bethesda, MD, US","2026-05-26","fulltime","direct_data","yearly",105000.0,260000.0,"USD",False,"","","","","**At GEICO, we offer a rewarding career where your ambitions are met with endless possibilities.**

**Every day we honor our iconic brand by offering quality coverage to millions of customers and being there when they need us most. We thrive through relentless innovation to exceed our customers’ expectations while making a real impact for our company through our shared purpose.**

**When you join our company, we want you to feel valued, supported and proud to work here. That’s why we offer The GEICO Pledge: Great Company, Great Culture, Great Rewards and Great Careers.**

**Position Summary**


GEICO is seeking an experienced Engineer with a passion for building high\\-performance, low maintenance, zero\\-downtime platforms, and applications. In this role you will help us create the elevated and superior version of www.geico.com working specifically to modernize the frameworks and technologies. In this role you will be a part of a technical transformation where engineering excellence, continuous improvement, AI automation, and a culture of psychological safety are paramount.

 **Position Description**


Our Staff Engineer is a key member of the engineering staff working across the organization to provide friction\\-less experiences to our customers and maintaining the highest standards of protection and availability. Key engineering responsibilities will focus on the development and continued maintenance of several web applications and their supporting architecture, including both customer\\-facing experiences as well as internally developed web tools to facilitate content management.


Our team thrives and succeeds in delivering high quality technology products and services in a hyper\\-growth environment where priorities shift quickly. The ideal candidate has broad and deep technical knowledge bringing forward a full stack mindset, work duties can range from front\\-end UIs through back\\-end systems and all points in between.

 **Position Responsibilities**


As a Staff Engineer, you will:

* Evolve Geico.com and its supporting systems with a focus on speed to market, security, 24x7 availability, and user engagement.
* Scope, design, and build scalable and resilient software solutions amongst diverse engineering groups
* Utilize object\\-oriented languages, SQL based databases, Container Orchestration services including Docker and Kubernetes, and a variety of Cloud hosting tools and services
* Perform engineering design evaluations and code reviews with peers to elevate the quality of engineering across the organization
* Manage day\\-to\\-day activities of the engineering teams overseeing execution of software development projects against delivery commitments
* Seek ways to simplify and standardize designs, operations, and deployment plans, focusing on reducing complexity and providing performance, agility, and scalability
* Responsible for production operations support and ensuring availability, stability, and performance of production applications
* Collaborate with cross\\-functional organizations throughout the entire software lifecycle to ensure technology and roadmap alignment
* Manage projects and processes to keep the team organized, efficient, and optimally running
* Set, manage, and report KPIs to measure progress and facilitate data\\-driven decision making
* Responsible for evaluating and driving new technology and Open\\-Source software considerations
* Research and guide architectural level changes that support and enhance application performance, security, and our drive to innovate
* Mentor and manage engineering peers to help share the necessary skills to perform their jobs and develop their professional careers
 **Qualifications**

* Strong understanding of customer facing web applications with experience in Next.JS/React, JavaScript, Python/Django, NGINX, or PostgreSQL.
* Ability to break down analytic data to drive decisions and results that will provide business value to the organization and help our customers
* Strong background in delivering digital \\- web products at scale
* Strong understanding of cloud infrastructure concepts, platforms, and technologies
* Advanced understanding of application and infrastructure monitoring and tooling
* Strong understanding of the Software Development Lifecycle (SDLC)
* Experience designing flexible, scalable, high\\-availability Cloud native applications
* Experience architecting and designing new and current systems
* Strong understanding of CI/CD, Release Management, and Configuration Management processes tooling
* Strong critical thinking, decision making, and problem\\-solving skills
* Excellent verbal/written communication skills, with the ability to effectively communicate to both senior leadership and highly technical personnel
* Ability to excel in a fast\\-paced environment
* Experience delivering within a customer facing application backed by a Content Management system is desired
* Understanding of data modeling and AI concepts is desired
 **Annual Salary**


$105,000\\.00 \\- $260,000\\.00
The above annual salary range is a general guideline. Multiple factors are taken into consideration to arrive at the final hourly rate/ annual salary to be offered to the selected candidate. Factors include, but are not limited to, the scope and responsibilities of the role, the selected candidate’s work experience, education and training, the work location as well as market and business considerations.

  


At this time, GEICO will not sponsor a new applicant for employment authorization for this position. **The GEICO Pledge:**

**Great Company:** At GEICO, we help our customers through life’s twists and turns. Our mission is to protect people when they need it most and we’re constantly evolving to stay ahead of their needs.


We’re an iconic brand that thrives on innovation, exceeding our customers’ expectations and enabling our collective success. From day one, you’ll take on exciting challenges that help you grow and collaborate with dynamic teams who want to make a positive impact on people’s lives.

**Great Careers:** We offer a career where you can learn, grow, and thrive through personalized development programs, created with your career – and your potential – in mind. You’ll have access to industry leading training, certification assistance, career mentorship and coaching with supportive leaders at all levels.

**Great Culture:** We foster an inclusive culture of shared success, rooted in integrity, a bias for action and a winning mindset. Grounded by our core values, we have an an established culture of caring, inclusion, and belonging, that values different perspectives. Our teams are led by dynamic, multi\\-faceted teams led by supportive leaders, driven by performance excellence and unified under a shared purpose.


As part of our culture, we also offer employee engagement and recognition programs that reward the positive impact our work makes on the lives of our customers.

**Great Rewards:** We offer compensation and benefits built to enhance your physical well\\-being, mental and emotional health and financial future.

* Comprehensive Total Rewards program that offers personalized coverage tailor\\-made for you and your family’s overall well\\-being.
* Financial benefits including market\\-competitive compensation; a 401K savings plan vested from day one that offers a 6% match; performance and recognition\\-based incentives; and tuition assistance.
* Access to additional benefits like mental healthcare as well as fertility and adoption assistance.
* Supports flexibility\\- We provide workplace flexibility as well as our GEICO Flex program, which offers the ability to work from anywhere in the US for up to four weeks per year.


The equal employment opportunity policy of the GEICO Companies provides for a fair and equal employment opportunity for all associates and job applicants regardless of race, color, religious creed, national origin, ancestry, age, gender, pregnancy, sexual orientation, gender identity, marital status, familial status, disability or genetic information, in compliance with applicable federal, state and local law. GEICO hires and promotes individuals solely on the basis of their qualifications for the job to be filled.


GEICO reasonably accommodates qualified individuals with disabilities to enable them to receive equal employment opportunity and/or perform the essential functions of the job, unless the accommodation would impose an undue hardship to the Company. This applies to all applicants and associates. GEICO also provides a work environment in which each associate is able to be productive and work to the best of their ability. We do not condone or tolerate an atmosphere of intimidation or harassment. We expect and require the cooperation of all associates in maintaining an atmosphere free from discrimination and harassment with mutual respect by and for all associates and applicants.","","https://www.indeed.com/cmp/Geico","","https://www.geico.com/careers/","","10,000+","Decline to state","At GEICO, we offer a rewarding career where your ambitions are met with endless possibilities.","","","","","",""
"in-64d1ab74222c024f","indeed","https://www.indeed.com/viewjob?jk=64d1ab74222c024f","https://eofe.fa.us2.oraclecloud.com/hcmUI/CandidateExperience/en/sites/CX_3001/requisitions/preview/75669","Vice President, Full-Stack Engineer","BNY","Pittsburgh, PA, US","2026-05-26","fulltime","","","","","",False,"","","","","Vice President, Full Stack Engineer


At BNY, our culture allows us to run our company better and enables employees’ growth and success. As a leading global financial services company at the heart of the global financial system, we influence nearly 20% of the world’s investible assets. Every day, our teams harness cutting\\-edge AI and breakthrough technologies to collaborate with clients, driving transformative solutions that redefine industries and uplift communities worldwide.


Recognized as a top destination for innovators, BNY is where bold ideas meet advanced technology and exceptional talent. Together, we power the future of finance – and this is what \\#LifeAtBNY is all about. Join us and be part of something extraordinary.


We’re seeking a future team member for the role of Vice President, Full Stack Engineer to join our FX Program Trading Technology team. This role is in Pittsburgh, PA.


Our technology teams are the driving force and the heartbeat of our business. We are looking for a talented and driven Engineer with a proven track record of impactful business transformation through technological innovation.


You will be part of our FX Execution Services Technology Team and will play a key role in building out the next generation of BNYs Foreign Exchange Trading Systems. Working directly with skilled Product Managers, Traders, Sales teams, and fellow technologists, all of whom put the client at the heart of everything they do, you will help build out our FX trading platform covering pricing, execution, algo trading, order routing, and data analytics.


**In this role, you’ll make an impact in the following ways\\-** **What we’re looking for / What you’ll do:**

* Build and deliver scalable, high\\-performance FX trading solutions
* Work on a modern technology stack comprising Java/Spring microservices, React/Angular front ends, Kafka/MQ messaging, and distributed data platforms
* Collaborate within small, cross\\-functional teams (Product, Traders, Sales, Engineering)
* Leverage AI\\-driven development approaches to accelerate engineering productivity
* Demonstrate strong ownership of system design, code quality, and agile delivery, helping improve best practices
* Develop both backend services and responsive front\\-end applications, including real\\-time UI capabilities
* Drive continuous improvement, including test automation, CI/CD pipelines, and a strong culture of learning and technical excellence

In terms of top skills


* Java
* Spring
* Angular
* React
* Messaging frameworks such as MQ and Kafka
* Relational databases and SQL
* AI driven development skills \\- Claude, Codex, Copilot, Windsurf.

**To be successful in this role, we’re seeking the following:**

· Bachelor's degree in computer science engineering or a related discipline, or equivalent work experience required.


· 5 plus years of experience in software development required; experience in the financial services industry, particularly in FX Trading Applications, is highly desirable


· Excellent communication skills and the ability to work as an integral part of an agile software development team.


At BNY, our culture speaks for itself, check out the latest BNY news at:


BNY Newsroom


BNY LinkedIn


Here’s a few of our recent awards:


· America’s Most Innovative Companies, Fortune, 2025


· World’s Most Admired Companies, Fortune 2025


· “Most Just Companies”, Just Capital and CNBC, 2025\\.


Our Benefits and Rewards:


BNY offers highly competitive compensation, benefits, and wellbeing programs rooted in a strong culture of excellence and our pay\\-for\\-performance philosophy. We provide access to flexible global resources and tools for your life’s journey. Focus on your health, foster your personal resilience, and reach your financial goals as a valued member of our team, along with generous paid leaves, including paid volunteer time, that can support you and your family through moments that matter.


BNY is an Equal Employment Opportunity/Affirmative Action Employer \\- Underrepresented racial and ethnic groups/Females/Individuals with Disabilities/Protected Veterans.","","https://www.indeed.com/cmp/Bny-5","https://d2q79iu7y748jz.cloudfront.net/s/_squarelogo/256x256/84401367ec210053269a29fb53536823","https://www.bny.com/","New York, NY","10,000+","more than $10B (USD)","The Bank of New York is one of the oldest financial institutions in the world, with prestigious clients including 80 percent of the Fortune 500.","","","","","",""
"in-b19180c20a56c016","indeed","https://www.indeed.com/viewjob?jk=b19180c20a56c016","https://eofe.fa.us2.oraclecloud.com/hcmUI/CandidateExperience/en/sites/CX_3001/requisitions/preview/74985","Vice President, Full-Stack Engineer","BNY","Pittsburgh, PA, US","2026-05-26","fulltime","","","","","",False,"","","","","Vice President, Full Stack Engineer


At BNY, our culture allows us to run our company better and enables employees’ growth and success. As a leading global financial services company at the heart of the global financial system, we influence nearly 20% of the world’s investible assets. Every day, our teams harness cutting\\-edge AI and breakthrough technologies to collaborate with clients, driving transformative solutions that redefine industries and uplift communities worldwide.


Recognized as a top destination for innovators, BNY is where bold ideas meet advanced technology and exceptional talent. Together, we power the future of finance – and this is what \\#LifeAtBNY is all about. Join us and be part of something extraordinary.


We’re seeking a future team member for the role of Vice President, Full Stack Engineer to join our FX Program Trading Technology team. This role is in Pittsburgh, PA.


Our technology teams are the driving force and the heartbeat of our business. We are looking for a talented and driven Engineer with a proven track record of impactful business transformation through technological innovation.


You will be part of our FX Execution Services Technology Team and will play a key role in building out the next generation of BNYs Foreign Exchange Trading Systems. Working directly with skilled Product Managers, Traders, Sales teams, and fellow technologists, all of whom put the client at the heart of everything they do, you will help build out our FX trading platform covering pricing, execution, algo trading, order routing, and data analytics.


**In this role, you’ll make an impact in the following ways\\-** **What we’re looking for / What you’ll do:**

* Build and deliver scalable, high\\-performance FX trading solutions
* Work on a modern technology stack comprising Java/Spring microservices, React/Angular front ends, Kafka/MQ messaging, and distributed data platforms
* Collaborate within small, cross\\-functional teams (Product, Traders, Sales, Engineering)
* Leverage AI\\-driven development approaches to accelerate engineering productivity
* Demonstrate strong ownership of system design, code quality, and agile delivery, helping improve best practices
* Develop both backend services and responsive front\\-end applications, including real\\-time UI capabilities
* Drive continuous improvement, including test automation, CI/CD pipelines, and a strong culture of learning and technical excellence

In terms of top skills


* Java
* Spring
* Angular
* React
* Messaging frameworks such as MQ and Kafka
* Relational databases and SQL
* AI driven development skills \\- Claude, Codex, Copilot, Windsurf.

**To be successful in this role, we’re seeking the following:**

· Bachelor's degree in computer science engineering or a related discipline, or equivalent work experience required.


· 5 plus years of experience in software development required; experience in the financial services industry, particularly in FX Trading Applications, is highly desirable


· Excellent communication skills and the ability to work as an integral part of an agile software development team.


At BNY, our culture speaks for itself, check out the latest BNY news at:


BNY Newsroom


BNY LinkedIn


Here’s a few of our recent awards:


· America’s Most Innovative Companies, Fortune, 2025


· World’s Most Admired Companies, Fortune 2025


· “Most Just Companies”, Just Capital and CNBC, 2025\\.


Our Benefits and Rewards:


BNY offers highly competitive compensation, benefits, and wellbeing programs rooted in a strong culture of excellence and our pay\\-for\\-performance philosophy. We provide access to flexible global resources and tools for your life’s journey. Focus on your health, foster your personal resilience, and reach your financial goals as a valued member of our team, along with generous paid leaves, including paid volunteer time, that can support you and your family through moments that matter.


BNY is an Equal Employment Opportunity/Affirmative Action Employer \\- Underrepresented racial and ethnic groups/Females/Individuals with Disabilities/Protected Veterans.","","https://www.indeed.com/cmp/Bny-5","https://d2q79iu7y748jz.cloudfront.net/s/_squarelogo/256x256/84401367ec210053269a29fb53536823","https://www.bny.com/","New York, NY","10,000+","more than $10B (USD)","The Bank of New York is one of the oldest financial institutions in the world, with prestigious clients including 80 percent of the Fortune 500.","","","","","",""
"in-642372fa41a3055f","indeed","https://www.indeed.com/viewjob?jk=642372fa41a3055f","https://intellibee.my.salesforce-sites.com/apps/jobs?id=a0AUU000006t4h32AA","Sr Front-End Developer","Intellibee Inc","Columbia, SC, US","2026-05-26","","","","","","",False,"","","","","**Daily Duties / Responsibilities:**


Seeking an experienced Senior Full Stack UI Developer with 10\\+ years of expertise in both front\\-end and backend development, along with proven technical leadership capabilities.

**Key Responsibilities**

**Front\\-End Development (UI)**

* Design and develop responsive, scalable, and high\\-performance UI applications
* Build modern web applications using React, Angular, or Vue.js
* Translate UI/UX designs into clean, maintainable code.
* Implement state management (Redux, NgRx, Context API, etc.)
* Ensure performance optimization, accessibility (WCAG), and cross\\-browser compatibility.
* Establish and enforce UI coding standards and best practices

**Backend Development**

* Design and implement RESTful APIs / Microservices
* Develop backend services using Python and Java.
* Handle authentication and authorization (OAuth, JWT)
* Design and manage database systems (SQL/NoSQL)
* Ensure scalability, reliability, and security of backend systems

**Full Stack Responsibilities**

* Work across the stack for end\\-to\\-end feature development
* Integrate frontend and backend systems seamlessly
* Troubleshoot and debug complex issues across layers
* Ensure high\\-quality releases with proper testing and validation

**REQUIRED SKILLS (RANK IN ORDER OF IMPORTANCE):**

**THE ABILITY TO:**

* Frontend frameworks (React, Angular or similar modern component \\-based framework)
* Backend languages (Node.js, Python, Java or similar server\\-side technologies)
* API Development (RESTful services, GRAPHQL and versioning)
* Database expertise (SQL and NoSQL)
* DevOps fundamentals

**PREFERRED SKILLS (RANK IN ORDER OF IMPORTANCE):**

* 8\\+ years of experience in software development
* 4\\+ Strong hands\\-on experience in full stack development and UI engineering
* 4\\+ Proven experience in leading teams or projects

**REQUIRED EDUCATION:**

* Bachelor's or Master's degree in Computer Science or related field.

**Benefits at IntelliBee**

* **Long\\-Term Stability:** Join us on a multi\\-year opportunities with room to grow.
* **Comprehensive Health Coverage:** Access quality healthcare benefits to keep you and your family well.
* **Future Planning:** Enroll in our 401(k) program and invest in your financial security.
* **GC Assistance:** We support immediate Green Card processing, if required.","Internet And Software","https://www.indeed.com/cmp/Intellibee-Inc","https://d2q79iu7y748jz.cloudfront.net/s/_squarelogo/256x256/37b7727e3eb2acd948f6f4f73c2701ba","","","","","","","","","","",""
"in-edf6eb79bad2dd76","indeed","https://www.indeed.com/viewjob?jk=edf6eb79bad2dd76","https://windsorsolutions.bamboohr.com/careers/28?source=indeed&src=indeed&postedDate=2026-05-26","Software Engineer, Full Stack (C# / .NET / Azure)","Windsor Solutions, Inc.","Tigard, OR, US","2026-05-26","fulltime","","","","","",True,"","","","","**About Windsor Solutions**  

For more than 25 years, Windsor Solutions has built software that environmental agencies across the United States rely on to manage permitting, inspections, compliance, and public reporting. Our flagship nVIRO platform replaces manual, paper based processes with modern cloud systems, helping agencies move faster, maintain accurate data, and better serve the public. We are hiring a mid level full stack engineer to help build the next generation of this platform on Azure.

 **What You Will Do**

  

* Build and maintain full stack web applications using C\\#, .NET, IIS, and SQL Server in an Azure cloud environment
* Design, query, and optimize relational databases using SQL Server and T SQL
* Develop RESTful APIs and event driven services
* Build responsive front end experiences using HTML, CSS, JavaScript, and SignalR
* Integrate AI features using Claude API and Azure AI Services
* Deploy code through CI CD pipelines and containerized workflows such as Docker
* Write performant, multithreaded, production ready code

  


**What You Bring**

  

* Strong experience with C\\# and .NET full stack development
* Solid SQL Server and T SQL skills including querying and schema design
* Front end fundamentals including HTML, CSS, and JavaScript
* Experience with multithreading and event driven systems
* Ability to learn quickly and work within a complex domain
* Experience with Git, CI CD, and clean coding practices
* Strong communication skills and ability to work with non technical stakeholders
* Ability to work independently and coordinate with product and project teams

  


**Preferred Qualifications**

  

* Experience with Blazor
* Knowledge of web accessibility standards such as ADA compliance
* Experience with security and compliance frameworks such as SOC 2 or OWASP
* Experience working in public sector, environmental, or regulated industries

  


**Why Windsor Solutions**

  

* Hybrid work model with flexibility between remote and office locations
* Mission driven work that directly supports environmental protection
* Modern technology stack with meaningful ownership and impact
* Opportunities for growth through mentorship and professional development

  


**Equal Opportunity Statement**  

Windsor Solutions is an Equal Opportunity Employer","","https://www.indeed.com/cmp/Windsor-Solutions,-Inc.-1","https://d2q79iu7y748jz.cloudfront.net/s/_squarelogo/256x256/fc13536245c27fdb175fa5a29fbcc011","https://windsorsolutions.com/","11481 SW Hall Blvd #201, Tigard, OR 97223 ","51 to 200","$5M to $25M (USD)","We are an established, small software solutions company headquartered in Portland, OR and we carry a passion for safeguarding and improving our environment supporting environmental agencies.","","","","","",""
"in-f44731d71bd32bbf","indeed","https://www.indeed.com/viewjob?jk=f44731d71bd32bbf","https://www.careers.peraton.com/jobs/cyber-software-engineer-linthicum-maryland-167093-jobs--information-technology--","CYBER SOFTWARE ENGINEER","Peraton","Linthicum, MD, US","2026-05-26","fulltime","direct_data","yearly",135000.0,216000.0,"USD",False,"","","","","##### **ABOUT PERATON**


Peraton is a next\\-generation national security company that drives missions of consequence spanning the globe and extending to the farthest reaches of the galaxy. As the world’s leading mission capability integrator and transformative enterprise IT provider, we deliver trusted, highly differentiated solutions and technologies to protect our nation and allies. Peraton operates at the critical nexus between traditional and nontraditional threats across all domains: land, sea, space, air, and cyberspace. The company serves as a valued partner to essential government agencies and supports every branch of the U.S. armed forces. Each day, our employees solve the most daunting challenges that our customers face. Visit peraton.com to learn how we’re keeping people around the world safe and secure.

##### **ABOUT THE ROLE**


Implements, tests, and operates advanced software security techniques in compliance with technical reference architecture. Performs ongoing security testing and code review to improve software security. Troubleshoots and debugs issues that arise. Provides engineering designs for new software solutions to help mitigate security vulnerabilities. Contributes to all levels of the architecture and maintains technical documentation. Consults team members on secure coding practices. Develops a familiarity with new tools and best practices.  

* Uses education and experience to design, develop, code, test, and debug software using C\\#, Java, Python, and/or PHP languages. Experience architecting, implementing, and deploying cloud\\-native solutions. Supports moving existing applications to Azure and AWS cloud.
* Works with product owner, project manager, and software engineers to interpret requirements, design solutions, and write and implement code to meet system performance goals. Writes, tests, and documents error\\-proof code. Supports continuous integration and continuous development pipeline.
* Complies with government directives, standards, guidelines, and criteria concerning software safety and systems safety. Confirms design mitigations are captured in the design and its documentation and verifies implementation.
* Collaborates with and across Agile teams to design, develop, test, implement, and support technical solutions in full\\-stack development tools and technologies.
* Must have a passion for staying on top of tech trends, experimenting with and learning new technologies, participating in internal and external technology\\-focused communities, and mentoring other engineering community members.
* Must have proficiency in Container Orchestration services, including Docker and Kubernetes, and a variety of cloud tools and services; understand the benefits of leveraging Kubernetes orchestration.

**Requirements:*** Independently perform senior\\-level cloud\\-native applications analysis, design, development, innovative problem\\-solving, and integration with custom applications, packaged software applications, and other legacy systems.
* Leverages Python, PHP, C\\#, JavaScript, Java, and other languages and technologies to deliver solutions.
* Designs and implement new UI components, features, and applications.
* Develops Web Services, Micro\\-services, and API architectures as needed.
* Utilizes DevOps to manage and improve upon the build and deployment pipeline.
* Reviews code change requests to identify potential improvements and prevent errors before approving and releasing the code.
* Drives the design of major features within the engineering team by leading design review meetings and ensuring that new features fit into the existing architecture.
* Works closely with product owners to prioritize the features and synchronize delivery by helping organize tasks within the team and coordinating work with other teams.
* Be an independent driver/owner of high\\-impact features or initiatives.
* Assess the legacy system, identifying the need for APIs, micro\\-services, and database conversions, and creating these services.
* Proposes and implement solutions to modify or enhance system functionality.
* Assists in the transition of system components to new platforms as needed.
* *This position requires full\\-time, onsite attendance Monday through Friday in the Baltimore metropolitan area.*
##### **QUALIFICATIONS**

* Minimum of 8 years with BS/BA; Minimum of 6 years with MS/MA; Minimum of 3 years with PhD.
* Clearance: Minimum Active Secret
* Requires direct hands\\-on experience developing, designing, and implementing software applications for a customer.
* Must be experienced in architecting, implementing, and deploying cloud\\-native solutions.
* Must have a familiarity with containerized development (Docker, Kubernetes).
* Uses GitLab CI/CD for automated testing and cloud deployments via Helm.
* Directs hands\\-on experience with Jira/Confluence/GitLab development management tools and testing tools.
* Experience with test tools such as Bruno and Cypress.
##### **DETAILS**


**Target Salary Range:** $135,000 \\- $216,000\\. This represents the typical salary range for this position. Salary is determined by various factors, including but not limited to, the scope and responsibilities of the position, the individual’s experience, education, knowledge, skills, and competencies, as well as geographic location and business and contract considerations. Depending on the position, employees may be eligible for overtime, shift differential, and a discretionary bonus in addition to base pay.



**Benefits Statement:** Peraton offers eligible employees a variety of benefits including medical, dental, vision, life, health savings account, short/long term disability, EAP, parental leave, 401(k), paid time off (PTO) for vacation, and company paid holidays. A full listing of available benefits can be viewed at https://www.careers.peraton.com/benefits.



**Application Statements:** The application period for the job is estimated to be 30 days from the job posting date. However, this timeline may be shortened or extended depending on business needs and the availability of qualified candidates. By applying to this job, you are expressing interest in the role and the Company. During the review of your application, you may be required to participate in an on\\-camera interview, as well as participate in a process to verify your identity.


**EEO:** Equal opportunity employer, including disability and protected veterans, or other characteristics protected by law.","","https://www.indeed.com/cmp/Peraton","https://d2q79iu7y748jz.cloudfront.net/s/_squarelogo/256x256/a7deaeae4e9e01376ab02161b2008b59","http://www.peraton.com","Reston, VA","10,000+","$5B to $10B (USD)","The future is here and Peraton is building it. We're fearlessly solving the toughest national security challenges and want you to join us.","","","","","",""
"in-d5bbd2665b6b4895","indeed","https://www.indeed.com/viewjob?jk=d5bbd2665b6b4895","https://careers.regions.com/us/en/job/RFCOUSR102972ENUSEXTERNAL/Software-Engineer-Team-Leader-Fraud-Systems?utm_source=indeed&utm_medium=phenom-feeds","Software Engineer Team Leader - Fraud Systems","Regions Financial","Hoover, AL, US","2026-05-26","fulltime","direct_data","yearly",127767.0,168210.0,"USD",False,"","","","","Thank you for your interest in a career at Regions. At Regions, we believe associates deserve more than just a job. We believe in offering performance\\-driven individuals a place where they can build a career \\-\\-\\- a place to expect more opportunities. If you are focused on results, dedicated to quality, strength and integrity, and possess the drive to succeed, then we are your employer of choice.
  
  

Regions is dedicated to taking appropriate steps to safeguard and protect private and personally identifiable information you submit. The information that you submit will be collected and reviewed by associates, consultants, and vendors of Regions in order to evaluate your qualifications and experience for job opportunities and will not be used for marketing purposes, sold, or shared outside of Regions unless required by law. Such information will be stored in accordance with regulatory requirements and in conjunction with Regions’ Retention Schedule for a minimum of three years. You may review, modify, or update your information by visiting and logging into the careers section of the system.
  
  

**Job Description:**  

At Regions, the Software Engineer Team Leader devises or modifies procedures to solve complex problems considering computer limitations, operating time, and forms of desired results. This role is responsible for application development, modification, and maintenance of applications. This role monitors system applications and ensures systems run smoothly; as well as creates reports and other documentation outlining findings/solutions and support users. This role sits within Regions' Technology department.
  
  

Primary Responsibilities
  
Assigns and directs the work of team members
  
Estimates team level timelines and technical efforts for planning purposes
  
Assists with the review and evaluation of personnel performance
  
Plans, conducts, and supervises assignments for the team
  
Evaluates progress and results and recommends major changes in procedures
  
Handles compliance remediation
  
Designs, develops, tests, and deploys software using a combination of custom and off\\-the\\-shelf tools
  
Collaborates cross\\-functionally with architects, business users, project managers/Scrum Masters and other engineers to achieve sustainable solutions in a complex environment
  
Monitors, maintains and continuously improves existing software applications
  
Identifies, troubleshoots, and resolves technical and functional software issues
  
Completes documentation and procedures for installation and maintenance
  
Applies design patterns in all development activities
  
Identifies, documents, and implements non\\-functional requirements
  
Builds, maintains, and executes test automation suite
  
Takes independent actions, makes decisions, and takes ownership of applications
  
Plans and estimates work effort
  
Identifies and implements software performance improvements
  
Conducts/Participates in code reviews, code quality checks and developer integration testing
  
Ensures compliance with risk management programs, rules and regulations, and cybersecurity practices; identifies opportunities for and supports process improvements; applies disciplined change management practices
  
  

This position is exempt from timekeeping requirements under the Fair Labor Standards Act and is not eligible for overtime pay.
  
  

Requirements
  
Bachelor’s degree
  
Seven (7\\) years of related experience
  
Experience with test\\-driven development
  
Experience with agile development processes
  
  

Preferences
  
In depth understanding of design patterns and their application
  
  

Skills and Competencies
  
Ability to coach, teach, and mentor teams
  
Ability to estimate work efforts for project sub\\-plans or small projects
  
Ability to interpret and ensure compliance with applicable rules, regulations, and industry guidance
  
Ability to work in an environment with aggressive timelines
  
Demonstrates leadership
  
Excellent analytical, decision\\-making, problem\\-solving and time management skills
  
Excellent verbal and written communication skills to technical and non\\-technical audiences of various levels in the organization (e.g. executive, management, individual contributors)
  
Fluency in developing and understanding sequence diagrams and class models, where applicable
  
In\\-depth understanding of DevOps and formal Software Development Life Cycle (SDLC) processes
  
Willingness to work within a distributed team
  
  

Additional preferred technologies/experience for this specific opportunity
  
.NET Full Stack (MVC, ASP.NET, .NET Core, .NET Framework)
  
Understanding of WCF and SOAP\\-based communication
  
Experience with React
  
Solid understanding of Git branching strategies
  
Experience with Harness CI/CD Pipelines
  
Experience with Docker, Kubernetes, Openshift
  
Experience with IBM MQ
  
Experience with Hangfire
  
Experience with AWS
  
Experience with Kafka/Confluent Kafka
  
Experience with Metrics \\& Monitoring Tools – Splunk, Prometheus, Grafana
  
SAFe/Agile Methodology
  
Python/PySpark experience is a plus
  
Experience with Test Automation
  
Lead Developer Experience is a plus
  
  

Regions will not sponsor applicants for work visas for this position. Applicants for this position must be currently authorized to work in the United States on a full\\-time basis.
  
  

This position is intended to be onsite, now or in the near future. Associates will have regular work hours, including full days in the office three or more days a week. The manager will set the work schedule for this position, including in\\-office expectations. Regions will not provide relocation assistance for this position, and relocation would be at your expense. This position must be within a reasonable driving distance to Birmingham, AL, Atlanta, GA or Charlotte, NC.
  
  

Position Type Full time
  
  

Compensation Details
  
Pay ranges are job specific and are provided as a point\\-of\\-market reference for compensation decisions. Other factors which directly impact pay for individual associates include: experience, skills, knowledge, contribution, job location and, most importantly, performance in the job role. As these factors vary by individuals, pay will also vary among individual associates within the same job.
  
  

The target information listed below is based on the Metropolitan Statistical Area Market Range for where the position is located and level of the position.
  
  

**Job Range Target:**  

**Minimum:** $127,767\\.75 USD
  
**Median:** $168,210\\.00 USD
  
  

**Incentive Pay Plans:** Opportunity to participate in the Long Term Incentive Plan.
  
  

Benefits Information
  
Regions offers a benefits package that is flexible, comprehensive and recognizes that ""one size does not fit all"" for benefits\\-eligible associates. Listed below is a synopsis of the benefits offered by Regions for informational purposes, which is not intended to be a complete summary of plan terms and conditions.
  
  

Paid Vacation/Sick Time
  
  

401K with Company Match
  
  

Medical, Dental and Vision Benefits
  
  

Disability Benefits
  
  

Health Savings Account
  
  

Flexible Spending Account
  
  

Life Insurance
  
  

Parental Leave
  
  

Employee Assistance Program
  
  

Associate Volunteer Program
  
  

Please note, benefits and plans may be changed, amended, or terminated with respect to all or any class of associate at any time. To learn more about Regions’ benefits, please click or copy the link below to your browser.
  
  

https://www.regions.com/about\\-regions/welcome\\-portal/benefits
  
  

Location Details Riverchase Operations Center
  
**Location:** Hoover, Alabama
  
  

Equal Opportunity Employer/including Disabled/Veterans
  
  

Job applications at Regions are accepted electronically through our career site for a minimum of five business days from the date of posting. Job postings for higher\\-volume positions may remain active for longer than the minimum period due to business need and may be closed at any time thereafter at the discretion of the company.","","https://www.indeed.com/cmp/Regions-Financial","https://d2q79iu7y748jz.cloudfront.net/s/_squarelogo/256x256/a0959d77476de62ecfb16f51b8371e2c","http://www.regions.com","Birmingham, AL","10,000+","$5B to $10B (USD)","Regions Financial Corporation is a member of the S&P 500 Index and one of the nation’s largest full-service providers of consumer and commercial banking, wealth management and mortgage products.","","","","","",""
"in-12483420b6facc39","indeed","https://www.indeed.com/viewjob?jk=12483420b6facc39","https://careers.cognizant.com/global-en/jobs/00069025071/java-springwood-backend-developer-hybrid/","Java Springwood Backend Developer (Hybrid)","Cognizant","Denver, CO, US","2026-05-26","fulltime","direct_data","yearly",80000.0,135000.0,"USD",False,"","","","","Please note, this role is not able to offer visa transfer or sponsorship now or in the future. Backend Engineer:
  
* Design, develop, and maintain scalable enterprise\\-grade microservices using Java 17 and Spring Boot. • Build high\\-throughput, low\\-latency distributed systems handling large\\-scale transactional workloads. • Develop RESTful APIs and asynchronous/event\\-driven services using Kafka. • Implement resilient application patterns including retry, circuit breaker, idempotency, caching, throttling, and back\\-pressure handling. • Work with reactive and asynchronous programming models where applicable. • Design reusable frameworks, shared libraries, and platform components. Full Stack Development • Collaborate with UI teams and contribute to frontend integration. • Possess working knowledge of modern frontend technologies such as: Angular TypeScript JavaScript HTML5/CSS3 • Understand API contracts, authentication flows, UI performance, and frontend\\-backend integration patterns. • Ability to debug UI integration issues and optimize end\\-to\\-end application performance. Cloud \\& AWS Engineering • Design and implement cloud\\-native applications on AWS. • Work extensively with AWS services such as: ECS/EKS Lambda API Gateway S3 DynamoDB CloudWatch IAM SNS/SQS Step Functions MSK/Kafka • Participate in architecture reviews and cloud optimization initiatives. Database \\& Data Engineering • Strong hands\\-on experience with: Oracle MongoDB DynamoDB • Design scalable schema models for transactional and high\\-volume systems. • Write complex SQL queries, joins, stored procedures, and performance\\-optimized database operations. • Expertise in: Query optimization Indexing strategies Execution plan analysis Partitioning Connection pooling Database tuning • Experience handling large\\-scale datasets and high\\-throughput systems. Kafka \\& Event\\-Driven Systems • Design and implement Kafka\\-based asynchronous systems. • Strong understanding of: Kafka partitions Consumer groups Scaling strategies Retry topics Dead\\-letter queues Batch processing Exactly\\-once/at\\-least\\-once semantics • Experience troubleshooting Kafka lag, throughput bottlenecks, and consumer tuning. Performance Engineering • Perform JVM tuning and application performance optimization. • Identify and resolve memory leaks, GC issues, thread contention, and latency bottlenecks. • Conduct performance profiling using tools such as: JProfiler VisualVM Datadog Splunk • Optimize APIs, database interactions, cache usage, and distributed workflows. • Experience designing systems for high TPS and low\\-latency requirements. DevOps \\& Platform Engineering • Strong understanding of DevOps principles and CI/CD pipelines. • Experience with: Docker Kubernetes Helm Jenkins/GitHub Actions/GitLab CI Terraform/CloudFormation • Knowledge of deployment automation, blue\\-green deployments, canary deployments, and rollback strategies. • Experience supporting production releases and operational readiness. SRE / Production Support • Understanding of Site Reliability Engineering (SRE) concepts. • Experience with: Monitoring Alerting Logging Incident management RCA analysis Production debugging • Familiarity with observability platforms such as: Datadog Splunk CloudWatch Prometheus/Grafana • Ability to troubleshoot distributed production systems under high load. AI \\& Modern Engineering Practices • Understanding of AI\\-assisted development and modern engineering tooling. • Exposure to: AI coding assistants Prompt engineering AI\\-driven SDLC acceleration Agentic workflows AI\\-powered observability or automation • Ability to leverage AI tools for: Code generation Unit testing PR reviews Documentation Operational analysis • Awareness of secure AI engineering and prompt injection prevention concepts is a plus.


Work model We believe hybrid work is the way forward as we strive to provide flexibility wherever possible. Based on this role’s business requirements, this is a hybrid position requiring 4 days a week in a Cognizant office in Greenwood Village, CO. Regardless of your working arrangement, we are here to support a healthy work\\-life balance through our various wellbeing programs. The working arrangements for this role are accurate as of the date of posting. This may change based on the project you’re engaged in, as well as business and client requirements. Rest assured; we will always be clear about role expectations. What you need to have to be considered • Hands\\-on experience administering Snowflake, including account configuration, RBAC, replication, and data\\-sharing solutions. • Strong understanding of foundational cloud concepts with practical experience building in Azure, including Private DNS zones, Blob Storage, Private Endpoints, and Private Link as they relate to Snowflake. • Experience with infrastructure as code (IaC) tools such as Terraform. • Comfort with code versioning tools such as Git. • Proven ability to monitor cost and performance across Snowflake environments and troubleshoot issues with application teams. These will help you stand out • Experience designing and supporting enterprise\\-scale data platforms with a focus on resilience and maintainability. • Familiarity with data governance and security best practices in cloud\\-native environments. • Strong communication skills to partner effectively with both technical and non\\-technical stakeholders. We’re excited to meet people who share our mission and can make an impact in a variety of ways. Don’t hesitate to apply, even if you only meet the minimum requirements listed. Think about your transferable experiences and unique skills that make you stand out as someone who can bring new and exciting things to this role. Salary and Other Compensation Applications will be accepted until June 26, 2026 The annual salary for this position is between $80,000– $135,000 USD depending on experience and other qualifications of the successful candidate. This position is also eligible for Cognizant’s discretionary annual incentive program, based on performance and subject to the terms of Cognizant’s applicable plans. Benefits Cognizant offers the following benefits for this position, subject to applicable eligibility requirements: • Medical/Dental/Vision/Life Insurance • Paid holidays plus Paid Time Off • 401(k) plan and contributions • Long\\-term/Short\\-term Disability • Paid Parental Leave • Employee Stock Purchase Plan Disclaimer: The salary, other compensation, and benefits information is accurate as of the date of this posting. Cognizant reserves the right to modify this information at any time, subject to applicable law.","","https://www.indeed.com/cmp/Cognizant-f7abe767","https://d2q79iu7y748jz.cloudfront.net/s/_squarelogo/256x256/3bd95f13d06ef8241426506395a8cad3","https://www.cognizant.com/","","10,000+","more than $10B (USD)","We help companies modernise technology, reimagine processes and transform experiences so they can thrive in a world that never stops evolving.","","","","","",""
"in-9728099258cfb381","indeed","https://www.indeed.com/viewjob?jk=9728099258cfb381","https://grnh.se/y7auruv23us","Sr Software Engineer, Fullstack","LTK","Remote, US","2026-05-26","","","","","","",True,"","","","","LTK's mission is to empower the world's premium lifestyle Creators to achieve maximum economic success. We have a huge opportunity ahead of us and we're looking for team members who want to create, innovate and disrupt an industry.



We empower our team members to drive innovation, create value, and continue to spearhead the creation of this industry — a game changer when it comes to career growth.

**Title:** Senior Software Engineer, Fullstack


**Location:** Remote from the U.S.


**About the role**



Join the LTK Family! We are searching for a senior software engineer to join the Creator organization. This team is responsible for the user experiences and systems used to onboard creators and drive their growth across LTK, one of the largest creator\\-guided shopping and brand marketing platforms in the industry.



The ideal Senior Software Engineer for this space will be organized, productive, and comfortable working across the full stack. You will have strong experience in building scalable, production\\-quality web applications that anticipate significant growth across multiple dimensions. You'll be inventive and have a pragmatic and iterative approach to delivering high quality software. You'll ruthlessly prioritize accomplishing the highest impact deliverables first, and provide valuable guidance to the engineering manager on the direction of the team's web architecture and systems. You will proactively establish lines of communication across the teams and business units, and draw on them to make the team successful.


**How you will make an impact**


* Coming up with feasible and practical solutions to tough problems.
* Design, build, and maintain high\\-quality fullstack systems and experiences.
* Take end\\-to\\-end ownership of features across the stack: from early technical design and prototyping through implementation, testing, rollout, and ongoing iteration.
* Collaborate with product, design, and other engineers to deliver intuitive, performant, and accessible fullstack experiences that delight creators and brands.
* Optimize fullstack applications and services for performance, scalability, and reliability.
* Champion best practices in architecture, usability, security, and cross\\-platform compatibility across the full stack.
* Use AI tools to expedite daily workflows (e.g., code generation, refactoring, test creation, documentation) and to improve both speed and quality of web development.
* Leverage AI\\-assisted development practices to prototype, iterate on, and maintain web features efficiently, while holding a high bar for safety and code quality.
* Write very high\\-quality, well\\-tested code that is robust and easy to maintain.
* Take ownership of projects and drive them to completion.
* Work and succeed in a fast\\-paced and agile development environment.
* Identify and drive improvements to our fullstack architecture, tooling, and development processes.
* Conduct constructive peer design/code reviews and provide clear, actionable feedback.
* Work with distributed teams across different time zones.
* Serve as a technical subject matter expert for fullstack development who mentors fellow engineers, demonstrates technical experience, and leads teams in solving challenging problems.


**What you will bring to LTK**


* 5\\+ years of software development experience, with significant time spent building and maintaining production\\-scale fullstack applications.
* Deep experience with modern fullstack development, including both front\\-end and back\\-end technologies.
* Demonstrated proficiency in **React.js** (or another comparable framework), including building complex, component\\-based single\\-page applications
* Strong understanding of front\\-end architecture and patterns (component design, state management, routing, modularization).
* Experience with modern web tooling and ecosystems (e.g., Webpack/Vite, npm/yarn, linting, formatting, testing frameworks such as Jest, React Testing Library, Cypress, or similar).
* History of designing and building highly scalable, resilient web experiences that serve a growing user base.
* Experience integrating with backend services and APIs (REST/JSON, HTTP; GraphQL) and working closely with backend teams to define interfaces and contracts.
* Strong focus on performance, accessibility, security, and usability in web applications.
* Demonstrated experience using AI tools as part of the software development lifecycle (coding, debugging, testing, documentation) with concrete examples of improved productivity or quality.
* Ability to critically evaluate AI\\-generated code, refine it, and integrate it safely and effectively into production systems while maintaining team standards and best practices.
* Experience designing and building backend services or APIs to support web applications in a modern server side language (Go, Java
* Experience with AWS systems such as ECS, Lambda, and RDS (among others).
* Experience working in a containerized environment (preferably Docker).
* Experience with databases such as MySQL, DynamoDB
* Experience with observability tools like Datadog
* Comfortable shipping code multiple times per day.
* Strong technical leadership and mentoring skills.
* Ability to model and conceptualize integrations across complex systems and how services interact across the full stack.
* Excellent verbal and written communication skills to both technical and non\\-technical audiences.

### **What we offer**


* The opportunity to be part of the leading global company in creator commerce
* A remote\\-first, productivity\\-first environment
* Competitive compensation and benefits package to meet the needs of you and your family
* 401(k) with LTK company matching
* Medical Insurance, Vision Insurance, Dental Insurance
* Paid Maternity Leave and Paid Paternity Leave
* Summer Fridays and Flexible PTO

### **About LTK**



Founded in 2011, LTK is the global technology platform purpose\\-built to empower lifestyle creators to monetize their content. The full\\-service platform connects brands, creators, and shoppers with a world\\-class shopping app and trusted tools and technology that make content instantly shoppable. Today, premium lifestyle creators in 160\\+ countries drive more than $5 billion\\+ in annual retail sales through their LTK Shop profiles. More than 40 million consumers turn to LTK Shops in the LTK shopping platform each month to find inspiration and instantly shop the styles recommended by their favorite creators. More than 8,000 retailers and 1M brands partner with LTK to gain access to its global creator network for content that converts against performance\\-driven, cross\\-channel KPIs. LTK is headquartered in Dallas, TX, and currently operates on five continents.


### **Our mission**



To empower the world's premium lifestyle Creators to achieve maximum economic success.


### **Our values**


* Here to win
* Commit to the journey
* Work well

### **Commitment to diversity**



LTK believes diversity, equity, and inclusion are fundamental obligations that strengthen our team. We employ a diverse, multi\\-disciplinary team to build a meaningful company and culture.



*For US\\-Based Roles: We are not offering new sponsorships opportunities at this time for persons requiring employment visas, such as an H\\-1B; authorization to work in the U.S. is a precondition of employment.*


*Any unsolicited resumes/candidate profiles submitted through our website or to personal email accounts of employees of LTK are considered the property of LTK and are not subject to payment of agency fees*.


*LTK is an Equal Opportunity Employer.* \\#LI\\-Remote","","https://www.indeed.com/cmp/Ltk-3","https://d2q79iu7y748jz.cloudfront.net/s/_squarelogo/256x256/77f3034f723a5c19179d20caa41c080f","https://company.shopltk.com","Dallas, Texas","201 to 500","$1M to $5M (USD)","A Fast Company ‘Most Innovative Companies’ award-winner, we’re a thriving tech company that still has a start-up vibe.","","","","","",""
"in-2628ea82ea0551af","indeed","https://www.indeed.com/viewjob?jk=2628ea82ea0551af","https://jobs.ashbyhq.com/lpadesignstudios/15522822-b17a-40eb-bc3f-cc9b55c8c367?utm_source=YV95LyDv5X","Power Platform Developer","Lpa, Inc.","San Jose, CA, US","2026-05-26","fulltime","direct_data","yearly",100000.0,140000.0,"USD",False,"","","","","LPA is seeking a skilled and motivated Power Platform Developer to join our integrated team of architects, engineers, interior designers, landscape architects, and master planners. As a member of Inspire Design (ID), LPA’s unified technology team, you will play a firmwide role in advancing data\\-driven workflows and business systems that support our collaborative design process. Your work will have a direct impact across multiple disciplines and business functions, enabling innovative, efficient, and scalable solutions that support our mission to create sustainable environments with lasting environmental, economic, and social value.

**Job Description ::**


LPA’s technology team, Inspire Design, is a unified group that includes Design Technology (DT), Systems Technology (ST), Data and AI Technology (D\\+AI), Business Technology (BT), and Digital Product Development (Product). As part of the Business Technology team, the Power Platform Developer is responsible for designing, developing, and maintaining applications, automations, and data solutions that support firmwide business operations.


This role focuses on leveraging the Microsoft Power Platform and related technologies to enhance processes across business development, financial management, planning, human resources, client relations, and project information management. As part of a collaborative technology team, you will also contribute to cross\\-functional initiatives alongside DT, D\\+AI, ST, and Product to continually improve how the firm works and delivers projects.

**Experience Required ::**

* 2\\+ years of professional experience within the Power Platform ecosystem supporting, administering, and enhancing applications and processes.
* PL\\-100, 200, 300, 400, 500, 600, and/ or 900 certification preferred
* Experience working in a collaborative, multi\\-disciplinary environment

**Responsibilities ::**

* Collaborate with internal teams and external partners to translate business processes into scalable, efficient digital tools
* Design, develop, and maintain solutions using Power Apps (Canvas and Modern), Power Automate, Power Pages, Dataverse, and Dynamics 365
* Configure and extend Dynamics 365 Sales (CRM) and Project Operations to support business and project workflows
* Support firmwide data initiatives, including proof\\-of\\-concept development and implementation of new tools
* Administer and maintain applications to ensure usability, security, and compliance with firm standards
* Manage software updates, troubleshoot issues, and enhance existing applications
* Document systems, processes, and workflows using Azure DevOps, the company intranet, and business intelligence platforms
* Provide training, guidance, and instructional materials to support user adoption and knowledge sharing

**Requirements ::**

* Experience with the Microsoft Power Platform, Power BI, Dataverse, and Dynamics 365 ecosystems
* Knowledge of Microsoft Fabric and enterprise data environments
* Strong collaboration and communication skills
* Ability to prioritize tasks and manage multiple initiatives simultaneously
* Analytical mindset with the ability to synthesize and interpret data
* Experience delivering training and instructional content to diverse audiences
* Innovative problem\\-solving skills and a continuous improvement mindset
* Ability to travel occasionally, as needed

**Additional Preferred Skills ::**

* SCRUM and Agile development methodologies
* Understanding of object\\-oriented programming and full\\-stack development concepts
* Experience with technologies such as Django, JavaScript, HTML, CSS, Python, and PHP is highly valued
* Understanding of UI/UX design principles
* Knowledge of structured and unstructured databases
* Experience in the architecture, engineering, and construction (AEC) industry is a plus

**LPA is an integrated design firm with offices in California and Texas, focused on creating forward\\-thinking, sustainable spaces that make a positive impact.** We believe great design begins with great people, which is why we foster a supportive, collaborative environment where creativity, curiosity, and professional growth are encouraged. Our culture values diversity, promotes wellness, and supports a healthy work\\-life balance.


LPA uses E\\-Verify to confirm the employment eligibility of new hires.




**NOTICE TO RECRUITMENT AGENCIES AND RECRUITERS:**


Please note that LPA does not accept unsolicited resumes from recruiters or employment agencies. In the absence of a signed contract, LPA will not agree to pay any recruiter fee. In the situation an agency or recruiter submits a candidate or resume without a previously signed agreement and/or without LPA’s request, LPA explicitly reserves the right to hire those candidate(s) without any financial obligation to the recruiter or agency. Any unsolicited resumes, including those submitted to hiring managers, are deemed to be the property of LPA.


Compensation Range: $100K \\- $140K","","https://www.indeed.com/cmp/Lpa,-Inc.","https://d2q79iu7y748jz.cloudfront.net/s/_squarelogo/256x256/043d8f733c612d05308b526e72b86acc","https://www.lpainc.com","Irvine","201 to 500","$25M to $100M (USD)","","","","","","",""
"in-785dcb35b8efa5e6","indeed","https://www.indeed.com/viewjob?jk=785dcb35b8efa5e6","https://jobs.ashbyhq.com/rula/62e61834-a793-43be-b863-73019ac83a3e?utm_source=NXokZROjzZ","Sr. Software Engineer - Patient Matching (Remote)","Rula","Los Angeles, CA, US","2026-05-26","fulltime","","","","","",True,"","","","","We believe that mental health is just as important as physical health. We recognize that mental health issues can be complex and multifaceted, and we are dedicated to treating the whole person, not just the symptoms.


We aim to create a world where mental health is no longer stigmatized or marginalized, but rather is embraced as an integral part of one's overall well\\-being.


We believe that by providing quality care that is both evidence\\-based and compassionate, we can empower individuals to take charge of their mental health and achieve their full potential. We are passionate about making a positive impact on the lives of those struggling with mental health issues and we strive to be a force for positive change in the field of mental healthcare.


Rula is a remote\\-first company. We currently hire in most U.S. states, with the exception of Hawaii.

**About the Role**


We are looking for a Senior Software Engineer to join Rula’s Patient Matching team. This team is focused on driving meaningful impact across the patient funnel. Our goal isn’t to help patients find *any* provider, but to help them find the *right* provider: someone they trust, feel comfortable with, and want to continue care with. In practice, that means building and evolving the systems behind provider search, ranking, availability, eligibility, and booking experiences.


As a Senior Engineer, you’ll play a central role in shaping this direction by bringing order to ambiguity, designing durable systems, and delivering software that directly impacts how patients experience care. We’re looking for product\\-minded engineers who see problems, move quickly, and help the team build the right solution quickly.

**Required Qualifications**

* 5\\+ years of professional software development experience, with a proven track record of building and scaling web applications in a production environment.
* Deep expertise in modern full\\-stack technologies—ideally TypeScript, React, and Node.js—along with a strong grasp of functional and object\\-oriented programming.
* Proficiency in leveraging AI\\-assisted development tools (e.g., Claude Code, Cursor, or GitHub Copilot) to accelerate delivery velocity, automate boilerplate, and enhance code quality.
* Demonstrated ability to design and implement complex, distributed systems that are scalable, maintainable, and secure.
* Proven experience leading high\\-priority technical projects from conception to delivery, including the ability to navigate trade\\-offs and align stakeholders.
* A passion for fostering a high\\-performing engineering culture through code reviews, technical documentation, and mentoring junior engineers

 **Preferred Qualifications**

*While having the preferred qualifications enhances your candidacy, having all of them is not mandatory. We encourage all interested applicants to apply, even those who may not meet every preferred requirement.*

* Hands\\-on experience developing or integrating LLM\\-based features or agentic workflows into production applications.
* Advanced knowledge of database design and performance tuning for both relational (PostgreSQL) and non\\-relational data stores.
* Previous experience thriving in a fast\\-paced, high\\-growth startup environment where you’ve helped scale an engineering organization.
* Experience transitioning from monolithic architectures to microservices or event\\-driven systems.

**We're serious about your well\\-being! As part of our team, full\\-time employees receive:**

* **100% remote work environment:** Working hours to support a healthy work\\-life balance, ensuring you can meet both professional and personal commitments (must be based in United States, currently not hiring in Hawaii)
* **Attractive pay and benefits**: Full transparency of pay ranges regardless of where you live in the United States
* **Comprehensive health benefits**: Medical, dental, vision, life, disability, and FSA/HSA
* **401(k) plan access**: Start saving for your future
* **Generous time\\-off policies**: Including 2 company\\-wide shutdown weeks each year for self\\-care (for most employees)
* **Paid parental leave**: Available for all parents, including birthing, non\\-birthing, adopting, and fostering
* **Employee Assistance Program (EAP)**: Support for your mental and physical health
* **New hire home office stipend**: Set up your workspace for success
* **Quarterly department stipend**: Fun team\\-building activities or in\\-person gatherings
* **Wellness events and lunch \\& learns**: Explore a variety of engaging topics
* **Community and employee resource groups**: Participate in groups that celebrate employee identity and lived experiences, fostering a sense of community and belonging for all

**Our team**


We believe that diversity, equity, and inclusion are fundamental to our mission of making mental healthcare work for everyone. We are dedicated to having a culture of inclusion that will support our employees in feeling safe, seen, heard, and valued.","","https://www.indeed.com/cmp/Rula-2","https://d2q79iu7y748jz.cloudfront.net/s/_squarelogo/256x256/8724260c156e80abe7b197f67d3f6f6c","https://www.rula.com","Los Angeles, CA","1,001 to 5,000","Decline to state","Rula Health fills caseloads and handles paperwork so therapists can focus on what they love: providing care to those in need. With guaranteed biweekly pay, it's no wonder thousands trust Rula.","","","","","",""
"in-8eab594acdb8b152","indeed","https://www.indeed.com/viewjob?jk=8eab594acdb8b152","https://jobs.ashbyhq.com/rula/a523f461-908f-4527-8611-a72e5544df09?utm_source=NXokZROjzZ","Sr. Software Engineer - Partnerships New Verticals (Remote)","Rula","Los Angeles, CA, US","2026-05-26","fulltime","","","","","",True,"","","","","We believe that mental health is just as important as physical health. We recognize that mental health issues can be complex and multifaceted, and we are dedicated to treating the whole person, not just the symptoms.


We aim to create a world where mental health is no longer stigmatized or marginalized, but rather is embraced as an integral part of one's overall well\\-being.


We believe that by providing quality care that is both evidence\\-based and compassionate, we can empower individuals to take charge of their mental health and achieve their full potential. We are passionate about making a positive impact on the lives of those struggling with mental health issues and we strive to be a force for positive change in the field of mental healthcare.


Rula is a remote\\-first company. We currently hire in most U.S. states, with the exception of Hawaii.

**About the Role**


As a Fullstack Senior Software Engineer at Rula, you’ll spend your days designing and scaling robust systems within an autonomous, cross\\-functional team that values high ownership, rapid iteration, and technical excellence. Joining the Partnerships orgs, whose mission is to drive patient starts through strategic collaborations with payers, providers, health systems, PCPs, employers, brokers, and other partners, you’ll report to an Engineering Manager and build software that expands our addressable population, enables seamless access to care, closes the loop with partners’ care teams, and positions Rula as a differentiated strategic partner.


The Partnerships New Verticals team focuses on emerging growth areas such as Government, Employers, and PCPs. This includes supporting government\\-sponsored plans like Medicare FFS, enabling employers to provide mental health care access to their employees, and helping PCPs connect patients to high\\-quality mental health care. This is a unique opportunity to lead critical technical initiatives that have a profound human impact in our emerging growth areas.

**Required Qualifications**

* 5\\+ years of professional software development experience, with a proven track record of building and scaling web applications in a production environment.
* Proven experience leading high\\-priority technical projects from conception to delivery, including the ability to navigate trade\\-offs and align stakeholders.
* A passion for fostering a high\\-performing engineering culture through code reviews, technical documentation, and mentoring peers.
* Deep expertise in modern full\\-stack technologies—ideally TypeScript, React, and Node.js—along with a strong grasp of functional and object\\-oriented programming.
* Proficiency in leveraging AI\\-assisted development tools (e.g., Claude Code, Cursor, or GitHub Copilot) to accelerate delivery velocity, automate boilerplate, and enhance code quality.
* Demonstrated ability to design and implement complex, distributed systems that are scalable, maintainable, and secure.

**Preferred Qualifications**

*While having the preferred qualifications enhances your candidacy, having all of them is not mandatory. We encourage all interested applicants to apply, even those who may not meet every preferred requirement.*

* Hands\\-on experience developing or integrating LLM\\-based features or agentic workflows into production applications.
* Strong familiarity with cloud\\-native infrastructure (AWS/GCP), containerization (Docker/Kubernetes), and CI/CD pipeline optimization.
* Previous experience thriving in a fast\\-paced, high\\-growth startup environment where you’ve helped scale an engineering organization.
* Advanced knowledge of database design and performance tuning for both relational (PostgreSQL) and non\\-relational data stores.

**We're serious about your well\\-being! As part of our team, full\\-time employees receive:**

* **100% remote work environment:** Working hours to support a healthy work\\-life balance, ensuring you can meet both professional and personal commitments (must be based in United States, currently not hiring in Hawaii)
* **Attractive pay and benefits**: Full transparency of pay ranges regardless of where you live in the United States
* **Comprehensive health benefits**: Medical, dental, vision, life, disability, and FSA/HSA
* **401(k) plan access**: Start saving for your future
* **Generous time\\-off policies**: Including 2 company\\-wide shutdown weeks each year for self\\-care (for most employees)
* **Paid parental leave**: Available for all parents, including birthing, non\\-birthing, adopting, and fostering
* **Employee Assistance Program (EAP)**: Support for your mental and physical health
* **New hire home office stipend**: Set up your workspace for success
* **Quarterly department stipend**: Fun team\\-building activities or in\\-person gatherings
* **Wellness events and lunch \\& learns**: Explore a variety of engaging topics
* **Community and employee resource groups**: Participate in groups that celebrate employee identity and lived experiences, fostering a sense of community and belonging for all

**Our team**


We believe that diversity, equity, and inclusion are fundamental to our mission of making mental healthcare work for everyone. We are dedicated to having a culture of inclusion that will support our employees in feeling safe, seen, heard, and valued.","","https://www.indeed.com/cmp/Rula-2","https://d2q79iu7y748jz.cloudfront.net/s/_squarelogo/256x256/8724260c156e80abe7b197f67d3f6f6c","https://www.rula.com","Los Angeles, CA","1,001 to 5,000","Decline to state","Rula Health fills caseloads and handles paperwork so therapists can focus on what they love: providing care to those in need. With guaranteed biweekly pay, it's no wonder thousands trust Rula.","","","","","",""
"in-2fcebee4f246ba08","indeed","https://www.indeed.com/viewjob?jk=2fcebee4f246ba08","https://generalmotors.wd5.myworkdayjobs.com/en-US/Careers_GM/job/Mountain-View-Technical-Center---Mountain-View-Technical-Center/Software-Engineer---Full-Stack-3D-Graphics_JR-202611712","Software Engineer – Full Stack 3D Graphics","General Motors (GM)","Mountain View, CA, US","2026-05-26","fulltime","direct_data","yearly",182385.0,217800.0,"USD",True,"","","","","**Job Description**

**DUTIES:** Develop and optimize asset processing pipelines for smooth ingestion validation and deployment of 3D models across platforms. Enhance automation and scalability of asset workflows to improve efficiency and reduce manual effort. Improve rendering performance and asset optimization within the Vedo platform to maintain high\\-quality visuals. Implement and maintain APIs and services to enable seamless asset integration with internal tools configurators and external applications. Ensure stability and reliability of asset pipelines through unit testing performance profiling and debugging. Collaborate with Engineering Product and Content teams to align pipeline capabilities with business needs. Contribute to infrastructure improvements for handling large\\-scale 3D asset processing and visualization. Hybrid Work Policy \\- 3 days In\\-office, 2 days remote \\- Must be able to report to local office.


**REQUIREMENTS:** Bachelor’s degree in Computer Science, Software Engineering, or related field of study. Two (2\\) years of experience as a Software Engineer or related occupation. Two (2\\) years of experience in the following: Software Development; Python, Typescript, and C\\+\\+ for asset processing and automation; APIs for asset processing data pipelines and cloud\\-based services; and debugging and performance profiling skills for large\\-scale processing workflows.


**Compensation:**

* The expected base compensation for this role is $182,385 to $217,800 Annually.
* Actual base compensation within the identified range will vary based on factors relevant to the position.
* Bonus Potential: An incentive pay program offers payouts based on company performance, job level, and individual performance.

\\#LI\\-DNI


\\&\\#xa;\\&\\#xa;\\&\\#xa;\\&\\#xa;
**About GM**

Our vision is a world with Zero Crashes, Zero Emissions and Zero Congestion and we embrace the responsibility to lead the change that will make our world better, safer and more equitable for all.


**Why Join Us**

We believe we all must make a choice every day – individually and collectively – to drive meaningful change through our words, our deeds and our culture. Every day, we want every employee to feel they belong to one General Motors team.


**Benefits Overview**

From day one, we're looking out for your well\\-being–at work and at home–so you can focus on realizing your ambitions. Learn how GM supports a rewarding career that rewards you personally by visiting **Total Rewards resources** .


**Non\\-Discrimination and Equal Employment Opportunities (U.S.)**

General Motors is committed to being a workplace that is not only free of unlawful discrimination, but one that genuinely fosters inclusion and belonging. We strongly believe that providing an inclusive workplace creates an environment in which our employees can thrive and develop better products for our customers.


All employment decisions are made on a non\\-discriminatory basis without regard to sex, race, color, national origin, citizenship status, religion, age, disability, pregnancy or maternity status, sexual orientation, gender identity, status as a veteran or protected veteran, or any other similarly protected status in accordance with federal, state and local laws.


We encourage interested candidates to review the key responsibilities and qualifications for each role and apply for any positions that match their skills and capabilities. Applicants in the recruitment process may be required, where applicable, to successfully complete a role\\-related assessment(s) and/or a pre\\-employment screening prior to beginning employment. To learn more, visit **How we Hire** .


**Accommodations**

General Motors offers opportunities to all job seekers including individuals with disabilities. If you need a reasonable accommodation to assist with your job search or application for employment, **email** us or call us at 1\\-800\\-865\\-7580\\. In your email, please include a description of the specific accommodation you are requesting as well as the job title and requisition number of the position for which you are applying.","","https://www.indeed.com/cmp/General-Motors-(gm)-1","https://d2q79iu7y748jz.cloudfront.net/s/_squarelogo/256x256/43aab281669429da74130b1a3a309219","http://www.gm.com","Detroit, MI","10,000+","more than $10B (USD)","We see a future with Zero Crashes, Zero Emissions, Zero Congestion.","","","","","",""
"in-b50977d506f8a126","indeed","https://www.indeed.com/viewjob?jk=b50977d506f8a126","https://secure7.saashr.com/ta/6205464.careers?ShowJob=604446942","Software Engineer III","Butler Till","Rochester, NY, US","2026-05-26","fulltime","direct_data","yearly",85000.0,134000.0,"USD",False,"","","","","Butler/Till is a results\\-driven marketing agency offering deeply collaborative client experiences, proprietary technology, and world\\-class partnerships. At Butler/Till, we take immense pride in our independent, women\\-owned and led status, our unwavering commitment to a purpose\\-driven approach, our B\\-Corp status, and our unique structure as a 100% employee\\-owned company (ESOP).

  


**SUMMARY**

  



This senior\\-level role is responsible for designing, coding, testing, and maintaining new and legacy enterprise software systems and data pipelines supporting large\\-scale use cases for our most important clients. Our ideal candidate is a passionate coder who thrives in a collaborative environment and is eager to tackle challenging technical problems while maintaining a high standard of deliverables. This role will also provide triage and troubleshooting support when called upon to resolve reported issues with Butler/Till’s enterprise applications.

  




**KEY OUTCOMES \\& RESPONSIBILITIES**


**Key Outcome:** **Development of quality code**


*Key Responsibilities:*


* Write high\\-quality, clear, and testable code in one or more server\\-side programming languages (ASP.NET, C\\#) that satisfies Butler/Till and client needs while adhering to best practices in architecture (scalability), development, implementation, and security


* Design and develop resilient and performant RESTful APIs to facilitate data exchange between front end, back end, and external components and integrations


* Review code created by other engineering staff to provide timely feedback, ensuring adherence to best practices


* Implement unit and integration tests and conduct functional and performance testing where appropriate.


* Develop reusable software components or refactor existing components for performance and maintainability.


* Conduct analysis to determine integration needs, and design and plan integrations.


**Key Outcome:** **Successful team collaboration and stakeholder satisfaction**


*Key Responsibilities:*


* Contribute to, and promote a collaborative team environment, working closely with colleagues to achieve business objectives


* Collaborate with stakeholders (e.g., business stakeholders, product owners, project managers, and end users) to understand functional and non\\-functional requirements.


* Maintain a high level of professionalism and frequency of effective communication with stakeholders and other engineering staff


* Collaborate closely with other engineering staff to become a valued member of an autonomous, impactful, cross\\-functional engineering organization


* Effectively utilize JIRA and Confluence to facilitate knowledge transfer and track development progress


**Key Outcome: Elevate personal and departmental technological quotient.**


*Key Responsibilities:*


* Utilizing the Butler/Till Engineering advancement framework, continue to self\\-develop skills in a Butler/Till\\-supported language.


* Mentor and provide feedback to peers and more junior/co\\-op engineering staff


* Obtain and maintain technical certification(s) within the Butler/Till technology stack (Azure, AWS, ASP.NET, C\\#, Python, SQL, Snowflake)

  


**Other Responsibilities:**


* Requirements analysis


* Documentation or creation of artifacts for existing or newly developed systems


* Support enterprise code and systems to ensure business and or service continuity.

  


**Technical Domain Focus**

  

Focus areas represent additional concentrations within the Software Engineering team above that of a general full\\-stack software engineer candidate. Ideal candidates will be proficient in one or more of the following areas:

  


**Front\\-end Development Focus**



o Using HTML, CSS, and JavaScript to design and create responsive and appealing web user interfaces that adhere to modern accessibility (WCAG) standards for users with disabilities



o Utilize popular front\\-end frameworks like React, Angular, or Vue.js to build interactive and dynamic web applications



o Work collaboratively with company interface designers to successfully implement user interfaces designed in tools such as Adobe XD, Adobe Photoshop, Sketch, or Figma



o Able to prioritize user needs and preferences, and conduct usability testing to refine interface designs



o Design interactive elements, animations, and micro\\-interactions that enhance the overall user experience


**DevOps Focus**



o Work natively in cloud platforms (AWS or Azure), and leverage their services for scalable and resilient application deployments



o Utilize container services such as Docker, and Kubernetes for container orchestration



o Utilize IaC tools such as Terraform, AWS CloudFormation, or Azure Resource Manager to provision, configure, and manage cloud resources and infrastructure



o Monitor cloud\\-native solutions with CloudWatch or Azure Monitor to ensure the reliability and performance of applications



o Tight collaboration with all engineers to enable shorter development and release cycles to production


**Other Responsibilities:**

* Additional accountabilities and tasks may be assigned by leader/management, to contribute to overall team and agency success.

  





**QUALIFICATIONS**


* REQUIRED QUALIFICATIONS:



o 4\\-6 years of experience as a Software Engineer or Software Developer



o Bachelor’s degree in Computer Science, Software Engineering, a related field, or a combination of Bachelor’s degree and work experience



o Expert in one or more popular programming languages and frameworks (ASP.NET, C\\#)



o Expert in the use of source control tools such as GitHub



o Strong problem\\-solving skills and attention to detail.



o Ability to excel in a team\\-oriented environment.


* PREFERRED QUALIFICATIONS:



o Experience as a Software Engineer or Engineering Lead on a team successfully launching SaaS products



o Significant experience modernizing legacy technology to support scalability

  


**CORE COMPETENCIES**


* CUSTOMER FOCUS/CLIENT INTIMACY: seeking to understand client business challenges/needs and delivering continuous value to our clients


* COLLABORATIVE: working with teams and across the organization with ease


* OWNER AGILITY: able to continuously learn and quickly adapt to changing circumstance


* RESULTS DRIVEN: accepts accountability to deliver business outcomes, even under changing circumstances. Delivers on commitments


* DISCIPLINED: Thinks, plans, and prioritizes work on an ongoing basis, plans and aligns with key team members before acting

  


**Travel Requirements**



All employees, regardless of role or geographic location, are required to attend in person for onboarding during their first week of employment and annually for the shareholder’s summit held in June. Additional travel is not routinely expected but may be required for key/critical meetings \\& events.

  

**WORK ENVIORNMENT \\& PHYSICAL DEMANDS**



The work environment and physical demands characteristics described here are representative of those an employee encounters while performing the essential functions of this job, typically in an office setting or in a home office. An employee in this role may be in a stationary position, often standing or sitting for prolonged periods and using office equipment and computers. The noise level in the office environment is usually moderate. (I.e., business office with computers and printers, light foot traffic, etc.).

  




Reasonable accommodation may be requested to enable individuals to perform the essential functions.

  

**EEO DISCLAIMER**



Butler/Till is an Equal Opportunity Employer to all employees and applicants and prohibits discrimination and harassment of any kind without regard to race, color, religion, age, sex, national origin, disability status, genetics, protected veteran status, sexual orientation, gender identity or expression, or any other characteristic protected by federal, state, or local laws. This applies to all terms and conditions of employment, including recruiting, hiring, placement, promotion, termination, layoff, recall, transfer, leaves of absence, compensation, and training.

**COMPENSATION**



Butler/Till is committed to providing pay transparency of our compensation philosophy and ensuring equitable pay practices for our employee owners. The compensation range for this position is $85,000 \\- $134,000 and represents the annual salary range in Rochester, NY. Base pay offered may vary depending on multiple individualized factors, including location, skills, and experience.

  




This is just one component of Butler/Till’s total compensation package for employee owners. The total compensation package for this position may also include other elements, including ESOP (employee stock ownership plan), an annual bonus, in addition to a full benefits package, and paid time off benefits, including 100% paid parental leave. Details of participation in these benefit plans will be provided if an employee receives an offer of employment.","","https://www.indeed.com/cmp/Butler-Till","","","","","","","","","","","",""
"in-d078043d3a055c2f","indeed","https://www.indeed.com/viewjob?jk=d078043d3a055c2f","https://www.gdit.com/careers/job/723053fd9/front-endangular-2full-stack-java-developer/","Front End/Angular 2+/Full Stack Java Developer","General Dynamics Information Technology","Hanover, MD, US","2026-05-26","","direct_data","yearly",111155.0,150385.0,"USD",False,"","","","","Your Impact


Own your opportunity to serve as a critical component of our nation’s safety and security. Make an impact by using your expertise to protect our country from threats.


Job Description


As a Full Stack Java Developer, you'll perform software requirements analysis, system integration activities, research and design and develop and test software and tools. From inventing new products or enhancing existing applications, your talent will be front and center.  

  

What you bring to the table:  

* Seasoned, experienced professional with a broad range of expertise and a wide range of professional experience, possessing a substantial understanding of software engineering concepts, principles, and theories; expert at applying technical standards and methodologies to resolve a wide range of issues in creative ways
* Team player who thrives in collaborative environments and revels in team success, meeting and exceeding personal and team commitments
* Ability to serve as company technical spokesperson with subject matter expertise (SME)


What sets you apart:  

* Active contributor to the achievement of financial and business objectives by resolving complex issues in creative, effective and financially favorable ways
* Contributes to the development of innovative principles and ideas
* Effectively leads complex assignments, interacting with both customers and end\\-users


What you'll experience:  

* Technologies that aren't just top\\-notch, they're often top\\-secret
* A team of bold thinkers committed to exploring what's next


\\- Opportunities to gain new knowledge \\- as it's discovered  

Qualifications:  

* Experience developing object\\-oriented software applications in Java (version 1\\.8 or higher)
* Experience in Web Development in Angular 2\\+ or ReactJS
* Experience with MongoDB or relational databases
* Familiarity with Java Frameworks (i.e. Spring, Spring Data, Spring Boot)
* Proficient understanding of software engineering concepts, principles, and theories
* Proficient at applying technical standards and methodologies to resolve issues in creative ways and help company meet financial and business objectives

\\#GDPoly


\\#EnhancedTechPoly2025


Work Requirements


Years of Experience
1 \\+ years of related experience* may vary based on technical training, certification(s), *or* degree

Certification
Travel Required
None
Citizenship
U.S. Citizenship Required
Salary and Benefit Information


The likely salary range for this position is $111,155 \\- $150,385\\. This is not, however, a guarantee of compensation or salary. Rather, salary will be set based on experience, geographic location and possibly contractual requirements and could fall outside of this range.  

View information about benefits and our total rewards program.
About Our Work


We are GDIT. A global technology and professional services company that delivers technology and mission services to every major agency across the U.S. government, defense and intelligence community. Our 26,000 experts extract the power of technology to create immediate value and deliver solutions at the edge of innovation. We operate across over 50 countries worldwide, offering leading capabilities in digital modernization, AI/ML, cloud, cyber and application development. Together with our customers, we strive to create a safer, smarter world by harnessing the power of deep expertise and advanced technology.
Join our Talent Community to stay up to date on our career opportunities and events at gdit.com/tc.*Equal Opportunity Employer / Individuals with Disabilities / Protected Veterans*","","https://www.indeed.com/cmp/General-Dynamics-Information-Technology","https://d2q79iu7y748jz.cloudfront.net/s/_squarelogo/256x256/8fb756e998ab49977b1e207da51feba2","http://www.gdit.com","Falls Church, VA","10,000+","more than $10B (USD)","We are GDIT. The people supporting some of the most complex government, defense, and intelligence projects across the country.","","","","","",""
"in-ec2092e62f4a7d0c","indeed","https://www.indeed.com/viewjob?jk=ec2092e62f4a7d0c","https://recruiting.adp.com/srccsh/public/RTI.home?r=5001200645806&c=2201039&d=ExternalCareerSite&rb=INDEED&idUnique=5001200645806","Full Stack Developer","Everforth ECS","Springfield, VA, US","2026-05-26","","","","","","",False,"","","","","Everforth ECS is seeking a ***Full Stack Developer (ETL, Java, Python, Bash Shell)*** to work onsite at our ***Springfield, VA*** customer site.





**Job Description:**





You will serve as a Full\\-Stack Developer on a state\\-of\\-the\\-art ML/AI RDT\\&E program focusing on integrating unique solutions and quick\\-wins to a government client. Leveraging agile software development approaches and your experience with front\\-end and back\\-end technologies, you will lead technical efforts with participating parties across the government and tech industry to integrate multiple ML applications into a single\\-fused solution. Part of this responsibility includes:


* Participating in server\\-side and client\\-side work
* Enhancing existing applications through creative techniques that are mindful of technical resources and time constraints
* Co\\-leading product direction and feature specification with community stakeholders and Program Manager.

  

  

Fundamentally, we are interested in individuals who are motivated by the mission, find meaning in solving hard\\-problems, and recognize operating in a hierarchically\\-flat environment makes for better communication, collaboration, and coordination.





Requirements:
* **Bachelor's degree in Computer Science, Engineering, or related STEM field**
* **Must be a US Citizen with an active Top Secret security clearance and the ability to obtain a TS/SCI \\+ CI Poly**
* 3 \\- 10\\+ years of experience in developing, integrating, and troubleshooting software applications for Extract, Transform, Load (ETL) solutions
* Strong attention to detail and high\\-quality code using robust design patterns
* Experience in both SQL, NoSQL and in\\-memory databases (PostgreSQL, Elastic, Redis)
* Built real\\-time data pipeline and event\\-driven architectures (Kafka Streaming)
* Developed server\\-side apps and implemented end\\-to\\-end distributed tracing and system monitoring (OpenTelemetry)
* Designed and maintained resilient, high traffic microservices
* Proficiency in Python, C\\+\\+, Node.js, and JavaScript

Experience with Linux * \\- system administration and scripting in Bash, Sed, and Awk
* Strong expertise in AWS cloud services (compute, storage, networking, IAM), cloud cluster, and policy management experience
* API Integration \\& Development
* Experience with containerization/orchestration technologies (e.g. Kubernetes, Docker, Helm, Rancher, OpenShift)
* Experience with DevSecOps frameworks (e.g. GitLab, Jira)
* Experience developing architecture/system diagrams and data flow diagrams
* Excellent communication/presentation skills to make recommendations to stakeholders with varying degrees of technical awareness
* Ability to quickly grasp and leverage new technologies
* Ability to work in a fast\\-paced environment


  

Req Benefits:
Benefits \\- Everforth ECS","","https://www.indeed.com/cmp/Everforth-Ecs","","","","","","","","","","","",""
"in-9b1b158988ccba2d","indeed","https://www.indeed.com/viewjob?jk=9b1b158988ccba2d","https://openai.com/careers/full-stack-software-engineer-compute-foundations-san-francisco/","Full-Stack Software Engineer, Compute Foundations","OpenAI","San Francisco, CA, US","2026-05-26","fulltime","direct_data","yearly",230000.0,347000.0,"USD",False,"","","","","About the Team
  
  

The Frontier Clusters team at OpenAI builds, launches, and supports the largest supercomputers in the world!
  
  

Our mission is to make them work for frontier model training. We bring new clusters online, scale them to larger and larger training runs, improve cluster availability, and work with researchers to understand and fix the issues that keep jobs from running reliably.
  
  

That means debugging issues across hardware and software, building the tools needed to operate these systems, and working closely with researchers to make frontier training reliable.
  
  

About the Role
  
  

You will build web\\-based tools that help answer critical questions about our supercomputing clusters: Why is this training job down? What is preventing these nodes from being ready? Where are we losing usable capacity, and what should we fix first? How can agents help us solve this problem?
  
  

You will work closely with researchers and infrastructure teams to identify the highest\\-leverage problems in cluster operations, then design and build solutions. That could mean improving cluster availability, giving users and operators better insight into job failures and performance, or building workflows that make scheduling, debugging, and resource management more effective at massive scale.
  
  

This is an opportunity to work at the cutting edge of AI infrastructure, turning complex operational problems across some of the world’s largest supercomputers into clear, reliable, and scalable systems.
  
  

**In this role, you will:**  

Build full\\-stack web applications that help researchers and operators understand cluster health, job failures, and usable capacity in real time.
  
  

Turn questions like “why is this job down?” and “what is preventing these nodes from being ready?” into clear, actionable product experiences.
  
  

Collaborate closely with researchers and infrastructure teams to identify high\\-leverage operational problems and build tools that solve them.
  
  

Design data models, APIs, and visualizations that make large\\-scale scheduling, resource allocation, and cluster behavior easier to inspect and reason about.
  
  

Develop scalable backend services that process high\\-volume cluster and workload data with low latency and high reliability.
  
  

Build intuitive frontend workflows that connect users to the underlying scheduling, storage, and compute systems.
  
  

Raise the bar for reliability, performance, and security in the systems used to operate OpenAI’s frontier compute.
  
  

**You might thrive in this role if you:**  

Have significant experience in full\\-stack development, with expertise in modern frontend frameworks such as React, Vue, or Angular, and backend technologies such as Python, Go, or Node.js.
  
  

Have built scalable, high\\-performance web applications for complex distributed systems.
  
  

Understand APIs, distributed data systems, and cloud infrastructure.
  
  

Are execution\\-focused, with a strong eye for usability, performance, and scalability.
  
  

Are comfortable working in fast\\-paced, highly collaborative environments with tight timelines and evolving priorities.
  
  

**Bonus points if you:**  

Have experience working with Kubernetes, Docker, and cloud\\-native application deployment.
  
  

Understand AI/ML workload scheduling and orchestration challenges.
  
  

Have experience with real\\-time data processing, visualization libraries, and observability tooling.
  
  

**Compensation Range:**  

$230K \\- $347K USD
  
  

About OpenAI
  
  

OpenAI is an AI research and deployment company dedicated to ensuring that general\\-purpose artificial intelligence benefits all of humanity. We push the boundaries of the capabilities of AI systems and seek to safely deploy them to the world through our products. AI is an extremely powerful tool that must be created with safety and human needs at its core, and to achieve our mission, we must encompass and value the many different perspectives, voices, and experiences that form the full spectrum of humanity.
  
  

We are an equal opportunity employer, and we do not discriminate on the basis of race, religion, color, national origin, sex, sexual orientation, age, veteran status, disability, genetic information, or other applicable legally protected characteristic.
  
  

For additional information, please see
  
  

OpenAI’s Affirmative Action and Equal Employment Opportunity Policy Statement
  
  

.
  
  

Background checks for applicants will be administered in accordance with applicable law, and qualified applicants with arrest or conviction records will be considered for employment consistent with those laws, including the San Francisco Fair Chance Ordinance, the Los Angeles County Fair Chance Ordinance for Employers, and the California Fair Chance Act, for US\\-based candidates. For unincorporated Los Angeles County workers: we reasonably believe that criminal history may have a direct, adverse and negative relationship with the following job duties, potentially resulting in the withdrawal of a conditional offer of employment: protect computer hardware entrusted to you from theft, loss or damage; return all computer hardware in your possession (including the data contained therein) upon termination of employment or end of assignment; and maintain the confidentiality of proprietary, confidential, and non\\-public information. In addition, job duties require access to secure and protected information technology systems and related data security obligations.
  
  

To notify OpenAI that you believe this job posting is non\\-compliant, please submit a report through
  
  

this form
  
  

. No response will be provided to inquiries unrelated to job posting compliance.
  
  

We are committed to providing reasonable accommodations to applicants with disabilities.
  
  

OpenAI Global Applicant Privacy Policy
  
  

At OpenAI, we believe artificial intelligence has the potential to help people solve immense global challenges, and we want the upside of AI to be widely shared. Join us in shaping the future of technology.
  
  

Compensation
  
  

$230K – $347K \\+ Offers Equity","","https://www.indeed.com/cmp/Openai","https://d2q79iu7y748jz.cloudfront.net/s/_squarelogo/256x256/973fd1dfa2874c829d620db5d973bc25","https://www.openai.com","","51 to 200","","","","","","","",""
"in-81361a25f18bfa9e","indeed","https://www.indeed.com/viewjob?jk=81361a25f18bfa9e","https://higher.gs.com/roles/174449","Controllers, Software Engineering, Salt Lake City, Associate","Goldman Sachs","Salt Lake City, UT, US","2026-05-26","","","","","","",False,"","","","","Goldman Sachs is continuing its substantial effort to modernize its payments platform. As part of our broader strategy to digitize operations and provide financial services ""as a Service,"" the payments platform is transforming premise\\-based infrastructure into a set of nimble, reliable, and scalable services designed natively for the public cloud.  



Transformation starts with people. We recognize the need to uplift and modernize the skillsets of our staff while delivering value to our stakeholders. We are seeking forward\\-thinking engineers who bring a specific cloud engineering discipline and a mastery of AI\\-augmented development to change the habits and manner in which we develop software.  



**Role Overview**  

As a Full Stack Engineer, you will be a ""force multiplier"" for the team. You will not only build mission\\-critical payment services on AWS but also lead the adoption of agentic AI tools (such as GitHub Copilot, Claude Code, and Devin AI) to accelerate the SDLC. You will be responsible for designing, coding, and operating end\\-to\\-end solutions while mentoring others in AI\\-assisted engineering patterns.  



**Key Responsibilities**  

Cloud\\-Native Development: Design and implement scalable, secure full\\-stack applications using Java (Spring Boot) and Python, deployed as containerized (EKS) or server\\-less (Lambda) workloads on AWS.  

AI\\-Augmented Engineering: Integrate AI tooling into daily workflows—using GitHub Copilot for real\\-time assistance, Claude Code for complex architectural reasoning, Devin AI for autonomous task execution and PR management and MCP.  

Full Stack Ownership: Build responsive front\\-end components (React/TypeScript) and robust back\\-end APIs, ensuring seamless integration with relational (PostgreSQL) and non\\-relational (DynamoDB, MongoDB) databases.  

Modern SDLC \\& SecDevOps: Manage the complete lifecycle using GitLab CI/CD, emphasizing automated testing, security scanning, and rapid, high\\-quality value delivery.  

Modernization \\& Refactoring: Leverage AI agents to accelerate the migration of legacy payment logic into modern, cloud\\-native microservices.  

Mentorship: Act as a technical authority, teaching fellow engineers how to effectively prompt, supervise, and validate AI\\-generated code to maintain enterprise\\-grade standards.  



**Required Skills \\& Experience**


**Baseline Engineering**  

Experience: 4\\-6 years of professional software engineering experience (Associate level).  

Backend Mastery: Deep expertise in Java and the Spring Framework ecosystem. Proficiency in Python for automation and AI integration.  

Frontend Proficiency: Strong experience with modern JavaScript frameworks, specifically React and TypeScript.  

Data Systems: 5\\+ years working with SQL (relational) and experience with NoSQL databases like DynamoDB, Aurora Postgres, or Cassandra.  

Messaging: String experience with MSK.  

API Design: Proven track record of designing and delivering RESTful APIs and microservices architectures.


**AWS \\& Cloud\\-Native Specialization**  

AWS Proficiency: 2\\+ years of hands\\-on experience with AWS services, including Lambda, ECS/EKS, S3, IAM, KMS, and CloudFormation/CDK.  

Containerization: Strong knowledge of Docker and Kubernetes (EKS) for orchestrating distributed systems.  

Security: Experience implementing a SecDevOps mindset, including identity propagation and secure secret management in the cloud.  

AI\\-Augmentation \\& Productivity  

AI Tooling: Demonstrated proficiency in using AI coding assistants (e.g., GitHub Copilot) and agentic AI (e.g., Claude Code, Devin AI) to improve velocity and code quality.  

Prompt Engineering: Ability to design structured prompts and workflows for AI agents to handle multi\\-step engineering tasks like unit test generation and documentation.  

Critical Supervision: Strong ability to critically evaluate AI\\-generated outputs for correctness, security, and performance.


**Preferred Qualifications**  

Familiarity with financial messaging standards (e.g., ISO 20022\\).  

Contributions to open\\-source AI agent frameworks or internal AI\\-driven automation initiative

**We Offer Best\\-In\\-Class Benefits**
Healthcare \\& Medical Insurance
We offer a wide range of health and welfare programs that vary depending on office location. These generally include medical, dental, short\\-term disability, long\\-term disability, life, accidental death, labor accident and business travel accident insurance.


Holiday \\& Vacation Policies
We offer competitive vacation policies based on employee level and office location. We promote time off from work to recharge by providing generous vacation entitlements and a minimum of three weeks expected vacation usage each year.


Financial Wellness \\& Retirement
We assist employees in saving and planning for retirement, offer financial support for higher education, and provide a number of benefits to help employees prepare for the unexpected. We offer live financial education and content on a variety of topics to address the spectrum of employees’ priorities.


Health Services
We offer a medical advocacy service for employees and family members facing critical health situations, and counseling and referral services through the Employee Assistance Program (EAP). We provide Global Medical, Security and Travel Assistance and a Workplace Ergonomics Program. We also offer state\\-of\\-the\\-art on\\-site health centers in certain offices.


Fitness
To encourage employees to live a healthy and active lifestyle, some of our offices feature on\\-site fitness centers. For eligible employees we typically reimburse fees paid for a fitness club membership or activity (up to a pre\\-approved amount).


Child Care \\& Family Care
We offer on\\-site child care centers that provide full\\-time and emergency back\\-up care, as well as mother and baby rooms and homework rooms. In every office, we provide advice and counseling services, expectant parent resources and transitional programs for parents returning from parental leave. Adoption, surrogacy, egg donation and egg retrieval stipends are also available.


Benefits at Goldman Sachs
Read more about the full suite of class\\-leading benefits our firm has to offer.


  
Opportunity Overview
CORPORATE TITLE
Associate
OFFICE LOCATION(S)
Salt Lake City
JOB FUNCTION
Software Engineering
DIVISION
Controllers","Banks And Financial Services, Banks And Financial Services","https://www.indeed.com/cmp/Goldman-Sachs","https://d2q79iu7y748jz.cloudfront.net/s/_squarelogo/256x256/b7ac5861c1a32f420ae39e799363674d","http://www.goldmansachs.com","200 West St.
New York NY, United States 10282","10,000+","more than $10B (USD)","Founded in 1869, the firm is headquartered in New York and maintains offices in all major financial centers around the world.","","","","","",""
"in-29b1f059e4e1d2c0","indeed","https://www.indeed.com/viewjob?jk=29b1f059e4e1d2c0","https://www.paycomonline.net/v4/ats/web.php/portal/6FD109136866919FF563B80863D310CB/jobs/21398?source=Indeed","Software Developer","Rite Rug","Whitehall, OH, US","2026-05-26","","direct_data","yearly",90000.0,100000.0,"USD",True,"","","","","Rite Rug has been one of the top, privately owned flooring companies for over 90 years! We are looking for a Full \\- Stack Developer to join our team!


$90,000 to $100,000 a year. Salary based on experience.


**Position Summary:**We are seeking a highly skilled **Full\\-stack Developers with significant skills in Java and Flutter.** You will work with our business partners directly build new systems, improve and enhance existing systems and identify new opportunities to apply your knowledge to solve critical problems. You will participate in the strategy and execution of a technical roadmap that will increase the velocity of delivering products and unlock new engineering capabilities. The ideal candidate has deep technical expertise in their domain.**Key Responsibilities:*** Design and implement user\\-facing applications in either React with TypeScript and/or Flutter with Dart
* Familiar with Module Federation pattern
* Implement and maintain async flows, and resilient UI (loading/error/empty states).
* Integrate REST and, where applicable, GraphQL (Apollo) including real\\-time patterns over WebSocket.
* Write and maintain Testing Library tests.
* Collaborate on Express\\-based dev/prod serving, proxies, and security\\-minded defaults (headers, rate limits) where the codebase applies them.
* Partner with Business partners / Lead engineers on and/or develop Spring Boot APIs, GraphQL schemas, backend as needed.
* Utilize programming languages like JavaScript, TypeScript, Java, C\\#, Python, and Container Orchestration services including Docker and Kubernetes, and a variety of Azure tools and services across the software development life cycle (task management, source code, building, deployment, operations, real\\-time communication) to perform advanced\\-level Java application design under minimal direction

 **Requirements:*** This is onsite position and no remote work options.
* Fluency and specialization with at least two modern languages such as JavaScript, TypeScript, JSX, Java, Python or C\\# including object\\-oriented design
* 5\\+ years professional software development, including substantial production React experience.
* Strong TypeScript (types, generics, narrowing, module patterns).
* Webpack 5 and modern frontend tooling; experience with micro\\-frontends or Module Federation (or demonstrable equivalent: multi\\-app bundling, shared deps, runtime integration).
* Proven understanding of micro\\-services architecture and extensible REST APIs
* Knowledge of security protocols and products: Understanding of Active Directory, Windows Authentication, SAML, OAuth
* REST client integration; GraphQL client experience preferred if not mandatory for your lane.
* Working knowledge of Node.js for build tooling and lightweight servers (Express).
* Experience shipping through CI/CD (Azure DevOps or comparable) and consuming private package registries.
* Ability to read and occasionally change Java/Spring Boot services or willingness to ramp quickly with mentorship (BFF is part of the same ecosystem).","","https://www.indeed.com/cmp/Rite-Rug","https://d2q79iu7y748jz.cloudfront.net/s/_squarelogo/256x256/5beece748f143abf0a096623fcbfd0a2","http://www.riterug.com","Columbus","501 to 1,000","$25M to $100M (USD)","","","","","","",""
"in-336caa2b87539cd4","indeed","https://www.indeed.com/viewjob?jk=336caa2b87539cd4","https://tsc.wd12.myworkdayjobs.com/en-US/TSC-Careers/job/Dahlgren-VA/Senior-AI-Engineer_JR2591","Senior AI Engineer","Technology Service Corporation","Dahlgren, VA, US","2026-05-26","fulltime","","","","","",False,"","","","","TSC is seeking a **Senior Ontology Engineer** in **King George/Dahlgren, Virginia** . This position supports the **Systems Engineering \\& Analysis Division (SEA)** .


**\\*Ability to obtain and maintain a SECRET DoD Clearance** .


TSC offers a professional working environment, a competitive salary, and an excellent benefits package. Come and join our team!


We are seeking a Senior Ontology Engineer to design, develop, and maintain ontological frameworks and knowledge graph solutions in support of defense mission engineering programs. The ideal candidate combines deep expertise in formal ontology and semantic web technologies with hands\\-on experience in data integration, graph database systems, large language models, and knowledge\\-driven data architecture development. This individual will translate complex, multi\\-domain mission requirements into scalable knowledge representations and work alongside software engineers, systems engineers, and domain experts to deliver end\\-to\\-end solutions. The ideal candidate has experience in technical writing and will work alongside the business development team to propose innovative solutions to address requests for proposals.


**Responsibilities:**

This position is designed to be flexible, with responsibilities evolving to meet program needs, emerging technology trends, and opportunities for individual professional growth.


This position requires a technically deep and mission\\-focused individual with expertise in knowledge engineering, ontology development, and artificial intelligence technologies applied to defense and mission engineering domains.


* Design, develop, and maintain formal ontologies using OWL, RDF/RDFS, and SPARQL aligned with DoD mission engineering requirements and semantic interoperability standards.
* Build and deploy knowledge graph solutions that integrate structured and unstructured data sources across heterogeneous, multi\\-domain defense systems.
* Apply and extend upper\\-level ontology frameworks, ensuring alignment with DoD and IC data standards.
* Design and implement graph\\-based AI and semantic solutions, including LLM\\-integrated pipelines, RAG architectures, and agentic workflows that leverage knowledge graph representations.
* Collaborate with engineers, systems architects, and mission\\-domain SMEs to translate operational requirements into actionable ontological models and knowledge architectures.
* Support semantic integration and data interoperability efforts across legacy and modern system architectures, including graph database deployments (e.g., Stardog, Neptune, Neo4j).
* Lead the development and writing of technical approaches for proposals related to supporting the Navy adopt AI technologies

**Required Qualifications:**

* Bachelor's degree or higher in Computer Science, Information Science, Knowledge Engineering, or a related discipline; equivalent experience considered
* PhD with 2\\+ years of relevant experience, MA/MS with 5\\+ years of relevant experience, or BA/BS with 7\\+ years



	+ Hands\\-on experience with knowledge graph technologies including RDF, SPARQL, SHACL, and OWL for DoD or enterprise use cases
	+ Experience with schema design, ontology management, and knowledge graph curation
	+ Experience designing and developing end\\-to\\-end knowledge graph and AI data pipelines, including integration with LLMs or similar models
	+ Familiarity with graph database platforms such as Stardog, Blazegraph, Neo4j, or Amazon Neptune
* Ability to obtain and maintain a SECRET DoD Clearance

**Preferred Qualifications:**

* Experience with U.S. Navy Combat Systems
* 2\\+ years of hands\\-on Python experience, including frameworks such as TensorFlow, PyTorch, rdflib, or owlready2, and ETL pipeline tools (e.g., Apache NiFi, Airflow)
* Experience with full\\-stack web development, including REST API design and development (e.g., FastAPI, Flask, or Node.js), front\\-end frameworks (e.g., React or Angular), and containerization/deployment tooling (e.g., Docker, Kubernetes)
* Practical experience with NLP, semantic search, prompt engineering, and LLMs for enterprise\\-scale knowledge graph applications including RAG architectures.
* Experience with agentic AI systems and multi\\-modal model integration applied to knowledge engineering problems
* Demonstrated team leadership experience, with the ability to guide junior engineers and collaborate across engineering, research, and program management teams
* PhD in Computer Science, Knowledge Engineering, Mathematics, or a related field, or a publication record in semantic web and knowledge representation

**U.S. Citizenship Required for this Position:** Yes


**Job Type:** Regular


**Security Clearance** : **Secret (ability to obtain required)**

**Schedule: Full time (40 hr/week)**

**Travel: 0\\-10%**

**TSC Benefits:**

TSC offers a stable work environment, a competitive salary, and a comprehensive benefit package; including ESOP participation, 401k Plan, Flexible Work Schedules, Tuition Reimbursement, Co\\-Sponsored Health Plan, Paid Leave and much more.


**Applying to TSC:**

Only those candidates invited for an interview will be contacted. Employment at TSC is contingent upon the successful completion of a comprehensive background check, security investigation, and a drug screening.  



  

This contractor and subcontractor shall abide by the requirements of 41 CFR 60–1\\.4(a), 60–300\\.5(a) and 60–741\\.5(a). These regulations prohibit discrimination against qualified individuals based on their status as protected veterans or individuals with disabilities, and prohibit discrimination against all individuals based on their race, color, religion, sex, sexual orientation, gender identity, national origin, or for inquiring about, discussing, or disclosing information about compensation. Moreover, these regulations require that covered prime contractors and subcontractors take affirmative action to employ and advance in employment individuals without regard to race, color, religion, sex, sexual orientation, gender identity, national origin, disability or veteran status.
  

  

All qualified applicants will receive consideration for employment without regard to race, color, religion, sex, sexual orientation, gender identity, national origin, disability, or status as a protected veteran.","","https://www.indeed.com/cmp/Technology-Service-Corporation","https://d2q79iu7y748jz.cloudfront.net/s/_squarelogo/256x256/ce09e9774a408561b3a9a46ea1ee11f2","https://www.tsc.com","251 18th St. South 
Suite 705
Arlington, VA 22202","501 to 1,000","$100M to $500M (USD)","TSC has supported Federal Government, commercial, and international customers for over 50 years. Our Government customers include the US Military Services, Defense Agencies, and the Federal Aviation","","","","","",""
"in-ca392fa39b84631e","indeed","https://www.indeed.com/viewjob?jk=ca392fa39b84631e","https://grnh.se/37scdfhe9us","Senior Software Engineer, App","Lila Sciences","San Francisco, CA, US","2026-05-26","","direct_data","yearly",144000.0,240000.0,"USD",False,"","","","","**Your Impact at LILA**
  

  

Scientists shouldn't have to context\\-switch between a dozen tools to go from hypothesis to result. We're building the platform that makes this a reality — and we need engineers who want to solve problems no one has solved before.



We're hiring Sr Principal / Principal Software Engineers to design the agents, interfaces, and platform integrations that let researchers seamlessly collaborate with AI.


**About The Team**



The Application Team sits at the center of LILA — the integration point where Machine Learning, Life Sciences, Physical Sciences, and Software become one AI\\-native experience that carries a scientist from hypothesis to experiment to breakthrough results.


* AI isn't a feature here — it's the architecture. Agent frameworks, tools, and LLM orchestration are core primitives, not bolt\\-ons.
* The problems are genuinely hard. Connecting AI to automated lab workflows, ML pipelines, and multi\\-domain knowledge graphs means inventing patterns, not copying them.
* You'll learn domains you never expected. Working shoulder\\-to\\-shoulder with lab scientists and ML engineers means your technical surface area grows fast.
* You'll ship things that matter. The tools you build accelerate research timelines from months to days.


If you want to build at the intersection of AI and science, move fast without breaking trust, and grow into the kind of engineer who can architect systems that don't exist yet — we want to talk.



**What You'll Be Building**


* **Design \\& Build UI and APIs:** Design and build high\\-performance, secure, and well\\-documented UI and APIs that integrate with AI\\-driven applications.
* **Database Architecture \\& Scaling:** Develop schemas and manage diverse data systems (SQL, NoSQL, Vector DBs, and others) for optimal performance and scalability.
* **Application Development:** Drive the implementation of front\\-end and backend services, focusing on performance, maintainability, and reliability.
* **Performance \\& Reliability:** Diagnose and optimize system bottlenecks, ensuring high availability and low\\-latency performance across large\\-scale workloads.
* **Cloud \\& Infrastructure:** Leverage AWS services, Kubernetes and modern DevOps practices to build and deploy production\\-grade systems at scale.
* **Cross\\-Functional Collaboration:** Work with ML researchers, engineers, and scientists to integrate data pipelines, APIs, and cloud infrastructure into scientific workflows.


**What You'll Need To Succeed**


* **Bachelor's or Master's degree** in Computer Science, Engineering, or related field.
* **5\\-8\\+ years of engineering experience** building and deploying large\\-scale systems in production. You must be strong in backend.
* **Full Stack Development**: Experience developing web apps across the full stack (React, TypeScript, Monorepos like Nx, TailWind, FastAPI, SQL/NoSQL, Python, Pydantic)
* Hands on experience using AI coding assistants to drive productivity is required.
* **Communication \\& Collaboration**: Acute listening skills, and a proven track record of working cross\\-functionally with scientists, data engineers, and product teams; able to explain complex ideas to diverse audiences.
* **Problem Solving**: Proven ability to take ownership of complex backend challenges, balancing trade\\-offs between scalability, performance, and maintainability.


**Bonus Points For**


* **Applied AI Engineering:** Experience building with AI agents, graph\\-based workflows, tool\\-use protocols (MCP), RAG pipelines, or LLM orchestration frameworks.
* **Cloud \\& DevOps Knowledge:** Hands\\-on experience with AWS; strong understanding of Kubernetes and containerization, infrastructure\\-as\\-code (Terraform, CloudFormation), and CI/CD pipelines (GitHub Actions).
* **Experience with ORMs:** Experience with and web services for CRUD services (SQLModel, FastAPI, Django).
* **Orchestration Systems:** Experience with orchestrators tools (Airflow, Prefect, Temporal, Dagster).
* **Familiarity with Python for Science**: Familiarity with data science and ML libraries (pandas, numpy, scipy, jax, pytorch).
* **Domain Background:** Exposure to laboratory software or analytics for life sciences, material sciences, or related fields.
* Experience with laboratory devices, robotics, or hardware drivers.


**About LILA**



Lila Sciences is building Scientific Superintelligence™ to solve humankind's greatest challenges. We believe science is the most inspiring frontier for AI. Rather than hard\\-coding expert knowledge into tools, LILA builds systems that can learn for themselves.



LILA combines advanced AI models with proprietary AI Science Factory™ instruments into an operating system for science that executes the entire scientific method autonomously, accelerating discovery at unprecedented speed, scale, and impact across medicine, materials, and energy. Learn more at www.lila.ai.



Guided by our core values of truth, trust, curiosity, grit, and velocity, we move with startup speed while tackling problems of historic importance. If this sounds like an environment you'd love to work in, even if you don't meet every qualification listed above, we encourage you to apply.


**We're All In**



Lila Sciences is committed to equal employment opportunity regardless of race, color, ancestry, religion, sex, national origin, sexual orientation, age, citizenship, marital status, disability, gender identity or Veteran status.



Information you provide during your application process will be handled in accordance with our Candidate Privacy Policy.


**A Note to Agencies**


*Lila Sciences does not accept unsolicited resumes from any source other than candidates. The submission of unsolicited resumes by recruitment or staffing agencies to Lila Sciences or its employees is strictly prohibited unless contacted directly by Lila Science's internal Talent Acquisition team. Any resume submitted by an agency in the absence of a signed agreement will automatically become the property of Lila Sciences, and Lila Sciences will not owe any referral or other fees with respect thereto.*","","https://www.indeed.com/cmp/Lila-Sciences","","","","","","","","","","","",""
"in-f024bf694f893ebe","indeed","https://www.indeed.com/viewjob?jk=f024bf694f893ebe","https://grnh.se/37scdfhe9us","Senior Software Engineer, App","Lila Sciences","Cambridge, MA, US","2026-05-26","","direct_data","yearly",144000.0,240000.0,"USD",False,"","","","","**Your Impact at LILA**
  

  

Scientists shouldn't have to context\\-switch between a dozen tools to go from hypothesis to result. We're building the platform that makes this a reality — and we need engineers who want to solve problems no one has solved before.



We're hiring Sr Principal / Principal Software Engineers to design the agents, interfaces, and platform integrations that let researchers seamlessly collaborate with AI.


**About The Team**



The Application Team sits at the center of LILA — the integration point where Machine Learning, Life Sciences, Physical Sciences, and Software become one AI\\-native experience that carries a scientist from hypothesis to experiment to breakthrough results.


* AI isn't a feature here — it's the architecture. Agent frameworks, tools, and LLM orchestration are core primitives, not bolt\\-ons.
* The problems are genuinely hard. Connecting AI to automated lab workflows, ML pipelines, and multi\\-domain knowledge graphs means inventing patterns, not copying them.
* You'll learn domains you never expected. Working shoulder\\-to\\-shoulder with lab scientists and ML engineers means your technical surface area grows fast.
* You'll ship things that matter. The tools you build accelerate research timelines from months to days.


If you want to build at the intersection of AI and science, move fast without breaking trust, and grow into the kind of engineer who can architect systems that don't exist yet — we want to talk.



**What You'll Be Building**


* **Design \\& Build UI and APIs:** Design and build high\\-performance, secure, and well\\-documented UI and APIs that integrate with AI\\-driven applications.
* **Database Architecture \\& Scaling:** Develop schemas and manage diverse data systems (SQL, NoSQL, Vector DBs, and others) for optimal performance and scalability.
* **Application Development:** Drive the implementation of front\\-end and backend services, focusing on performance, maintainability, and reliability.
* **Performance \\& Reliability:** Diagnose and optimize system bottlenecks, ensuring high availability and low\\-latency performance across large\\-scale workloads.
* **Cloud \\& Infrastructure:** Leverage AWS services, Kubernetes and modern DevOps practices to build and deploy production\\-grade systems at scale.
* **Cross\\-Functional Collaboration:** Work with ML researchers, engineers, and scientists to integrate data pipelines, APIs, and cloud infrastructure into scientific workflows.


**What You'll Need To Succeed**


* **Bachelor's or Master's degree** in Computer Science, Engineering, or related field.
* **5\\-8\\+ years of engineering experience** building and deploying large\\-scale systems in production. You must be strong in backend.
* **Full Stack Development**: Experience developing web apps across the full stack (React, TypeScript, Monorepos like Nx, TailWind, FastAPI, SQL/NoSQL, Python, Pydantic)
* Hands on experience using AI coding assistants to drive productivity is required.
* **Communication \\& Collaboration**: Acute listening skills, and a proven track record of working cross\\-functionally with scientists, data engineers, and product teams; able to explain complex ideas to diverse audiences.
* **Problem Solving**: Proven ability to take ownership of complex backend challenges, balancing trade\\-offs between scalability, performance, and maintainability.


**Bonus Points For**


* **Applied AI Engineering:** Experience building with AI agents, graph\\-based workflows, tool\\-use protocols (MCP), RAG pipelines, or LLM orchestration frameworks.
* **Cloud \\& DevOps Knowledge:** Hands\\-on experience with AWS; strong understanding of Kubernetes and containerization, infrastructure\\-as\\-code (Terraform, CloudFormation), and CI/CD pipelines (GitHub Actions).
* **Experience with ORMs:** Experience with and web services for CRUD services (SQLModel, FastAPI, Django).
* **Orchestration Systems:** Experience with orchestrators tools (Airflow, Prefect, Temporal, Dagster).
* **Familiarity with Python for Science**: Familiarity with data science and ML libraries (pandas, numpy, scipy, jax, pytorch).
* **Domain Background:** Exposure to laboratory software or analytics for life sciences, material sciences, or related fields.
* Experience with laboratory devices, robotics, or hardware drivers.


**About LILA**



Lila Sciences is building Scientific Superintelligence™ to solve humankind's greatest challenges. We believe science is the most inspiring frontier for AI. Rather than hard\\-coding expert knowledge into tools, LILA builds systems that can learn for themselves.



LILA combines advanced AI models with proprietary AI Science Factory™ instruments into an operating system for science that executes the entire scientific method autonomously, accelerating discovery at unprecedented speed, scale, and impact across medicine, materials, and energy. Learn more at www.lila.ai.



Guided by our core values of truth, trust, curiosity, grit, and velocity, we move with startup speed while tackling problems of historic importance. If this sounds like an environment you'd love to work in, even if you don't meet every qualification listed above, we encourage you to apply.


**We're All In**



Lila Sciences is committed to equal employment opportunity regardless of race, color, ancestry, religion, sex, national origin, sexual orientation, age, citizenship, marital status, disability, gender identity or Veteran status.



Information you provide during your application process will be handled in accordance with our Candidate Privacy Policy.


**A Note to Agencies**


*Lila Sciences does not accept unsolicited resumes from any source other than candidates. The submission of unsolicited resumes by recruitment or staffing agencies to Lila Sciences or its employees is strictly prohibited unless contacted directly by Lila Science's internal Talent Acquisition team. Any resume submitted by an agency in the absence of a signed agreement will automatically become the property of Lila Sciences, and Lila Sciences will not owe any referral or other fees with respect thereto.*","","https://www.indeed.com/cmp/Lila-Sciences","","","","","","","","","","","",""
"in-da9e815456054e9e","indeed","https://www.indeed.com/viewjob?jk=da9e815456054e9e","https://grnh.se/0h6sivry8us","Quality/Test Engineer","Via Logic LLC","Atlanta, GA, US","2026-05-26","fulltime","direct_data","yearly",90000.0,110000.0,"USD",True,"","","","careers@vialogicllc.com, careers@vialogicllc.com","**Start Your Adventure at Via Logic**
-------------------------------------


**Role:** Quality/Test Engineer  

**Location:** Remote, work must be performed with the U.S.  

**Type:** Full\\-Time, W\\-2  

**Compensation:** $90K\\-$110K depending on experience  

**Experience:** 3\\-6 years


**Eligibility \\& Clearance Requirements**
-----------------------------------------



Due to federal contract requirements supporting USCIS programs, applicants must:


* Be a U.S. Citizen.
* Currently reside within the United States.
* Have lived within the U.S. for at least 3 of the past 5 years.
* Be eligible to obtain and maintain a government Public Trust clearance.

**Your Route Into DevSecOps**
=============================



At Via Logic, we believe quality engineering is more than just testing \\- it's about building confidence, reliability, and resilience into every stage of the Software Development Life Cycle (SDLC). We're looking for a Quality/Test Engineer who is passionate about automation, collaboration, and continuous improvement while also eager to grow into broader Full Stack DevSecOps responsibilities over time. In this role, you'll partner closely with engineers, stakeholders, and fellow Quality Engineers to improve testing strategies, strengthen deployment confidence, support cloud\\-native applications, and help ensure mission\\-critical systems remain reliable and production\\-ready.This role also serves as a structured growth path into Full Stack DevSecOps engineering, providing exposure to CI/CD pipelines, AWS services, release management, security scanning and remediation, operational support, and modern engineering practices across distributed systems.


**Your Mission Today**
======================


**Quality Engineering \\& Automation**
-------------------------------------


* Drive quality initiatives throughout the SDLC from requirements through production support.
* Design, build, and maintain automated testing solutions that support scalable and repeatable delivery practices.
* Validate code quality, integration readiness, and release stability prior to Production deployment.
* Support functional, regression, integration, and reliability testing efforts across multiple environments.
* Contribute to automated CI/CD testing workflows that reduce manual intervention and improve deployment confidence.

**Collaboration \\& Delivery**
-----------------------------


* Partner closely with engineering, product, and stakeholder teams to define and uphold quality standards.
* Coordinate testing dependencies across teams and support successful release readiness activities.
* Translate business and technical requirements into measurable validation strategies.
* Participate in agile ceremonies, troubleshooting sessions, and collaborative problem\\-solving efforts.
* Serve as a trusted partner to engineers and product stakeholders by helping identify issues early and supporting scalable solutions.

**Reliability \\& Operational Support**
--------------------------------------


* Support quality improvements for distributed and event\\-driven systems.
* Assist with production support and operational troubleshooting when needed.
* Contribute to system reliability initiatives and continuous process improvements.
* Help improve internal tooling and automation workflows that increase engineering efficiency and team velocity.

**What You'll Be Exploring**
============================


* Automated testing strategies for modern applications and cloud\\-native systems.
* CI/CD pipeline operations and release management practices.
* AWS\\-based environments and large\\-scale data validation workflows.
* Security scanning, remediation support, and DevSecOps best practices.
* Cross\\-functional collaboration within integrated engineering pods.
* Exposure to front\\-end, back\\-end, and operational engineering responsibilities as part of your growth path into Full Stack DevSecOps.

**What Helps Explorers Succeed Here**
=====================================


**Required Qualifications**
---------------------------


* 3\\+ years of relevant experience in Quality Engineering, Software Testing, or related engineering roles.
* Experience with automated testing frameworks and modern SDLC practices.
* Familiarity with CI/CD pipelines and cloud\\-based development environments.
* Understanding of API testing, integration testing, regression testing, and release validation practices.
* Strong collaboration and communication skills within cross\\-functional teams.
* Ability to troubleshoot issues, adapt quickly, and contribute within fast\\-moving technical environments.

**Nice\\-to\\-Have Experience**
-----------------------------


* AWS or cloud platform exposure.
* Experience supporting federal or highly regulated environments.
* Familiarity with DevSecOps tooling and security scanning practices.
* Exposure to event\\-driven systems such as Kafka.
* Experience with scripting or development languages such as Java, JavaScript, Python, or TypeScript.
* Experience supporting production environments and operational troubleshooting efforts.

**Why Explorers Stay**
======================


* Remote\\-first flexibility within the U.S.
* Comprehensive healthcare benefits.
* Generous Paid Time Off (PTO).
* Collaborative and supportive team culture focused on growth and continuous learning.
* Opportunities to expand into broader engineering and DevSecOps ownership areas.
* Meaningful work supporting mission\\-driven programs with real\\-world impact.

**How We Work**
===============


* This is a client\\-facing role that includes virtual collaboration and occasional customer interaction.
* Team members are expected to actively engage through Slack, Teams, email, Monday.com, and other collaboration tools during standard business hours.
* Availability for meetings and collaboration between 9AM–5PM EST is expected.
* Cameras on during virtual meetings is part of our collaborative culture.

**About Via Logic**
===================



Via Logic LLC is an information technology partner supporting mission\\-driven work across DevSecOps, cloud engineering, cybersecurity, data science, and national security analytics for federal and commercial clients. Our teams help modernize complex systems through automation, secure engineering practices, cloud\\-native technologies, and scalable infrastructure solutions that support real\\-world impact. But beyond the work itself, we care deeply about how we work. We believe great teams are built through collaboration, curiosity, accountability, and trust. Whether you're early in your journey or already leading expeditions of your own, Via Logic is a place where explorers are encouraged to grow, contribute, and continuously evolve.


**Equal Opportunity Employer**
==============================



Via Logic LLC is an Equal Opportunity Employer. We are committed to building a diverse and inclusive workplace where all explorers are valued and supported. All qualified applicants will receive consideration for employment without regard to race, color, religion, sex, sexual orientation, gender identity, national origin, disability, veteran status, or any other protected characteristic under applicable federal, state, or local law. We believe different perspectives strengthen teams, improve innovation, and help us build better solutions for the missions we support.


**Accessibility \\& Accommodations**
===================================



Via Logic is committed to providing an accessible and inclusive hiring experience for all candidates. If you require a reasonable accommodation during any part of the application or interview process, please let us know by emailing careers@vialogicllc.com. We're happy to work with candidates to support accessibility needs and ensure everyone has an equitable opportunity to explore a career with our team.


**Recruiting Fraud Notice**
===========================



Via Logic takes recruiting fraud seriously. We will never ask candidates for payment, banking information, cryptocurrency, gift cards, or personal financial information during any stage of the hiring process. All legitimate communication from our team will come directly from official Via Logic representatives using verified company channels and email addresses. Due to the rise of fraudulent recruiting activity across the industry, we encourage candidates to use caution if something feels unusual, rushed, or too good to be true. Real adventures should involve solving technical challenges \\- not wiring money to strangers pretending to be recruiters on the internet. If you believe you've encountered suspicious activity related to Via Logic recruiting, please contact us directly for verification at careers@vialogicllc.com.","","https://www.indeed.com/cmp/Via-Logic-LLC","","","","","","","","","","","",""
"in-a6676f99c42099c3","indeed","https://www.indeed.com/viewjob?jk=a6676f99c42099c3","https://grnh.se/0h6sivry8us","Quality/Test Engineer","Via Logic LLC","Tampa, FL, US","2026-05-26","fulltime","direct_data","yearly",90000.0,110000.0,"USD",True,"","","","careers@vialogicllc.com, careers@vialogicllc.com","**Start Your Adventure at Via Logic**
-------------------------------------


**Role:** Quality/Test Engineer  

**Location:** Remote, work must be performed with the U.S.  

**Type:** Full\\-Time, W\\-2  

**Compensation:** $90K\\-$110K depending on experience  

**Experience:** 3\\-6 years


**Eligibility \\& Clearance Requirements**
-----------------------------------------



Due to federal contract requirements supporting USCIS programs, applicants must:


* Be a U.S. Citizen.
* Currently reside within the United States.
* Have lived within the U.S. for at least 3 of the past 5 years.
* Be eligible to obtain and maintain a government Public Trust clearance.

**Your Route Into DevSecOps**
=============================



At Via Logic, we believe quality engineering is more than just testing \\- it's about building confidence, reliability, and resilience into every stage of the Software Development Life Cycle (SDLC). We're looking for a Quality/Test Engineer who is passionate about automation, collaboration, and continuous improvement while also eager to grow into broader Full Stack DevSecOps responsibilities over time. In this role, you'll partner closely with engineers, stakeholders, and fellow Quality Engineers to improve testing strategies, strengthen deployment confidence, support cloud\\-native applications, and help ensure mission\\-critical systems remain reliable and production\\-ready.This role also serves as a structured growth path into Full Stack DevSecOps engineering, providing exposure to CI/CD pipelines, AWS services, release management, security scanning and remediation, operational support, and modern engineering practices across distributed systems.


**Your Mission Today**
======================


**Quality Engineering \\& Automation**
-------------------------------------


* Drive quality initiatives throughout the SDLC from requirements through production support.
* Design, build, and maintain automated testing solutions that support scalable and repeatable delivery practices.
* Validate code quality, integration readiness, and release stability prior to Production deployment.
* Support functional, regression, integration, and reliability testing efforts across multiple environments.
* Contribute to automated CI/CD testing workflows that reduce manual intervention and improve deployment confidence.

**Collaboration \\& Delivery**
-----------------------------


* Partner closely with engineering, product, and stakeholder teams to define and uphold quality standards.
* Coordinate testing dependencies across teams and support successful release readiness activities.
* Translate business and technical requirements into measurable validation strategies.
* Participate in agile ceremonies, troubleshooting sessions, and collaborative problem\\-solving efforts.
* Serve as a trusted partner to engineers and product stakeholders by helping identify issues early and supporting scalable solutions.

**Reliability \\& Operational Support**
--------------------------------------


* Support quality improvements for distributed and event\\-driven systems.
* Assist with production support and operational troubleshooting when needed.
* Contribute to system reliability initiatives and continuous process improvements.
* Help improve internal tooling and automation workflows that increase engineering efficiency and team velocity.

**What You'll Be Exploring**
============================


* Automated testing strategies for modern applications and cloud\\-native systems.
* CI/CD pipeline operations and release management practices.
* AWS\\-based environments and large\\-scale data validation workflows.
* Security scanning, remediation support, and DevSecOps best practices.
* Cross\\-functional collaboration within integrated engineering pods.
* Exposure to front\\-end, back\\-end, and operational engineering responsibilities as part of your growth path into Full Stack DevSecOps.

**What Helps Explorers Succeed Here**
=====================================


**Required Qualifications**
---------------------------


* 3\\+ years of relevant experience in Quality Engineering, Software Testing, or related engineering roles.
* Experience with automated testing frameworks and modern SDLC practices.
* Familiarity with CI/CD pipelines and cloud\\-based development environments.
* Understanding of API testing, integration testing, regression testing, and release validation practices.
* Strong collaboration and communication skills within cross\\-functional teams.
* Ability to troubleshoot issues, adapt quickly, and contribute within fast\\-moving technical environments.

**Nice\\-to\\-Have Experience**
-----------------------------


* AWS or cloud platform exposure.
* Experience supporting federal or highly regulated environments.
* Familiarity with DevSecOps tooling and security scanning practices.
* Exposure to event\\-driven systems such as Kafka.
* Experience with scripting or development languages such as Java, JavaScript, Python, or TypeScript.
* Experience supporting production environments and operational troubleshooting efforts.

**Why Explorers Stay**
======================


* Remote\\-first flexibility within the U.S.
* Comprehensive healthcare benefits.
* Generous Paid Time Off (PTO).
* Collaborative and supportive team culture focused on growth and continuous learning.
* Opportunities to expand into broader engineering and DevSecOps ownership areas.
* Meaningful work supporting mission\\-driven programs with real\\-world impact.

**How We Work**
===============


* This is a client\\-facing role that includes virtual collaboration and occasional customer interaction.
* Team members are expected to actively engage through Slack, Teams, email, Monday.com, and other collaboration tools during standard business hours.
* Availability for meetings and collaboration between 9AM–5PM EST is expected.
* Cameras on during virtual meetings is part of our collaborative culture.

**About Via Logic**
===================



Via Logic LLC is an information technology partner supporting mission\\-driven work across DevSecOps, cloud engineering, cybersecurity, data science, and national security analytics for federal and commercial clients. Our teams help modernize complex systems through automation, secure engineering practices, cloud\\-native technologies, and scalable infrastructure solutions that support real\\-world impact. But beyond the work itself, we care deeply about how we work. We believe great teams are built through collaboration, curiosity, accountability, and trust. Whether you're early in your journey or already leading expeditions of your own, Via Logic is a place where explorers are encouraged to grow, contribute, and continuously evolve.


**Equal Opportunity Employer**
==============================



Via Logic LLC is an Equal Opportunity Employer. We are committed to building a diverse and inclusive workplace where all explorers are valued and supported. All qualified applicants will receive consideration for employment without regard to race, color, religion, sex, sexual orientation, gender identity, national origin, disability, veteran status, or any other protected characteristic under applicable federal, state, or local law. We believe different perspectives strengthen teams, improve innovation, and help us build better solutions for the missions we support.


**Accessibility \\& Accommodations**
===================================



Via Logic is committed to providing an accessible and inclusive hiring experience for all candidates. If you require a reasonable accommodation during any part of the application or interview process, please let us know by emailing careers@vialogicllc.com. We're happy to work with candidates to support accessibility needs and ensure everyone has an equitable opportunity to explore a career with our team.


**Recruiting Fraud Notice**
===========================



Via Logic takes recruiting fraud seriously. We will never ask candidates for payment, banking information, cryptocurrency, gift cards, or personal financial information during any stage of the hiring process. All legitimate communication from our team will come directly from official Via Logic representatives using verified company channels and email addresses. Due to the rise of fraudulent recruiting activity across the industry, we encourage candidates to use caution if something feels unusual, rushed, or too good to be true. Real adventures should involve solving technical challenges \\- not wiring money to strangers pretending to be recruiters on the internet. If you believe you've encountered suspicious activity related to Via Logic recruiting, please contact us directly for verification at careers@vialogicllc.com.","","https://www.indeed.com/cmp/Via-Logic-LLC","","","","","","","","","","","",""
"in-10ac00661e7832df","indeed","https://www.indeed.com/viewjob?jk=10ac00661e7832df","https://grnh.se/0h6sivry8us","Quality/Test Engineer","Via Logic LLC","Raleigh, NC, US","2026-05-26","fulltime","direct_data","yearly",90000.0,110000.0,"USD",True,"","","","careers@vialogicllc.com, careers@vialogicllc.com","**Start Your Adventure at Via Logic**
-------------------------------------


**Role:** Quality/Test Engineer  

**Location:** Remote, work must be performed with the U.S.  

**Type:** Full\\-Time, W\\-2  

**Compensation:** $90K\\-$110K depending on experience  

**Experience:** 3\\-6 years


**Eligibility \\& Clearance Requirements**
-----------------------------------------



Due to federal contract requirements supporting USCIS programs, applicants must:


* Be a U.S. Citizen.
* Currently reside within the United States.
* Have lived within the U.S. for at least 3 of the past 5 years.
* Be eligible to obtain and maintain a government Public Trust clearance.

**Your Route Into DevSecOps**
=============================



At Via Logic, we believe quality engineering is more than just testing \\- it's about building confidence, reliability, and resilience into every stage of the Software Development Life Cycle (SDLC). We're looking for a Quality/Test Engineer who is passionate about automation, collaboration, and continuous improvement while also eager to grow into broader Full Stack DevSecOps responsibilities over time. In this role, you'll partner closely with engineers, stakeholders, and fellow Quality Engineers to improve testing strategies, strengthen deployment confidence, support cloud\\-native applications, and help ensure mission\\-critical systems remain reliable and production\\-ready.This role also serves as a structured growth path into Full Stack DevSecOps engineering, providing exposure to CI/CD pipelines, AWS services, release management, security scanning and remediation, operational support, and modern engineering practices across distributed systems.


**Your Mission Today**
======================


**Quality Engineering \\& Automation**
-------------------------------------


* Drive quality initiatives throughout the SDLC from requirements through production support.
* Design, build, and maintain automated testing solutions that support scalable and repeatable delivery practices.
* Validate code quality, integration readiness, and release stability prior to Production deployment.
* Support functional, regression, integration, and reliability testing efforts across multiple environments.
* Contribute to automated CI/CD testing workflows that reduce manual intervention and improve deployment confidence.

**Collaboration \\& Delivery**
-----------------------------


* Partner closely with engineering, product, and stakeholder teams to define and uphold quality standards.
* Coordinate testing dependencies across teams and support successful release readiness activities.
* Translate business and technical requirements into measurable validation strategies.
* Participate in agile ceremonies, troubleshooting sessions, and collaborative problem\\-solving efforts.
* Serve as a trusted partner to engineers and product stakeholders by helping identify issues early and supporting scalable solutions.

**Reliability \\& Operational Support**
--------------------------------------


* Support quality improvements for distributed and event\\-driven systems.
* Assist with production support and operational troubleshooting when needed.
* Contribute to system reliability initiatives and continuous process improvements.
* Help improve internal tooling and automation workflows that increase engineering efficiency and team velocity.

**What You'll Be Exploring**
============================


* Automated testing strategies for modern applications and cloud\\-native systems.
* CI/CD pipeline operations and release management practices.
* AWS\\-based environments and large\\-scale data validation workflows.
* Security scanning, remediation support, and DevSecOps best practices.
* Cross\\-functional collaboration within integrated engineering pods.
* Exposure to front\\-end, back\\-end, and operational engineering responsibilities as part of your growth path into Full Stack DevSecOps.

**What Helps Explorers Succeed Here**
=====================================


**Required Qualifications**
---------------------------


* 3\\+ years of relevant experience in Quality Engineering, Software Testing, or related engineering roles.
* Experience with automated testing frameworks and modern SDLC practices.
* Familiarity with CI/CD pipelines and cloud\\-based development environments.
* Understanding of API testing, integration testing, regression testing, and release validation practices.
* Strong collaboration and communication skills within cross\\-functional teams.
* Ability to troubleshoot issues, adapt quickly, and contribute within fast\\-moving technical environments.

**Nice\\-to\\-Have Experience**
-----------------------------


* AWS or cloud platform exposure.
* Experience supporting federal or highly regulated environments.
* Familiarity with DevSecOps tooling and security scanning practices.
* Exposure to event\\-driven systems such as Kafka.
* Experience with scripting or development languages such as Java, JavaScript, Python, or TypeScript.
* Experience supporting production environments and operational troubleshooting efforts.

**Why Explorers Stay**
======================


* Remote\\-first flexibility within the U.S.
* Comprehensive healthcare benefits.
* Generous Paid Time Off (PTO).
* Collaborative and supportive team culture focused on growth and continuous learning.
* Opportunities to expand into broader engineering and DevSecOps ownership areas.
* Meaningful work supporting mission\\-driven programs with real\\-world impact.

**How We Work**
===============


* This is a client\\-facing role that includes virtual collaboration and occasional customer interaction.
* Team members are expected to actively engage through Slack, Teams, email, Monday.com, and other collaboration tools during standard business hours.
* Availability for meetings and collaboration between 9AM–5PM EST is expected.
* Cameras on during virtual meetings is part of our collaborative culture.

**About Via Logic**
===================



Via Logic LLC is an information technology partner supporting mission\\-driven work across DevSecOps, cloud engineering, cybersecurity, data science, and national security analytics for federal and commercial clients. Our teams help modernize complex systems through automation, secure engineering practices, cloud\\-native technologies, and scalable infrastructure solutions that support real\\-world impact. But beyond the work itself, we care deeply about how we work. We believe great teams are built through collaboration, curiosity, accountability, and trust. Whether you're early in your journey or already leading expeditions of your own, Via Logic is a place where explorers are encouraged to grow, contribute, and continuously evolve.


**Equal Opportunity Employer**
==============================



Via Logic LLC is an Equal Opportunity Employer. We are committed to building a diverse and inclusive workplace where all explorers are valued and supported. All qualified applicants will receive consideration for employment without regard to race, color, religion, sex, sexual orientation, gender identity, national origin, disability, veteran status, or any other protected characteristic under applicable federal, state, or local law. We believe different perspectives strengthen teams, improve innovation, and help us build better solutions for the missions we support.


**Accessibility \\& Accommodations**
===================================



Via Logic is committed to providing an accessible and inclusive hiring experience for all candidates. If you require a reasonable accommodation during any part of the application or interview process, please let us know by emailing careers@vialogicllc.com. We're happy to work with candidates to support accessibility needs and ensure everyone has an equitable opportunity to explore a career with our team.


**Recruiting Fraud Notice**
===========================



Via Logic takes recruiting fraud seriously. We will never ask candidates for payment, banking information, cryptocurrency, gift cards, or personal financial information during any stage of the hiring process. All legitimate communication from our team will come directly from official Via Logic representatives using verified company channels and email addresses. Due to the rise of fraudulent recruiting activity across the industry, we encourage candidates to use caution if something feels unusual, rushed, or too good to be true. Real adventures should involve solving technical challenges \\- not wiring money to strangers pretending to be recruiters on the internet. If you believe you've encountered suspicious activity related to Via Logic recruiting, please contact us directly for verification at careers@vialogicllc.com.","","https://www.indeed.com/cmp/Via-Logic-LLC","","","","","","","","","","","",""
"in-dedb4d268548ec18","indeed","https://www.indeed.com/viewjob?jk=dedb4d268548ec18","https://grnh.se/0h6sivry8us","Quality/Test Engineer","Via Logic LLC","Arlington, VA, US","2026-05-26","fulltime","direct_data","yearly",90000.0,110000.0,"USD",True,"","","","careers@vialogicllc.com, careers@vialogicllc.com","**Start Your Adventure at Via Logic**
-------------------------------------


**Role:** Quality/Test Engineer  

**Location:** Remote, work must be performed with the U.S.  

**Type:** Full\\-Time, W\\-2  

**Compensation:** $90K\\-$110K depending on experience  

**Experience:** 3\\-6 years


**Eligibility \\& Clearance Requirements**
-----------------------------------------



Due to federal contract requirements supporting USCIS programs, applicants must:


* Be a U.S. Citizen.
* Currently reside within the United States.
* Have lived within the U.S. for at least 3 of the past 5 years.
* Be eligible to obtain and maintain a government Public Trust clearance.

**Your Route Into DevSecOps**
=============================



At Via Logic, we believe quality engineering is more than just testing \\- it's about building confidence, reliability, and resilience into every stage of the Software Development Life Cycle (SDLC). We're looking for a Quality/Test Engineer who is passionate about automation, collaboration, and continuous improvement while also eager to grow into broader Full Stack DevSecOps responsibilities over time. In this role, you'll partner closely with engineers, stakeholders, and fellow Quality Engineers to improve testing strategies, strengthen deployment confidence, support cloud\\-native applications, and help ensure mission\\-critical systems remain reliable and production\\-ready.This role also serves as a structured growth path into Full Stack DevSecOps engineering, providing exposure to CI/CD pipelines, AWS services, release management, security scanning and remediation, operational support, and modern engineering practices across distributed systems.


**Your Mission Today**
======================


**Quality Engineering \\& Automation**
-------------------------------------


* Drive quality initiatives throughout the SDLC from requirements through production support.
* Design, build, and maintain automated testing solutions that support scalable and repeatable delivery practices.
* Validate code quality, integration readiness, and release stability prior to Production deployment.
* Support functional, regression, integration, and reliability testing efforts across multiple environments.
* Contribute to automated CI/CD testing workflows that reduce manual intervention and improve deployment confidence.

**Collaboration \\& Delivery**
-----------------------------


* Partner closely with engineering, product, and stakeholder teams to define and uphold quality standards.
* Coordinate testing dependencies across teams and support successful release readiness activities.
* Translate business and technical requirements into measurable validation strategies.
* Participate in agile ceremonies, troubleshooting sessions, and collaborative problem\\-solving efforts.
* Serve as a trusted partner to engineers and product stakeholders by helping identify issues early and supporting scalable solutions.

**Reliability \\& Operational Support**
--------------------------------------


* Support quality improvements for distributed and event\\-driven systems.
* Assist with production support and operational troubleshooting when needed.
* Contribute to system reliability initiatives and continuous process improvements.
* Help improve internal tooling and automation workflows that increase engineering efficiency and team velocity.

**What You'll Be Exploring**
============================


* Automated testing strategies for modern applications and cloud\\-native systems.
* CI/CD pipeline operations and release management practices.
* AWS\\-based environments and large\\-scale data validation workflows.
* Security scanning, remediation support, and DevSecOps best practices.
* Cross\\-functional collaboration within integrated engineering pods.
* Exposure to front\\-end, back\\-end, and operational engineering responsibilities as part of your growth path into Full Stack DevSecOps.

**What Helps Explorers Succeed Here**
=====================================


**Required Qualifications**
---------------------------


* 3\\+ years of relevant experience in Quality Engineering, Software Testing, or related engineering roles.
* Experience with automated testing frameworks and modern SDLC practices.
* Familiarity with CI/CD pipelines and cloud\\-based development environments.
* Understanding of API testing, integration testing, regression testing, and release validation practices.
* Strong collaboration and communication skills within cross\\-functional teams.
* Ability to troubleshoot issues, adapt quickly, and contribute within fast\\-moving technical environments.

**Nice\\-to\\-Have Experience**
-----------------------------


* AWS or cloud platform exposure.
* Experience supporting federal or highly regulated environments.
* Familiarity with DevSecOps tooling and security scanning practices.
* Exposure to event\\-driven systems such as Kafka.
* Experience with scripting or development languages such as Java, JavaScript, Python, or TypeScript.
* Experience supporting production environments and operational troubleshooting efforts.

**Why Explorers Stay**
======================


* Remote\\-first flexibility within the U.S.
* Comprehensive healthcare benefits.
* Generous Paid Time Off (PTO).
* Collaborative and supportive team culture focused on growth and continuous learning.
* Opportunities to expand into broader engineering and DevSecOps ownership areas.
* Meaningful work supporting mission\\-driven programs with real\\-world impact.

**How We Work**
===============


* This is a client\\-facing role that includes virtual collaboration and occasional customer interaction.
* Team members are expected to actively engage through Slack, Teams, email, Monday.com, and other collaboration tools during standard business hours.
* Availability for meetings and collaboration between 9AM–5PM EST is expected.
* Cameras on during virtual meetings is part of our collaborative culture.

**About Via Logic**
===================



Via Logic LLC is an information technology partner supporting mission\\-driven work across DevSecOps, cloud engineering, cybersecurity, data science, and national security analytics for federal and commercial clients. Our teams help modernize complex systems through automation, secure engineering practices, cloud\\-native technologies, and scalable infrastructure solutions that support real\\-world impact. But beyond the work itself, we care deeply about how we work. We believe great teams are built through collaboration, curiosity, accountability, and trust. Whether you're early in your journey or already leading expeditions of your own, Via Logic is a place where explorers are encouraged to grow, contribute, and continuously evolve.


**Equal Opportunity Employer**
==============================



Via Logic LLC is an Equal Opportunity Employer. We are committed to building a diverse and inclusive workplace where all explorers are valued and supported. All qualified applicants will receive consideration for employment without regard to race, color, religion, sex, sexual orientation, gender identity, national origin, disability, veteran status, or any other protected characteristic under applicable federal, state, or local law. We believe different perspectives strengthen teams, improve innovation, and help us build better solutions for the missions we support.


**Accessibility \\& Accommodations**
===================================



Via Logic is committed to providing an accessible and inclusive hiring experience for all candidates. If you require a reasonable accommodation during any part of the application or interview process, please let us know by emailing careers@vialogicllc.com. We're happy to work with candidates to support accessibility needs and ensure everyone has an equitable opportunity to explore a career with our team.


**Recruiting Fraud Notice**
===========================



Via Logic takes recruiting fraud seriously. We will never ask candidates for payment, banking information, cryptocurrency, gift cards, or personal financial information during any stage of the hiring process. All legitimate communication from our team will come directly from official Via Logic representatives using verified company channels and email addresses. Due to the rise of fraudulent recruiting activity across the industry, we encourage candidates to use caution if something feels unusual, rushed, or too good to be true. Real adventures should involve solving technical challenges \\- not wiring money to strangers pretending to be recruiters on the internet. If you believe you've encountered suspicious activity related to Via Logic recruiting, please contact us directly for verification at careers@vialogicllc.com.","","https://www.indeed.com/cmp/Via-Logic-LLC","","","","","","","","","","","",""
"in-1e9301e7e11eb505","indeed","https://www.indeed.com/viewjob?jk=1e9301e7e11eb505","https://grnh.se/0h6sivry8us","Quality/Test Engineer","Via Logic LLC","Los Angeles, CA, US","2026-05-26","fulltime","direct_data","yearly",90000.0,110000.0,"USD",True,"","","","careers@vialogicllc.com, careers@vialogicllc.com","**Start Your Adventure at Via Logic**
-------------------------------------


**Role:** Quality/Test Engineer  

**Location:** Remote, work must be performed with the U.S.  

**Type:** Full\\-Time, W\\-2  

**Compensation:** $90K\\-$110K depending on experience  

**Experience:** 3\\-6 years


**Eligibility \\& Clearance Requirements**
-----------------------------------------



Due to federal contract requirements supporting USCIS programs, applicants must:


* Be a U.S. Citizen.
* Currently reside within the United States.
* Have lived within the U.S. for at least 3 of the past 5 years.
* Be eligible to obtain and maintain a government Public Trust clearance.

**Your Route Into DevSecOps**
=============================



At Via Logic, we believe quality engineering is more than just testing \\- it's about building confidence, reliability, and resilience into every stage of the Software Development Life Cycle (SDLC). We're looking for a Quality/Test Engineer who is passionate about automation, collaboration, and continuous improvement while also eager to grow into broader Full Stack DevSecOps responsibilities over time. In this role, you'll partner closely with engineers, stakeholders, and fellow Quality Engineers to improve testing strategies, strengthen deployment confidence, support cloud\\-native applications, and help ensure mission\\-critical systems remain reliable and production\\-ready.This role also serves as a structured growth path into Full Stack DevSecOps engineering, providing exposure to CI/CD pipelines, AWS services, release management, security scanning and remediation, operational support, and modern engineering practices across distributed systems.


**Your Mission Today**
======================


**Quality Engineering \\& Automation**
-------------------------------------


* Drive quality initiatives throughout the SDLC from requirements through production support.
* Design, build, and maintain automated testing solutions that support scalable and repeatable delivery practices.
* Validate code quality, integration readiness, and release stability prior to Production deployment.
* Support functional, regression, integration, and reliability testing efforts across multiple environments.
* Contribute to automated CI/CD testing workflows that reduce manual intervention and improve deployment confidence.

**Collaboration \\& Delivery**
-----------------------------


* Partner closely with engineering, product, and stakeholder teams to define and uphold quality standards.
* Coordinate testing dependencies across teams and support successful release readiness activities.
* Translate business and technical requirements into measurable validation strategies.
* Participate in agile ceremonies, troubleshooting sessions, and collaborative problem\\-solving efforts.
* Serve as a trusted partner to engineers and product stakeholders by helping identify issues early and supporting scalable solutions.

**Reliability \\& Operational Support**
--------------------------------------


* Support quality improvements for distributed and event\\-driven systems.
* Assist with production support and operational troubleshooting when needed.
* Contribute to system reliability initiatives and continuous process improvements.
* Help improve internal tooling and automation workflows that increase engineering efficiency and team velocity.

**What You'll Be Exploring**
============================


* Automated testing strategies for modern applications and cloud\\-native systems.
* CI/CD pipeline operations and release management practices.
* AWS\\-based environments and large\\-scale data validation workflows.
* Security scanning, remediation support, and DevSecOps best practices.
* Cross\\-functional collaboration within integrated engineering pods.
* Exposure to front\\-end, back\\-end, and operational engineering responsibilities as part of your growth path into Full Stack DevSecOps.

**What Helps Explorers Succeed Here**
=====================================


**Required Qualifications**
---------------------------


* 3\\+ years of relevant experience in Quality Engineering, Software Testing, or related engineering roles.
* Experience with automated testing frameworks and modern SDLC practices.
* Familiarity with CI/CD pipelines and cloud\\-based development environments.
* Understanding of API testing, integration testing, regression testing, and release validation practices.
* Strong collaboration and communication skills within cross\\-functional teams.
* Ability to troubleshoot issues, adapt quickly, and contribute within fast\\-moving technical environments.

**Nice\\-to\\-Have Experience**
-----------------------------


* AWS or cloud platform exposure.
* Experience supporting federal or highly regulated environments.
* Familiarity with DevSecOps tooling and security scanning practices.
* Exposure to event\\-driven systems such as Kafka.
* Experience with scripting or development languages such as Java, JavaScript, Python, or TypeScript.
* Experience supporting production environments and operational troubleshooting efforts.

**Why Explorers Stay**
======================


* Remote\\-first flexibility within the U.S.
* Comprehensive healthcare benefits.
* Generous Paid Time Off (PTO).
* Collaborative and supportive team culture focused on growth and continuous learning.
* Opportunities to expand into broader engineering and DevSecOps ownership areas.
* Meaningful work supporting mission\\-driven programs with real\\-world impact.

**How We Work**
===============


* This is a client\\-facing role that includes virtual collaboration and occasional customer interaction.
* Team members are expected to actively engage through Slack, Teams, email, Monday.com, and other collaboration tools during standard business hours.
* Availability for meetings and collaboration between 9AM–5PM EST is expected.
* Cameras on during virtual meetings is part of our collaborative culture.

**About Via Logic**
===================



Via Logic LLC is an information technology partner supporting mission\\-driven work across DevSecOps, cloud engineering, cybersecurity, data science, and national security analytics for federal and commercial clients. Our teams help modernize complex systems through automation, secure engineering practices, cloud\\-native technologies, and scalable infrastructure solutions that support real\\-world impact. But beyond the work itself, we care deeply about how we work. We believe great teams are built through collaboration, curiosity, accountability, and trust. Whether you're early in your journey or already leading expeditions of your own, Via Logic is a place where explorers are encouraged to grow, contribute, and continuously evolve.


**Equal Opportunity Employer**
==============================



Via Logic LLC is an Equal Opportunity Employer. We are committed to building a diverse and inclusive workplace where all explorers are valued and supported. All qualified applicants will receive consideration for employment without regard to race, color, religion, sex, sexual orientation, gender identity, national origin, disability, veteran status, or any other protected characteristic under applicable federal, state, or local law. We believe different perspectives strengthen teams, improve innovation, and help us build better solutions for the missions we support.


**Accessibility \\& Accommodations**
===================================



Via Logic is committed to providing an accessible and inclusive hiring experience for all candidates. If you require a reasonable accommodation during any part of the application or interview process, please let us know by emailing careers@vialogicllc.com. We're happy to work with candidates to support accessibility needs and ensure everyone has an equitable opportunity to explore a career with our team.


**Recruiting Fraud Notice**
===========================



Via Logic takes recruiting fraud seriously. We will never ask candidates for payment, banking information, cryptocurrency, gift cards, or personal financial information during any stage of the hiring process. All legitimate communication from our team will come directly from official Via Logic representatives using verified company channels and email addresses. Due to the rise of fraudulent recruiting activity across the industry, we encourage candidates to use caution if something feels unusual, rushed, or too good to be true. Real adventures should involve solving technical challenges \\- not wiring money to strangers pretending to be recruiters on the internet. If you believe you've encountered suspicious activity related to Via Logic recruiting, please contact us directly for verification at careers@vialogicllc.com.","","https://www.indeed.com/cmp/Via-Logic-LLC","","","","","","","","","","","",""
"in-154a9a614c6d0960","indeed","https://www.indeed.com/viewjob?jk=154a9a614c6d0960","https://grnh.se/0h6sivry8us","Quality/Test Engineer","Via Logic LLC","Austin, TX, US","2026-05-26","fulltime","direct_data","yearly",90000.0,110000.0,"USD",True,"","","","careers@vialogicllc.com, careers@vialogicllc.com","**Start Your Adventure at Via Logic**
-------------------------------------


**Role:** Quality/Test Engineer  

**Location:** Remote, work must be performed with the U.S.  

**Type:** Full\\-Time, W\\-2  

**Compensation:** $90K\\-$110K depending on experience  

**Experience:** 3\\-6 years


**Eligibility \\& Clearance Requirements**
-----------------------------------------



Due to federal contract requirements supporting USCIS programs, applicants must:


* Be a U.S. Citizen.
* Currently reside within the United States.
* Have lived within the U.S. for at least 3 of the past 5 years.
* Be eligible to obtain and maintain a government Public Trust clearance.

**Your Route Into DevSecOps**
=============================



At Via Logic, we believe quality engineering is more than just testing \\- it's about building confidence, reliability, and resilience into every stage of the Software Development Life Cycle (SDLC). We're looking for a Quality/Test Engineer who is passionate about automation, collaboration, and continuous improvement while also eager to grow into broader Full Stack DevSecOps responsibilities over time. In this role, you'll partner closely with engineers, stakeholders, and fellow Quality Engineers to improve testing strategies, strengthen deployment confidence, support cloud\\-native applications, and help ensure mission\\-critical systems remain reliable and production\\-ready.This role also serves as a structured growth path into Full Stack DevSecOps engineering, providing exposure to CI/CD pipelines, AWS services, release management, security scanning and remediation, operational support, and modern engineering practices across distributed systems.


**Your Mission Today**
======================


**Quality Engineering \\& Automation**
-------------------------------------


* Drive quality initiatives throughout the SDLC from requirements through production support.
* Design, build, and maintain automated testing solutions that support scalable and repeatable delivery practices.
* Validate code quality, integration readiness, and release stability prior to Production deployment.
* Support functional, regression, integration, and reliability testing efforts across multiple environments.
* Contribute to automated CI/CD testing workflows that reduce manual intervention and improve deployment confidence.

**Collaboration \\& Delivery**
-----------------------------


* Partner closely with engineering, product, and stakeholder teams to define and uphold quality standards.
* Coordinate testing dependencies across teams and support successful release readiness activities.
* Translate business and technical requirements into measurable validation strategies.
* Participate in agile ceremonies, troubleshooting sessions, and collaborative problem\\-solving efforts.
* Serve as a trusted partner to engineers and product stakeholders by helping identify issues early and supporting scalable solutions.

**Reliability \\& Operational Support**
--------------------------------------


* Support quality improvements for distributed and event\\-driven systems.
* Assist with production support and operational troubleshooting when needed.
* Contribute to system reliability initiatives and continuous process improvements.
* Help improve internal tooling and automation workflows that increase engineering efficiency and team velocity.

**What You'll Be Exploring**
============================


* Automated testing strategies for modern applications and cloud\\-native systems.
* CI/CD pipeline operations and release management practices.
* AWS\\-based environments and large\\-scale data validation workflows.
* Security scanning, remediation support, and DevSecOps best practices.
* Cross\\-functional collaboration within integrated engineering pods.
* Exposure to front\\-end, back\\-end, and operational engineering responsibilities as part of your growth path into Full Stack DevSecOps.

**What Helps Explorers Succeed Here**
=====================================


**Required Qualifications**
---------------------------


* 3\\+ years of relevant experience in Quality Engineering, Software Testing, or related engineering roles.
* Experience with automated testing frameworks and modern SDLC practices.
* Familiarity with CI/CD pipelines and cloud\\-based development environments.
* Understanding of API testing, integration testing, regression testing, and release validation practices.
* Strong collaboration and communication skills within cross\\-functional teams.
* Ability to troubleshoot issues, adapt quickly, and contribute within fast\\-moving technical environments.

**Nice\\-to\\-Have Experience**
-----------------------------


* AWS or cloud platform exposure.
* Experience supporting federal or highly regulated environments.
* Familiarity with DevSecOps tooling and security scanning practices.
* Exposure to event\\-driven systems such as Kafka.
* Experience with scripting or development languages such as Java, JavaScript, Python, or TypeScript.
* Experience supporting production environments and operational troubleshooting efforts.

**Why Explorers Stay**
======================


* Remote\\-first flexibility within the U.S.
* Comprehensive healthcare benefits.
* Generous Paid Time Off (PTO).
* Collaborative and supportive team culture focused on growth and continuous learning.
* Opportunities to expand into broader engineering and DevSecOps ownership areas.
* Meaningful work supporting mission\\-driven programs with real\\-world impact.

**How We Work**
===============


* This is a client\\-facing role that includes virtual collaboration and occasional customer interaction.
* Team members are expected to actively engage through Slack, Teams, email, Monday.com, and other collaboration tools during standard business hours.
* Availability for meetings and collaboration between 9AM–5PM EST is expected.
* Cameras on during virtual meetings is part of our collaborative culture.

**About Via Logic**
===================



Via Logic LLC is an information technology partner supporting mission\\-driven work across DevSecOps, cloud engineering, cybersecurity, data science, and national security analytics for federal and commercial clients. Our teams help modernize complex systems through automation, secure engineering practices, cloud\\-native technologies, and scalable infrastructure solutions that support real\\-world impact. But beyond the work itself, we care deeply about how we work. We believe great teams are built through collaboration, curiosity, accountability, and trust. Whether you're early in your journey or already leading expeditions of your own, Via Logic is a place where explorers are encouraged to grow, contribute, and continuously evolve.


**Equal Opportunity Employer**
==============================



Via Logic LLC is an Equal Opportunity Employer. We are committed to building a diverse and inclusive workplace where all explorers are valued and supported. All qualified applicants will receive consideration for employment without regard to race, color, religion, sex, sexual orientation, gender identity, national origin, disability, veteran status, or any other protected characteristic under applicable federal, state, or local law. We believe different perspectives strengthen teams, improve innovation, and help us build better solutions for the missions we support.


**Accessibility \\& Accommodations**
===================================



Via Logic is committed to providing an accessible and inclusive hiring experience for all candidates. If you require a reasonable accommodation during any part of the application or interview process, please let us know by emailing careers@vialogicllc.com. We're happy to work with candidates to support accessibility needs and ensure everyone has an equitable opportunity to explore a career with our team.


**Recruiting Fraud Notice**
===========================



Via Logic takes recruiting fraud seriously. We will never ask candidates for payment, banking information, cryptocurrency, gift cards, or personal financial information during any stage of the hiring process. All legitimate communication from our team will come directly from official Via Logic representatives using verified company channels and email addresses. Due to the rise of fraudulent recruiting activity across the industry, we encourage candidates to use caution if something feels unusual, rushed, or too good to be true. Real adventures should involve solving technical challenges \\- not wiring money to strangers pretending to be recruiters on the internet. If you believe you've encountered suspicious activity related to Via Logic recruiting, please contact us directly for verification at careers@vialogicllc.com.","","https://www.indeed.com/cmp/Via-Logic-LLC","","","","","","","","","","","",""
"in-cf0d37b66018a82e","indeed","https://www.indeed.com/viewjob?jk=cf0d37b66018a82e","https://grnh.se/0h6sivry8us","Quality/Test Engineer","Via Logic LLC","Washington, DC, US","2026-05-26","fulltime","direct_data","yearly",90000.0,110000.0,"USD",True,"","","","careers@vialogicllc.com, careers@vialogicllc.com","**Start Your Adventure at Via Logic**
-------------------------------------


**Role:** Quality/Test Engineer  

**Location:** Remote, work must be performed with the U.S.  

**Type:** Full\\-Time, W\\-2  

**Compensation:** $90K\\-$110K depending on experience  

**Experience:** 3\\-6 years


**Eligibility \\& Clearance Requirements**
-----------------------------------------



Due to federal contract requirements supporting USCIS programs, applicants must:


* Be a U.S. Citizen.
* Currently reside within the United States.
* Have lived within the U.S. for at least 3 of the past 5 years.
* Be eligible to obtain and maintain a government Public Trust clearance.

**Your Route Into DevSecOps**
=============================



At Via Logic, we believe quality engineering is more than just testing \\- it's about building confidence, reliability, and resilience into every stage of the Software Development Life Cycle (SDLC). We're looking for a Quality/Test Engineer who is passionate about automation, collaboration, and continuous improvement while also eager to grow into broader Full Stack DevSecOps responsibilities over time. In this role, you'll partner closely with engineers, stakeholders, and fellow Quality Engineers to improve testing strategies, strengthen deployment confidence, support cloud\\-native applications, and help ensure mission\\-critical systems remain reliable and production\\-ready.This role also serves as a structured growth path into Full Stack DevSecOps engineering, providing exposure to CI/CD pipelines, AWS services, release management, security scanning and remediation, operational support, and modern engineering practices across distributed systems.


**Your Mission Today**
======================


**Quality Engineering \\& Automation**
-------------------------------------


* Drive quality initiatives throughout the SDLC from requirements through production support.
* Design, build, and maintain automated testing solutions that support scalable and repeatable delivery practices.
* Validate code quality, integration readiness, and release stability prior to Production deployment.
* Support functional, regression, integration, and reliability testing efforts across multiple environments.
* Contribute to automated CI/CD testing workflows that reduce manual intervention and improve deployment confidence.

**Collaboration \\& Delivery**
-----------------------------


* Partner closely with engineering, product, and stakeholder teams to define and uphold quality standards.
* Coordinate testing dependencies across teams and support successful release readiness activities.
* Translate business and technical requirements into measurable validation strategies.
* Participate in agile ceremonies, troubleshooting sessions, and collaborative problem\\-solving efforts.
* Serve as a trusted partner to engineers and product stakeholders by helping identify issues early and supporting scalable solutions.

**Reliability \\& Operational Support**
--------------------------------------


* Support quality improvements for distributed and event\\-driven systems.
* Assist with production support and operational troubleshooting when needed.
* Contribute to system reliability initiatives and continuous process improvements.
* Help improve internal tooling and automation workflows that increase engineering efficiency and team velocity.

**What You'll Be Exploring**
============================


* Automated testing strategies for modern applications and cloud\\-native systems.
* CI/CD pipeline operations and release management practices.
* AWS\\-based environments and large\\-scale data validation workflows.
* Security scanning, remediation support, and DevSecOps best practices.
* Cross\\-functional collaboration within integrated engineering pods.
* Exposure to front\\-end, back\\-end, and operational engineering responsibilities as part of your growth path into Full Stack DevSecOps.

**What Helps Explorers Succeed Here**
=====================================


**Required Qualifications**
---------------------------


* 3\\+ years of relevant experience in Quality Engineering, Software Testing, or related engineering roles.
* Experience with automated testing frameworks and modern SDLC practices.
* Familiarity with CI/CD pipelines and cloud\\-based development environments.
* Understanding of API testing, integration testing, regression testing, and release validation practices.
* Strong collaboration and communication skills within cross\\-functional teams.
* Ability to troubleshoot issues, adapt quickly, and contribute within fast\\-moving technical environments.

**Nice\\-to\\-Have Experience**
-----------------------------


* AWS or cloud platform exposure.
* Experience supporting federal or highly regulated environments.
* Familiarity with DevSecOps tooling and security scanning practices.
* Exposure to event\\-driven systems such as Kafka.
* Experience with scripting or development languages such as Java, JavaScript, Python, or TypeScript.
* Experience supporting production environments and operational troubleshooting efforts.

**Why Explorers Stay**
======================


* Remote\\-first flexibility within the U.S.
* Comprehensive healthcare benefits.
* Generous Paid Time Off (PTO).
* Collaborative and supportive team culture focused on growth and continuous learning.
* Opportunities to expand into broader engineering and DevSecOps ownership areas.
* Meaningful work supporting mission\\-driven programs with real\\-world impact.

**How We Work**
===============


* This is a client\\-facing role that includes virtual collaboration and occasional customer interaction.
* Team members are expected to actively engage through Slack, Teams, email, Monday.com, and other collaboration tools during standard business hours.
* Availability for meetings and collaboration between 9AM–5PM EST is expected.
* Cameras on during virtual meetings is part of our collaborative culture.

**About Via Logic**
===================



Via Logic LLC is an information technology partner supporting mission\\-driven work across DevSecOps, cloud engineering, cybersecurity, data science, and national security analytics for federal and commercial clients. Our teams help modernize complex systems through automation, secure engineering practices, cloud\\-native technologies, and scalable infrastructure solutions that support real\\-world impact. But beyond the work itself, we care deeply about how we work. We believe great teams are built through collaboration, curiosity, accountability, and trust. Whether you're early in your journey or already leading expeditions of your own, Via Logic is a place where explorers are encouraged to grow, contribute, and continuously evolve.


**Equal Opportunity Employer**
==============================



Via Logic LLC is an Equal Opportunity Employer. We are committed to building a diverse and inclusive workplace where all explorers are valued and supported. All qualified applicants will receive consideration for employment without regard to race, color, religion, sex, sexual orientation, gender identity, national origin, disability, veteran status, or any other protected characteristic under applicable federal, state, or local law. We believe different perspectives strengthen teams, improve innovation, and help us build better solutions for the missions we support.


**Accessibility \\& Accommodations**
===================================



Via Logic is committed to providing an accessible and inclusive hiring experience for all candidates. If you require a reasonable accommodation during any part of the application or interview process, please let us know by emailing careers@vialogicllc.com. We're happy to work with candidates to support accessibility needs and ensure everyone has an equitable opportunity to explore a career with our team.


**Recruiting Fraud Notice**
===========================



Via Logic takes recruiting fraud seriously. We will never ask candidates for payment, banking information, cryptocurrency, gift cards, or personal financial information during any stage of the hiring process. All legitimate communication from our team will come directly from official Via Logic representatives using verified company channels and email addresses. Due to the rise of fraudulent recruiting activity across the industry, we encourage candidates to use caution if something feels unusual, rushed, or too good to be true. Real adventures should involve solving technical challenges \\- not wiring money to strangers pretending to be recruiters on the internet. If you believe you've encountered suspicious activity related to Via Logic recruiting, please contact us directly for verification at careers@vialogicllc.com.","","https://www.indeed.com/cmp/Via-Logic-LLC","","","","","","","","","","","",""
"in-8931c773cb4986e4","indeed","https://www.indeed.com/viewjob?jk=8931c773cb4986e4","https://jobs.lenovo.com/en_US/careers/JobDetail/Forward-Deployed-Advisory-Engineer/77412","Forward Deployed Advisory Engineer","Lenovo","Morrisville, NC, US","2026-05-26","fulltime","direct_data","yearly",117000.0,145000.0,"USD",False,"","","","","### **General Information**

Req \\#
WD00099290
Career area:
Information Technology
Country/Region:
United States of America
State:
North Carolina
City:
Morrisville
Date:
Tuesday, May 26, 2026
Working time:
Full\\-time
**Additional Locations**:
* United States of America \\- North Carolina \\- Morrisville
### **Why Work at Lenovo**

We are Lenovo. We do what we say. We own what we do. We WOW our customers.  

Lenovo is a US$69 billion revenue global technology powerhouse, ranked \\#196 in the Fortune Global 500, and serving millions of customers every day in 180 markets. Focused on a bold vision to deliver Smarter Technology for All, Lenovo has built on its success as the world’s largest PC company with a full\\-stack portfolio of AI\\-enabled, AI\\-ready, and AI\\-optimized devices (PCs, workstations, smartphones, tablets), infrastructure (server, storage, edge, high performance computing and software defined infrastructure), software, solutions, and services. Lenovo’s continued investment in world\\-changing innovation is building a more equitable, trustworthy, and smarter future for everyone, everywhere. Lenovo is listed on the Hong Kong stock exchange under Lenovo Group Limited (HKSE: 992\\) (ADR: LNVGY).  

  

This transformation together with Lenovo’s world\\-changing innovation is building a more inclusive, trustworthy, and smarter future for everyone, everywhere. To find out more visit www.lenovo.com, and read about the latest news via our StoryHub.
### **Description and Requirements**

**Role Summary:**


The Forward Deployed Engineer (FDE) is an implementation\\-focused role responsible for the technical success of initial customer deployments. This role involves embedding with client teams to validate requirements and implementing the technical code required to integrate the core AI solution into unique operational workflows.

 **Key Responsibilities:**

* **Full\\-Stack Implementation:** Develop custom connectors, data transformers, and workflow automation scripts (Python/JavaScript) to bridge the product with client systems.
* **Requirement Validation:** Collaborate with business units to map existing service workflows into AI\\-augmented processes.
* **Value Engineering:** Deploy the technical instrumentation required to track and prove business KPIs, such as ROI and ticket deflection.
* **Technical Feedback:** Act as the primary technical feedback loop between the field and the R\\&D team to influence core platform development.

 **Basic Requirements:**

* **Engineering Practice:** 5\\+ years of software engineering or solutions engineering experience in a customer\\-facing capacity.
* **SaaS Proficiency:** Significant experience with at least two major enterprise SaaS developer platforms.

 **Preferred Requirements:*** **Rapid Prototyping:** Ability to learn new APIs and build production\\-ready integrations in agile, high\\-pressure environments.
* **Diagnostic Skills:** Strong capability for troubleshooting complex networking and data\\-flow issues in hybrid environments.

  

This role offers the flexibility to be home\\-based anywhere in the United States. If you're near our Chicago or Raleigh offices, we follow a friendly hybrid model with three days a week in the office \\- great for collaboration and connection!  

This role will require travel which may be up to 50%.  

The base salary range budgeted for this position is $117,000 to 145,000\\. Individuals may also be considered for bonuses and/or commissions. Lenovo’s various benefits can be found at www.lenovobenefits.com.
In compliance with Colorado's EPEWA, the expected Application Deadline for this position is 8/15/2026 – this applies to both internal and external candidates
*We are an Equal Opportunity Employer and do not discriminate against any employee or applicant for employment because of race, color, sex, age, religion, sexual orientation, gender identity, national origin, status as a veteran, and basis of disability or any federal, state, or local protected class.*
**Additional Locations**:
* United States of America \\- North Carolina \\- Morrisville
* United States of America
* United States of America \\- North Carolina
* United States of America \\- North Carolina \\- Morrisville","","https://www.indeed.com/cmp/Lenovo","https://d2q79iu7y748jz.cloudfront.net/s/_squarelogo/256x256/2b41f5bf69c31d46ec9ad3c2169b0201","https://www.lenovo.com","Morrisville, NC","10,000+","more than $10B (USD)","Smarter Technology for All: We envision a world where every person and business has access to the technology that allows them to achieve their own intelligent transformation.","","","","","",""
"in-5970ca46c58e4e8e","indeed","https://www.indeed.com/viewjob?jk=5970ca46c58e4e8e","https://jobs.lever.co/dollskill/0b747976-22a4-4d9e-a67a-a027494350e9?lever-source=Indeed","Senior Full Stack Engineer (Shopify)","Dolls Kill","Oakland, CA, US","2026-05-26","","","","","","",False,"","","","","About Dolls Kill

Dolls Kill is a global fashion brand known for breaking boundaries and bringing bold self\\-expression to life. We’re rebellious, unapologetic, and always pushing the edge of what’s next in eCommerce and culture. Our digital experience is central to that \\- fast, creative, and built for a new generation of online shoppers.

We’re looking for a Senior Full\\-Stack Engineer specializing in e\\-commerce and Shopify\\-driven technology stacks to help us elevate and evolve our digital storefronts across multiple brands and international markets.

What You’ll Do:
* Lead front\\-end development across our Shopify ecosystem (Shopify Plus).


* Build and optimize custom Shopify themes, templates, and reusable UI components with a focus on performance and scalability.


* Collaborate with Sr. Director, eComm to bring interactive, on\\-brand features to life.


* Implement best practices for accessibility, SEO, analytics, and A/B testing.


* Own front\\-end architecture decisions, technical documentation, and code reviews.


* Integrate third\\-party tools and custom apps to enhance site functionality and checkout flows.


Monitor site performance, troubleshoot issues, and continuously push for faster, smoother customer experiences

Must be willing to work the PST zone.
What You’ll Bring
* 7\\+ years of professional full\\-stack development experience, with at least 3\\+ years working with Shopify’s in a full stack context.


* Expert\\-level proficiency in **JavaScript, TypeScript, React, HTML(liquid), CSS/Sass, and tailwind**.


* Strong understanding of **Shopify theme architecture**, metafields, dynamic sections, and JSON templates.


* Experience building or working on **custom shopify apps** and UI extensions for the shopify admin, checkout, and POS.


* Experience building with **Express.js**, GraphQL, Prisma, postgresQL, and modern CI/CD workflows (GitHub Actions, Docker, Google Cloud, etc.).


* A sharp eye for UI/UX and a passion for clean, maintainable code.


* Ability to thrive in a fast\\-paced, creative, and highly collaborative environment.


Bonus any netsuite experience.

Benefits:
* Flexible time off
* Competitive salary


* Multiple medical plans to choose from


* 401K


* Employee Discount","","https://www.indeed.com/cmp/Dolls-Kill","https://d2q79iu7y748jz.cloudfront.net/s/_squarelogo/256x256/761a61715fe8f8abeafa0cad92be9b52","https://www.dollskill.com","San Francisco","51 to 200","$1M to $5M (USD)","","","","","","",""
"in-cefe4cb2bb1fd6b2","indeed","https://www.indeed.com/viewjob?jk=cefe4cb2bb1fd6b2","https://www.lockheedmartinjobs.com/job/king-of-prussia/software-engineer-sr-level-3-top-secret/694/95594170416","Software Engineer Sr - Level 3 (Top Secret)","Lockheed Martin","King of Prussia, PA, US","2026-05-25","fulltime","","","","","",True,"","","","","**JOB ID:** 729622BR


**Date posted:** May. 26, 2026


  

**Description:**

Space is a critical domain, connecting our technologies, our security and our humanity. While others view space as a destination, we see it as a realm of possibilities, where we can do more — we can innovate, invest, inspire and integrate our capabilities to transform the future.
  

  

At Lockheed Martin Space, we aim to harness the full potential of space to cultivate innovation, reduce costs, and push the boundaries of what technology can achieve. We’re creating future\\-ready solutions, focusing on resiliency and urgency through our 21st Century Security® vision. We’re erasing boundaries and forming partnerships across industries and around the world. We’re advancing spacecraft and the workforce to fuel the next generation. And we’re reimagining how space can connect us, ensuring security and prosperity.  

  

Join us in shaping a new era in space and find a career that's built for you.  

  

* Generating and simulating operational level plans to explore the art of the possible, how we could defend the ultimate high ground in a future space war
* Dynamically optimizing both terrestrial and space\\-based sensors to provide comprehensive space domain awareness
* Strategically optimizing the placement and maneuvering of constellations of satellites to satisfy multiple, evolving priorities

  

Our team leverages industry standard open\\-source software solutions such as GitLab, Kubernetes, Docker, and Rancher. Our automation\\-first and “everything as code” mindset allows our software engineers to focus their time and efforts on what is most important \\- building cutting edge functionality for our end users.
  

  

As an engineer on an Agile Scrum Team, you will have the opportunity to rapidly develop and deploy solutions for a complex space system following core engineering principles, ultimately enabling the delivery of fully functioning mission capability to end users securely and continuously.  

**Basic Qualifications:**

  

* Recent experience using Java, JavaScript, and Node.js, for full\\-stack software development
* Experience with Git/Gitlab/Git Bash for software version control
* Experience with CI/CD \\- deployment pipelines, automated build, and configuration tools
* Experience with application containerization (e.g., Docker, Kubernetes, Helm, Rancher, etc.) in a cloud environment (AWS/Azure/Openstack/Openshift)
* Bachelor’s degree in computer science, computer engineering, another engineering discipline, or equivalent experience
* Familiarity with software test best practices, including unit test, integration test, and end\\-to\\-end test
* Experience working in an Agile development environment, using tools such as Jira and Confluence
* Active Top Secret security clearance required to start (Must be a US citizen)

**Desired Skills:**

  

* Three years’ experience developing software on the Whiskey program
* Experience as a maintainer on the Whiskey Program
* Active Whiskey program clearance
* Experience with API design and development, such as RESTful APIs
* Experience with microservices and microservice architecture
* Recent JavaScript library experience with web\\-based components (e.g., Lit, React, Angular)
* Experience with Lit for JS front\\-end
* Experience with CesiumJS
* Experience with HTML/CSS
* Experience with Quarkus for backend Java development
* Experience with Helm charts for infrastructure as code (IaC)
* Knowledge of database management systems, such as PostgreSQL or MySQL
* Familiarity with the Space Domain
* Ability to communicate effectively and work in a collaborative environment
* Experience in running unit tests with Playwright and/or integration testing with Cucumber
* Experience working on large\\-scale software projects with multiple teams and stakeholders

  

\\#LMSpaceSoftwareEng  

\\#SpaceSecurity  

  

\\#SpaceNSS  

**Security Clearance Statement:**

This position requires a government security clearance, you must be a US Citizen for consideration.  

**Clearance Level:**

Top Secret  

**Other Important Information You Should Know**

  

**Expression of Interest:**

By applying to this job, you are expressing interest in this position and could be considered for other career opportunities where similar skills and requirements have been identified as a match. Should this match be identified you may be contacted for this and future openings.  

**Ability to Work Remotely:**

Onsite Full\\-time: The work associated with this position will be performed onsite at a designated Lockheed Martin facility.  

**Work Schedules:**

Lockheed Martin supports a variety of alternate work schedules that provide additional flexibility to our employees. Schedules range from standard 40 hours over a five day work week while others may be condensed. These condensed schedules provide employees with additional time away from the office and are in addition to our Paid Time off benefits.  

**Schedule for this Position:**

9x80 every other Friday off  

**Lockheed Martin is an equal opportunity employer. Qualified candidates will be considered without regard to legally protected characteristics.**  

**The application window will close in 90 days; applicants are encouraged to apply within 5 \\- 30 days of the requisition posting date in order to receive optimal consideration.**  

At Lockheed Martin, we use our passion for purposeful innovation to help keep people safe and solve the world's most complex challenges. Our people are some of the greatest minds in the industry and truly make Lockheed Martin a great place to work.
  

  

With our employees as our priority, we provide diverse career opportunities designed to propel, develop, and boost agility. Our flexible schedules, competitive pay, and comprehensive benefits enable our employees to live a healthy, fulfilling life at and outside of work. We place an emphasis on empowering our employees by fostering an inclusive environment built upon integrity and corporate responsibility.  

  

If this sounds like a culture you connect with, you’re invited to apply for this role. Or, if you are unsure whether your experience aligns with the requirements of this position, we encourage you to search on Lockheed Martin Jobs, and apply for roles that align with your qualifications.  

**Experience Level:**

Experienced Professional  

**Business Unit:**

SPACE  

**Relocation Available:**

Possible  

**Career Area:**

Software Engineering  

**Type:**

Full\\-Time  

**Shift:**

First
  
At Lockheed Martin, we apply our passion for purposeful innovation to keep people safe and solve the world's most complex challenges.


**Pioneering Defense Technology:** From aerospace to outer space to cyber space, you can innovate mission solutions alongside the best minds in the business.


**United By Culture:** Excellence, integrity, and collaboration define us. We accelerate change and embrace one another’s perspectives to win for our customers.


**Real Impact, Real Growth:** Grow your career and skills for life. Our wide array of opportunities and technology\\-driven learning programs enable your development and agility.


**Your Health, Your Wealth, Your Life:** Competitive pay, comprehensive benefits and flexible schedules designed so you thrive — at work and beyond.


**Empowered to Be Your Best:** Use your strengths to make a difference in the lives of one another, our customers, our communities, and our planet.


Here, the possibilities are endless because we offer:


Flexible Schedules, dependent on role
Levels: Student, Entry, Mid, Senior, Management
Locations: Nationwide \\& OCONUS Positions","","https://www.indeed.com/cmp/Lockheed-Martin","https://d2q79iu7y748jz.cloudfront.net/s/_squarelogo/256x256/debbff68624041821d0c56fbccbcc330","https://www.lockheedmartin.com","Bethesda, MD","10,000+","more than $10B (USD)","Lockheed Martin Canada: #1 Defence Company in 2020 With a rich history supporting collective success across Canadian industry, Lockheed Martin Canada continues to grow this positive impact as Canada’","","","","","",""
"in-66cf84b742c64ca6","indeed","https://www.indeed.com/viewjob?jk=66cf84b742c64ca6","https://www.lockheedmartinjobs.com/job/king-of-prussia/software-engineer-level-2-top-secret/694/95594170320","Software Engineer - Level 2 (Top Secret)","Lockheed Martin","King of Prussia, PA, US","2026-05-25","fulltime","","","","","",True,"","","","","**JOB ID:** 729619BR


**Date posted:** May. 26, 2026


  

**Description:**

Space is a critical domain, connecting our technologies, our security and our humanity. While others view space as a destination, we see it as a realm of possibilities, where we can do more — we can innovate, invest, inspire and integrate our capabilities to transform the future.
  

  

At Lockheed Martin Space, we aim to harness the full potential of space to cultivate innovation, reduce costs, and push the boundaries of what technology can achieve. We’re creating future\\-ready solutions, focusing on resiliency and urgency through our 21st Century Security® vision. We’re erasing boundaries and forming partnerships across industries and around the world. We’re advancing spacecraft and the workforce to fuel the next generation. And we’re reimagining how space can connect us, ensuring security and prosperity.  

  

Join us in shaping a new era in space and find a career that's built for you.  

  

* Generating and simulating operational level plans to explore the art of the possible, how we could defend the ultimate high ground in a future space war
* Dynamically optimizing both terrestrial and space\\-based sensors to provide comprehensive space domain awareness
* Strategically optimizing the placement and maneuvering of constellations of satellites to satisfy multiple, evolving priorities

  

Our team leverages industry standard open\\-source software solutions such as GitLab, Kubernetes, Docker, and Rancher. Our automation\\-first and “everything as code” mindset allows our software engineers to focus their time and efforts on what is most important \\- building cutting edge functionality for our end users.
  

  

As an engineer on an Agile Scrum Team, you will have the opportunity to rapidly develop and deploy solutions for a complex space system following core engineering principles, ultimately enabling the delivery of fully functioning mission capability to end users securely and continuously.  

**Basic Qualifications:**

  

* Recent experience using Java, JavaScript, and Node.js, for full\\-stack software development
* Experience with Git/Gitlab/Git Bash for software version control
* Experience with CI/CD \\- deployment pipelines, automated build, and configuration tools
* Experience with application containerization (e.g., Docker, Kubernetes, Helm, Rancher, etc.) in a cloud environment (AWS/Azure/Openstack/Openshift)
* Bachelor’s degree in computer science, computer engineering, another engineering discipline, or equivalent experience
* Familiarity with software test best practices, including unit test, integration test, and end\\-to\\-end test
* Experience working in an Agile development environment, using tools such as Jira and Confluence
* Active Top Secret security clearance required to start. (Must be a US citizen)

**Desired Skills:**

  

* Three years’ experience developing software on the Whiskey program
* Experience as a maintainer on the Whiskey Program
* Active Whiskey program clearance
* Experience with API design and development, such as RESTful APIs
* Experience with microservices and microservice architecture
* Recent JavaScript library experience with web\\-based components (e.g., Lit, React, Angular)
* Experience with Lit for JS front\\-end
* Experience with CesiumJS
* Experience with HTML/CSS
* Experience with Quarkus for backend Java development
* Experience with Helm charts for infrastructure as code (IaC)
* Knowledge of database management systems, such as PostgreSQL or MySQL
* Familiarity with the Space Domain
* Ability to communicate effectively and work in a collaborative environment
* Experience in running unit tests with Playwright and/or integration testing with Cucumber
* Experience working on large\\-scale software projects with multiple teams and stakeholders

  

\\#LMSpaceSoftwareEng  

\\#SpaceSecurity  

  

\\#SpaceNSS  

**Security Clearance Statement:**

This position requires a government security clearance, you must be a US Citizen for consideration.  

**Clearance Level:**

Top Secret  

**Other Important Information You Should Know**

  

**Expression of Interest:**

By applying to this job, you are expressing interest in this position and could be considered for other career opportunities where similar skills and requirements have been identified as a match. Should this match be identified you may be contacted for this and future openings.  

**Ability to Work Remotely:**

Onsite Full\\-time: The work associated with this position will be performed onsite at a designated Lockheed Martin facility.  

**Work Schedules:**

Lockheed Martin supports a variety of alternate work schedules that provide additional flexibility to our employees. Schedules range from standard 40 hours over a five day work week while others may be condensed. These condensed schedules provide employees with additional time away from the office and are in addition to our Paid Time off benefits.  

**Schedule for this Position:**

9x80 every other Friday off  

**Lockheed Martin is an equal opportunity employer. Qualified candidates will be considered without regard to legally protected characteristics.**  

**The application window will close in 90 days; applicants are encouraged to apply within 5 \\- 30 days of the requisition posting date in order to receive optimal consideration.**  

At Lockheed Martin, we use our passion for purposeful innovation to help keep people safe and solve the world's most complex challenges. Our people are some of the greatest minds in the industry and truly make Lockheed Martin a great place to work.
  

  

With our employees as our priority, we provide diverse career opportunities designed to propel, develop, and boost agility. Our flexible schedules, competitive pay, and comprehensive benefits enable our employees to live a healthy, fulfilling life at and outside of work. We place an emphasis on empowering our employees by fostering an inclusive environment built upon integrity and corporate responsibility.  

  

If this sounds like a culture you connect with, you’re invited to apply for this role. Or, if you are unsure whether your experience aligns with the requirements of this position, we encourage you to search on Lockheed Martin Jobs, and apply for roles that align with your qualifications.  

**Experience Level:**

Experienced Professional  

**Business Unit:**

SPACE  

**Relocation Available:**

Possible  

**Career Area:**

Software Engineering  

**Type:**

Full\\-Time  

**Shift:**

First
  
At Lockheed Martin, we apply our passion for purposeful innovation to keep people safe and solve the world's most complex challenges.


**Pioneering Defense Technology:** From aerospace to outer space to cyber space, you can innovate mission solutions alongside the best minds in the business.


**United By Culture:** Excellence, integrity, and collaboration define us. We accelerate change and embrace one another’s perspectives to win for our customers.


**Real Impact, Real Growth:** Grow your career and skills for life. Our wide array of opportunities and technology\\-driven learning programs enable your development and agility.


**Your Health, Your Wealth, Your Life:** Competitive pay, comprehensive benefits and flexible schedules designed so you thrive — at work and beyond.


**Empowered to Be Your Best:** Use your strengths to make a difference in the lives of one another, our customers, our communities, and our planet.


Here, the possibilities are endless because we offer:


Flexible Schedules, dependent on role
Levels: Student, Entry, Mid, Senior, Management
Locations: Nationwide \\& OCONUS Positions","","https://www.indeed.com/cmp/Lockheed-Martin","https://d2q79iu7y748jz.cloudfront.net/s/_squarelogo/256x256/debbff68624041821d0c56fbccbcc330","https://www.lockheedmartin.com","Bethesda, MD","10,000+","more than $10B (USD)","Lockheed Martin Canada: #1 Defence Company in 2020 With a rich history supporting collective success across Canadian industry, Lockheed Martin Canada continues to grow this positive impact as Canada’","","","","","",""
"in-1e46ee372e362c6e","indeed","https://www.indeed.com/viewjob?jk=1e46ee372e362c6e","https://www.lockheedmartinjobs.com/job/king-of-prussia/software-engineer-stf-level-4-top-secret/694/95594170512","Software Engineer Stf - Level 4 (Top Secret)","Lockheed Martin","King of Prussia, PA, US","2026-05-25","fulltime","","","","","",True,"","","","","**JOB ID:** 729623BR


**Date posted:** May. 26, 2026


  

**Description:**

Space is a critical domain, connecting our technologies, our security and our humanity. While others view space as a destination, we see it as a realm of possibilities, where we can do more — we can innovate, invest, inspire and integrate our capabilities to transform the future.
  

  

At Lockheed Martin Space, we aim to harness the full potential of space to cultivate innovation, reduce costs, and push the boundaries of what technology can achieve. We’re creating future\\-ready solutions, focusing on resiliency and urgency through our 21st Century Security® vision. We’re erasing boundaries and forming partnerships across industries and around the world. We’re advancing spacecraft and the workforce to fuel the next generation. And we’re reimagining how space can connect us, ensuring security and prosperity.  

  

Join us in shaping a new era in space and find a career that's built for you.  

  

* Generating and simulating operational level plans to explore the art of the possible, how we could defend the ultimate high ground in a future space war
* Dynamically optimizing both terrestrial and space\\-based sensors to provide comprehensive space domain awareness
* Strategically optimizing the placement and maneuvering of constellations of satellites to satisfy multiple, evolving priorities

  

Our team leverages industry standard open\\-source software solutions such as GitLab, Kubernetes, Docker, and Rancher. Our automation\\-first and “everything as code” mindset allows our software engineers to focus their time and efforts on what is most important \\- building cutting edge functionality for our end users.
  

  

As an engineer on an Agile Scrum Team, you will have the opportunity to rapidly develop and deploy solutions for a complex space system following core engineering principles, ultimately enabling the delivery of fully functioning mission capability to end users securely and continuously.  

**Basic Qualifications:**

  

* Recent experience using Java, JavaScript, and Node.js, for full\\-stack software development
* Experience with Git/Gitlab/Git Bash for software version control
* Experience with CI/CD \\- deployment pipelines, automated build, and configuration tools
* Experience with application containerization (e.g., Docker, Kubernetes, Helm, Rancher, etc.) in a cloud environment (AWS/Azure/Openstack/Openshift)
* Bachelor’s degree in computer science, computer engineering, another engineering discipline, or equivalent experience
* Familiarity with software test best practices, including unit test, integration test, and end\\-to\\-end test
* Experience working in an Agile development environment, using tools such as Jira and Confluence
* Active Top Secret security clearance required to start (Must be a US citizen)

**Desired Skills:**

  

* Three years’ experience developing software on the Whiskey program
* Experience as a maintainer on the Whiskey Program
* Active Whiskey program clearance
* Experience with API design and development, such as RESTful APIs
* Experience with microservices and microservice architecture
* Recent JavaScript library experience with web\\-based components (e.g., Lit, React, Angular)
* Experience with Lit for JS front\\-end
* Experience with CesiumJS
* Experience with HTML/CSS
* Experience with Quarkus for backend Java development
* Experience with Helm charts for infrastructure as code (IaC)
* Knowledge of database management systems, such as PostgreSQL or MySQL
* Familiarity with the Space Domain
* Ability to communicate effectively and work in a collaborative environment
* Experience in running unit tests with Playwright and/or integration testing with Cucumber
* Experience working on large\\-scale software projects with multiple teams and stakeholders

  

\\#LMSpaceSoftwareEng  

\\#SpaceSecurity  

  

\\#SpaceNSS  

**Security Clearance Statement:**

This position requires a government security clearance, you must be a US Citizen for consideration.  

**Clearance Level:**

Top Secret  

**Other Important Information You Should Know**

  

**Expression of Interest:**

By applying to this job, you are expressing interest in this position and could be considered for other career opportunities where similar skills and requirements have been identified as a match. Should this match be identified you may be contacted for this and future openings.  

**Ability to Work Remotely:**

Onsite Full\\-time: The work associated with this position will be performed onsite at a designated Lockheed Martin facility.  

**Work Schedules:**

Lockheed Martin supports a variety of alternate work schedules that provide additional flexibility to our employees. Schedules range from standard 40 hours over a five day work week while others may be condensed. These condensed schedules provide employees with additional time away from the office and are in addition to our Paid Time off benefits.  

**Schedule for this Position:**

9x80 every other Friday off  

**Lockheed Martin is an equal opportunity employer. Qualified candidates will be considered without regard to legally protected characteristics.**  

**The application window will close in 90 days; applicants are encouraged to apply within 5 \\- 30 days of the requisition posting date in order to receive optimal consideration.**  

At Lockheed Martin, we use our passion for purposeful innovation to help keep people safe and solve the world's most complex challenges. Our people are some of the greatest minds in the industry and truly make Lockheed Martin a great place to work.
  

  

With our employees as our priority, we provide diverse career opportunities designed to propel, develop, and boost agility. Our flexible schedules, competitive pay, and comprehensive benefits enable our employees to live a healthy, fulfilling life at and outside of work. We place an emphasis on empowering our employees by fostering an inclusive environment built upon integrity and corporate responsibility.  

  

If this sounds like a culture you connect with, you’re invited to apply for this role. Or, if you are unsure whether your experience aligns with the requirements of this position, we encourage you to search on Lockheed Martin Jobs, and apply for roles that align with your qualifications.  

**Experience Level:**

Experienced Professional  

**Business Unit:**

SPACE  

**Relocation Available:**

Possible  

**Career Area:**

Software Engineering  

**Type:**

Full\\-Time  

**Shift:**

First
  
At Lockheed Martin, we apply our passion for purposeful innovation to keep people safe and solve the world's most complex challenges.


**Pioneering Defense Technology:** From aerospace to outer space to cyber space, you can innovate mission solutions alongside the best minds in the business.


**United By Culture:** Excellence, integrity, and collaboration define us. We accelerate change and embrace one another’s perspectives to win for our customers.


**Real Impact, Real Growth:** Grow your career and skills for life. Our wide array of opportunities and technology\\-driven learning programs enable your development and agility.


**Your Health, Your Wealth, Your Life:** Competitive pay, comprehensive benefits and flexible schedules designed so you thrive — at work and beyond.


**Empowered to Be Your Best:** Use your strengths to make a difference in the lives of one another, our customers, our communities, and our planet.


Here, the possibilities are endless because we offer:


Flexible Schedules, dependent on role
Levels: Student, Entry, Mid, Senior, Management
Locations: Nationwide \\& OCONUS Positions","","https://www.indeed.com/cmp/Lockheed-Martin","https://d2q79iu7y748jz.cloudfront.net/s/_squarelogo/256x256/debbff68624041821d0c56fbccbcc330","https://www.lockheedmartin.com","Bethesda, MD","10,000+","more than $10B (USD)","Lockheed Martin Canada: #1 Defence Company in 2020 With a rich history supporting collective success across Canadian industry, Lockheed Martin Canada continues to grow this positive impact as Canada’","","","","","",""
"in-961d8f26350bdbf1","indeed","https://www.indeed.com/viewjob?jk=961d8f26350bdbf1","https://eeho.fa.us2.oraclecloud.com/hcmUI/CandidateExperience/en/sites/CX_1/job/332765","Principal Application Software Engineer","Oracle","US","2026-05-05","fulltime","","","","","",False,"","","","","Oracle is seeking an experienced Software Engineer to join a highly skilled team focused on building modern cloud and AI\\-enabled enterprise solutions. This role is ideal for a developer with strong hands\\-on experience in Oracle APEX, PL/SQL, Oracle Database technologies, and a solid foundation in full\\-stack software development.


OCI Enterprise Engineering helps drive Oracle’s AI transformation by delivering modern enterprise services. Our team builds secure, scalable AI frameworks, platforms, and developer tools that enable applications, empower employees, and improve productivity. This role is ideal for engineering\\-focused individuals who enjoy solving complex problems and delivering high\\-impact AI enablement solutions.


As a member of the OCI Enterprise Engineering AI Services team, you will help design, develop, and support enterprise AI solutions using Oracle APEX, Oracle Database, PL/SQL, OpenAI tools, and Anthropic AI tools. In this role, you will work on next\\-generation AI\\-enabled applications, integrate AI capabilities into business workflows, and contribute to reliable, secure, and scalable software solutions for Oracle’s internal enterprise platforms.


  
Design, architect, develop, and operate secure, scalable, highly available enterprise AI\\-enabled applications and services using Oracle APEX, Oracle Database, PL/SQL, SQL, REST APIs, JSON, JavaScript, and modern full\\-stack engineering practices.


Build reusable enterprise AI frameworks, developer platforms, APIs, orchestration services, and AI accelerators that enable scalable AI adoption across Oracle enterprise applications.


Drive the technical design and architecture of enterprise AI solutions, ensuring maintainability, scalability, resiliency, security, observability, and operational readiness.


Integrate Generative AI capabilities using OpenAI technologies including GPT models, Assistants APIs, embeddings, tool/function calling, structured outputs, Retrieval\\-Augmented Generation (RAG), and agentic AI workflows.


Evaluate and integrate Anthropic Claude models and enterprise AI capabilities including prompt orchestration, context management, guardrails, and secure enterprise AI patterns.


Develop AI\\-powered enterprise workflows using Oracle Database 23ai AI Vector Search, vector embeddings, semantic search, hybrid retrieval, and AI\\-assisted database capabilities.


Collaborate across engineering teams, architects, security teams, product management, and business stakeholders to define technical direction and deliver enterprise\\-scale AI platforms and applications.


Drive engineering best practices including code quality, automated testing, CI/CD, DevOps, operational excellence, observability, performance optimization, database tuning, resiliency engineering, and production readiness.


Lead troubleshooting, root cause analysis, and operational improvements for complex enterprise applications and AI services.


Mentor junior engineers and contribute to organizational improvements in engineering practices, operational standards, documentation, development processes, and technical design reviews.


Identify technical risks, evaluate emerging technologies, and recommend scalable engineering solutions aligned with Oracle’s enterprise AI strategy.","Internet And Software","https://www.indeed.com/cmp/Oracle","https://d2q79iu7y748jz.cloudfront.net/s/_squarelogo/256x256/7469a5861d5fac78de05b68853a2b2ee","https://oracle.com/careers","2300 Oracle Way
Austin, TX 78741","10,000+","more than $10B (USD)","Oracle is the cloud leader for global business. Our technologies are transforming the world and no matter how complex, they have one thing in common: making our shared future better.","","","","","",""
"in-52a102b8dc99d0f0","indeed","https://www.indeed.com/viewjob?jk=52a102b8dc99d0f0","https://accrete-ai.breezy.hr/p/b0eccf25776c-ai-engineer-ts-sci-required?source=indeed","AI Engineer (TS/SCI Required)","accrete","New York, NY, US","2026-05-01","fulltime","direct_data","yearly",170000.0,235000.0,"USD",False,"","","","","**Office Location:****Lower Manhattan, NY** **(****4 days per week)**


**TS/SCI Required**


Accrete is a dual\\-use AI software company that licenses its Knowledge Engine Platform and Expert AI Agents to government and enterprise clients. The platform creates a unified semantic representation of an organization's ground truth—capturing tacit domain knowledge, understanding contextual relevance, and connecting information silos—enabling expert agents to reason across complex data and support high\\-stakes decisions with confidence.


From national security to commercial use cases, Accrete delivers mission\\-critical decision intelligence and automation on a single platform.


We are looking for a highly technical AI Engineer with strong full\\-stack engineering capabilities to help build and deploy AI\\-powered applications for mission\\-critical environments.


**What You'll Do**
------------------


* Design, build, and deploy AI\\-enabled applications used by government and enterprise customers
* Develop full\\-stack product features across frontend, backend, APIs, and infrastructure
* Build and integrate LLM\\-powered workflows, AI agents, retrieval systems, and semantic search capabilities
* Collaborate closely with product, design, infrastructure, and applied AI teams
* Work directly with end users and stakeholders to rapidly prototype and iterate on solutions
* Optimize application performance, reliability, scalability, and security
* Contribute to architecture decisions and engineering best practices across the platform
* Deploy and maintain applications in secure and regulated environments
* Help shape internal tooling and developer workflows leveraging modern AI\\-assisted engineering practices


**Qualifications**
------------------


* Active TS/SCI Clearance required
* 4\\+ years of software engineering experience
* Strong full\\-stack engineering experience building production\\-grade applications
* Proficiency with modern frontend frameworks such as React, Next.js, or TypeScript\\-based web applications
* Strong backend development experience with Python, Node.js, or similar technologies
* Experience building and consuming APIs and distributed systems
* Familiarity with AI/ML systems, including LLMs, retrieval pipelines, vector databases, or agentic workflows
* Experience working with cloud infrastructure such as AWS, Azure, or GCP
* Strong understanding of databases, authentication, and secure application design
* Ability to operate in fast\\-paced, ambiguous environments with high ownership


**Preferred Qualifications**
----------------------------


* Experience supporting government or defense\\-related programs
* Experience deploying applications in classified or air\\-gapped environments
* Familiarity with Kubernetes, Docker, CI/CD pipelines, and infrastructure\\-as\\-code
* Experience with graph databases, knowledge systems, or semantic technologies
* Prior startup or high\\-growth technology company experience
* Strong product intuition and ability to work cross\\-functionally with end users


**Salary Range:** 170k\\-235k


*The salary range provided reflects the estimated compensation for this role based on the expected qualifications and experience level. The final offer may vary depending on factors such as skills, experience, and alignment with role requirements.*


### **Core Values \\& Expectations:**


### **Impact**


You take full ownership and accountability for your work, consistently seeing projects through from inception to completion with a strong bias for action. Proactively identifying challenges, you drive solutions rather than waiting for direction, and hold yourself and others to the highest standards for delivering results. With strategic thinking and a problem\\-solving mindset, you make informed decisions leveraging data and expertise, always looking for ways to improve processes, optimize workflows, and enhance outcomes beyond your immediate responsibilities.


### **Collaboration**


You work seamlessly across teams, prioritizing shared goals and team success over individual credit. Engaged listening and open, candid communication are at the heart of your approach, ensuring alignment and synergy throughout the organization. You value diverse perspectives, seeking input from others to drive better results. By treating colleagues with respect and professionalism, you help build a culture of trust, supporting each other through challenges, celebrating successes, and constructively addressing conflicts to strengthen relationships and improve outcomes.


### **Passion for AI \\& Innovation**


You are deeply excited about the transformative potential of AI and committed to contributing to a company shaping the future of work. With curiosity and a growth mindset, you continuously seek to learn, adapt, and stay at the forefront of new developments. Your enthusiasm for innovation drives you to explore new ideas, challenge the status quo, and find creative solutions that deliver meaningful impact. You approach your work with energy and a desire to advance both technology and the way we work.


**Company Benefits**


* **Competitive Salary:** Aligned with experience and market standards
* **Comprehensive Insurance:** Health, dental, and vision coverage for you and your family
* **401(k) Plan:** Build your financial future with our retirement savings plan
* **Growth \\& Development:** Access professional learning opportunities and career advancement support
* **Onsite Perks:** Enjoy catered lunches, snacks, and a fully stocked kitchen
* **Team Bonding:** Company\\-sponsored happy hours and social events to connect and unwind


*Accrete is an equal opportunity/affirmative action employer. All qualified applicants will receive consideration for employment without regard to sex, gender identity, sexual orientation, race, color, religion, national origin, disability, protected Veteran status, age, or any other characteristic protected by law.*","","https://www.indeed.com/cmp/Accrete","","","","","","","","","","","",""
