"id","site","job_url","job_url_direct","title","company","location","date_posted","job_type","salary_source","interval","min_amount","max_amount","currency","is_remote","job_level","job_function","listing_type","emails","description","company_industry","company_url","company_logo","company_url_direct","company_addresses","company_num_employees","company_revenue","company_description","skills","experience_range","company_rating","company_reviews_count","vacancy_count","work_from_home_type"
"in-6219c5f725324890","indeed","https://www.indeed.com/viewjob?jk=6219c5f725324890","https://ars2.equest.com/?response_id=763a0abfa1c524a553c20b66f0f55c78","Back End Developer - Mid-level","Maximus","Tysons, VA, US","2026-05-29","","direct_data","yearly",100000.0,130000.0,"USD",False,"","","","applicantaccom@maximus.com","Maximus TCS (Technology and Consulting Services) Internal Job Profile Code: TCS196, T4, Band 7
**Job\\-Specific Essential Duties and Responsibilities:**

* Provides subject matter proficiency supporting back\\-end software development activities.
* Applies analytical skills supporting process improvement, specialized studies, and requirements definition.
* Performs analysis, planning, and development of requirements documents and functional models.
* Designs and develops back\\-end architectures supporting system capabilities and integrations.
* Develops and modifies RESTful APIs supporting application functionality.
* Performs database management, data modeling, and optimization.
* Supports testing and validation to verify system operability and compliance.
* Participates in Agile program increment (PI) planning and activities requiring periodic travels.

**Job\\-Specific Minimum Requirements:**

* Active Secret clearance or above required. Active TS/SCI highly preferred.
* Bachelor's degree in related field required.
* A Master's degree may substitute for 2 years of experience.
* 7 years of software development experience in object\\-oriented and scripted languages with the ability to apply several tool suites related to DevSecOps, microservices and containers.
* 3 years of experience with bug tracking software (Jira).
* 3 years of experience testing web\\-based applications.
* 3 years of experience participating in software development programs or projects.
* 3 years of experience performing back\\-end web design and development.
* 3 years of experience with the following: AWS Infrastructure, Kubernetes, and RedHat Linux.
* 5 years of experience with Jenkins and GitLab.
* 5 years of experience with at least five (5\\) of the following:
* + Postgres
	+ RDS
	+ Exodus
	+ Python
	+ Luna
	+ Java
	+ Docker
	+ OpenJDK
	+ Ansible
	+ Packer
	+ Maven
	+ Kubernetes
	+ Red Hat
* Demonstrated experience with relational databases, RESTful API development and communication, and system integrations.
* Demonstrated experience in preparing, conducting, and documenting various systems tests and results to verify system operability and compliance with project standards and requirements.
* Practical experience developing in a cloud environment.
* Experience with integrating data from unclassified to classified application deployments.

  

**Preferred Skills and Qualifications:*** Experience using Agile Test\\-Driven development.
* Experience integrating into DoW DevSecOps environments.
* 5 years of experience with CI/CD software development.
* Demonstrated experience in utilizing UX design tool suites (e.g., Sketch, InVision).
* Experience structuring data so it can be integrated into machine learning technologies or AI capabilities.

\\#techjobs \\#clearance \\#veteransPage \\#USCYBERCOM


Minimum Requirements
  

  

TCS196, T4, Band 7


EEO Statement
  

  

Maximus is an equal opportunity employer. We evaluate qualified applicants without regard to race, color, religion, sex, age, national origin, disability, veteran status, genetic information and other legally protected characteristics.


Pay Transparency
  

  

Maximus compensation is based on various factors including but not limited to job location, a candidate's education, training, experience, expected quality and quantity of work, required travel (if any), external market and internal value analysis including seniority and merit systems, as well as internal pay alignment. Annual salary is just one component of Maximus's total compensation package. Other rewards may include short\\- and long\\-term incentives as well as program\\-specific awards. Additionally, Maximus provides a variety of benefits to employees, including health insurance coverage, life and disability insurance, a retirement savings plan, paid holidays and paid time off. Compensation ranges may differ based on contract value but will be commensurate with job duties and relevant work experience. An applicant's salary history will not be used in determining compensation. Maximus will comply with regulatory minimum wage rates and exempt salary thresholds in all instances.


**Accommodations**
  

Maximus provides reasonable accommodations to individuals requiring assistance during any phase of the employment process due to a disability, medical condition, or physical or mental impairment. If you require assistance at any stage of the employment process\\-including accessing job postings, completing assessments, or participating in interviews,\\-please contact People Operations at **applicantaccom@maximus.com** .


Minimum Salary  

$100,000\\.00


Maximum Salary  

$130,000\\.00","","https://www.indeed.com/cmp/Maximus-1","https://d2q79iu7y748jz.cloudfront.net/s/_squarelogo/256x256/45b4ac5d1bc0d055f19a8878f0689bd8","https://maximus.com","McLean, VA","10,000+","$1B to $5B (USD)","Moving people, technology, & government forward by providing services and solutions that change lives.","","","","","",""
"in-44abc7f4d50972a9","indeed","https://www.indeed.com/viewjob?jk=44abc7f4d50972a9","https://job-boards.greenhouse.io/forgeglobal/jobs/6008397004","Senior Software Engineer II of Trading","Forge Global","New York, NY, US","2026-05-29","","direct_data","yearly",174000.0,210000.0,"USD",False,"","","","","At Forge, we know our team is our greatest asset. As technology innovators in the private market, our vision is to deliver a richer future for everyone. We live that vision through our values of being bold, accountable, and humble. We experience the value that our vision brings to the world every day, helping the teams behind the greatest innovations of our generation, from space travel to artificial intelligence, and more.



With liquidity solutions, exclusive data and insights, a custody offering, and a vibrant marketplace, Forge’s goal is to build the best\\-in\\-class technology infrastructure to power a global private market that is transparent, accessible, and seamless for companies, their employees, and investors. Through Forge, employees can sell their private shares, employers can reward shareholders with pre\\-IPO liquidity and individual and institutional investors can participate in private unicorn growth.



Forge's differentiated global marketplace addresses rising demand among individual and institutional investors for exposure to private company stocks and is building a growing network effect.



Our ability to offer these powerful financial solutions has generated incredible interest from investors, demand from customers, and a need to grow our team to meet the needs of more companies, teams, and innovators in this way.


**The Role:**



As a Senior Software Engineer II focusing on trading engineering, you will play a critical role in delivering a high\\-quality trading platform that powers trading functionality in the Forge Marketplace. You will identify opportunities to enhance trading products, including integrating modern low\\-latency technologies, and help define the direction and roadmap for trading engineering initiatives.



You will collaborate closely with Product, Design, and Engineering teams to ensure seamless integration of trading technologies into products, improving both user experience and application performance.


**Location: This role requires 2\\-3 days a week in office in Soho, NY.**



**Responsibilities:**


* Deliver software on time with accurate estimates
* Take ownership of production changes, including monitoring and maintaining runbooks
* Provide high\\-quality code reviews and help improve team engineering standards
* Design scalable and resilient trading platform architecture with a focus on performance
* Participate in design reviews and contribute to technical direction
* Serve as a technical expert for trading systems for internal teams and external partners
* Collaborate cross\\-functionally to translate business requirements into technical solutions
* Solve complex engineering challenges, particularly within code generation frameworks


**Qualifications:**


* Bachelor’s degree in Computer Science, Engineering, or equivalent experience
* 5–8 years of software engineering experience
* 5\\+ years of development experience in compiled, object\\-oriented languages (e.g., TypeScript, C\\#, Java)
* 2\\+ years of experience in dynamic scripting languages (e.g., Python, JavaScript, Ruby)
* Experience with real\\-time data processing and event\\-driven systems (e.g., WebSockets, Kafka)
* Strong SQL skills and experience with PostgreSQL and/or MySQL
* Experience building CI/CD pipelines and managing production deployments
* Familiarity with cloud platforms (AWS, Azure, GCP), proficiency with Git, GitHub, and Agile tools such as JIRA
* Experience in Private Markets or Financial Services, especially financial market data
* Strong collaboration and teamwork skills, proven ability to unblock and mentor other engineers
* Strong track record of delivery in high\\-performance engineering environments, commitment to diversity, inclusion, and building high\\-performing teams


***For residents of New York, New York the annual salary range for this role is $174,000\\-$210,000\\+ annual bonus. Final offers may vary from the amount listed based on geography, candidate experience and expertise, bonus, and other factors***



Upon offer, we conduct background checks that include employment and education verification, state, and county criminal history searches.



Forge is proud to be an equal opportunity employer committed to supporting a diverse and inclusive workplace. Our employment decisions are made without regard to race, color, religion, sex (including pregnancy, childbirth, or related medical conditions), gender, gender identity, gender expression, national origin, ancestry, age, physical or mental disability, medical condition, genetic information, marital status, sexual orientation, veteran status, or any other characteristic protected by federal, state, or local laws.","","https://www.indeed.com/cmp/Forge-Global","","","","","","","","","","","",""
"in-2b646161a6e19a4f","indeed","https://www.indeed.com/viewjob?jk=2b646161a6e19a4f","https://job-boards.greenhouse.io/forgeglobal/jobs/6008398004","Senior Software Engineer II of Trading","Forge Global","San Francisco, CA, US","2026-05-29","","direct_data","yearly",174000.0,210000.0,"USD",False,"","","","","At Forge, we know our team is our greatest asset. As technology innovators in the private market, our vision is to deliver a richer future for everyone. We live that vision through our values of being bold, accountable, and humble. We experience the value that our vision brings to the world every day, helping the teams behind the greatest innovations of our generation, from space travel to artificial intelligence, and more.



With liquidity solutions, exclusive data and insights, a custody offering, and a vibrant marketplace, Forge’s goal is to build the best\\-in\\-class technology infrastructure to power a global private market that is transparent, accessible, and seamless for companies, their employees, and investors. Through Forge, employees can sell their private shares, employers can reward shareholders with pre\\-IPO liquidity and individual and institutional investors can participate in private unicorn growth.



Forge's differentiated global marketplace addresses rising demand among individual and institutional investors for exposure to private company stocks and is building a growing network effect.



Our ability to offer these powerful financial solutions has generated incredible interest from investors, demand from customers, and a need to grow our team to meet the needs of more companies, teams, and innovators in this way.


**The Role:**



As a Senior Software Engineer II focusing on trading engineering, you will play a critical role in delivering a high\\-quality trading platform that powers trading functionality in the Forge Marketplace. You will identify opportunities to enhance trading products, including integrating modern low\\-latency technologies, and help define the direction and roadmap for trading engineering initiatives.



You will collaborate closely with Product, Design, and Engineering teams to ensure seamless integration of trading technologies into products, improving both user experience and application performance.



**Location: This role requires 2\\-3 days a week in office in San Francisco, CA.**


**Responsibilities:**


* Deliver software on time with accurate estimates
* Take ownership of production changes, including monitoring and maintaining runbooks
* Provide high\\-quality code reviews and help improve team engineering standards
* Design scalable and resilient trading platform architecture with a focus on performance
* Participate in design reviews and contribute to technical direction
* Serve as a technical expert for trading systems for internal teams and external partners
* Collaborate cross\\-functionally to translate business requirements into technical solutions
* Solve complex engineering challenges, particularly within code generation frameworks


**Qualifications:**


* Bachelor’s degree in Computer Science, Engineering, or equivalent experience
* 5–8 years of software engineering experience
* 5\\+ years of development experience in compiled, object\\-oriented languages (e.g., TypeScript, C\\#, Java)
* 2\\+ years of experience in dynamic scripting languages (e.g., Python, JavaScript, Ruby)
* Experience with real\\-time data processing and event\\-driven systems (e.g., WebSockets, Kafka)
* Strong SQL skills and experience with PostgreSQL and/or MySQL
* Experience building CI/CD pipelines and managing production deployments
* Familiarity with cloud platforms (AWS, Azure, GCP), proficiency with Git, GitHub, and Agile tools such as JIRA
* Experience in Private Markets or Financial Services, especially financial market data
* Strong collaboration and teamwork skills, proven ability to unblock and mentor other engineers
* Strong track record of delivery in high\\-performance engineering environments, commitment to diversity, inclusion, and building high\\-performing teams


***For residents of San Francisco, CA the annual salary range for this role is $174,000\\-$210,000 annual bonus. Final offers may vary from the amount listed based on geography, candidate experience and expertise, bonus, and other factors***



Upon offer, we conduct background checks that include employment and education verification, state, and county criminal history searches.



Forge is proud to be an equal opportunity employer committed to supporting a diverse and inclusive workplace. Our employment decisions are made without regard to race, color, religion, sex (including pregnancy, childbirth, or related medical conditions), gender, gender identity, gender expression, national origin, ancestry, age, physical or mental disability, medical condition, genetic information, marital status, sexual orientation, veteran status, or any other characteristic protected by federal, state, or local laws.","","https://www.indeed.com/cmp/Forge-Global","","","","","","","","","","","",""
"in-3be900a8aadc695d","indeed","https://www.indeed.com/viewjob?jk=3be900a8aadc695d","https://workforcenow.adp.com/mascsr/default/mdf/recruitment/recruitment.html?cid=9c6fc1a0-db3d-47e1-a724-8072be7d3219&ccId=9200510141015_3&jobId=466657&jwId=9200510141015_1&source=IN&lang=en_US","Application Developer","CODE PLUS INC","US","2026-05-29","fulltime","","","","","",True,"","","","","**Why CODEplus**


CODEplus is a software engineering and modernization company with over 31 years supporting federal agencies including DoD, NASA, DOE, NRC, and USPS. We combine the agility and innovation of a small business with mature engineering, Agile, and DevSecOps delivery practices to support mission\\-critical modernization efforts.

**Position Title:** Application Developer


Various position levels for each position:


Junior\\-level – 2\\-3 years of experience


Mid\\-level – 4\\-8 years of experience


Senior\\-level – 10\\+ years of experience

**Location:** Huntsville, AL (Hybrid/On\\-Site preferred, possibly remote)  

**Clearance:** Active Secret Clearance Required


CODEplus is seeking an experienced Application Developer to support software modernization and application development efforts supporting mission\\-critical Army tactical systems.


The selected candidate will participate in the design, development, integration, testing, and sustainment of modern software applications supporting operational and interoperability requirements across complex defense environments.

**Key Responsibilities**

* Design, develop, enhance, and maintain mission\\-critical software applications and services
* Support modernization of legacy systems using Agile and DevSecOps methodologies
* Develop scalable, modular, and maintainable software aligned with MOSA principles
* Participate in system integration, interface development, API development, and interoperability initiatives
* Collaborate with DevSecOps, cybersecurity, systems engineering, and operational stakeholders
* Support automated testing, code reviews, troubleshooting, and performance optimization
* Contribute to CI/CD pipeline integration and continuous software delivery activities
* Support technical documentation, configuration management, and software release activities

**Desired Technical Skills**

* Experience with one or more programming languages such as C\\+\\+, Java, C\\#, or Python
* Experience developing applications in Linux and/or Windows environments
* Familiarity with REST APIs, microservices, distributed systems, and containerized applications
* Experience with Git, Azure DevOps, Jira, or other Agile development tools
* Knowledge of DevSecOps environments and CI/CD pipeline integration
* Familiarity with cybersecurity best practices and secure software development principles
* Experience supporting tactical, defense, or mission\\-critical systems is highly desired

**Qualifications**

* Bachelor’s degree in Computer Science, Software Engineering, or related technical field
* Application development experience
* Experience in Agile software development environments
* Relevant certifications are a plus (Security\\+, SAFe®, cloud or development certifications)","","https://www.indeed.com/cmp/Code-Plus-Inc","","","","","","","","","","","",""
"in-55b7432d0ab55b00","indeed","https://www.indeed.com/viewjob?jk=55b7432d0ab55b00","https://workforcenow.adp.com/mascsr/default/mdf/recruitment/recruitment.html?cid=9c6fc1a0-db3d-47e1-a724-8072be7d3219&ccId=9200510141015_3&jobId=466657&jwId=9200510141015_1&source=IN&lang=en_US","Application Developer","CODE PLUS INC","Huntsville, AL, US","2026-05-29","fulltime","","","","","",True,"","","","","**Why CODEplus**


CODEplus is a software engineering and modernization company with over 31 years supporting federal agencies including DoD, NASA, DOE, NRC, and USPS. We combine the agility and innovation of a small business with mature engineering, Agile, and DevSecOps delivery practices to support mission\\-critical modernization efforts.

**Position Title:** Application Developer


Various position levels for each position:


Junior\\-level – 2\\-3 years of experience


Mid\\-level – 4\\-8 years of experience


Senior\\-level – 10\\+ years of experience

**Location:** Huntsville, AL (Hybrid/On\\-Site preferred, possibly remote)  

**Clearance:** Active Secret Clearance Required


CODEplus is seeking an experienced Application Developer to support software modernization and application development efforts supporting mission\\-critical Army tactical systems.


The selected candidate will participate in the design, development, integration, testing, and sustainment of modern software applications supporting operational and interoperability requirements across complex defense environments.

**Key Responsibilities**

* Design, develop, enhance, and maintain mission\\-critical software applications and services
* Support modernization of legacy systems using Agile and DevSecOps methodologies
* Develop scalable, modular, and maintainable software aligned with MOSA principles
* Participate in system integration, interface development, API development, and interoperability initiatives
* Collaborate with DevSecOps, cybersecurity, systems engineering, and operational stakeholders
* Support automated testing, code reviews, troubleshooting, and performance optimization
* Contribute to CI/CD pipeline integration and continuous software delivery activities
* Support technical documentation, configuration management, and software release activities

**Desired Technical Skills**

* Experience with one or more programming languages such as C\\+\\+, Java, C\\#, or Python
* Experience developing applications in Linux and/or Windows environments
* Familiarity with REST APIs, microservices, distributed systems, and containerized applications
* Experience with Git, Azure DevOps, Jira, or other Agile development tools
* Knowledge of DevSecOps environments and CI/CD pipeline integration
* Familiarity with cybersecurity best practices and secure software development principles
* Experience supporting tactical, defense, or mission\\-critical systems is highly desired

**Qualifications**

* Bachelor’s degree in Computer Science, Software Engineering, or related technical field
* Application development experience
* Experience in Agile software development environments
* Relevant certifications are a plus (Security\\+, SAFe®, cloud or development certifications)","","https://www.indeed.com/cmp/Code-Plus-Inc","","","","","","","","","","","",""
"in-c1b8afed22b2107a","indeed","https://www.indeed.com/viewjob?jk=c1b8afed22b2107a","https://careers.nordstrom.com/senior-engineer-2-inventory-visibility/job/6A8FB437E925E422C1CE44BC12BE65DB","Senior Engineer 2, Inventory Visibility","Nordstrom","Seattle, WA, US","2026-05-29","","direct_data","yearly",166000.0,258000.0,"USD",False,"","","","","**Job Description**
-------------------

**Senior Engineer 2 — Inventory Platform**

  

The Enterprise Inventory Technology organization owns the systems that power inventory visibility, accuracy, and control across Nordstrom's Omnichannel retail network. Our platform provides a real\\-time, unified representation of inventory state, enabling stores, fulfillment centers, and enterprise stakeholders to make informed decisions about stock availability, movement, and allocation. We're also at the forefront of applying AI and agentic architectures to transform how inventory systems are built, tested, and operated.

  

As a **Senior Engineer 2** on this team, you'll work across the full stack, from high\\-throughput event processing and data infrastructure to the dashboards and operational UIs that put inventory intelligence in the hands of business users. You will also lead the next generation of AI\\-powered agents that automate the software development lifecycle and deliver intelligent capabilities directly to our end users.

 **What You'll Do**  

**Backend \\& Platform**

* Design, build, and maintain services that ingest, partition, and serve inventory state at scale using event streaming platforms, relational and NoSQL databases, and modern API frameworks.
* Evolve the platform's data architecture — including partitioning strategies and event\\-driven pipelines — to support near\\-real\\-time inventory accuracy across a broad ecosystem of upstream and downstream systems.
* Contribute to platform reliability through observability, alerting, incident response, and operational excellence practices.

**Frontend \\& UX**

* Build and enhance operational dashboards and internal tools that surface inventory state, reconciliation insights, and exception workflows to store operations, supply chain, and loss prevention teams.

**AI Agents \\& Intelligent Automation**

* Design and build AI agents that automate stages of the software development lifecycle, including design generation, code authoring, and test creation accelerating delivery velocity and scope, across the team.
* Develop user\\-facing AI agents that surface actionable inventory insights, automate exception handling, and assist operational teams in real time.

**Technical Leadership**

* Participate in design reviews, architecture discussions, and code reviews, raising the bar on engineering standards across the team.
* Mentor junior and mid\\-level engineers; contribute to a culture of learning and technical growth.
* Partner with product management and business stakeholders to translate inventory domain problems into well\\-scoped technical solutions.

 **What We're Looking For**

* 5\\+ years of professional software engineering experience with a strong full\\-stack background.
* Strong proficiency in Java and the Spring ecosystem (Spring Boot, Spring Framework, Spring Data) with experience building production\\-grade microservices.
* Expertise with event\\-driven architectures and streaming platforms (e.g., Apache Kafka).
* Solid understanding of relational and NoSQL data stores and the tradeoffs between consistency, availability, and partition tolerance in distributed systems.
* Experience building and operating production services in AWS or comparable cloud platforms.
* Demonstrated experience building applications powered by large language models or agentic AI frameworks — including prompt engineering, tool use, orchestration patterns, and evaluation strategies.
* Familiarity with AI\\-assisted development tooling and a strong point of view on how AI agents can accelerate design, coding, and testing workflows.
* Strong communication skills and a collaborative approach to problem solving.

 **Nice to Have**

* Experience in retail, supply chain, or inventory management domains.
* Hands\\-on experience with agentic frameworks such as LangGraph, AWS Bedrock Agents, or similar orchestration platforms.
* Experience building retrieval\\-augmented generation (RAG) pipelines using vector databases (e.g., OpenSearch, Pinecone).
* Familiarity with CI/CD pipelines, infrastructure\\-as\\-code, and DevOps best practices.
* Track record of contributing to open\\-source projects or publishing technical content.

**Pay Range Details**

  

The pay range(s) below has been provided in compliance with state specific laws. Pay ranges may be different for other locations.  

Pay offers are dependent on the location, as well as job\\-related knowledge, skills, and experience.


$166,000\\.00 \\- $258,000\\.00 Annual **We’ve got you covered…**

  

Our employees are our most important asset and that’s reflected in our benefits. Nordstrom is proud to offer a variety of benefits to support employees and their families, including:

* Medical/Vision, Dental, Retirement and Paid Time Away
* Life Insurance and Disability
* Merchandise Discount and EAP Resources

This position may be eligible for performance\\-based incentives/bonuses. Benefits include 401k, medical/vision/dental/life/disability insurance options, PTO accruals, Holidays, and more. Eligibility requirements may apply based on location, job level, classification, and length of employment. Learn more in the Nordstrom Benefits Overview by copying and pasting the following URL into your browser: https://careers.nordstrom.com/pdfs/Ben\\_Overview\\_17\\-19\\.pdf **A few more important points...**

  

The job posting highlights the most critical responsibilities and requirements of the job. It’s not all\\-inclusive. There may be additional duties, responsibilities and qualifications for this job.

  

For Los Angeles or San Francisco applicants: Nordstrom is required to inform you that we conduct background checks after conditional offer and consider qualified applicants with criminal histories in a manner consistent with legal requirements per Los Angeles, Cal. Muni. Code 189\\.04 and the San Francisco Fair Chance Ordinance. For additional state and location specific notices, please refer to the Legal Notices document within the FAQ section of the Nordstrom Careers site.  



  

Applicants with disabilities who require assistance or accommodation should contact the nearest Nordstrom location, which can be identified at www.nordstrom.com.

  

Please be mindful that there may be legal notices and requirements related to this job posting that are specific to your state. Review the Career Site FAQ’s for relevant information and guidelines.


Current Nordstrom employees: To apply, log into Workday, click the Careers button and then click Find Jobs.

  


Nordstrom keeps job postings open for at least one day after the posting date.  


© 2026 Nordstrom, Inc","","https://www.indeed.com/cmp/Nordstrom","https://d2q79iu7y748jz.cloudfront.net/s/_squarelogo/256x256/453eb6f8e635fa99274a5d0c7881f56f","http://www.nordstrom.com","Seattle, WA","10,000+","more than $10B (USD)","Nordstrom, Inc. is a leading fashion retailer based in the U.S.","","","","","",""
"in-d8bf23ac2f8a2cf8","indeed","https://www.indeed.com/viewjob?jk=d8bf23ac2f8a2cf8","http://www.indeed.com/job/angular-ui-developer-d8bf23ac2f8a2cf8","Angular UI Developer","Great value staffing and technologies.inc","Rancho Cucamonga, CA, US","2026-05-29","contract","","hourly","","","USD",False,"","","","","**Job Description:**

Seeking an experienced UI Frontend Developer with strong expertise in, Angular, REST APIs, Java, Spring Boot and microservices architecture. The role involves designing, developing, and maintaining scalable enterprise applications, collaborating with cross\\-functional teams, and supporting end\\-to\\-end software development in a hybrid Rancho Cucamonga, CA environment. Experience with cloud platforms, CI/CD pipelines, and modern development tools is preferred.

**Skills Required:**

Strong experience in Angular, TypeScript, JavaScript, HTML5, and CSS3

Experience in developing responsive and reusable UI components

Knowledge of REST API integration and frontend\\-backend communication

Basic to intermediate backend development experience with Java, Spring Boot, Node.js, or similar technologies

Understanding of database concepts and API handling

Familiarity with Git, Agile/Scrum methodology, and CI/CD processes

Experience in debugging, performance optimization, and cross\\-browser compatibility

Good problem\\-solving and communication skills

Pay: From $50\\.00 per hour

Work Location: On the road","","https://www.indeed.com/cmp/Great-Value-Staffing-and-Technologies.inc","","","","","","","","","","","",""
"in-da1072ac46e247a1","indeed","https://www.indeed.com/viewjob?jk=da1072ac46e247a1","https://www.governmentjobs.com/careers/colorado/jobs/5358140/cdoc-mid-level-provider-nurse-practioner-physicians-assistant-telehealth","CDOC Mid-level Provider/ (Nurse Practioner / Physicians Assistant) -Telehealth- (COLORADO SPRINGS)","Colorado Department of Corrections","Colorado Springs, CO, US","2026-05-28","fulltime","direct_data","monthly",8788.0,12302.0,"USD",True,"","","","stacey.hibpshman@state.co.us, _state.personnelboard@state.co.us, info@governmentjobs.com, stacey.hibpshman@state.co.us, _employeerelations@state.co.us","**Department Information**
--------------------------

  

  

  

  

  

  

  

**Colorado Department of Corrections Mission**  

\\*\\*\\*\\*\\*\\*\\*\\*\\*\\*\\*\\*\\*\\*\\*\\*\\*\\*\\*\\*\\*\\*\\*\\*\\*\\*\\*\\*\\*\\*\\*\\*\\*\\*\\*\\*\\*\\*\\*\\*\\*\\*\\*\\*\\*\\*\\*\\*\\*\\*\\*\\*\\*\\*\\*\\*\\*\\*\\*\\*\\*\\*\\*\\*\\*\\*\\*

If your goal is to build a career that makes a difference and build greater public confidence in good government, consider joining the dedicated people of the State of Colorado. Our professionals strive to support state government and the citizens of Colorado. Customer service is a key component for every position in state government as is the focus on ideas and ways to redesign the delivery of services in making state government more effective and efficient.  

In addition to a great agency and rewarding, meaningful work, we offer:* Distinctive career advancement opportunities throughout the state system;
* Strong, secure, yet flexible retirement benefits including PERA Defined Benefit Plan or PERA Defined Contribution Plan plus 401K and 457 plans. Member Contribution Rates. Correctional Officers I\\-IV qualify as ""Safety Officers"" and are eligible for increased PERA benefits;
* Medical and dental health plans;
* Short and long term disability coverage;
* Paid life insurance;
* 11 paid holidays per year plus vacation and sick leave;
* Wellness program, tuition reimbursement, training opportunities and more;
* Visit State of Colorado Employee Benefits. for more information.

 **Who may apply:** This position is open Colorado state residents only.  

  

**Location:** This position is located at **CDOC Headquarters in Colorado Springs,** **CO\\*\\*.** This posting may be used to fill future vacancies at this location.  

**\\*\\* This position may be eligible for Flexible Work Arrangements (FWA) after the initial training period. The FWA includes a hybrid workplace is partly remote (home or other facilities) and partly in office at CDOC Headquarters located in Colorado Springs, CO.**  


**Description of Job**
----------------------


This position provides medical assessment, diagnosis, and treatment for chronic care, including but not limited to Gender Dysphoria and Opioid Use Disorder, for offenders using the **tele\\-medicine platform,** which could include offenders assigned to a clinic, an infirmary, or a special needs facility. This position is responsible for, but not limited to, the following:

  

* Perform and document, in the department electronic health record, physical examinations through the use of a tele\\-medicine platform and a medical assistant or equivalent, and obtain detailed histories on assigned patients;
* Assess and treat acute/chronic medical problems and provides direct patient care to a specified patient population;
* Notify attending physician on call, or supervising physician, of any unusual or expected events or problems requiring physician consultation;
* **Prescribe medications from the CDOC formulary using applicable CDOC guidelines and policies;**
* Conduct sick call, emergency treatment or chronic care clinic as assigned;
* Diagnose and treat medical conditions and disorders within scope of practice;
* Order laboratory tests and other diagnostic testing pertinent to the medical care of offenders;
* May be required to assess dental and mental health emergencies and refer appropriately;
* Assist in pre and post operative care;
* Perform offender health record reviews;
* Review and interpret laboratory, x\\-ray and EKG results and intervene as medically indicated;
* Be willing to learn new diagnostic modalities as they become available;
* Follow the CDOC clinical services standards and procedures, protocols, guidelines, or policies pertaining to medical practice and treatment as specified by Clinical Services administration;
* Travel to other correctional facilities to assist during a staffing crisis as requested by the Director of Clinical Services or their designee;
* Communicate with outside providers and internal peers to ensure continuity of care;
* Collaborate with other health care professionals, clinical services staff regarding offender health issues/policies, transfers, classifications and medical legal concerns;
* Participate in various decision making committees to resolve system issues;
* Assist in developing policies, protocols, standards or guidelines;
* Identify and update ""medical holds"" and housing and work restrictions electronically;
* Provide formal and informal medical training for co\\-workers, offender classes, and Training Academy presentations as assigned;
* Provide offender education during appointments;
* Participate in developing educational materials for offenders or health care professionals;
* This position must be available during the assigned work hours, in addition to provide on\\-call and call back duties such as weekends, evening and night shifts, and holidays;
* May perform clinical research related to specific operations, only under the direction of the Chief Medical Officer;

**\\*\\*You are encouraged to print a copy of this announcement for your records\\*\\***
**Minimum Qualifications, Substitutions, Conditions of Employment \\& Appeal Rights**
------------------------------------------------------------------------------------


**ONLY APPLICANTS WHO MEET THE MINIMUM AND SPECIAL QUALIFICATIONS LISTED BELOW WILL BE INCLUDED IN THE COMPARATIVE ANALYSIS PROCESS.**

**MINIMUM QUALIFICATIONS:**

* Applicant must possess current, valid licensure as an Advanced Practice Nurse / Nurse Practitioner from the Colorado Board of Nursing or current, valid licensure as a Physician Assistant from the Colorado Medical Board.

**SPECIAL QUALIFICATIONS:*** **Applicant must have full prescriptive authority (RXN) as issued by the State of Colorado (DORA) and the DEA.**

 **Ensure that the 'Work Experience"" section of the application is complete and contains all relevant work experience related to the position that you are applying for. This information will be used to help determine compensation for the position. ""See resume"" statements cannot be accepted in lieu of the ""work experience"" section of the application. Additional work experience will not be accepted after the job announcement close date.**  

  

Required Competencies:

* Experience managing chronic medical conditions as an APN / NP.
* Self\\-control, a strong sense of ability to work in stressful, potentially violent situations;
* Ability to remain alert, emotionally stable, and mentally resilient under pressure and observant throughout their shift;
* Tolerance to stress, confinement, and high\\-stakes interaction
* Ability to provide direct patient care to offenders;
* Ability to maintain professionalism in a complex environment;
* Excellent written and verbal communication skills;
* Ability to read and comprehend the English language;
* Ability to effectively communicate fluently in English both verbally and in writing;
* Ability to create accessible documents and technical content that follows plain language guidelines with accessibility in mind;
* Excellent interpersonal skills with the ability to collaborate effectively with internal and external stakeholders;


Preferred Qualifications:* Experience providing medical care to an incarcerated population;
* Experience providing medical care in an infirmary or skilled nursing center;
* Experience providing emergency medical coverage performing basic life support and life\\-saving measures;

  

**IMPORTANT INFORMATION:**  

For questions regarding this job announcement, contact Stacey Hibpshman at stacey.hibpshman@state.co.us or 719\\-723\\-3973\\.  

  

**The Assessment Process**: Your application will be reviewed to determine if you meet the minimum Qualifications (MQ's). Applicants that meet MQ’s will be included in the Comparative Analysis process. Colorado Revised Statutes require that state employees are hired and promoted through a comparative analysis which may include, but is not limited to, a suitability screening, eSkills Assessment, oral assessment, written performance assessment or it may include a review of your application material and your responses to any supplemental questions by a Subject Matter Expert (SME) to assess and rank applicants in order to establish an eligible list for referral to the hiring manager for final consideration.  

  

Be sure the ""Work Experience"" section of your application is complete and specifically addresses your qualifications, experience, and accomplishments as they relate to the **Description of the Job**, **Minimum Qualifications**, **Required Competencies** and **Preferred Qualifications** as listed above. Resumes and ""see resume"" statements will not be accepted in lieu of the ""Work Experience"" section of the application. Failure to include adequate information or follow instructions by the closing date may result in your application not being accepted and/or may affect your score, rank or inclusion in the final pool of eligible applicants.  

Employees who are rehired or reinstated within six months of their separation will return at either their previous pay rate if hired into the same class level or based on their time in the class series, whichever is higher. Those rehired or reinstated after six months' separation will be calculated using the same formula for new hires and promotions.  

Please note that while this change in role may constitute a promotion in title and/or responsibility, salary adjustments are not guaranteed and may be influenced by factors such as internal pay equity, budget constraints, market benchmarks, or the individual’s current compensation level. Any changes to compensation will be determined separately and communicated accordingly.  

  

If you have transcripts, a license or other relevant documentation regarding your qualifications, upload and attach copies to your application.  

If an unofficial copy of transcripts is being submitted at the time of application, transcripts from colleges or universities outside the United States must be assessed for U.S. equivalency by a NACES educational credential evaluation service. This documentation is the responsibility of the applicant and must be included as part of your application materials. Failure to provide a transcript or credential evaluation report may prevent your application from moving forward in the selection process.  

Under the Job Application Fairness Act (SB 23\\-058\\), applicants may redact information from certifications and transcripts that identify their age, date of birth or dates of attendance from an educational institution.  

  

In order to process a background investigation, your application must include at least (10\\) ten years of the most current work experience unless experience related to the job for which you are applying is later than (10\\) years. Failure to provide this information could result in delays and/or elimination from the background investigation process.  

  

**Toll Free Applicant Technical Support:** If you experience technical difficulty with the NEOGOV system (e.g. uploading or attaching documents to your online application) call NEOGOV technical support at 855\\-524\\-5627 Mon\\-Fri between 6 am and 6 pm (Pacific Time). Helpful hints: if you are having difficulty uploading or attaching documents to your application first, ensure your documents are PDF or Microsoft Word files and second, close the document before you attempt to upload (attach) it. **Conditions of Employment:** All job offers are contingent upon a successful medical screening by a healthcare professional, certifying the candidate's ability to perform the essential functions of the position. Applicant must consent to hold harmless CDOC and its agents and staff from any liability arising in whole or in part from the testing and the use of this information in connection with CDOC’s consideration of application for employment.* Must be 21 years of age;
* Possess a valid driver’s license; Drivers must maintain a valid, non\\-restricted Colorado driver license, obey traffic laws, and be able to safely operate a motor vehicle. State drivers are expected to maintain a safe driving record consistent with Colorado Division of Human Resources Universal Policy Driving Standards (Download PDF reader). Eligibility to drive a State\\-owned vehicle, includes holding a valid Colorado driver’s license within 30 days of employment or residency change and meeting specific driving record criteria. Serious traffic violations, including DUIs or reckless driving, can disqualify drivers for up to seven years. All State Vehicles are monitored by telematics for safe operation and employees have no reasonable expectation of privacy while using an agency State Fleet vehicle.
* Possess a high school diploma or GED;
* Have NO felony convictions, to include any actions defined in 5 U.S.C. 301; U.S.C. 509, 510; 42 U.S.C. 15601\\-15609\\. The CDOC shall not hire nor promote anyone who may have contact with an offender who has engaged in sexual abuse which includes acts, activity, and sexual behavior, in a prison or other institution as defined in 42 U.S.C. 1997; or has been convicted of engaging or attempting to engage in sexual activity in the community facilitated by force, overt or implied threats of force or coercion, or if the victim did not consent or was unable to consent or refuse, or has been civilly or administratively adjudicated to have engaged in the activity described in the above paragraph. The agency shall consider any incidents of sexual harassment in determining whether to hire anyone who may have contact with offenders or residents.
* Applicants must be legally eligible to work in the United States to be appointed to this position. CDOC uses e\\-Verify, an Internet\\-based system, to confirm the eligibility of all newly hired employees to work in the United States. CDOC does not sponsor non\\-residents of the United States.
* Successfully pass all modules of the 6 week Colorado Department of Corrections Basic Training, to include English reading comprehension, relevant competency assessments and written/practical exams in Defensive Tactics;
* Possess the physical ability to successfully complete Defensive Tactics;
	+ Lift arms above head and kick as high as own waist;
	+ Stabilize another person to accomplish a controlled take down;
	+ Use arms, palms of hands, shins, and feet to deliver blows;
	+ Withstand impact (slow speed or with a safety bag) on own body from strikes/blows;
	+ Swing a baton in a striking technique;
	+ Rotate body 90 degrees with feet planted for striking with foot or using a defensive tactic;
	+ Get down on one or both knees and up again with multiple repetitions;
* Will be exposed to Oleoresin Capsicum during Basic Training and will be exposed while on assignment;
* Must be able to see and hear in order to observe, address and respond to potential breaches in safety and security;
* Seize, hold, control or subdue violent or assaultive persons and defend oneself or others to prevent injury;
* Demonstrate body agility, strength of all four limbs and the ability to walk and climb stairs consistently;
* Work in situations involving assaultive behavior, physical control of another person and/or restraint situations;
* Deal with individuals with a range of moods and behaviors, utilizing tactfulness and a congenial, personable manner;
* Work with people of the opposite sex, diverse racial ethnic groups, mentally ill and emotionally disturbed offenders;
* Communicate by talking, listening and/or signaling people to convey or exchange information, assignments;
* Work in an environment with fluctuating noise and temperature (hot and cold) which may include working outdoors in inclement weather and/or concrete floor/wall work settings;
* Willing and able to travel;
* Willing and able to work various shifts, days, afternoons, graveyards (nights) which includes a rotating shift schedule;
* TB (tuberculosis) screening is required of all new employees upon hire.

  

Successful completion of a background investigation is required. Should applicant’s background reveal criminal charges, it shall be the responsibility of the applicant to provide the Department of Corrections with written/official disposition of any charges.  

The CDOC is committed to a work environment free from illegal drugs and alcohol. Employees (see exception below) may use marijuana in their personal time but are prohibited from working while under the influence of any substance, including marijuana. A drug test will be administered to all new employees; employees must successfully pass. Random drug screening will occur throughout employment.
Exception: Peace Officer Standards and Training (POST) certified employees are prohibited from the use of marijuana. Health care professionals must check their licensing requirements regarding marijuana use.

  

Appeal Rights:
If you receive notice that you have been eliminated from consideration for this position, you may file an appeal with the State Personnel Board or request a review by the State Personnel Director.  

An appeal or review must be submitted on the official appeal form, signed by you or your representative. This form must be delivered to the State Personnel Board by email (dpa\\_state.personnelboard@state.co.us), postmarked in US Mail or hand delivered (1525 Sherman Street, 4th Floor, Denver CO 80203\\), or faxed (303\\.866\\.5038\\) within ten (10\\) calendar days from your receipt of notice or acknowledgement of the department’s action.  

For more information about the appeals process, the official appeal form, and how to deliver it to the State Personnel Board; go to spb.colorado.gov; contact the State Personnel Board for assistance at (303\\) 866\\-3300; or refer to 4 Colorado Code of Regulations (CCR) 801\\-1, State Personnel Board Rules and Personnel Director's Administrative Procedures, Chapter 8, Resolution of Appeals and Disputes, at spb.colorado.gov under Rules.
**Supplemental Information**
----------------------------


After submitting an application, you should receive an immediate email acknowledging your submission. If you do not get the email, please check to ensure you have actually submitted the application and typed the correct email address on the application.


Include a working email address on your application; one that is checked daily as **time sensitive correspondence WILL take place via email**. You may receive email notifications from a Colorado Dept of Corrections employee or from this email address info@governmentjobs.com It is your responsibility to ensure that your email will accept these notices and/or review your junk mail and spam filtered email; if you do not receive correspondence soon after the closing date or if you have questions about this job announcement, please contact Stacey Hibpshman at stacey.hibpshman@state.co.us


SCHEDULED DATES OF POSSIBLE APPLICANT ASSESSMENTS (I.E., EXAMS, ORAL BOARDS, WRITTEN EXAMS) WILL NOT BE MADE UP. IF YOU FAIL TO SHOW AT THE APPOINTED DATE/TIME, MAKE\\-UPS WILL NOT BE ALLOWED.


The State of Colorado believes that equity, diversity, and inclusion drive our success, and we encourage candidates from all identities, backgrounds, and abilities to apply. The State of Colorado is an equal opportunity employer committed to building inclusive, innovative work environments with employees who reflect our communities and enthusiastically serve them. Therefore, in all aspects of the employment process, we provide employment opportunities to all qualified applicants without regard to race, color, religion, sex, disability, age, sexual orientation, gender identity or expression, pregnancy, medical condition related to pregnancy, creed, ancestry, national origin, marital status, genetic information, or military status (with preference given to military veterans), or any other protected status in accordance with applicable law. The State of Colorado strives to create a Colorado for All by building and maintaining workplaces that value and respect all Coloradans through a commitment to equal opportunity and hiring based on merit and fitness. The State is resolute in non\\-discriminatory practices in everything we do, including hiring, employment, and advancement opportunities.  

Colorado Department of Corrections is committed to the full inclusion of all qualified individuals. As part of this commitment, our agency will assist individuals who have a disability with any reasonable accommodation requests related to employment, including completing the application process, interviewing, completing any pre\\-employment testing, participating in the employee selection process, and/or to perform essential job functions where the requested accommodation does not impose an undue hardship. If you have a disability and require reasonable accommodation to ensure you have a positive experience applying or interviewing for this position, please direct your inquiries to our Employee Relations Specialist, Kristen Lange, at doc\\_employeerelations@state.co.us or call 719\\-728\\-0270\\.

**ALL DEPARTMENT OF CORRECTIONS FACILITIES AND BUILDINGS ARE TOBACCO FREE.**  

**WE STRONGLY ENCOURAGE PROTECTED CLASSES TO APPLY.**","Government","https://www.indeed.com/cmp/Colorado-Department-of-Corrections","https://d2q79iu7y748jz.cloudfront.net/s/_squarelogo/256x256/8a0aff88c80d9cd50bea7c9c1c88b418","http://www.colorado.gov/cdoc/","Our facilities are located in Denver, Sterling, Rifle, Delta, Limon, Colorado Springs (HQ), Pueblo, Crowley County, Trinidad, Canon City, and Buena Vista. ","5,001 to 10,000","","Building a Safer Colorado for Today and Tomorrow.","","","","","",""
"in-852dcbc9156eacdc","indeed","https://www.indeed.com/viewjob?jk=852dcbc9156eacdc","https://careers-bosselman.icims.com/jobs/47957/job?utm_source=indeed_integration&iis=Job%20Board&iisn=Indeed&indeed-apply-token=73a2d2b2a8d6d5c0a62696875eaebd669103652d3f0c2cd5445d3e66b1592b0f","Experienced Shop Technician","Boss Truck Shop","Madisonville, KY, US","2026-05-28","","","","","","",False,"","","","","Overview:
**JOIN OUR TEAM!**
==================

  

Whether you are looking to start your career as a Diesel Technician, or are an experienced industry veteran, Boss Shop has a position for you! With our wide\\-ranging Tech Ranking system from Tech I all the way through Tech IV, Boss Shops is an industry leader in full range Diesel repair.

  



Boss Shops has many benefits to offer you that you will not find anywhere else like:

  

* 3\\-week training program for new Team Members
* Our new training program for advance level technicians
* Vacation after six months
* 401K and matching contributions
* Health, dental and vision insurance
* Short and long terms disability insurance
* Life insurance
* A clearly defined path for growth
* ASE testing paid for by us, including a $250 bonus for each test passed
* And much more!

**Boss Truck Shop offers on\\-demand pay (access to earned but not yet paid wages) through:**  


Responsibilities:

Are you ready to work for an employer that cares about its employees? Come and work for a company that is willing to invest in your training and provides a clear path for growth!

  



Come and join the Boss Shop Team!

 **The Shop Diesel Mechanic/Technician is responsible for performing mechanical repairs in a timely and professional manner.**

 **Essential Job Duties/Functions:**

* Performs all preventive maintenance services, tire services, and emergency road service calls.
* Conducts DOT inspections and ensures compliance with all applicable regulations.
* Performs service calls, including night and on\\-call assignments as required.
* Utilizes diagnostic platforms including J\\-Pro, FleetCross, and OE software to diagnose and repair vehicle systems.
* Completes work orders accurately, documenting labor performed, parts used, and required warranty information.
* Performs intermediate to advanced engine repairs, including diagnostics, cooling system components, fuel system components, turbos, oil systems, and related accessories.
* Performs emissions system diagnostics and repairs, including DPF, EGR, sensors, and regeneration procedures.
* Performs intermediate to advanced drivetrain repairs, including clutches, differentials, PTOs, axle assemblies, transmissions, and driveline components.
* Performs wheel\\-end repairs, including bearings, seals, hubs, and spindle evaluation.
* Conducts air system and air brake diagnostics and repairs, including ABS systems, compressors, valves, and sensors.
* Performs advanced steering and suspension repairs, including gear boxes, kingpins, springs, shackles, hangers, tie rods, torsion arms, and fifth wheels.
* Performs electrical system diagnostics and repairs, including voltage drop testing, parasitic draw testing, starters, alternators, and engine\\-related sensors.
* Performs HVAC diagnostics and repairs, including recovery, evacuation, recharge, compressors, driers, expansion devices, evaporators, condensers, and HVAC controls.
* Maintains cleanliness and organization of the shop, tools, and equipment.
* Ensures all tools, jacks, and service vehicles are maintained in safe working condition.
* Stays current with LMS training requirements and complete OSHA Skills Demonstrations as required.
* Provides friendly, professional, and competent customer service at all times.
* Adhere to all company safety policies, procedures, and OSHA requirements.

**Additional Job Duties:**

* Assists in other duties, as assigned.

 **Supervisory Responsibilities:**

* This position has no direct supervisory responsibilities; however, advanced\\-level technicians may serve as technical mentors and subject matter experts for shop personnel.

  


Qualifications: **Education and/or Experience (include certs or licenses needed):**

* Ability to complete TIA tire training.
* Air Brake Certification required.
* DOT Medical Card required.
* ASE certifications preferred; Shop Technician IV must obtain or maintain the following (or equivalent) within one year of promotion:
	+ T2:Diesel Engines
	+ T4: Brakes
	+ T5: Suspension \\& Steering
	+ T6: Electrical/Electronic Systems
	+ T7:Heating, Ventilation \\& A/C
* Section 609 HVAC certification required for HVAC service.

**Minimum Qualifications:**

* Valid driver’s license and insurable driving record.
* Ability to attend and successfully complete HVAC, Electrical, and DOT training.
* Ability to obtain required ASE, DOT, and other certifications.
* Ability to work weekends, holidays, nights, and on\\-call schedules as needed.
* Reliable transportation and phone.
* Ability to communicate effectively in English (as applicable).
* Ability to work cooperatively with team members and deliver excellent customer service.

 **Physical Requirements:**


The physical demands described here are representative of those that must be met by the Shop Technician III and IV to successfully perform the essential functions of the job. Reasonable accommodations may be made to enable qualified individuals with disabilities to perform essential functions, provided such accommodations do not create an undue hardship for the Company.


Ability to lift and/or move up to 75 pounds. Ability to stand, walk, reach, bend, kneel, crouch, climb, and perform repetitive motions throughout the workday.* Ability to work in shop and roadside environments under varying conditions.
* Physical attendance at the primary work location is required.","Transport And Freight","https://www.indeed.com/cmp/Boss-Truck-Shop","https://d2q79iu7y748jz.cloudfront.net/s/_squarelogo/256x256/b1c0bd7af3c7fa5b85d1ba008001bd8a","http://www.bosstruckshops.com","1607 South Locust Ste A
Grand Island, NE 68801","1,001 to 5,000","","Bosselman's Boss Shops are one of America's largest truck service center chains.","","","","","",""
"in-8a68c43f2db412a0","indeed","https://www.indeed.com/viewjob?jk=8a68c43f2db412a0","https://careers.astrion.us/jobs/23996/job?utm_source=indeed_integration&iis=Job%20Board&iisn=Indeed&indeed-apply-token=73a2d2b2a8d6d5c0a62696875eaebd669103652d3f0c2cd5445d3e66b1592b0f","Space Based Interceptor - Intermediate Analyst","Astrion","Huntsville, AL, US","2026-05-28","fulltime","","","","","",False,"","","","","Overview:
**Space Based Interceptor Intermediate Analyst**

**JOB LOCATION:** Huntsville, Alabama

**JOB STATUS:** Full Time

**Clearance:** Secret

  

Astrion is seeking an intermediate level Analyst to support Missile Defense Agency's (MDA) Director of Test (DT) Flight Test Directorate (DTF) in support of the test planning and execution of the Space Based Interceptor program. At Astrion, we are at the forefront of new missile defense technologies and support MDA’s rigorous operational and developmental testing. This exciting, rewarding work helps guarantee the security of the United States and our Allies. Join a professional team of highly qualified engineers, analysts, scientists, and technicians supporting the research, development, testing, and evaluation of the missile defense system whose purpose is to detect, track, engage, and destroy adversary missiles.

 **Your typical day** – Our MDA engineers work in modern, well\\-appointed government facilities on Redstone Arsenal located in Huntsville, Alabama. Huntsville, known as Rocket City, USA, is the hub of missile and space operations, research and development. You will collaborate with other missile defense experts – military, government civilians, and contractors from Astrion and other companies. Our team of experts helps the Government manage planning, development, analysis and delivery of state\\-of\\-the art sensors, weapons, communications, and command/control systems. You will be part of the team that conducts successful intercepts of target missiles by one of our Missile Defense System (MDS) weapon systems.

 **Position Overview/Tasks:**
The SBI intermediate analyst will provide programmatic, technical, and analytical support to the Missile Defense Agency, Director for Flight Test Mission Performance (DTFP). The position requires a highly motivated individual who can conduct pre\\-mission analysis, flight test design and provide mission execution support. Some travel is required (up to 20%) and may include overseas locations.

  

**Required Education/Experience:*** BA/BS in a field pertinent to the position being filled. 5 years of additional relevant experience may be substituted for the BA/BS degree requirement
* 7 years relevant experience.
* Eligibility to obtain and maintain at least a Secret security clearance
* Experience with Missile Defense Agency (MDA) organization and Missile Defense System (MDS) designs, performance and testing
* General knowledge of industry standard trajectory/radar/optical prediction codes
* Understanding of waveforms, polarizations and applications for radar data
* Experience with MATLAB, Python, Java, and/or other programming languages
* Proficient with the MS Office suite of tools

**RESPONSIBILITIES**

* Support the development of post\\-flight Best\\-Estimate\\-Trajectories (BETs) of critical trajectory objects via integration of available truth data from telemetry, radar, and optical sources
* Develop predictions for flight test data collection platforms
* Perform model and data analysis to include object characterization, monte\\-carlo trajectory simulation and trajectory data fusion to assist in post\\-flight test reviews
* Prepare and present pre\\-flight and post\\-flight truth data planning and results


\\#CJ","","https://www.indeed.com/cmp/Astrion","https://d2q79iu7y748jz.cloudfront.net/s/_squarelogo/256x256/bdafd7331c0250e9293bf76dac73e9bf","https://www.oasissystems.com/","Burlington, NC","1,001 to 5,000","$100M to $500M (USD)","Deliver results with impact.
This is how we do it. We deliver concrete, measurable results that create real impact on our customers’ missions.","","","","","",""
"in-2f5bca1101776ddb","indeed","https://www.indeed.com/viewjob?jk=2f5bca1101776ddb","https://www.SchoolSpring.com/jobdetail?jobId=5744958","Teacher, Basic Education - K5 (2026-2027)","Pasco County Schools","Spring Hill, FL, US","2026-05-28","fulltime","","","","","",False,"","","","","**Estimated Start:** 08/05/2026

**Location:** Shady Hills Elementary School, 18000 Shady Hills Rd., Spring Hill, FL 34610

  

Instructional Position


196 Days Per Year


Full Time, Benefit Eligible

 **Grade Level:** Primary (K\\-3rd Grade) \\& Intermediate (4th\\-5th Grade)

 **JOB SUMMARY**

  

Responsible for developing, planning, organizing, and implementing an instructional program for students through curriculum, lesson plans, and educational programs, while ensuring that all procedures are followed to maintain safety and security and to meet federal, state, and local regulations.

 **EDUCATION, TRAINING \\& EXPERIENCE**

* Bachelor’s degree from an accredited institution
* ***OR***
* Approval by or participation in a state\\-approved certification pathway program

**CERTIFICATES, LICENSES \\& REGISTRATIONS*** Valid Florida Educator’s Certificate or District\\-issued adjunct certification
* ***OR***
* Valid statement of eligibility

**PREFERRED REQUIREMENTS**

* Reading Endorsement preferred. Candidates with a Reading Endorsement or who are willing to sign an agreement to earn an endorsement may be prioritized for hiring.

Click here for Job Description.

 **FOR SECONDARY EDUCATION ONLY:**  

\\*\\*\\*This position may require you to teach an additional period beyond your base contract. Should this occur, you will receive additional compensation at the effective negotiated rate in addition to your base salary for instructing this additional period. This additional amount will be paid as a supplement and will be disbursed in equal payments based on the District’s established payroll calendar for this position. This amount is considered part of your salary for Florida Retirement System purposes.\\*\\*\\*

 **BACKGROUND SCREENING:**


Pasco County Schools utilizes the Florida Care Provider Background Screening Clearinghouse for fingerprinting and Level II background screening.


For more information about the Florida Clearinghouse and Level II background screening requirements, including eligibility assessments and compliance guidelines, please visit https://info.flclearinghouse.com.

 **Notification of Nondiscrimination:** The District School Board of Pasco County does not discriminate on the basis of race, color, sex, religion, national origin, marital status, disability, or age in its programs, services, and activities or in its hiring and employment practices.","Education And Schools","https://www.indeed.com/cmp/Pasco-County-Schools","https://d2q79iu7y748jz.cloudfront.net/s/_squarelogo/256x256/9ea7beb0e911f59d66f6b525f589ce3a","http://www.pasco.k12.fl.us/","Land O Lakes, Florida","5,001 to 10,000","","","","","","","",""
"in-ff65e8f8e60d03fb","indeed","https://www.indeed.com/viewjob?jk=ff65e8f8e60d03fb","https://careers.mediweightloss.com/jobs/623887-medical-assistant-per-diem","Medical Assistant (Per Diem)","Medi-Weightloss","Las Vegas, NV, US","2026-05-28","perdiem","","","","","",False,"","","","","***Position:*** *Medical Assistant*  

***Company:*** *Medi\\-Weightloss Spring Valley*

***Per Diem: Wednesday through Saturday hours vary***

 ***About Us:***
  

Join our thriving team at Medi\\-Weightloss where we're dedicated to transforming lives by helping individuals achieve their health and weight loss goals. Our personalized medical weight loss programs, combined with a supportive and caring environment, make us a leader in the industry. We are seeking a talented and experienced Medical Assistant with front office expertise to enhance our team.

***Why Join Us:***
  

* **Dynamic Team Culture:** Be part of a talented and collaborative team committed to excellence in patient care.
* **Career Growth Opportunities:** Thrive in an environment that values your skills and offers opportunities for professional development.
* **Competitive Compensation:** Enjoy a competitive salary and benefits package.
***Primary Responsibilities:***
  

The ideal candidate will play a pivotal role with primary responsibilities that include patient vitals, EKG, phlebotomy, and front office duties. We value team players with clinical skills and experience in insurance and VOB. Exercise knowledge a plus.

***Administrative Duties:***
  

* Utilize a multi\\-line phone system to answer and appropriately route all incoming calls.
* Conduct follow\\-up calls to discuss patient progress and address concerns.
* Refer non\\-routine, sensitive, or complex requests to the appropriate staff member.
* Ensure exceptional patient service by maintaining a friendly environment, greeting patients, and upholding outstanding standards.
* Assist with monitoring daily inventory levels of clinical and office supplies.
* Perform daily scanning and uploading of documents in patient files.
* Train additional staff on daily procedures when requested by the office manager and/or physician.
* Participate in clinic marketing efforts and provide ongoing support to promote clinic profitability and success.
***Clinical Duties (varied based on credentials):***  

* Obtain patient vitals, EKG, and perform phlebotomy.
* Administer IM injections.
* Prepare laboratory order forms and obtain patient laboratory results.
* Assist physicians or mid\\-level practitioners with patient referrals to other healthcare professionals.
* Document patient progress notes in the patient chart and/or EMR.
* Conduct follow\\-up calls to patients to discuss progress and address concerns.
* Perform other clinical duties as required.
***Requirements:***
  

To excel in this role, you should have:
  

* Medical Assistant certification.
* Front office experience, including insurance and VOB knowledge.
* Clinical experience in EKG and phlebotomy.
* Prior experience and training in exercise (a plus).
* Strong communication and interpersonal skills.
* Bi\\-Lingual (Spanish) preferred.

 **Salary: \\[Competitive, Commensurate with Experience]**","","https://www.indeed.com/cmp/Medi--weightloss","","","","","","","","","","","",""
"in-c4c3170dd7328308","indeed","https://www.indeed.com/viewjob?jk=c4c3170dd7328308","https://www.usaajobs.com/job/san-antonio/intermediate-level-decision-science-analyst-member-value/1207/95689266608","Intermediate Level Decision Science Analyst - Member Value","USAA","San Antonio, TX, US","2026-05-28","","direct_data","yearly",77120.0,147390.0,"USD",True,"","","","","**Job ID**
R0117980
**Date posted**
05/28/2026
  
**Why USAA?**


At USAA, our mission is to empower our members to achieve financial security through highly competitive products, exceptional service and trusted advice. We seek to be the \\#1 choice for the military community and their families.


Embrace a fulfilling career at USAA, where our core values – honesty, integrity, loyalty and service – define how we treat each other and our members. Be part of what truly makes us special and impactful.


We are proud to support active\\-duty military spouses. USAA roles may offer remote or hybrid flexibility for active\\-duty military spouses consistent with applicable policy and business needs.

**The Opportunity**


As a dedicated Intermediate Level Decision Science Analyst \\- Member Value, you will join our Member Value and will be instrumental in transforming member service experiences through in\\-depth, end\\-to\\-end analytics. You will uncover critical insights to drive higher member satisfaction and value, refine service strategies, and optimize performance. You will collaborate with business leaders, apply advanced analytical techniques, and translate complex data into clear, actionable recommendations that drive significant change. This is a unique opportunity to apply your analytical expertise and shape the future of member experience with data\\-driven insights.


We offer a flexible work environment that requires an individual to be **in the office 4 days per week.** This position can be based in one of the following locations: San Antonio, TX, Plano, TX, Phoenix, AZ, Colorado Springs, CO, Charlotte, NC, or Tampa, FL. Relocation assistance is **not** available for this position.

**What you'll do:**

* Leverages intermediate business, analytical and technical knowledge to participate in discussions with cross functional teams to understand and collaborate on business objectives and influence solution strategies.
* Applies advanced analytical techniques to solve business problems that are typically medium to large scale with impact to current and/or future business strategy.
* Applies scientific/quantitative analytical approaches to draw conclusions and make 'insight to action' recommendations to answer the business objective and drive the appropriate change.
* Translates recommendation into communication materials to effectively present to colleagues for peer review and senior/lead analysts.
* Incorporates visualization techniques to support the relevant points of the analysis and ease the understanding for less technical audiences.
* Supports identifying and gathering the relevant and quality data sources required to fully answer and address the problem for the recommended strategy through testing or exploratory data analysis (EDA).
* Thoroughly documents assumptions, methodology, validation and testing to facilitate peer reviews and compliance requirements.
* Adopts emerging technology that can affect the application of scientific methodologies and/or quantitative analytical approaches to problem resolutions.
* Delivers analysis/findings in a manner that conveys understanding, influences up to mid level management, garners support for recommendations, drives business decisions, and influences business strategy.
* Ensures risks associated with business activities are effectively identified, measured, monitored, and controlled in accordance with risk and compliance policies and procedures.

**What you have:**

* Bachelor's degree in quantitative analytics field such as Economics, Finance, Statistics, Mathematics, Actuarial Sciences, Operations Research, Data and/or Business Analysis, Data Science or other quantitative discipline; OR 4 years of related experience in statistics, mathematics or quantitative analytics (in addition to the minimum years of experience required) may be substituted in lieu of degree.
* 2 years of experience in data/analytics or functional business experience within the respective industry of responsibility (i.e.P\\&C, Bank, Finance) OR Advanced degree in quantitative analytics field such as Economics, Finance, Statistics, Mathematics, Actuarial Sciences, Operations Research, Data and/or Business Analysis, Data Science or other quantitative discipline.
* Demonstrates intermediate knowledge of mathematical and statistical techniques and approaches used to drive fact\\-based decision\\-making.
* Intermediate knowledge of data analysis tools, data visualization, developing analysis queries and procedures in SQL, SAS, BI tools or other analysis software, and relevant industry data \\& methods and ability to connect external insights to business problems.

**What sets you apart:**

* Prior U.S. military service or being a military spouse/domestic partner is highly valued.
* An advanced degree in a quantitative field such as Economics, Finance, Statistics, Mathematics, Operations Research, Data Analysis, Data Science, or a related area.
* Applied usage of SQL to clean data, join diverse datasets, and connecting customer data to channel activity.
* An aptitude for learning and applying analytical techniques to explore data and identify trends.
* Exposure to data visualization tools (e.g., Tableau) for reporting.
* Ability to explain findings simply and clearly.
* A proactive and curious mindset, critical\\-thinking skills, and eager to learn and contribute to strategic initiatives.

**Compensation range:** The salary range for this position is: $77,120\\.00 \\- $147,390\\.00**.**

**USAA does not provide visa sponsorship for this role. Please do not apply for this role if at any time (now or in the future) you will need immigration support (i.e., H\\-1B, TN, STEM OPT Training Plans, etc.).**

**Compensation:** USAA has an effective process for assessing market data and establishing ranges to ensure we remain competitive. You are paid within the salary range based on your experience and market data of the position. The actual salary for this role may vary by location.


Employees may be eligible for pay incentives based on overall corporate and individual performance and at the discretion of the USAA Board of Directors.


The above description reflects the details considered necessary to describe the principal functions of the job and should not be construed as a detailed description of all the work requirements that may be performed in the job.

**Benefits:** At USAA our employees enjoy best\\-in\\-class benefits to support their physical, financial, and emotional wellness. These benefits include comprehensive medical, dental and vision plans, 401(k), pension, life insurance, parental benefits, adoption assistance, paid time off program with paid holidays plus 16 paid volunteer hours, and various wellness programs. Additionally, our career path planning and continuing education assists employees with their professional goals.


For more details on our outstanding benefits, visit our benefits page on USAAjobs.com.

*Applications for this position are accepted on an ongoing basis, this posting will remain open until the position is filled. Thus, interested candidates are encouraged to apply the same day they view this posting.*

*USAA is an Equal Opportunity Employer. All qualified applicants will receive consideration for employment without regard to race, color, religion, sex, sexual orientation, gender identity, national origin, disability, or status as a protected veteran.*","","https://www.indeed.com/cmp/Usaa","https://d2q79iu7y748jz.cloudfront.net/s/_squarelogo/256x256/d1504bcacd4baac8f250a4922dbc30e8","http://www.usaajobs.com","San Antonio, TX","10,000+","$25M to $100M (USD)","USAA is a financial services group that provides insurance, banking, retirement products and advice to the military community.","","","","","",""
"in-1cc699955089f7f5","indeed","https://www.indeed.com/viewjob?jk=1cc699955089f7f5","https://jobs.boeing.com/job/colorado-springs/ground-milsatcom-systems-engineer-trainer-associate-or-mid-level/185/95688113728","Ground MILSATCOM Systems Engineer Trainer – (Associate or Mid-Level)","Boeing","Colorado Springs, CO, US","2026-05-28","","direct_data","yearly",91800.0,151800.0,"USD",False,"","","","","Colorado Springs, Colorado


Job ID JR2026511200 Category Security Clearance Role Type Onsite Post Date May 28, 2026  

**Job Description**


At Boeing, we innovate and collaborate to make the world a better place. We’re committed to fostering an environment for every teammate that’s welcoming, respectful and inclusive, with great opportunity for professional growth. Find your future with us.

**Boeing Defense, Space and Security** (BDS), Space \\& Mission Systems MILSATCOM Program, is seeking **Ground MILSATCOM Systems Engineer Trainers (Level 2 or 3\\)** to provide leadership and guidance in development of our nation’s next generation of satellite ground mission planning systems in **Colorado Springs, CO.**


We are seeking an Operations Trainer to design, deliver, and evolve the training curriculum and associated operational documentation for Military Satellite Communications (MILSATCOM) Mission Planning systems. You will prepare military personnel, civilian operators, and contractors to configure, schedule, and optimize critical strategic and tactical communication payloads. This role directly ensures combat readiness and uninterrupted secure communications for joint and coalition warfighters.


We seek candidates with interest and skills in the following areas:

* Ground system engineering, software integration and test, and formal qualification
* Candidate should possess excellent communications skills to participate in requirements, architecture reviews, have a thorough understanding of version control and system quality attributes, such as testability, portability and maintainability, and enjoy a self\\-driven and collaborative development approach.
* Candidate should possess excellent communications skills and works well in a team environment.
* Must be able to interact well with System Engineers/Analysts/Software developers as well as other members of the Integrated Product Team.
* Excellent oral and written communication skills and experience in presenting at program major reviews as well as lead the technical contents of all system technical documents.
* Curriculum Development: Design structured training modules for MILSATCOM payload scheduling, link budget analysis, and anti\\-jam Configuration.
* Instructional Delivery: Lead classroom, simulator, and hands\\-on technical training sessions for MILSATCOM system administrators and planners.
* Simulation Execution: Create and execute realistic operational simulation exercises, including electronic warfare (EW) interference and jamming scenarios.
* Certification Standards: Define qualification baselines, evaluate trainee proficiency, and maintain comprehensive compliance and certification records.
* Documentation Maintenance: Update technical training manuals, Joint Pubs references, and Standard Operating Procedures (SOPs) based on software upgrades.
* Cross\\-Functional Collaboration: Partner with system engineers, space operators, and network managers to translate technical capabilities into operational training.
* Experience using Atlassian Jira


As a member of the MILSATCOM Mission Planning Development Team, you'll be working with supplier/contractor software, system engineering, and test teams on requirement generation, requirement verification, support to the customer’s delivered system. The team will work closely with customer on requirement generation, development the ground mission planning system, then develop, execute, and document test plans, procedures, and reports of the ground system and systems from single components to larger functional systems. The MILSATCOM Program Team offers a collaborative causal, but professional mentoring environment with long\\-term potential for career growth into technical and management positions.

**Position Responsibilities:**

* Applies an interdisciplinary, collaborative approach to plan, design, develop and verify complex lifecycle balanced system of systems and system solutions.
* Evaluates customer/operational needs to define and coordinate system performance requirements, integrate technical parameters and assure compatibility of all physical, functional and program interfaces.
* Performs various analyses to optimize total system of systems and/or system architecture.
* Develops, curriculum, certification standards, operations documentation and delivers training to the operations personnel.
* Experience: 3\\+ years of experience in MILSATCOM operations, mission planning, aerospace training, or a related military space domain.
* Technical Knowledge: Strong understanding of RF communications, satellite links, transponder loading, and military communication architectures.
* System Familiarity: Operational knowledge of key MILSATCOM systems.

**This position is expected to be 100% onsite. The selected candidate will be required to work onsite at the listed location.**

**Basic Qualifications (Required Skills/ Experience):**

* **This position requires the ability to obtain a US Security Clearance for which the US Government requires US Citizenship as a condition of employment.** An interim and/or final U.S. Secret Clearance Post\\-Start is required.
* Bachelor of Science degree in Engineering, Engineering Technology (including Manufacturing Technology), Computer Science, Data Science, Mathematics, Physics, Chemistry or non\\-US equivalent qualifications directly related to the work statement
* 2\\+ years of Engineering or operational training experience
* Must be willing to travel domestically as needed

**Preferred Qualifications (Desired Skills/Experience):**

* **Experienced, Level 3**: 5\\+ years of related work experience
* Bachelor's degree or higher in Electrical Engineering, Computer Engineering or Aerospace Engineering
* Experience with Agile processes
* Possess basic orbital dynamics. RF communications, satellite links, transponder loading, and military communication architectures.
* Experience with Satellite Bus and Payload Resource Management
* Familiarity with System Integration and Test processes and execution
* System Familiarity: Operational knowledge of key MILSATCOM systems

**Conflict of Interest:**


Successful candidate for this job must satisfy the Company’s Conflict of Interest (COI) assessment process.

**Typical Education/Experience:**

**Associate (Level 2\\):** Education/experience typically acquired through advanced technical education from an accredited course of study in engineering, engineering technology (includes manufacturing engineering technology), computer science, engineering data science, mathematics, physics or chemistry (e.g. Bachelor) and typically 2 or more years' related work experience or an equivalent combination of technical education and experience or non\\-US equivalent qualifications. In the USA, ABET accreditation is the preferred, although not required, accreditation standard.

**Mid\\-Level (Level 3\\):** Education/experience typically acquired through advanced technical education from an accredited course of study in engineering, engineering technology (includes manufacturing engineering technology), computer science, engineering data science, mathematics, physics or chemistry (e.g. Bachelor) and typically 5 or more years' related work experience or an equivalent combination of technical education and experience or non\\-US equivalent qualifications. In the USA, ABET accreditation is the preferred, although not required, accreditation standard.

**Drug Free Workplace:**


Boeing is a Drug Free Workplace where post offer applicants and employees are subject to testing for marijuana, cocaine, opioids, amphetamines, PCP, and alcohol when criteria is met as outlined in our policies*.*

**Shift:**


This position is for 1st shift.


At Boeing, we strive to deliver a Total Rewards package that will attract, engage and retain the top talent. Elements of the Total Rewards package include competitive base pay and variable compensation opportunities.


The Boeing Company also provides eligible employees with an opportunity to enroll in a variety of benefit programs, generally including health insurance, flexible spending accounts, health savings accounts, retirement savings plans, life and disability insurance programs, and a number of programs that provide for both paid and unpaid time away from work.


The specific programs and options available to any given employee may vary depending on eligibility factors such as geographic location, date of hire, and the applicability of collective bargaining agreements.


Please note that the salary information shown below is a general guideline only. Salaries are based upon candidate experience and qualifications, as well as market and business considerations.


Summary Pay Range Associate (Level 2\\): $91,800 \\- $124,200


Summary Pay Range Mid\\-Level (Level 3\\): $112,200 \\- $151,800

  


Applications for this position will be accepted until **Jun. 08, 2026**

  

**Export Control Requirements:**

This position must meet U.S. export control compliance requirements. To meet U.S. export control compliance requirements, a “U.S. Person” as defined by 22 C.F.R. §120\\.62 is required. “U.S. Person” includes U.S. Citizen, U.S. National, lawful permanent resident, refugee, or asylee.

**Export Control Details:**

US based job, US Person required

**Education**

Bachelor's Degree or Equivalent Required

**Relocation**

Relocation assistance is not a negotiable benefit for this position.

**Security Clearance**

This position requires an active U.S. Secret Security Clearance (U.S. Citizenship Required). (A U.S. Security Clearance that has been active in the past 24 months is considered active)

**Visa Sponsorship**

Employer will not sponsor applicants for employment visa status.

**Shift**

This position is for 1st shift

**Contingent Upon Program Reward**

The position is contingent upon program award

  

**Equal Opportunity Employer:**


Boeing is an Equal Opportunity Employer. Employment decisions are made without regard to race, color, religion, national origin, gender, sexual orientation, gender identity, age, physical or mental disability, genetic factors, military/veteran status or other characteristics protected by law.


  
**Your Benefits**
-----------------


No matter where you are in life, our benefits help prepare you for the present and the future.


* Generous company match to your 401(k).
* Industry\\-leading tuition assistance program pays your institution directly.
* Fertility, adoption, and surrogacy benefits.
* Up to $10,000 gift match when you support your favorite nonprofit organizations.

  


These programs are subject to eligibility requirements and other conditions, which may differ for employees of certain subsidiaries or business units, or union\\-represented employees depending on bargaining agreement terms. If this information conflicts with the program documents, the latter shall control. This material is informational only.","","https://www.indeed.com/cmp/Boeing","https://d2q79iu7y748jz.cloudfront.net/s/_squarelogo/256x256/d756d2fff42aa9586c0905e5281a25f9","https://www.boeing.com","Washington, DC","10,000+","more than $10B (USD)","Boeing is the world's largest aerospace company. We’re engineers & technicians. Innovators & dreamers. Join us, and build something better.","","","","","",""
"in-97e13f10a24797ba","indeed","https://www.indeed.com/viewjob?jk=97e13f10a24797ba","https://jobs.boeing.com/job/colorado-springs/ground-milsatcom-systems-test-and-integration-engineer-mid-level-or-lead/185/95688113664","Ground MILSATCOM Systems Test and Integration Engineer – (Mid-Level or Lead)","Boeing","Colorado Springs, CO, US","2026-05-28","","direct_data","yearly",112200.0,185150.0,"USD",False,"","","","","Colorado Springs, Colorado


Job ID JR2026511198 Category Security Clearance Role Type Onsite Post Date May 28, 2026  

**Job Description**


At Boeing, we innovate and collaborate to make the world a better place. We’re committed to fostering an environment for every teammate that’s welcoming, respectful and inclusive, with great opportunity for professional growth. Find your future with us.

**Boeing Defense, Space and Security** (BDS), Space \\& Mission Systems MILSATCOM Program, is seeking a **Ground Systems Test \\& Integration Engineer (Level 3 or 4\\)** to provide leadership and guidance in development of our nation’s next generation of satellite ground mission planning systems in **Colorado Springs, CO**


This position is for Ground Engineers who enjoys being a leader; offering the opportunity to provide overall direction for major sections of our ground system software development staff and programs. The successful candidate will be leading the development of cutting\\-edge technology in an agile environment. We seek candidates who have advanced skills in test and Integration systems engineering and want to bring their skills to the next level through mentoring and hands\\-on development which include the analysis of system requirements and subsystem requirements, interface design documents, support ground systems architecture and design, system integration, system test, system verification, and demonstration to assure that the ground system satisfies the intent of the customer requirements. Additionally, the applicant will be trained in the use of Boeing and Ground processes and procedures.


We seek candidates with interest and skills in the following areas:

* Ground system engineering, software integration and test, and formal qualification
* Candidate should possess excellent communications skills to participate in requirements, architecture reviews, have a thorough understanding of version control and system quality attributes, such as testability, portability and maintainability, and enjoy a self\\-driven and collaborative development approach.
* Candidate should possess excellent communications skills and works well in a team environment.
* Must be able to interact well with System Engineers/Analysts/Software developers as well as other members of the Integrated Product Team.
* Excellent oral and written communication skills and experience in presenting at program major reviews as well as lead the technical contents of all system technical documents.
* Experience in software systems engineering or test
* Experience in all aspects of test management including test definition, test execution, verification traceability, unit, factory, and site customer testing.
* Experience working with customers and users/operators to define functional and performance requirements, software interfaces, use cases and user stories
* Experience with satellite ground systems and the satellite operations domain
* Experience with Model Based Engineering through\\-out the development lifecycle
* Experience collaborating with developers using agile development tools and practices
* Experience using Atlassian Jira


As a member of the MILSATCOM Mission Planning Development Team, you'll be working with supplier/contractor software, system engineering, and test teams on requirement generation, requirement verification, support to the customer’s delivered system. The team will work closely with customer on requirement generation, development the ground mission planning system, then develop, execute, and document test plans, procedures, and reports of the ground system and systems from single components to larger functional systems. The MILSATCOM Program Team offers a collaborative causal, but professional mentoring environment with long\\-term potential for career growth into technical and management positions.

**Position Responsibilities:**

* Applies an interdisciplinary, collaborative approach to plan, design, develop and verify complex lifecycle balanced system of systems and system solutions.
* Evaluates customer/operational needs to define and coordinate system performance requirements, integrate technical parameters and assure compatibility of all physical, functional and program interfaces.
* Performs various analyses to optimize total system of systems and/or system architecture.
* Performs analyses for affordability, safety, reliability, maintainability, testability, human systems integration, survivability, vulnerability, susceptibility, system security, regulatory, certification, product assurance and other specialties quality factors into a preferred configuration to ensure mission success.
* Develops, maintains and identifies improvements for the planning, organization, implementation and monitoring of requirements management processes, tools, risk, issues, opportunity management and technology readiness assessment processes.
* Resolves cross\\-functional technical issues.
* Support the integration and test of the Ground Segment Operational Products
* Develop and execute System Integration \\& Test plans, procedures and reports
* Lead test entrance and exit reviews
* Support the development of complex system level threads required to run missions in space

**This position is expected to be 100% onsite. The selected candidate will be required to work onsite at the listed location.**

**Basic Qualifications (Required Skills/ Experience):**

* **This position requires an active U.S. Secret Security Clearance (U.S. Citizenship Required).** (A U.S. Security Clearance that has been active in the past 24 months is considered active)
* Bachelor of Science degree in Engineering, Engineering Technology (including Manufacturing Technology), Computer Science, Data Science, Mathematics, Physics, Chemistry or non\\-US equivalent qualifications directly related to the work statement
* 5\\+ years of engineering experience
* Must be willing to travel domestically as needed

**Preferred Qualifications (Desired Skills/Experience):**

* **Lead, Level 4:** 9\\+ years of related engineering experience
* Bachelor's degree or higher in Electrical Engineering, Computer Engineering or Aerospace Engineering
* Experience with Agile processes
* Possess basic orbital dynamics. RF communications, satellite links, transponder loading, and military communication architectures.
* Experience with Satellite Bus and Payload Resource Management
* Familiarity with System Integration and Test processes and execution
* System Familiarity: Operational knowledge of key MILSATCOM systems

**Conflict of Interest:**


Successful candidate for this job must satisfy the Company’s Conflict of Interest (COI) assessment process.

**Typical Education/Experience:**

**Mid\\-Level (Level 3\\):** Education/experience typically acquired through advanced technical education from an accredited course of study in engineering, engineering technology (includes manufacturing engineering technology), computer science, engineering data science, mathematics, physics or chemistry (e.g. Bachelor) and typically 5 or more years' related work experience or an equivalent combination of technical education and experience or non\\-US equivalent qualifications. In the USA, ABET accreditation is the preferred, although not required, accreditation standard.

**Lead (Level 4\\):** Education/experience typically acquired through advanced technical education from an accredited course of study in engineering, engineering technology (includes manufacturing engineering technology), computer science, engineering data science, mathematics, physics or chemistry (e.g. Bachelor) and typically 9 or more years' related work experience or an equivalent combination of technical education and experience or non\\-US equivalent qualifications. In the USA, ABET accreditation is the preferred, although not required, accreditation standard.

**Drug Free Workplace:**


Boeing is a Drug Free Workplace where post offer applicants and employees are subject to testing for marijuana, cocaine, opioids, amphetamines, PCP, and alcohol when criteria is met as outlined in our policies*.*

**Shift:**


This position is for 1st shift.


At Boeing, we strive to deliver a Total Rewards package that will attract, engage and retain the top talent. Elements of the Total Rewards package include competitive base pay and variable compensation opportunities.


The Boeing Company also provides eligible employees with an opportunity to enroll in a variety of benefit programs, generally including health insurance, flexible spending accounts, health savings accounts, retirement savings plans, life and disability insurance programs, and a number of programs that provide for both paid and unpaid time away from work.


The specific programs and options available to any given employee may vary depending on eligibility factors such as geographic location, date of hire, and the applicability of collective bargaining agreements.


Please note that the salary information shown below is a general guideline only. Salaries are based upon candidate experience and qualifications, as well as market and business considerations.


Summary Pay Range Mid\\-Level (Level 3\\): $112,200 \\- $151,800


Summary Pay Range Lead (Level 4\\): $136,850 \\- $185,150

  


Applications for this position will be accepted until **Jun. 08, 2026**

  

**Export Control Requirements:**

This position must meet U.S. export control compliance requirements. To meet U.S. export control compliance requirements, a “U.S. Person” as defined by 22 C.F.R. §120\\.62 is required. “U.S. Person” includes U.S. Citizen, U.S. National, lawful permanent resident, refugee, or asylee.

**Export Control Details:**

US based job, US Person required

**Education**

Bachelor's Degree or Equivalent Required

**Relocation**

Relocation assistance is not a negotiable benefit for this position.

**Security Clearance**

This position requires an active U.S. Secret Security Clearance (U.S. Citizenship Required). (A U.S. Security Clearance that has been active in the past 24 months is considered active)

**Visa Sponsorship**

Employer will not sponsor applicants for employment visa status.

**Shift**

This position is for 1st shift

**Contingent Upon Program Reward**

The position is contingent upon program award

  

**Equal Opportunity Employer:**


Boeing is an Equal Opportunity Employer. Employment decisions are made without regard to race, color, religion, national origin, gender, sexual orientation, gender identity, age, physical or mental disability, genetic factors, military/veteran status or other characteristics protected by law.


  
**Your Benefits**
-----------------


No matter where you are in life, our benefits help prepare you for the present and the future.


* Generous company match to your 401(k).
* Industry\\-leading tuition assistance program pays your institution directly.
* Fertility, adoption, and surrogacy benefits.
* Up to $10,000 gift match when you support your favorite nonprofit organizations.

  


These programs are subject to eligibility requirements and other conditions, which may differ for employees of certain subsidiaries or business units, or union\\-represented employees depending on bargaining agreement terms. If this information conflicts with the program documents, the latter shall control. This material is informational only.","","https://www.indeed.com/cmp/Boeing","https://d2q79iu7y748jz.cloudfront.net/s/_squarelogo/256x256/d756d2fff42aa9586c0905e5281a25f9","https://www.boeing.com","Washington, DC","10,000+","more than $10B (USD)","Boeing is the world's largest aerospace company. We’re engineers & technicians. Innovators & dreamers. Join us, and build something better.","","","","","",""
"in-a54c470356e1c606","indeed","https://www.indeed.com/viewjob?jk=a54c470356e1c606","https://conaservices.jobs2web.com/consolidated/job/Silver-Spring-Forklift-Operator-II-MD-20903/1394928600/?feedId=331200&utm_source=Indeed&utm_campaign=CONA_Indeed","Forklift Operator II","Coca-Cola Consolidated, Inc.","Silver Spring, MD, US","2026-05-28","","direct_data","hourly",21.0,23.0,"USD",False,"","","","","**Requisition ID: 256421**


**Locations: Silver Spring**


**Pay Range: $21\\.53 \\- $23\\.18 , depending on experience**

**Schedule:** **Second Shift** **2pm \\- 10pm Monday\\-Friday followed by 2 days off, may required to work Saturday \\& Sunday if need by operations.**

 **Uncap Your Potential at America's Largest Coca\\-Cola Bottler — Pour Your Passion into Purpose!**


We're more than beverages—we're building meaningful careers and vibrant communities. Join our team where your talent meets purpose, and every teammate directly shapes our success.

* **Career Growth:** Clear pathways to advance and develop your career
* **Competitive Benefits:** 401(k) match \\+ health coverage \\+ employee stock purchase plan
* **Purpose\\-Driven:** Create meaningful impact in the communities you serve
* **Professional Development:** Dedicated training \\+ personalized mentorship

**Join us \\- your refreshing new chapter starts here!**

**Job Overview**
----------------


The Forklift Operator II is responsible for completing material movement throughout the facility and grounds by moving, loading, and unloading assets using a wide variety of material handling equipment at a proficient level, such as a forklift and, or pallet jack.

**Duties \\& Responsibilities**
------------------------------

* Pull specific vending and cold drink equipment to fulfill sales request needs
* Ensure all Outbound loads are secured and safe by applying protective wrapping as needed and that the proper documentation is attached (STO)
* Load and unload trailers, as needed, to support delivery activities following CCCI SOPs to ensure accuracy by updating SAP, CONA via handhelds for accountability of Inbound and outbound loads to, from territories supported by Regional Operation Center
* Perform all safety and housekeeping activities, including conducting pre\\-and post\\-trip checks, reviewing daily documentation for accuracy, and keeping the work area neat and clutter\\-free
* Perform miscellaneous activities as directed, assist with staging equipment and other movements, including junking equipment and yard maintenance
* Utilize a switcher to maneuver 53’ and pup trailers to the dock as needed
**Knowledge, Skills, \\& Abilities**
-----------------------------------

* Working knowledge of basic safety principles, including proper lifting and use of personal protective equipment
* Advanced forklift skills (single\\-wide), with the ability to operate forklifts safely and efficiently in a small area
* Basic pallet\\-jack skills
* Rudimentary mechanical skills and simple tool usage
* Ability to operate multiple pieces of simple machinery
* Read and Follow written SOP’s or instructions
* Complete forms (handwritten and, or computer\\-based) to document activities and results
* Follow verbal instructions Intermediate math skills
* Thorough understanding of elements contributing to productivity
* Capacity to assess order building, loading workflow and choose optimum pick, load path
* Ability to simultaneously manage multiple processes to support overall system efficiency
* Ability to consistently count received and compare to manifest with a high degree of accuracy
* Ability to consistently load trucks following documentation with a high degree of accuracy
* Possess strong communication skills
* Must be able to work in extremely high and low temperatures, noisy conditions, slippery walking surfaces, and broken glass
* Occasionally lifting over 25 lbs. and rarely up to or over 50 lbs.
* Ability to sit for long periods
* Frequent getting on, off of a forklift
* Opening and closing truck dock doors
**Minimum Qualifications**
--------------------------

* Forklift, pallet jack certification
* Switcher operation certification
* Class A CDL where required
**Preferred Qualifications**
----------------------------

* Previous experience in a logistics environment
* Understanding of truck, trailer loading strategies, and weight distribution principles
**Work Environment**
--------------------


Noisy and non\\-temperature\\-controlled environment including high and low\\-temperature environments


Equal Opportunity Employer \\- All qualified applicants will be considered for employment without regard to disability, protected veteran status, or any other characteristic protected by applicable law.","","https://www.indeed.com/cmp/Coca--cola-Consolidated,-Inc.-2","https://d2q79iu7y748jz.cloudfront.net/s/_squarelogo/256x256/973006693588977821b95df437d0d23f","http://www.cokeconsolidated.com","Charlotte, NC","10,000+","$1B to $5B (USD)","Coke Consolidated is the largest Coca-Cola bottler in the U.S. For 119 years, we've been committed to the communities we serve and passionate about the broad portfolio of beverages we offer.","","","","","",""
"in-ecddec89da71695a","indeed","https://www.indeed.com/viewjob?jk=ecddec89da71695a","https://hunatek.com/careers/current-job-openings/?gnk=job&gni=8a78859f9e46f5eb019e6ad9c9957527&gns=Indeed+Free","Junior Systems Administrator","HunaTek Government Solutions","Hurlburt Field, FL, US","2026-05-28","","","","","","",False,"","","","","The Junior Systems Administrator will provide systems administration and IT maintenance activities as required to support 24/7/365 operations across all AFOSC PED sites.

**Essential Job Functions:**
* Provide first\\-tier support to end\\-users for PC, server, mainframe applications, and hardware.
* Interact with network services, software systems engineering, and/or applications development to restore service and/or identify and correct core problems.
* Simulate or recreate user problems to resolve operating difficulties and/or errors.
* Recommend systems modifications to reduce user problems.
* Assist with CERP cycle rollouts to include hardware installation.
* Refer more complex problems to intermediate and/or senior level, as required.


**Skills and Qualifications Required:**
* 2\\+ years of relevant experience to the position
* DoD 8570\\.01 IAT Level 2
* Software/Hardware Troubleshooting
* Microsoft Windows Client and Office
* Network Infrastructure Cabling (Fiber/Copper)
* Disaster Recovery Procedures
* Cross Domain Solutions (CDS)
* Cisco VTC Administration
* Audio Visual Systems Administration
* Crestron ToolBox
* TS/SCI Security Clearance

**Skills and Qualifications Preferred:**
* Bachelor’s Degree in related field
* Linux
* ITIL
* Automated Information Discover Environment (AIDE)
* General Dynamics\\-Missions Systems (GD\\-MS) Multi\\-INT Analysis and Archive System (MAAS)
* Full Motion Video (FMV) Principles
* Microsoft Windows Server, SQL Server, Directory Services Administration, Group Policy, Domain Name System (DNS), Dynamic Host Configuration Protocol (DHCP), Hyper – V, Systems Center Configuration Manager (SCCM), Failover Cluster Manager, and Visio
* VMWare Vcenter/Vsphere
* Disaster Recovery Procedures
* Cross Domain Solutions (CDS)
* Cisco VTC Administration
* Audio Visual Systems Administration
* Crestron ToolBox
* Netapp Ontap
* Cisco Catalyst/Nexus IOS Configuration
* Host \\-Based Security System (HBSS)
* Information Assurance/Security (RMF)
* Audio Visual Systems Design/Integration
* Crestron Programming
* Netzoom
* Life Cycle Systems Management
* Equipment Shipping/Logistics
* Documentation Control/Creation
* Database Management (SQL)
* Scripting (Java, Go, Bash)
* Middleware (Elasticsearch, Pgpool)


**About Us:**At HunaTek, we build teams of people from all backgrounds with varying levels of experience, knowing firsthand that diversity of thought will strengthen our ability to deliver for our customers. We work hand in hand with Federal civilian and military staff, pulling together to further the interests of our nation and home and abroad.
Whenever possible, we provide opportunities for our employees to learn new skills, obtain certifications, attend industry events, and have some fun together.
**Our Benefits:**
We offer a comprehensive benefits package designed to make sure our employees and their families have access to good health care, are insured against catastrophic health events, can put money aside for retirement and are able to maintain a healthy work\\-life balance. These benefits include:
* Comprehensive medical, dental and vision
* Long\\-term and short\\-term disability insurance and term life insurance
* 401(K) with safe harbor contribution
* Paid time off and 11 paid holidays
* Tuition and career development assistance
* A selection of voluntary benefits


*This job description will be reviewed periodically as duties and responsibilities change with business necessity. Essential and marginal job functions are subject to modification.*
Equal opportunity employer as to all protected groups, including protected veterans and individuals with disabilities.","","https://www.indeed.com/cmp/Hunatek-Government-Solutions","","https://hunatek.com","13900 Lincoln Park Drive, Suite 350
Herndon, VA 20171","","","","","","","","",""
"in-fb6b37c816ba5394","indeed","https://www.indeed.com/viewjob?jk=fb6b37c816ba5394","https://brookshires.wd108.myworkdayjobs.com/BGC/job/JacksonvilleTX---921-S-Jackson-Street/Assistant-Market-Manager_JR5765","Assistant Market Manager","Brookshire Grocery Company","Jacksonville, TX, US","2026-05-28","fulltime","","","","","",False,"","","","","At Brookshire Grocery Company (BGC), we’re not just about business—we’re about building a community where you can thrive. Based in Tyler, Texas, BGC is home to five unique banners—Brookshire's Grocery Company, Super 1 Foods, Spring Market, Fresh by Brookshire's, and Reasor's—operating over 215 \\+ stores across Texas, Louisiana, Arkansas, and Oklahoma.  

  

We’re all about creating a workplace where you can thrive. At BGC, you matter, your contributions are celebrated, and your future is unlimited. Whether you're launching your career or ready to level up, you’ll find a supportive team, endless growth opportunities, and a chance to make an impact.  

  

Here’s what sets us apart:

* **Wellness that works for you:** Comprehensive medical, vision, dental, and prescription coverage.
* **Flexibility and freedom:** Paid time off to relax, recharge, and enjoy life.
* **Ownership that empowers:** 401(k) plan to help you build a solid future that the Company contributes to.
* **Savings for your lifestyle:** Exclusive employee discounts on the things you need most.
* **Investing in your dreams:** Scholarships and educational support to fuel your growth.
* **Adventure awaits:** Access to a 205\\-acre outdoor recreation area for unwinding, connecting, and having fun.

  

When you join BGC, you’re not just starting a job—you’re becoming part of something bigger. We’re here to support your goals, inspire your journey, and celebrate your wins.

**Job Summary:**


Ensures market and seafood cases are kept full, rotated, and fresh with prepackaged meats. Works with market personnel to cut, weigh, package, and label products as needed, as well as promotes customer service.

**Essential Duties and Responsibilities:**

* Works in conjunction with upper management to train and develop partners, schedule, plan, assign, and direct work.
* Supports upper management with the review of historical data regarding sales, ads and promotions. Co\\-manages inventory using item management processes to ensure satisfactory in\\-stock levels. May review profit and loss, sales, shrink, and labor data with department manager.
* Indirectly responsible for maintaining and improving sales performance, financial results, public relations, product quality, and work standards.
* Checks inventory on trucks, unloads products, and ensures accuracy of inventory, product ordering, and associated paperwork.
* Cuts, weighs, packages, and labels product. Uses non\\-precision and precision tools and/or instruments to cut or saw unfinished meat products into desired sizes, shapes, and/or weights.
* Enforces quality control and food safety standards and ensures dated products are stocked and rotated properly. Makes fine judgements about aroma, texture, and color to inspect product for quality.
* Ensures that coolers and freezers are organized according to Company guidelines. Adheres to all governmental product origin labeling.
* Promotes product sales through use of suggestive selling initiatives.
* Provides friendly and customer\\-service\\-oriented attitude by greeting customers, answering questions and taking orders by phone and in person.
* Maintains clean, safe and sanitary working and shopping environment by adhering to Company safety procedures.

**Knowledge, Skills and Abilities:**

* Intermediate knowledge of market department operations.
* Intermediate knowledge of in\\-store ordering machine and inventory management processes.
* Intermediate knowledge of scheduling software systems.
* Ability to read and operate digital equipment, meters, dials, and/or calibrated scales.
* Ability to safely operate and maintain department equipment.
* Ability to operate a manual or electric pallet jack.
* Ability to safely operate hazardous tools and equipment such as a bailer, etc.
* Ability to safely work with sharp objects such as saws, meat grinders, knives, box cutters, etc.
* Ability to use non\\-precision and precision hand tools.
* Ability to work well with fellow partners and promote a team environment.
* Ability to effectively communicate (in written and verbal form) with customers and partners.
* Ability to work flexible schedules including nights, weekends, and holidays.
* Must be attentive to potential hazards and remedy or place appropriate warning signs or devices around or near the hazard as soon as is reasonably possible.
* Must report any potential hazards that cannot be immediately remedied to a supervisor.

**Education, Experience and Qualifications:**

* Minimum of 18 years of age required.
* Partners must be 21 years of age or older to drive for Company business in accordance with the BGC Business Driver Policy.
* High school Diploma or GED and one or more years of related experience; or an equivalent combination of experience and/or higher education required. Prerequisite experience as a meatcutter, apprentice, and/or manager trainee preferred.
* Food Handler certification required.
* Manager Food Safety certification required.

**Physical Demands:**

* Continuously required to use close vision, distance vision, depth perception, or the ability to focus.
* Continuously required to stand or walk.
* Frequently required to use hands for reaching, touching, or handling.
* Frequently required to bend, kneel, squat, or stoop.
* Frequently required to push, pull, maneuver or lift objects up to 40 lbs.
* Frequently required to talk and hear.
* Occasionally required to push, pull, maneuver or lift objects up to 75 lbs.
* Attendance at work is required.

**Work Context and Environment:**

* Work is generally performed in a retail store.
* Frequently exposed to extreme cold conditions (non\\-weather).
* Frequently exposed to wet, slippery, or damp conditions.
* Frequently exposed to equipment with sharp blades or edges.
* Frequently exposed to cleaning agents.
* Moderate to loud noise level.


Ready to find your place? BGC is “A Career Where You Belong.”
  

  

Brookshire Grocery Company strives to provide a safe, drug and alcohol\\-free environment for its partners and customers. The Company is an Equal Opportunity Employer and makes employment decisions without regard to race, color, religion, sex (including pregnancy, gender identity and sexual orientation), national origin, age , disability, genetic information or military status and any other trait protected by law.","Retail","https://www.indeed.com/cmp/Brookshire-Grocery-Company","https://d2q79iu7y748jz.cloudfront.net/s/_squarelogo/256x256/70b87adcd954081a5b158ec7c2aed0e2","http://www.brookshires.com","1600 W. South West Loop 323
Tyler TX, 75701","10,000+","$1B to $5B (USD)","","","","","","",""
"in-c70b3c023061f547","indeed","https://www.indeed.com/viewjob?jk=c70b3c023061f547","https://www.compass.com/careers?gh_jid=7963161&gh_board=urbancompass","Software Engineer II","Modus Closing","Seattle, WA, US","2026-05-28","","direct_data","yearly",126990.0,141100.0,"USD",False,"","","","","At Compass, our mission is to help everyone find their place in the world. Founded in 2012, we’re revolutionizing the real estate industry with our end\\-to\\-end platform that empowers residential real estate agents to deliver exceptional service to seller and buyer clients.

**About the Role**



The Foundational Infrastructure Compute team provides cloud\\-native compute infrastructure, Kubernetes platform tooling, and automation that empowers Compass teams to build and deploy products securely, efficiently, and with minimal operational overhead.



In this role, you will have the opportunity to make a direct impact on our core compute platform. You will work with modern technologies like Kubernetes, KEDA, and Argo to build and evolve a multi\\-cloud platform that powers engineering teams at scale. This is a hands\\-on role perfect for someone passionate about platform engineering, compute infrastructure, and solving interesting technical challenges..


**Responsibilities**


* Collaborate with senior engineers to build, scale, deploy and maintain our Kubernetes compute platform using Infrastructure as Code (IaC).
* Help build and evolve a scalable, reliable Kubernetes platform on AWS EKS to power containerized workloads across engineering teams.
* Use monitoring and observability tools to ensure system health and help troubleshoot production incidents.
* Automate manual processes and operational tasks using programming languages like Go or Python.
* Contribute to our “golden path” for software development across the company.
* Partner with application teams to understand their compute requirements, providing guidance and support to help them best leverage the Kubernetes platform.
* Contribute to documentation for our infrastructure designs and operational procedures.


**Basic Qualifications**


* BS in Computer Science, Software Engineering, or equivalent practical experience.
* 2\\+ years of software development experience with exposure to languages like Go, Python, and/or Java.
* Demonstrated experience provisioning cloud compute resources and Kubernetes
* A foundational understanding of cloud computing concepts (e.g., VMs, networking, storage) and experience with a major cloud provider (AWS preferred).
* A strong desire to learn and grow in the fields of platform engineering, compute infrastructure, and cloud\\-native technologies.


**Preferred Qualifications**


* Hands\\-on experience with IaC tools, especially Terraform or OpenTofu.
* Familiarity with Argo workflows, KEDA, and VPA for orchestration, autoscaling, and resource optimization.
* Exposure to cloud networking concepts (e.g., VPC, DNS, Load Balancers).


**Compensation:** The base pay range for this position is $126,990\\-$141,100; however, base pay offered may vary depending on job\\-related knowledge, skills, and experience. Bonuses and restricted stock units may be provided as part of the compensation package, in addition to a full range of benefits. Base pay is based on market location. Minimum wage for the position will always be met.


**Perks that You Need to Know About:**



Participation in our incentive programs (which may include eligible cash, equity, or commissions). Plus paid vacation, holidays, sick time, parental leave, and recharge leave; medical, tele\\-health, dental and vision benefits; 401(k) plan; flexible spending accounts (FSAs); commuter program; life and disability insurance; Maven (a support system for new parents); Carrot (fertility benefits); UrbanSitter (caregiver referral network); Employee Assistance Program; and pet insurance.

  


**Do your best work, be your authentic self.**
At Compass, we believe that everyone deserves to find their place in the world — a place where they feel like they belong, where they can be their authentic selves, where they can thrive. Our collaborative, energetic culture is grounded in our Compass Entrepreneurship Principles and our commitment to diversity, equity, inclusion, growth and mobility. As an equal opportunity employer, we offer competitive compensation packages, robust benefits and professional growth opportunities aimed at helping to improve our employees' lives and careers.","","https://www.indeed.com/cmp/Modus-Closing","https://d2q79iu7y748jz.cloudfront.net/s/_squarelogo/256x256/0c68239ca9673f6704fcfe845eff2974","http://www.modusclosing.com","","51 to 200","","Founded in 2018, Modus is the fastest growing title and escrow (and technology!) company in WA state. We are creating the world’s most simple, modernized real estate experience available to everyone.","","","","","",""
"in-91547b2c21b93c66","indeed","https://www.indeed.com/viewjob?jk=91547b2c21b93c66","https://www.compass.com/careers?gh_jid=7961679&gh_board=urbancompass","Software Engineer II","Modus Closing","New York, NY, US","2026-05-28","","direct_data","yearly",126990.0,141100.0,"USD",False,"","","","","At Compass, our mission is to help everyone find their place in the world. Founded in 2012, we’re revolutionizing the real estate industry with our end\\-to\\-end platform that empowers residential real estate agents to deliver exceptional service to seller and buyer clients.

**About the Role**



The Foundational Infrastructure Compute team provides cloud\\-native compute infrastructure, Kubernetes platform tooling, and automation that empowers Compass teams to build and deploy products securely, efficiently, and with minimal operational overhead.



In this role, you will have the opportunity to make a direct impact on our core compute platform. You will work with modern technologies like Kubernetes, KEDA, and Argo to build and evolve a multi\\-cloud platform that powers engineering teams at scale. This is a hands\\-on role perfect for someone passionate about platform engineering, compute infrastructure, and solving interesting technical challenges..


**Responsibilities**


* Collaborate with senior engineers to build, scale, deploy and maintain our Kubernetes compute platform using Infrastructure as Code (IaC).
* Help build and evolve a scalable, reliable Kubernetes platform on AWS EKS to power containerized workloads across engineering teams.
* Use monitoring and observability tools to ensure system health and help troubleshoot production incidents.
* Automate manual processes and operational tasks using programming languages like Go or Python.
* Contribute to our “golden path” for software development across the company.
* Partner with application teams to understand their compute requirements, providing guidance and support to help them best leverage the Kubernetes platform.
* Contribute to documentation for our infrastructure designs and operational procedures.


**Basic Qualifications**


* BS in Computer Science, Software Engineering, or equivalent practical experience.
* 2\\+ years of software development experience with exposure to languages like Go, Python, and/or Java.
* Demonstrated experience provisioning cloud compute resources and Kubernetes
* A foundational understanding of cloud computing concepts (e.g., VMs, networking, storage) and experience with a major cloud provider (AWS preferred).
* A strong desire to learn and grow in the fields of platform engineering, compute infrastructure, and cloud\\-native technologies.


**Preferred Qualifications**


* Hands\\-on experience with IaC tools, especially Terraform or OpenTofu.
* Familiarity with Argo workflows, KEDA, and VPA for orchestration, autoscaling, and resource optimization.
* Exposure to cloud networking concepts (e.g., VPC, DNS, Load Balancers).


**Compensation:** The base pay range for this position is $126,990\\-$141,100; however, base pay offered may vary depending on job\\-related knowledge, skills, and experience. Bonuses and restricted stock units may be provided as part of the compensation package, in addition to a full range of benefits. Base pay is based on market location. Minimum wage for the position will always be met.


**Perks that You Need to Know About:**



Participation in our incentive programs (which may include eligible cash, equity, or commissions). Plus paid vacation, holidays, sick time, parental leave, and recharge leave; medical, tele\\-health, dental and vision benefits; 401(k) plan; flexible spending accounts (FSAs); commuter program; life and disability insurance; Maven (a support system for new parents); Carrot (fertility benefits); UrbanSitter (caregiver referral network); Employee Assistance Program; and pet insurance.

  


**Do your best work, be your authentic self.**
At Compass, we believe that everyone deserves to find their place in the world — a place where they feel like they belong, where they can be their authentic selves, where they can thrive. Our collaborative, energetic culture is grounded in our Compass Entrepreneurship Principles and our commitment to diversity, equity, inclusion, growth and mobility. As an equal opportunity employer, we offer competitive compensation packages, robust benefits and professional growth opportunities aimed at helping to improve our employees' lives and careers.","","https://www.indeed.com/cmp/Modus-Closing","https://d2q79iu7y748jz.cloudfront.net/s/_squarelogo/256x256/0c68239ca9673f6704fcfe845eff2974","http://www.modusclosing.com","","51 to 200","","Founded in 2018, Modus is the fastest growing title and escrow (and technology!) company in WA state. We are creating the world’s most simple, modernized real estate experience available to everyone.","","","","","",""
"in-81750f3984460c06","indeed","https://www.indeed.com/viewjob?jk=81750f3984460c06","https://www.compass.com/careers?gh_jid=7963160&gh_board=urbancompass","Software Engineer II","Modus Closing","Boston, MA, US","2026-05-28","","direct_data","yearly",126990.0,141100.0,"USD",False,"","","","","At Compass, our mission is to help everyone find their place in the world. Founded in 2012, we’re revolutionizing the real estate industry with our end\\-to\\-end platform that empowers residential real estate agents to deliver exceptional service to seller and buyer clients.

**About the Role**



The Foundational Infrastructure Compute team provides cloud\\-native compute infrastructure, Kubernetes platform tooling, and automation that empowers Compass teams to build and deploy products securely, efficiently, and with minimal operational overhead.



In this role, you will have the opportunity to make a direct impact on our core compute platform. You will work with modern technologies like Kubernetes, KEDA, and Argo to build and evolve a multi\\-cloud platform that powers engineering teams at scale. This is a hands\\-on role perfect for someone passionate about platform engineering, compute infrastructure, and solving interesting technical challenges..


**Responsibilities**


* Collaborate with senior engineers to build, scale, deploy and maintain our Kubernetes compute platform using Infrastructure as Code (IaC).
* Help build and evolve a scalable, reliable Kubernetes platform on AWS EKS to power containerized workloads across engineering teams.
* Use monitoring and observability tools to ensure system health and help troubleshoot production incidents.
* Automate manual processes and operational tasks using programming languages like Go or Python.
* Contribute to our “golden path” for software development across the company.
* Partner with application teams to understand their compute requirements, providing guidance and support to help them best leverage the Kubernetes platform.
* Contribute to documentation for our infrastructure designs and operational procedures.


**Basic Qualifications**


* BS in Computer Science, Software Engineering, or equivalent practical experience.
* 2\\+ years of software development experience with exposure to languages like Go, Python, and/or Java.
* Demonstrated experience provisioning cloud compute resources and Kubernetes
* A foundational understanding of cloud computing concepts (e.g., VMs, networking, storage) and experience with a major cloud provider (AWS preferred).
* A strong desire to learn and grow in the fields of platform engineering, compute infrastructure, and cloud\\-native technologies.


**Preferred Qualifications**


* Hands\\-on experience with IaC tools, especially Terraform or OpenTofu.
* Familiarity with Argo workflows, KEDA, and VPA for orchestration, autoscaling, and resource optimization.
* Exposure to cloud networking concepts (e.g., VPC, DNS, Load Balancers).


**Compensation:** The base pay range for this position is $126,990\\-$141,100; however, base pay offered may vary depending on job\\-related knowledge, skills, and experience. Bonuses and restricted stock units may be provided as part of the compensation package, in addition to a full range of benefits. Base pay is based on market location. Minimum wage for the position will always be met.


**Perks that You Need to Know About:**



Participation in our incentive programs (which may include eligible cash, equity, or commissions). Plus paid vacation, holidays, sick time, parental leave, and recharge leave; medical, tele\\-health, dental and vision benefits; 401(k) plan; flexible spending accounts (FSAs); commuter program; life and disability insurance; Maven (a support system for new parents); Carrot (fertility benefits); UrbanSitter (caregiver referral network); Employee Assistance Program; and pet insurance.

  


**Do your best work, be your authentic self.**
At Compass, we believe that everyone deserves to find their place in the world — a place where they feel like they belong, where they can be their authentic selves, where they can thrive. Our collaborative, energetic culture is grounded in our Compass Entrepreneurship Principles and our commitment to diversity, equity, inclusion, growth and mobility. As an equal opportunity employer, we offer competitive compensation packages, robust benefits and professional growth opportunities aimed at helping to improve our employees' lives and careers.","","https://www.indeed.com/cmp/Modus-Closing","https://d2q79iu7y748jz.cloudfront.net/s/_squarelogo/256x256/0c68239ca9673f6704fcfe845eff2974","http://www.modusclosing.com","","51 to 200","","Founded in 2018, Modus is the fastest growing title and escrow (and technology!) company in WA state. We are creating the world’s most simple, modernized real estate experience available to everyone.","","","","","",""
"in-8ea9c78925e2012c","indeed","https://www.indeed.com/viewjob?jk=8ea9c78925e2012c","https://hendrick.wd5.myworkdayjobs.com/en-US/HendrickCareers/job/Rick-Hendrick-Toyota-Sandy-Springs/Sales-Consultant_R-80859","Sales Consultant","Hendrick Automotive Group","Atlanta, GA, US","2026-05-28","fulltime","","","","","",False,"","","","","Rick Hendrick Toyota Sandy Springs
Location: 6475 Roswell Rd NE, Atlanta, Georgia 30328 **Summary:**


Sells new or used vehicles at a profit to the dealership, while ensuring customer satisfaction.


**Supervisory Responsibilities:**


This job has no direct supervisory responsibilities.

**Essential Duties and Responsibilities** **include the following:**

* Meets dealership sales goals.
* Greets customer and determines make, type, and quality of vehicle desired.
* Explains features and demonstrates operation of vehicle in showroom or on demonstration drive.
* Suggests optional equipment for customer to purchase.
* Computes and quotes sales price, including tax, trade\\-in allowance, and discount.
* Completes paperwork accompanying vehicle sales, including but not limited to, preparing sales slip or sales contract.
* Arranges for delivery and registration of vehicle.
* Researches availability of models and optional equipment.
* Engages in business development.
* Addresses customer concerns.
* Maintains CSI at or above Company standards
* Maintains an organized, clean and safe work area
* Participates in required training
* Records all hours worked accurately in company timekeeping system
* Follows Safeguards rules and regulations.
* Demonstrates the Company’s Core Values
* Complies with Company policies and procedures
* Observes all Federal, State, Local and Company safety rules and regulations in the performance of duties.
* Other duties as assigned

**Qualifications:**


To perform this job successfully, an individual must be able to perform each essential duty satisfactorily. The requirements listed below are representative of the knowledge, skill, and/or ability required. Reasonable accommodations may be made to enable individuals with medical conditions to perform the essential functions.

**Desired Education:**


o GED

* High School Diploma


o Associate Degree


o Bachelor Degree


o Master Degree


o Doctorate Degree

**Field of Study/Work Experience:**


o Accounting

* Automotive


o Business


o Human Resources


o Information Technology

**Desired Work Experience:**

* up to 3 years


o 3\\-5 years


o 5\\+ years

**Education/Experience:**


Prior sales and/or customer service experience desired.

**Certificates and Licenses:**

* Valid Driver’s License


o Automobile Salesperson License

**Computer Skills:**


Intermediate knowledge of Microsoft Office products. Intermediate ability to learn web applications for customer management.

**Communication Skills:**


Ability to understand and follow instructions. Ability to communicate effectively with customers and company personnel.

**Attendance Requirements:**


The position requires regular and predictable attendance. Scheduled shifts may include evening hours, weekends, and holidays.

**Physical Demands:**


While performing the duties of this job, the employee is regularly required to talk or hear. The employee is frequently required to stand; walk; and sit.

**Environment Demands:**


Duties are performed throughout the premises, both indoors and outdoors and on customer test drives. Due to the nature of the position, may be exposed to various work environments and required to perform a variety of tasks. Heavy standing work. Work includes frequent movement around the company facilities and the outdoor car lot to interact with customers and other departments.

**Verbal and Writing Ability:**


Ability to read and comprehend instructions, correspondence, and memos. Ability to effectively present information in one\\-on\\-one and small group situations to customers and other employees.

**Math Ability:**


Ability to add, subtract, multiply and divide.

**Reasoning Ability:**


Ability to apply common sense understanding to carry out instructions. Ability to deal with standardized situations.

**Core Values:**


To perform the job successfully, an individual should demonstrate the following Core Values:

**Servant Leadership**


Servant Leaders consciously put the needs of others before their own, because to serve people is to value them.

**Teamwork through Trust \\& Respect**


Diversity is strength, and when we trust and respect one another we can work as a team to achieve at a high level.

**Integrity**


Being honest and transparent with people, in an effort to do the right thing within the letter and spirit of the law, drives every action we take and every decision we make.

**Commitment to Customer Enthusiasm**


Every day we recommit ourselves to the customer experience, and we are empowered to exceed the expectations of our customers.

**Passion for Winning**


Hendrick’s tradition of winning is based on the idea of striving to be the best, not the biggest, and is therefore defined by how we treat our people.

**Accountability at All Levels**


Taking ownership of our actions and our decisions allows us to grow as individuals, and support each other as a team.

**Commitment to Continuous Improvement**


Every day we soften our hearts as well as our egos, in order to seek out and improve upon areas of opportunity within ourselves and our team.


This job description in no way states or implies that these are the only duties and responsibilities to be performed by this employee. The employee will be required to follow any other instructions and to perform any other duties and responsibilities upon the request of a supervisor. This job description is subject to revision at the discretion of the company.


Hendrick is an Equal Opportunity employer. Minorities, women, veterans, and individuals with disabilities are encouraged to apply.","","https://www.indeed.com/cmp/Hendrick-Automotive-Group","https://d2q79iu7y748jz.cloudfront.net/s/_squarelogo/256x256/67e617fe9f323ec696a1b2b3bbd3dc79","https://www.hendrickcars.com","Charlotte, NC","10,000+","more than $10B (USD)","Hendrick Automotive Group currently operates 95+ dealerships and 28 collisions centers in 14 states across the United States. ","","","","","",""
"in-d8d1097b98931d6d","indeed","https://www.indeed.com/viewjob?jk=d8d1097b98931d6d","https://originbank.wd1.myworkdayjobs.com/en-US/Careers/job/Texas---Remote/Robotics-Process-Automation-Developer-II_R-2422","Robotics Process Automation Developer II","Origin Bank","TX, US","2026-05-28","fulltime","","","","","",True,"","","","","***Your Career. Your Story. Let's Write the Next Chapter Together.***
=====================================================================


At Origin Bank, a job isn't just a paycheck \\- it's a meaningful journey. We're committed to helping you grow both professionally and personally in an environment where people come first. We offer a competitive total rewards package, including generous benefits and compensation tailored to your skills, experience, and education.


What truly sets us apart is our people\\-first culture. Here, you'll be supported by unique initiatives like our Dream Manager program, one\\-on\\-one guidance from a nationally certified health and wellness coach, and free access to certified financial professionals who are here to help you plan for your future.


If you're looking for a career that empowers you to make meaningful connections, positively impact others, and pursue your personal and professional dreams\\-we'd love to meet you. Apply today and start the most rewarding chapter of your career with us.


**Job Description**


The Robotics Process Automation (RPA) Developer II designs, develops, and supports scalable automation solutions that drive operational efficiency and reduce manual effort across the bank. This role partners closely with business and technology teams to identify opportunities, deliver automation solutions, and enhance existing processes. The position plays a key role in advancing Origin Bank’s automation strategy through reliable execution, strong documentation, and continuous improvement of RPA capabilities. This role operates with moderate independence, contributing to solution design and supporting the full automation lifecycle from development through production support.
Word

**Duties and Responsibilities**
-------------------------------

* Designs, builds, and enhances automation solutions using RPA platforms with limited supervision, including independent delivery of small\\-to\\-medium complexity automations.
* Collaborates with business stakeholders to gather requirements and translate them into automation workflows and technical designs.
* Executes testing plans, validates automation performance, and communicates results to stakeholders.
* Designs automations with appropriate exception handling, logging, and recovery mechanisms to ensure reliability and resiliency.
* Monitors the Blue Prism control room, triages exceptions, and determines resolution actions, including escalation where appropriate.
* Supports production automations and participates in issue resolution and root cause analysis.
* May participate in an on\\-call or modified schedule to support control room coverage and business continuity.
* Works within a structured development lifecycle, including development, testing, deployment, and post\\-production support.
* Integrates automation solutions with APIs, databases, and file\\-based systems as needed to support business processes.
* Maintains comprehensive technical documentation for processes, objects, and supporting materials in accordance with departmental standards.
* Follows RPA best practices and contributes to improvements in standards, governance, and operating procedures.
* Identifies opportunities to improve process efficiency and scalability.
* Shares automation knowledge and provides guidance to team members to support skill development and consistency in delivery.

**Qualifications** To perform this job successfully, an individual must be able to perform each essential duty satisfactorily. The requirements listed below are representative of the knowledge, skill, and/or ability required. Reasonable accommodation may be made to enable individuals with disabilities to perform the essential functions.

* Bachelor’s degree in Information Technology, Computer Science, Business Information Systems, Engineering, or a related field, or equivalent relevant experience
* 2–4 years of experience in a business\\-facing IT, automation, systems, or process improvement role, including experience analyzing and improving business processes
* Demonstrated ability to develop, test, deploy, and support technical solutions within a structured development lifecycle
* Strong interpersonal and communication skills, with the ability to collaborate effectively across business and technical teams.
* Experience working with stakeholders to identify automation opportunities and translate requirements into solutions

**Preferred Qualifications:**

* 2\\+ years of experience with RPA platforms (e.g., Blue Prism)
* Experience with one or more programming or scripting languages (e.g., Python, VBA, Java)
* Experience working with APIs (REST/SOAP) and system integrations
* Experience with data handling and analysis (e.g., Excel, SQL, file\\-based processing)

**Bank Culture/Customer Service Skills**

Promotes the Bank’s culture, including support of our Brand Promise and Core Values.


Exercises sound judgment in interactions and communication with employees, customers, and supervisors. Delivers service to internal and external customers, including the community and public, in a manner that reflects strong customer relationships and supports the overall marketing efforts of Origin Bank.

**Physical Demands** While performing the duties of this job, the employee is frequently required to stand, walk, sit, use hands to finger, handle, or feel, and talk or hear. The employee is occasionally required to reach with hands and arms; climb or balance; and stoop, kneel, crouch, or crawl. The employee must regularly lift and/or move up to 10 pounds, frequently lift and/or move up to 25 pounds, and occasionally lift and/or move up to 50 pounds. Specific vision abilities required by this job include close vision, distance vision, and the ability to adjust focus.

**Work Environment**

The work environment characteristics described here are representative of those an employee encounters while performing the essential functions of this job. Reasonable accommodations may be made to enable individuals with disabilities to perform the essential functions.  

  

This position operates in a professional banking environment and routinely uses standard office equipment and digital tools such as secure financial systems, computers, phones, photocopiers, and scanners. The role requires maintaining a high level of professionalism, confidentiality, and attention to detail in all interactions.


This job description reflects management's assignment of essential functions. It does not prescribe or restrict the tasks that may be assigned. Origin Bank shall, in its discretion, modify or adjust the position to meet the Bank’s changing needs. This job description is not a contract and may be adjusted as deemed appropriate in the Bank’s sole discretion.


Word


Remote positions are intended to be filled in states within our footprint, which includes: Alabama, Florida, Louisiana, Mississippi, and Texas. Any exception to this policy requires further regulatory review and approval by management.


Word


Equal Opportunity Employer. All qualified applicants will receive consideration for employment without regard to race, color, religion, sex, sexual orientation, gender identity, national origin, age, pregnancy, genetic information, disability, status as a protected veteran, or any other protected category under applicable federal, state, and local laws. Know Your Rights","Banks And Financial Services","https://www.indeed.com/cmp/Origin-Bank","https://d2q79iu7y748jz.cloudfront.net/s/_squarelogo/256x256/29ea0d6a068d9cd65e80b5d0986cf3dc","https://www.ctbonline.com","Ruston","201 to 500","$100M to $500M (USD)","","","","","","",""
"in-159897af7553d264","indeed","https://www.indeed.com/viewjob?jk=159897af7553d264","https://www.usaajobs.com/job/san-antonio/model-validator-mid-level-fraud-aml/1207/95682420320","Model Validator (Mid-Level) - Fraud/AML","USAA","San Antonio, TX, US","2026-05-28","fulltime","direct_data","yearly",93770.0,179240.0,"USD",True,"","","","","**Location** San Antonio, Texas; Charlotte, North Carolina; Colorado Springs, Colorado; Phoenix, Arizona; Plano, Texas; Tampa, Florida
**Job ID**
R0117755
**Date posted**
05/28/2026
**Why USAA?**


At USAA, our mission is to empower our members to achieve financial security through highly competitive products, exceptional service and trusted advice. We seek to be the \\#1 choice for the military community and their families.


Embrace a fulfilling career at USAA, where our core values – honesty, integrity, loyalty and service – define how we treat each other and our members. Be part of what truly makes us special and impactful.


We are proud to support active\\-duty military spouses. USAA roles may offer remote or hybrid flexibility for active\\-duty military spouses consistent with applicable policy and business needs.

**The Opportunity**


As a dedicated **Model Validator (Mid\\-Level)**, you will execute model risk validation oversight for the life\\-cycle management of models which includes conducing model validation activities. Executes the model validation oversight process compliant with the written risk and compliance policies and procedures which require independence from model stewards (e.g., model owners, developers, implementers, users, and other stakeholders) throughout the lifecycle of the model's use and maintenance.


We offer a flexible work environment that requires an individual to be **in the office 4 days per week.** This position can be based in one of the following locations: San Antonio, TX, Plano, TX, Phoenix, AZ, Colorado Springs, CO, Charlotte, NC, or Tampa, FL. Relocation assistance is **not** available for this position.

**What you'll do:**

* Executes independent model validation control activities for lower risk, in\\-house and vendor, models. Conducts validation activities for low\\-risk, in\\-house models, and assists, under supervision and in collaboration with peers, on higher risk, complex and vendor models.
* Conducts back\\-testing, diagnostic testing, sensitivity analysis, benchmarking, and other validation tests/analyses on lower risk models; collaborates with senior\\-level validators for higher risk models.
* Executes and assists in replicating model development and may help develop challenger models through principles of predictive modeling, machine learning, time\\-series modeling/forecasting, stress testing, heuristic models, actuarial models, and/or other techniques.
* Reviews at a working experience level the end\\-to\\-end life\\-cycle management of model development, implementation, ongoing monitoring, and use in areas of Banking and Insurance (Property \\& Casualty and Life) along with their corresponding business support functions and operational processes.
* Assesses the materiality of model changes and conducts model change validations.
* Produces and delivers validation reports and related validation work to model validation management and model stakeholders.
* Executes the independent model validation process compliant with the written risk and compliance policies and procedures at a working experience level. Evaluates model risk control strengths around model development, implementation, and use.

**What you have:**

* 4 years of related work experience in model validation, model development, statistical analysis, and/or advanced quantitative research; OR advanced degree (e.g., Master's, PhD) in a quantitative field, such as Economics, Mathematics, Statistics, Actuarial Science, Data Science, Engineering, Computer Science, or Related Field with Core Quantitative Curriculum and 2 years of related work experience in model validation, model development, statistical analysis, and/or advanced quantitative research.
* Experience communicating verbally and in\\-writing quantitative/technical concepts and conclusions to non\\-technical audiences and senior leadership.
* Proficient programming skills in R, Python, SAS, Java, C, SQL, and/or other comparable programming languages for the iterative methodological tenants of model and algorithm development including setting model specifications, assumption testing, data quality assessments, variable selection, back\\-testing, benchmarking, and other robust model testing.
* Working Experience with statistical, econometric, data science, or predictive modeling approaches including Linear Regression; Time\\-Series/Forecasting; Logistic Regression; Machine Learning. Business context knowledge in operational and support functions of Banking and/or Insurance as well as associated modeling and analytics knowledge.

**What sets you apart:**

* US military experience through military service or a military spouse/domestic partner.
* Model development or validation in Fraud, Anti\\-Money Laundering (AML), Member Identity and Access Management.

**Compensation range:** The salary range for this position is: $93,770 \\- $179,240**.**

**USAA does not provide visa sponsorship for this role. Please do not apply for this role if at any time (now or in the future) you will need immigration support (i.e., H\\-1B, TN, STEM OPT Training Plans, etc.).**

**Compensation:** USAA has an effective process for assessing market data and establishing ranges to ensure we remain competitive. You are paid within the salary range based on your experience and market data of the position. The actual salary for this role may vary by location.


Employees may be eligible for pay incentives based on overall corporate and individual performance and at the discretion of the USAA Board of Directors.


The above description reflects the details considered necessary to describe the principal functions of the job and should not be construed as a detailed description of all the work requirements that may be performed in the job.

**Benefits:** At USAA our employees enjoy best\\-in\\-class benefits to support their physical, financial, and emotional wellness. These benefits include comprehensive medical, dental and vision plans, 401(k), pension, life insurance, parental benefits, adoption assistance, paid time off program with paid holidays plus 16 paid volunteer hours, and various wellness programs. Additionally, our career path planning and continuing education assists employees with their professional goals.


For more details on our outstanding benefits, visit our benefits page on USAAjobs.com.

*Applications for this position are accepted on an ongoing basis, this posting will remain open until the position is filled. Thus, interested candidates are encouraged to apply the same day they view this posting.*

*USAA is an Equal Opportunity Employer. All qualified applicants will receive consideration for employment without regard to race, color, religion, sex, sexual orientation, gender identity, national origin, disability, or status as a protected veteran.*","","https://www.indeed.com/cmp/Usaa","https://d2q79iu7y748jz.cloudfront.net/s/_squarelogo/256x256/d1504bcacd4baac8f250a4922dbc30e8","http://www.usaajobs.com","San Antonio, TX","10,000+","$25M to $100M (USD)","USAA is a financial services group that provides insurance, banking, retirement products and advice to the military community.","","","","","",""
"in-94c7e3f7e4dbf95c","indeed","https://www.indeed.com/viewjob?jk=94c7e3f7e4dbf95c","https://sintegleska.hireclick.com/jb/faculty-accounting/view/246433?utm_source=Indeed&utm_content=Feed","Faculty - Accounting","Sinte Gleska University","Mission, SD, US","2026-05-28","fulltime","","","","","",True,"","","","vijayakumar.chebrolu@sintegleska.edu","**Job Summary:**
All full\\-time faculty members have a responsibility to actively participate in an institution of higher learning to benefit and engage with students and colleagues in realizing the mission of Sinte Gleska University. This participation manifests in scholarship, service, and teaching.
**Duties \\& Responsibilities:**
* To teach a minimum of four (4\\) courses both Fall and Spring semesters, with a minimum of three (3\\) preparations. This includes courses in: Principles, Cost, Intermediate, Tax, Municipal and Governmental Accounting.
* Prepare and teach the required hours/semester for the academic year, with one class in the summer as per contract.
* Involvement and assist in curriculum planning, development and scheduling for Business Management.
* Classroom design, preparation, instruction, supervision, and other associated responsibilities, both in\\-person and in an online virtual classroom setting.
* Assessment of student performance, including the preparation, administration, grading, and evaluation of tests, papers, and examinations and the reporting of grades.
* Maintain 15 office hours per semester.
* Advise students and participate in the registration process as assigned. Conferences with, and academic advisement of, students outside of their registration needs.
* Keep current and professionally engaged in area of expertise.
* Engage with SGU functions such as departmental responsibilities, committee assignments, and other assignments in accordance with department and/or university mission.
* Conduct in\\-house and community seminars and short training sessions on various topics, conductive to job upgrade, limited to the excess working time after the above responsibilities have been fulfilled.
* Respect and adhere to other departmental/college/ internet service provider’s acceptable use policies.
* Along with support from peers and university mentors, utilize innovative and culturally responsive pedagogical approaches to enhance student learning experiences.
* Input into the selection and procurement of textbooks, and other materials for classroom or laboratory use.
* Other duties as assigned in the performance of his/her responsibilities and as mutually agreed upon to the benefit of Sinte Gleska University.



**Qualifications \\& Experience:**


* Faculty must possess at least eighteen (18\\) semester hours of undergraduate or graduate accounting courses.
* In addition, the applicant must meet one of the following requirements:
* Masters degree in Accountancy or equivalent or
* Be a PA or CPA or
* Bachelors degree in Accounting with two or more years of experience working in a accounting capacity.
* Experience is preferred in working with Native American students.
* Familiarity with reservation government and business is preferred.
* Faculty members work in a team oriented department and engage collegially with colleagues, staff and member of administration.
* Faculty must possess cultural competencies with reference to working with Lakota and Native American people and respective organizations within reservation boundaries.

**Confidentiality:**
The SGU employee agrees to maintain strict confidentiality regarding FERPA, HIPAA, and the contents of all Sinte Gleska University correspondence, student records, personnel files and fiscal data.
**Additional Information:**
Sinte Gleska University does not discriminate on the basis of race, color, national origin, sex, religious preference, age, handicap, marital status, political preference, or membership or non\\-membership in an employee organization, except as allowed by the Indian preference provision of the Civil Rights Act of 1964, as amended.
The SGU employee is responsible for ensuring that his/her personnel file is current with regard to official evidence of educational qualifications and experiences. Failure to do so prior to start of the contract year may result in not receiving compensation commensurate with claimed advancement in promotional steps.
To apply submit a completed SGU job application with a copy of your HS Diploma or equivalent, Resume, Transcripts, Verification of College Degree(s), Certificates, Driver License, Tribal ID or abstract. Submit completed application with attachments to the HR Department. For further information contact Vijayakumar Chebrolu, Human Resource Director @ SGU Administration Building or call 605\\-856\\-8261/email vijayakumar.chebrolu@sintegleska.edu. Applications are available on the SGU website under job opportunities. The position is open until filled. Incomplete applications will not be considered.  

\\#hc246433","","https://www.indeed.com/cmp/Sinte-Gleska-University","","http://www.sinte.edu","Mission, SD","51 to 200","$5M to $25M (USD)","","","","","","",""
"in-e98ded2230c70e07","indeed","https://www.indeed.com/viewjob?jk=e98ded2230c70e07","https://unm.csod.com/ux/ats/careersite/18/home/requisition/36829?c=unm","Temp Part-Time Faculty in Mathematics & Statistics","University of New Mexico","Gallup, NM, US","2026-05-28","temporary, parttime","","","","","",False,"","","","","**Temp Part\\-Time Faculty in Mathematics \\& Statistics**
--------------------------------------------------------


**Posting Number** req36829  

**Employment Type** Faculty  

**Faculty Type** Adjunct  

**Hiring Department** Gallup Branch  

**Academic Location** Gallup Branch  

**Campus** Gallup  

**Benefits Eligible** Adjunct faculty may be eligible to receive certain UNM benefits in some cases. See the Benefits home page for more information.  

**Position Summary****PLEASE NOTE: This position is for the UNM\\-Gallup Branch, located in Gallup, NM, approximately 138 miles west of Albuquerque, NM**.  

  

University of New Mexico\\-Gallup Branch, Math, Business, Science, and Technology Division, anticipates hiring adjunct faculty to teach face\\-to\\-face and/or develop lower division courses (100 \\- 2000 level) in the Fall 2026 and Spring 2027 semesters in the following anticipated potential disciplines:  

  

**Mathematics:**

* Pre\\-Algebra \\- Math 099
* Introduction to Algebra \\- MATH 100
* Intermediate Algebra \\- MATH 1215
* College Algebra \\- MATH 1220
* Mathematics for Teachers I \\- MATH 1110
* Mathematics for Elementary and Middle School Teachers I \\- MATH 1118
* Mathematics for Middle School Teachers \\- MATH 2115
* Mathematics for Elementary and Middle School Teachers III \\- MATH 2118
* Trigonometry \\- MATH 1230
* Pre\\-Calculus \\- MATH 1240
* Application Calculus I \\- MATH 1430
* Calculus I \\- MATH 1512
* Calculus II \\- MATH 1522
* Calculus III \\- MATH 2530

**Statistics**

* Introduction to Statistics \\- MATH 1350


UNM Gallup is a two\\-year branch campus of the University of New Mexico located approximately 138 miles west of Albuquerque. The University of New Mexico established branch colleges to provide the highest quality of education for students pursuing post\\-secondary education at different locations throughout the state. Branch colleges respond specifically to the unique needs and multicultural backgrounds of their respective communities by offering community education programs, career and technical education including certificate and associate degree programs, and transfer programs that prepare students for upper division entry into colleges and universities.  

  

The Math, Business, Science, and Technology Division at UNM Gallup Branch is seeking qualified temporary part\\-time faculty members to teach lower division classes in various courses or topics as specified above. UNM Gallup instructors are responsible for all aspects of any class they are teaching including but not limited to meeting face\\-to\\-face with the class during assigned times that may include evenings or weekends, content delivery, assignment development, grading assignments, reporting of grades, and assessment of student learning as outlined by the division chair.  

  

Positions are contingent upon need each semester as determined by student enrollment levels, current course offering matrix, and demand driven by graduation requirements. Positions may be filled or eliminated each semester up to the deadline for students to drop or add courses. Candidates who are selected for these positions will report to the division chair.  

  

**Wages**  

Adjunct Faculty are currently compensated on the basis of their credentials and credit hour course loads.
  

  

**Best Consideration Dates**  

For best consideration please apply by these dates:  

July 04, 2026 for Fall 2026 Semesters
  

November 14, 2026 for Spring 2027 Semester

  

**Qualifications****Minimum Qualifications:**

* Master’s Degree in the discipline or subfield for which you are applying.
* A master’s degree or higher in a discipline other than that for which you are applying, and successful completion of at least 18 graduate credit hours in an accredited program in the discipline or subfield for which you are applying.

**Preferred Qualifications:**

* PhD, ABD, or EdD in Mathematics, Mathematics Education or related field.
* At least one (1\\) year of successful teaching experience at the community college level.
* A demonstrated commitment to cultivate an understanding of the rich and varied cultures of New Mexico and to the success of the university’s mission to serve local and global communities.
  

**Application Instructions**
Only applications submitted through the official UNMJobs site will be accepted. If you are viewing this job advertisement on a 3rd party site, please visit UNMJobs to submit an application.


Please submit the following materials to your online application: 1\\.) An updated curriculum vitae; 2\\.) Transcript(s) sufficient to assess minimum qualifications; 3\\.) Cover Letter indicating which discipline(s) you are interested in teaching, the days/times you are available to teach, and how your education satisfies the minimum qualifications criteria; and 4\\.) Three professional references and their contact information (phone number and/or email address). Each of these items MUST be uploaded for applicant consideration. When submitting your application materials, please ensure all attachments are provided in PDF format for optimal viewing and processing.
Applicants who are appointed to a UNM faculty position are required to provide an official certification of successful completion of all degree requirements prior to their initial employment with UNM.

  

  

**For Best Consideration** This posting will remain active until . Anyone who applies for a position under this posting will automatically be considered for openings in subsequent semesters unless they indicate in their cover letter that they are not interested in teaching in specific semesters.  

The University of New Mexico is committed to hiring and retaining a diverse workforce. We are an Equal Opportunity Employer, making decisions without regard to race, color, religion, sex, sexual orientation, gender identity, national origin, age, veteran status, disability, or any other protected class.","Education And Schools","https://www.indeed.com/cmp/University-of-New-Mexico","https://d2q79iu7y748jz.cloudfront.net/s/_squarelogo/256x256/81d5831172ad495121b9e388f11e6ba1","https://www.unm.edu","1 University of New Mexico
Albuquerque, NM 87131","10,000+","$1B to $5B (USD)","","","","","","",""
"in-6920ea675e7d800d","indeed","https://www.indeed.com/viewjob?jk=6920ea675e7d800d","https://brookshires.wd108.myworkdayjobs.com/BGC/job/PALMERTX---428-N-DALLAS-STREET/Operations-Manager_JR5849","Operations Manager","Brookshire Grocery Company","Palmer, TX, US","2026-05-28","fulltime","","","","","",False,"","","","","At Brookshire Grocery Company (BGC), we’re not just about business—we’re about building a community where you can thrive. Based in Tyler, Texas, BGC is home to five unique banners—Brookshire's Grocery Company, Super 1 Foods, Spring Market, Fresh by Brookshire's, and Reasor's—operating over 215 \\+ stores across Texas, Louisiana, Arkansas, and Oklahoma.  

  

We’re all about creating a workplace where you can thrive. At BGC, you matter, your contributions are celebrated, and your future is unlimited. Whether you're launching your career or ready to level up, you’ll find a supportive team, endless growth opportunities, and a chance to make an impact.  

  

Here’s what sets us apart:

* **Wellness that works for you:** Comprehensive medical, vision, dental, and prescription coverage.
* **Flexibility and freedom:** Paid time off to relax, recharge, and enjoy life.
* **Ownership that empowers:** 401(k) plan to help you build a solid future that the Company contributes to.
* **Savings for your lifestyle:** Exclusive employee discounts on the things you need most.
* **Investing in your dreams:** Scholarships and educational support to fuel your growth.
* **Adventure awaits:** Access to a 205\\-acre outdoor recreation area for unwinding, connecting, and having fun.

  

When you join BGC, you’re not just starting a job—you’re becoming part of something bigger. We’re here to support your goals, inspire your journey, and celebrate your wins.

**Job Summary:**


Provides oversight in all areas of the store to assist Store Director with operating a convenient, friendly, and clean shopping experience. Leads and provides guidance to Service Specialists and performs training as needed.

**Essential Duties and Responsibilities:**

* Carries out management responsibilities including interviewing, hiring, training and developing partners; planning, assigning, and directing work; appraising performance, rewarding, and disciplining partners; scheduling, addressing complaints, and resolving problems.
* Reviews historical data to predict future sales from ads and promotions. Manages inventory using item management processes to ensure satisfactory in\\-stock levels. Reviews profit and loss, sales, shrink, and labor data; provides verbal or written summary to upper management regarding any related issues.
* Checks inventory on trucks, unloads products, and ensures accuracy of inventory, product ordering, and associated paperwork.
* Opens/closes store as assigned, ensuring proper procedures are followed.
* Inspects product for quality control and food safety standards; adheres to all governmental product origin labeling.
* Prepares, makes, and verifies accuracy of store deposits and change orders. Balances register tills and remains current on tender policies and procedures related to checks, credit, debit, coupons, EBT, WIC, AML, etc.
* Notifies Store Director of efficient process improvement opportunities.
* Verifies accurate pricing through communication with operations support and through the use of hand\\-held scanners.
* Maintains clean, safe and sanitary working and shopping environment by adhering to Company safety procedures.
* Maintains a friendly and customer service\\-oriented attitude by greeting customers, answering questions, and responding to complaints. Assists customers with locating and selecting products.

**Knowledge, Skills and Abilities:**

* Intermediate knowledge of retail grocery store operations.
* Intermediate knowledge of cash register.
* Basic knowledge of WFM (Workforce Management).
* Basic knowledge of SAP for reporting purposes.
* Basic knowledge of anti\\-money laundering (AML) regulations.
* Basic knowledge of on\\-site fuel station procedures.
* Basic mathematical skills.
* Ability to lead and motivate others.
* Ability to effectively communicate (in written and verbal form) with customers and partners.
* Ability to multi\\-task and work in a fast\\-paced environment.
* Ability to maintain high levels of confidentiality regarding sensitive information.
* Ability to organize, prioritize, and manage time.
* Ability to perform basic Microsoft Office functions.
* Ability to count and calculate for the purpose of cash handling and sales transactions.
* Ability to safely work with sharp objects such as knives, box cutters, etc.
* Ability to operate manual or electric pallet jack.
* Ability to safely operate and maintain department equipment.
* Ability to use precision hand tools.
* Ability to learn new technology systems, methods and processes.
* Ability to work flexible schedules including nights, weekends and holidays.
* Must be attentive to potential hazards and remedy or place appropriate warning signs or devices around or near the hazard as soon as is reasonably possible.
* Must report any potential hazards that cannot be immediately remedied to a supervisor.

**Education, Experience and Qualifications:**

* High school Diploma or GED required.
* Minimum of 18 years of age required.
* Partners must be 21 years of age or older to drive for Company business in accordance with the BGC Business Driver Policy.
* Two or more years of related experience; or an equivalent combination of experience and/or higher education required.
* TABC/LACT/AATC certification required.
* Food Handler certification required.
* Fuel Operator C training required.
* Manager Food Safety certification required.
* Anti\\-Money Laundering (AML) certification required.
* Health Insurance Portability and Accountability Act (HIPAA) certification required.

**Physical Demands:**

* Continuously required to use close vision, distance vision, depth perception or the ability to focus.
* Continuously required to stand or walk.
* Frequently required to talk and hear.
* Frequently required to use hands for reaching, touching or handling.
* Frequently required to push, pull, maneuver or lift objects up to 40 lbs.
* Frequently required to bend, kneel or squat.
* Occasionally required to use fine finger movements (ex. sorting and typing).
* Occasionally required to push, pull, maneuver or lift objects up to 65 lbs.
* Occasionally required to climb, balance, stoop or crawl.
* Attendance at work is required.

**Work Context and Environment:**

* Work is generally performed in a retail store.
* Occasionally exposed to extreme cold conditions (non\\-weather).
* Occasionally exposed to extreme heat conditions (non\\-weather).
* Occasionally exposed to wet, slippery or damp conditions.
* Occasionally exposed to outside temperatures and weather.
* Occasionally exposed to cleaning agents.
* Quiet to moderate noise level.


Ready to find your place? BGC is “A Career Where You Belong.”
  

  

Brookshire Grocery Company strives to provide a safe, drug and alcohol\\-free environment for its partners and customers. The Company is an Equal Opportunity Employer and makes employment decisions without regard to race, color, religion, sex (including pregnancy, gender identity and sexual orientation), national origin, age , disability, genetic information or military status and any other trait protected by law.","Retail","https://www.indeed.com/cmp/Brookshire-Grocery-Company","https://d2q79iu7y748jz.cloudfront.net/s/_squarelogo/256x256/70b87adcd954081a5b158ec7c2aed0e2","http://www.brookshires.com","1600 W. South West Loop 323
Tyler TX, 75701","10,000+","$1B to $5B (USD)","","","","","","",""
"in-4dcc1649c3b1a589","indeed","https://www.indeed.com/viewjob?jk=4dcc1649c3b1a589","https://brookshires.wd108.myworkdayjobs.com/BGC/job/TylerTX---1600-WSW-Loop-323/Category-Specialist_JR5817","Category Specialist","Brookshire Grocery Company","Tyler, TX, US","2026-05-28","fulltime","","","","","",False,"","","","","At Brookshire Grocery Company (BGC), we’re not just about business—we’re about building a community where you can thrive. Based in Tyler, Texas, BGC is home to five unique banners—Brookshire's Grocery Company, Super 1 Foods, Spring Market, Fresh by Brookshire's, and Reasor's—operating over 215 \\+ stores across Texas, Louisiana, Arkansas, and Oklahoma.  

  

We’re all about creating a workplace where you can thrive. At BGC, you matter, your contributions are celebrated, and your future is unlimited. Whether you're launching your career or ready to level up, you’ll find a supportive team, endless growth opportunities, and a chance to make an impact.  

  

Here’s what sets us apart:

* **Wellness that works for you:** Comprehensive medical, vision, dental, and prescription coverage.
* **Flexibility and freedom:** Paid time off to relax, recharge, and enjoy life.
* **Ownership that empowers:** 401(k) plan to help you build a solid future that the Company contributes to.
* **Savings for your lifestyle:** Exclusive employee discounts on the things you need most.
* **Investing in your dreams:** Scholarships and educational support to fuel your growth.
* **Adventure awaits:** Access to a 205\\-acre outdoor recreation area for unwinding, connecting, and having fun.

  

When you join BGC, you’re not just starting a job—you’re becoming part of something bigger. We’re here to support your goals, inspire your journey, and celebrate your wins.

**Job Summary:**


Maintains data integrity, accuracy, and ensures adherence to Company standards within the systems. Validates all submitted information to make required adjustments to accurately set up new items and vendors, manage item changes, and ensure the seamless import and validation of electronic data files into SAP.

**Essential Duties and Responsibilities:**

* Performs mass item maintenance activities, including strategic changes in collaboration with Category Managers.
* Maintains accurate updates across all systems for new categories or sub\\-categories created within the category management department to support strategic growth initiatives.
* Oversees and validates electronic files from vendors, ensuring data accuracy and timeliness for impactful decision\\-making.
* Monitors site and tax code maintenance, and executes changes related to tax codes on articles, aligning with financial strategies.
* Facilitates the implementation of deals and cost changes within SAP systems to optimize profitability.
* Monitors and resolves critical category management data issues, supporting new store openings and closures with precision.
* Monitors and resolves complex article issues, escalating as necessary to ensure seamless operations.
* Collaborates closely with category management and cross\\-functional teams to streamline vendor and product\\-related workflows.
* Supports system testing efforts by providing expert guidance on setting up and validating test data, ensuring robust system performance.
* Monitors, researches and resolves intricate inquiries from retail partners regarding ad pricing and scanning communication, ensuring alignment with promotional strategies.
* Conducts validation of electronic data files submitted by category management personnel and suppliers, maintaining high standards of data integrity.
* Communicates item\\-specific details, such as ad pricing and scanning information, to retail partners through strategic channels.
* Researches and provides detailed insights to the accounting department to resolve billing discrepancies, optimizing financial processes.
* Serves as a primary point of contact for vendor inquiries and concerns, including setting up new vendors and facilitating access to BGC portals with a focus on efficiency and compliance.
* Monitors and analyzes JDA validation reports from merchandising, proactively addressing store reset needs and ensuring updates to enhance operational efficiency.

**Knowledge, Skills and Abilities:**

* Intermediate knowledge of SAP reporting and transactional applications.
* Basic knowledge of Microsoft Office applications including Excel, Access, Word, Outlook and PowerPoint.
* Basic mathematical skills for calculating discounts, interest, and percentages.
* Ability to maintain a high level of accuracy and productivity.
* Ability to maintain confidentiality regarding sensitive information.
* Ability to prepare reports and business correspondence.
* Ability to research information, establish facts and draw valid conclusions.
* Ability to communicate effectively in written and verbal form.
* Ability to comprehend and interpret information.
* Ability to learn new technology systems, methods and processes.
* Ability to reason, form concepts and recognize and solve problems.
* Ability to show information in presentation or diagram form.
* Ability to work flexible schedules including nights, weekends and holidays.
* Must be attentive to potential hazards and remedy or place appropriate warning signs or devices around or near the hazard as soon as is reasonably possible.
* Must report any potential hazards that cannot be immediately remedied to a supervisor.

**Education, Experience and Qualifications:**

* Associate’s degree in related field and two or more years of related experience; or an equivalent combination of experience and/or higher education required.
* Partners must be 21 years of age or older to drive for Company business in accordance with the BGC Business Driver Policy.

**Physical Demands:**

* Continuously required to use close vision, distance vision, depth perception or the ability to focus.
* Frequently required to talk and hear.
* Frequently required to use hands for reaching, touching or handling.
* Frequently required to use fine finger movements (ex. sorting and typing).
* Frequently required to sit for long periods of time.
* Occasionally required to push, pull, maneuver or lift objects up to 40 lbs.
* Occasionally required to bend, kneel or squat.
* Occasionally required to stand or walk.
* Attendance at work is required.

**Work Context and Environment:**

* Work is generally performed in an office environment.
* Quiet to moderate noise level.


Ready to find your place? BGC is “A Career Where You Belong.”
  

  

Brookshire Grocery Company strives to provide a safe, drug and alcohol\\-free environment for its partners and customers. The Company is an Equal Opportunity Employer and makes employment decisions without regard to race, color, religion, sex (including pregnancy, gender identity and sexual orientation), national origin, age , disability, genetic information or military status and any other trait protected by law.","Retail","https://www.indeed.com/cmp/Brookshire-Grocery-Company","https://d2q79iu7y748jz.cloudfront.net/s/_squarelogo/256x256/70b87adcd954081a5b158ec7c2aed0e2","http://www.brookshires.com","1600 W. South West Loop 323
Tyler TX, 75701","10,000+","$1B to $5B (USD)","","","","","","",""
"in-e71c66fa19eaa36c","indeed","https://www.indeed.com/viewjob?jk=e71c66fa19eaa36c","https://brookshires.wd108.myworkdayjobs.com/BGC/job/GroesbeckTX---519-East-Yeagua/Inventory-Specialist_JR5820","Inventory Specialist","Brookshire Grocery Company","Groesbeck, TX, US","2026-05-28","fulltime","","","","","",False,"","","","","At Brookshire Grocery Company (BGC), we’re not just about business—we’re about building a community where you can thrive. Based in Tyler, Texas, BGC is home to five unique banners—Brookshire's Grocery Company, Super 1 Foods, Spring Market, Fresh by Brookshire's, and Reasor's—operating over 215 \\+ stores across Texas, Louisiana, Arkansas, and Oklahoma.  

  

We’re all about creating a workplace where you can thrive. At BGC, you matter, your contributions are celebrated, and your future is unlimited. Whether you're launching your career or ready to level up, you’ll find a supportive team, endless growth opportunities, and a chance to make an impact.  

  

Here’s what sets us apart:

* **Wellness that works for you:** Comprehensive medical, vision, dental, and prescription coverage.
* **Flexibility and freedom:** Paid time off to relax, recharge, and enjoy life.
* **Ownership that empowers:** 401(k) plan to help you build a solid future that the Company contributes to.
* **Savings for your lifestyle:** Exclusive employee discounts on the things you need most.
* **Investing in your dreams:** Scholarships and educational support to fuel your growth.
* **Adventure awaits:** Access to a 205\\-acre outdoor recreation area for unwinding, connecting, and having fun.

  

When you join BGC, you’re not just starting a job—you’re becoming part of something bigger. We’re here to support your goals, inspire your journey, and celebrate your wins.

**Job Summary:**

Responsible for monitoring and maintaining accurate inventory levels within the Inventory Management System. Greets and engages customers consistent with our Core Value of “Jump Over the Counter Service Excellence”.

**Essential Duties and Responsibilities:**

* Performs stock counts in the Inventory Management System daily to ensure accuracy of product balances on hand.
* Maintains accurate inventory levels through proper ordering and receiving of product.
* Ensures all pending inventory transactions are reviewed and completed daily.
* Communicates with store director on inventory levels; researches any shortages and corrects unacceptable shelf conditions.
* Ensures product levels are maintained and replenished on shelves.
* Maintains clean, safe and sanitary working and shopping environment by adhering to Company safety procedures. Complies with all Company policies and procedures.
* Provides friendly and customer service\\-oriented attitude by greeting customers, answering questions, and responding to customer complaints.
* Takes precautionary safety measures when using equipment and work tools.
* Assists with all other assigned duties, including period and bi\\-annual inventory service counts.

**Knowledge, Skills and Abilities:**

* Intermediate knowledge of the company's backroom organization standards.
* Basic knowledge of product placement.
* Basic mathematical skills.
* Basic knowledge of Microsoft Office applications including Excel, Word, and Outlook.
* Ability to comprehend and interpret information.
* Ability to learn new technology systems, methods and processes.
* Ability to reason, form concepts and recognize and solve problems.
* Ability to communicate effectively in written and verbal form.
* Ability to prepare reports and business correspondence.
* Ability to organize, prioritize and manage time.
* Ability to work in a fast\\-paced production environment.
* Ability to maintain a high level of accuracy and productivity.
* Ability to use knives/box cutters.
* Ability to operate a pallet jack/bailer.
* Ability to work flexible schedules including nights, weekends and holidays.
* Must be attentive to potential hazards and remedy or place appropriate warning signs or devices around or near the hazard as soon as is reasonably possible.
* Must report any potential hazards that cannot be immediately remedied to a supervisor

**Education, Experience and Qualifications:**

* Minimum of 18 years of age required.
* Partners must be 21 years of age or older to drive for Company business in accordance with the BGC Business Driver Policy.
* High school Diploma or GED and one or more years of related experience preferred.

**Physical Demands:**

* Occasionally required to push, pull, maneuver or lift objects up to 55 lbs.
* Frequently required to talk and hear.
* Frequently required to use hands for reaching, touching or handling.
* Frequently required to bend, kneel or squat.
* Continuously required to use close vision, distance vision, depth perception or the ability to focus.
* Continuously required to use fine finger movements (ex. sorting and typing).
* Continuously required to stand or walk.
* Attendance at work is required.

**Work Context and Environment:**

* Frequently exposed to extreme cold conditions (non\\-weather).
* Frequently exposed to extreme heat conditions (non\\-weather).
* Work is generally performed in a retail store.
* Noise level varies.


Ready to find your place? BGC is “A Career Where You Belong.”
  

  

Brookshire Grocery Company strives to provide a safe, drug and alcohol\\-free environment for its partners and customers. The Company is an Equal Opportunity Employer and makes employment decisions without regard to race, color, religion, sex (including pregnancy, gender identity and sexual orientation), national origin, age , disability, genetic information or military status and any other trait protected by law.","Retail","https://www.indeed.com/cmp/Brookshire-Grocery-Company","https://d2q79iu7y748jz.cloudfront.net/s/_squarelogo/256x256/70b87adcd954081a5b158ec7c2aed0e2","http://www.brookshires.com","1600 W. South West Loop 323
Tyler TX, 75701","10,000+","$1B to $5B (USD)","","","","","","",""
"in-fc58f75900c2e259","indeed","https://www.indeed.com/viewjob?jk=fc58f75900c2e259","https://workforcenow.adp.com/mascsr/default/mdf/recruitment/recruitment.html?cid=a514fa2f-d9f3-4d40-99fb-28d956698e2f&ccId=19000101_000001&jobId=578946&source=IN&lang=en_US","Software Engineer Intermediate","E-INFOSOL LLC","Washington, DC, US","2026-05-28","","direct_data","yearly",163000.0,171000.0,"USD",False,"","","","","**Salary Range: $163k\\-$171k**


PID: 26\\-17\\-09\\-000

**E\\-INFOSOL is seeking highly motivated and committed to high quality to provide innovative solutions to meet client’s mission requirements.**

 **Summary:**


As a Software Engineer Intermediate, you will collaborate with customers, often engaging directly with non\\-technical personnel, to understand their application related needs, suggest solutions, and complete work in a timely manner. This position performs activities associated with the implementation, integration, operations and support of computer systems in a mission\\-critical response operations environment.

 **Responsibilities:**

* Formulate/define specifications for complex operating software programming applications or modifies/maintains existing applications using engineering releases and utilities from the manufacture.
* Design, code, test, debug, and document those programs.
* Provide advanced mathematical/scientific software.
* Assist on all phases of software programming applications.
* Evaluate new and existing software products.
* Support operations and maintenance of legacy data processes leveraging Python, Java, MS Access, VBA, Groovy, PowerShell, Power Query, and JavaScript.
* Develop and maintain task workflow and analytic capability leveraging Groovy, Grails, React, Java, NodeJS, Python, Oracle, Elasticsearch and Dynamo DB.
* Provide operations and maintenance of proposed platform.

**Required Skills:**

* US citizenship with activeTop Secretclearance
* Bachelor's degree in Computer Science, Computer Engineering, or related degree.
* Minimum of two (2\\) years of relevant work experience
* Possess AWS Certified Solutions Architect\\-Associate orAWS CloudCertified Developer\\-Associate.
* Design, code, test, debug, and document those programs.
* Provide advanced mathematical/scientific software.
* Assist on all phases of software programming applications.
* Evaluate new and existing software products.

**Desired Skills:**

* Design, code, test, debug, and assist with the development of software as part of development team and / or independently.
* Perform O\\&M related tasks including but not limited to new feature scoping and development, reviewing usage and / or error logs to scope patches, conducting code refactoring, and producing supporting documentation.

 **About E\\-INFOSOL:**

  

E\\-INFOSOL is a Service Disabled and Veteran Owned Small Business (SDVOSB) located in the Washington, D.C. metropolitan area. We specialize in building modern and tailored solutions to support our customers’ mission. As a mission\\-first organization, we deliver Subject Matter Expertise (SME) in cloud computing, virtualization, cyber security, software development and data services. We support the Intelligence Community, Department of Defense, Federal Law Enforcement, Civilian Agencies and the Private Sector.

  

Through strategic partnerships with top industry players such as Amazon Web Services (AWS), Broadcom, Microsoft and Cisco, E\\-INFOSOL provide an array of IT products and solutions. Combined with our industry expertise, we deliver in\\-depth knowledge on Government requirements and fully understand NIST and DoD security requirements. Our expertise in the latest technologies combined with our understanding of infrastructure needs and security requirements provides the best combination for achieving innovative and secure environments for Government Agencies and Private Sector.

 **Career Growth:**


“Putting People First, Achieving our Mission Together”. E\\-INFOSOL is a people\\-first organization focusing on a positive employee culture that inspires creativity and innovation in support of our customers. With opportunities such as reimbursement and bonuses based on completion of certifications, we invest in our employees’ career growth.

 **Benefits:**


Medical – 100% company paid premiums for employees with dependent options.


Dental and Vision


Retirement Savings (401k) up to 4% match


Health Savings Account (HSA), FSA and DCFSA


Company\\-paid Short/Long\\-term disability (w/ additional supplemental options)


Company\\-paid Life and AD\\&D (w/ additional supplemental options)


Generous Paid Time Off and ALL 11 Federal Holidays


Legal and Identity Protection Services


Bonuses for certifications and reimbursement


Employee Perks:


UberOne, Company Outings (Sporting events, Happy Hours, etc.), Discounts on services including Pet Insurance

 **Company Awards:**


SBA 8(a) Certified


SDVOSB


GSA Contract Holder


Inc. 5000

 **Equal Employment Opportunity Policy:**


E\\-INFOSOL LLC provides equal employment opportunities to all employees and applicants for employment and prohibits discrimination and harassment of any type without regard to race, color, religion, age, sex, national origin, disability status, genetics, protected veteran status, sexual orientation, gender identity or expression, or any other characteristic protected by federal, state, or local laws.


This policy applies to all terms and conditions of employment, including recruiting, hiring, placement, promotion, termination, layoff, recall, transfer, leaves of absence, compensation, and training.


Website: E\\-INFOSOL.com","","https://www.indeed.com/cmp/E--infosol-LLC-1","https://d2q79iu7y748jz.cloudfront.net/s/_squarelogo/256x256/e19e6df7d3c52e45208d3990f63ce6fd","http://www.e-infosol.com","","","","E-INFOSOL LLC is a Service Disabled Veteran and Minority owned small business that provides specialized IT cloud and security services.","","","","","",""
"in-e09f1c88f96ee5aa","indeed","https://www.indeed.com/viewjob?jk=e09f1c88f96ee5aa","https://careers.turing.com/job/6007382004","Fullstack Product Engineer","turing","New York, NY, US","2026-05-28","","direct_data","yearly",180000.0,220000.0,"USD",False,"","","","","Location: New York, New York, United States

**About Turing**
================



Based in San Francisco, California, Turing is the world’s leading research accelerator for frontier AI labs and a trusted partner for global enterprises looking to deploy advanced AI systems. Turing accelerates frontier research with high\\-quality data, specialized talent, and training pipelines that advance thinking, reasoning, coding, multimodality, and STEM. For enterprises, Turing builds proprietary intelligence systems that integrate AI into mission\\-critical workflows, unlock transformative outcomes, and drive lasting competitive advantage.



Recognized by Forbes, The Information, and Fast Company among the world’s top innovators, Turing’s leadership team includes AI technologists from Meta, Google, Microsoft, Apple, Amazon, McKinsey, Bain, Stanford, Caltech, and MIT. Learn more at www.turing.com

**Position Overview**



We’re looking for a Senior Product Engineer—a single, broad role that combines domain understanding, technical fluency, and architectural judgment, leveraging AI tools to deliver end\\-to\\-end across the stack. Product Engineers own features from concept through production: shaping requirements with business partners, designing the architecture, building the UI and backend, and integrating data and services.



This isn’t a traditional “full\\-stack developer” role. It’s a role for engineers who want to own outcomes, not just tickets—who can sit with a business user, understand the problem, make sound architectural decisions, and deliver a working solution that’s production\\-ready and maintainable.


**What You’ll Do**


* Own features end\\-to\\-end: from discovery and requirements shaping through architecture, implementation, testing, and production deployment.
* Partner directly with business stakeholders to understand workflows, pain points, and desired outcomes—then translate that into well\\-scoped, deliverable solutions.
* Make sound architectural decisions: choose the right patterns, data models, and integration approaches based on business context and technical tradeoffs.
* Build across the stack: backend services (Java/Spring), frontend components (Vue.js), API contracts, and data integrations.
* Leverage modern AI development tools (Claude Code, MCP, LLM APIs) to accelerate delivery—prototyping, code generation, analysis, and testing—while maintaining strong engineering judgment and validation.
* Contribute to platform quality: code reviews, testing discipline, observability, and documentation where it adds leverage.
* Mentor mid\\-level engineers through design conversations, pairing, and code review—raising the team’s ability to deliver independently.
* Navigate ambiguity: make pragmatic decisions with incomplete information and adjust course as understanding deepens.


**What We’re Looking For**


* 8\\+ years of software engineering experience with demonstrated ability to deliver features end\\-to\\-end across backend and frontend.
* Strong proficiency in Python and Java, with sound architectural instincts (when to build vs. reuse, how to decompose services, when to simplify).
* Fluency with modern AI development tools (Claude Code, MCP servers, LLM APIs) and an ability to use them productively while maintaining quality and correctness.
* Experience working directly with business stakeholders—not just taking tickets, but shaping requirements and validating solutions.
* The business context to make the right tradeoffs: you understand that technical decisions have business consequences and vice versa.
* Strong communication skills: you can explain technical decisions to non\\-technical partners and advocate for engineering quality without creating friction.
* A builder’s mindset: you prefer shipping working software over perfecting designs, while maintaining the quality bar for production systems.
* Experience in financial services, investment management


**Nice to Have**


* Familiarity with Vue.js or a modern frontend framework (React acceptable if you can ramp quickly on Vue).
* Experience with event\\-driven architecture, workflow orchestration, or data pipeline design.
* A track record of building internal tools or platforms that make other teams more productive.


**Location: New York, New York**


**Salary: 180k \\- 220k \\+ equity**

**Values**
----------


* **We are client first**: We put our clients at the center of everything we do, because their success is the ultimate measure of our value.
* **We work at Start\\-Up Speed:** We move fast, stay agile and favor action because momentum is the foundation of perfection
* **We are AI forward:** We help our clients build the future of Al and implement it in our own roles and workflow to amplify productivity.

**Advantages of joining Turing**
--------------------------------



* Amazing work culture (Super collaborative \\& supportive work environment; 5 days a week)
* Awesome colleagues (Surround yourself with top talent from Meta, Google, LinkedIn etc. as well as people with deep startup experience)
* Competitive compensation
* Flexible working hours

**Don’t meet every single requirement?** Studies have shown that women and people of color are less likely to apply to jobs unless they meet every single qualification. Turing is proud to be an equal opportunity employer. We do not discriminate on the basis of race, religion, color, national origin, gender, gender identity, sexual orientation, age, marital status, disability, protected veteran status, or any other legally protected characteristics. At Turing we are dedicated to building a diverse, inclusive and authentic workplace and celebrate authenticity, so if you’re excited about this role but your past experience doesn’t align perfectly with every qualification in the job description, we encourage you to apply anyways. You may be just the right candidate for this or other roles.","","https://www.indeed.com/cmp/Turing","https://d2q79iu7y748jz.cloudfront.net/s/_squarelogo/256x256/4d78744604e08e4a5f3f0c91eb9e78b1","https://turing.com/","1900 Embarcadero Road, Palo Alto - 94303","51 to 200","","","","","","","",""
"in-a8f778e506d4ab75","indeed","https://www.indeed.com/viewjob?jk=a8f778e506d4ab75","https://www.paycomonline.net/v4/ats/web.php/portal/96F58D060DBB8E87FFE6A206A755DC72/jobs/337400?source=Indeed","Junior Human Resource Specialist","GAP Solutions, Inc.","Herndon, VA, US","2026-05-28","fulltime","","","","","",True,"","","","recruiting@gapsi.com","**Position Objective:** As a Junior Human Resource Specialist, apply HR skills in support of managers, program staff and customers on the full range of HR topics including but not limited to staffing, classification, processing, benefits, recruitment, compensation, SES programs, work life programs, policy and employee and labor relations. In support of the Dept. of Homeland Security (DHS), U.S. Immigration and Customs Enforcement (ICE), Office of Human Capital (OHC), Human Resources Operations Center (HROC).


**Duties and Responsibilities:**




* Processing personnel and payroll actions, keying payroll documents, processing leave audits.
* Creating vacancy, retirement and payroll folders.
* Researching waiver and hearing requests.
* Scanning documents into various personnel record systems.
* Assisting with drafting SOP’s.
* Processing personal liability insurance reimbursement claims.
* Initiating tentative selection notifications, notice of results or disposition letter.
* Researching and compiling information on the full range of federal HR topics.
* Responding to and providing general HR guidance to applicants and staff, maintain employee files.
* Provide wide ranging administrative support to managers and program staff. Duties may include, but are not limited to:
	+ manage and coordinate calendars;
	+ screen phone calls and assist visitors;
	+ make travel arrangements;
	+ coordinate conference/meeting arrangements; prepares agendas, correspondence, and spreadsheets;
	+ opens and routes incoming mail;
	+ makes files, files information and maintains files in accordance with agency guidelines; and
	+ monitors office supply inventories, uploads documents to SharePoint and with drafting SOPS.
* Process complex cases involving pay, leave, time and attendance administration, waivers, and Federal Erroneous Retirement Coverage Correction Act (FERCCA) cases for agency employees. Research waiver and hearing requests.
* Conduct desk audits, review management requests for various position management and classification actions and prepare evaluation reports.
* Assist in developing guidance and other information training for managers and employees.
* Resolve pay\\-setting errors and discrepancies.
* Provide advice on base pay, overtime, or leave entitlements.




**Basic Qualifications:**

* Either a Bachelor’s Degree required OR:


can have 3 years of federal Human Resources experience as equivalent.

* When a Task Order includes tasks related to drug testing and site collection, the candidate must possess knowledge of Health and Human Services Guidelines for federal drug testing and possess a valid driver’s license. The contractor candidates must be capable of air travel.
* Must be U.S. citizen or Legal Permanent Resident and must currently reside in the United States or its Territories. Additionally, employees are required to have resided within the United States or its Territories for three or more years out of the last five.




**Minimum Qualifications:**




* Delegated Examining Certification and/or HRM Certificate from an accredited academic institution preferred.
* Intermediate to advanced technical proficiency in the full Microsoft Office Suite.
* Strong written and oral communication skills.
* Advanced presentation skills.
* Ability to work effectively within a group or individually.
* Advanced organization and leadership skills.
* Understanding and familiarity with industry best practices.
* Exceptional time management skills.
* Depending on the specific tasks, may be required to have advanced knowledge of NFC, eOPF, WebTA, SharePoint, Oracle, Java Script, SQL, and other information technology system.




* This job description is not designed to cover or contain a comprehensive listing of activities, duties or responsibilities that are required by this position.

To perform this job successfully, an individual must be able to perform each essential duty satisfactorily. The requirements listed above are representative of the knowledge, skill, and/or ability required. Reasonable accommodations may be made to enable individuals with disabilities to perform the essential functions.




GAP Solutions provides reasonable accommodations to qualified individuals with disabilities. If you need an accommodation to apply for a job, email us at recruiting@gapsi.com. You will need to reference the requisition number of the position in which you are interested. Your message will be routed to the appropriate recruiter who will assist you. Please note, this email address is only to be used for those individuals who need an accommodation to apply for a job. Emails for any other reason or those that do not include a requisition number will not be returned.




Qualified applicants will receive consideration for employment without regard to race, color, religion, sex, national origin, disability, protected veteran status or other characteristics protected by law.","Consulting And Business Services","https://www.indeed.com/cmp/Gap-Solutions,-Inc.","https://d2q79iu7y748jz.cloudfront.net/s/_squarelogo/256x256/6fce773ce7175b44f13b0c4807dd7470","http://www.gapsi.com/","205 Van Buren Street, Suite 205, Herndon, VA 20170","201 to 500","$25M to $100M (USD)","","","","","","",""
"in-9d15b839a485529b","indeed","https://www.indeed.com/viewjob?jk=9d15b839a485529b","https://gfs.wd5.myworkdayjobs.com/en-US/usjobs-gen-gfs/job/Lithia-Springs-Georgia/Industrial-Maintenance-Technician_R-52415-1","Industrial Maintenance Technician","Gordon Food Service","Lithia Springs, GA, US","2026-05-28","fulltime","direct_data","hourly",29.0,39.0,"USD",False,"","","","talent@gfs.com","Welcome to Gordon Food Service! We are excited that you are thinking about opportunities with us, and we have an amazing story to share. See below for a quick glance of who we are and the impact you could have on the food service industry. There's a seat at our table for you...


Job Description
**Second Shift Industrial Maintenance Technician**

**Location** : 1500 N River Rd Lithia Springs, GA


**Schedule** : Sunday \\- Thursday 8pm \\- 4am


**Pay** : Hourly pay, plus hourly incentives! Ranges from $29/hr. \\- $39/hr.


Pay is based on experience and assessed by your skillset. Your skills will be assessed during your interview.


**$2500\\.00 Sign Bonus paid out after 180 days. Restrictions apply!**

* Incentives based on experience
* Annual $500 tool allowance
* Annual $150 shoe allowance
* Uniforms provided and cleaned by GFS

The backbone of any organization is a team that is dedicated to keeping things in order. Our valued maintenance teams keep things running, our business in motion, and our customers successful. As a maintenance mechanic with Gordon Food Service, you’ll have the opportunity to be hands\\-on with building schematics/blueprints, hydraulics, electrical troubleshooting, HVAC systems, conveyor systems, building maintenance, cranes, hi\\-speed doors, and more. We have high standards for safety, stability, and training to ensure our people are safe and that our business is always running at top performance. We offer a clean organized parts room and we provide the heavier specialty tools; you just bring the basics. Be part of a skilled team that offers respect, expertise, and professional development!


**Total Rewards at GFS**

* Affordable benefits plans start day one!
* Weekly pay
* Wellness reimbursement
* Profit sharing \\& 401(k) with 4% company match
* Emergency child and elder care
* 95% of leadership is hired from within GFS \\- start your career here
* No travel required

**Required skills:**

Must have **3\\-4 years** experience. Example of GFS equipment's will be repairing pallet jacks, forklifts, cherry pickers, lift trucks , and conveyor systems, etc..


**Position Summary:**

* Performs preventative maintenance on building equipment and systems to ensure safe and efficient operation.
* Observes mechanical devices in operation, perform diagnostic routines and troubleshoots to locate root cause of problems and makes appropriate adjustments and repairs.
* Performs electrical diagnostics on equipment and makes necessary repairs based on the diagnosis.
* Dismantles devices to gain access to and remove defective parts using hoists, hand and power tools.
* Maintains a maintenance shop, storage closets and tool rooms in a neat and orderly fashion.
* Follows through and completes all work orders in assigned time period
* Maintains appropriate levels of material handling equipment inventory.
* Tracks and completes all preventative maintenance utilizing Maximo CMMS (computerized maintenance management system)
* Ensures compliance with OSHA and other federal, state, and local guidelines.
* Adheres to the mission and cornerstone values and applicable practices of the organization.
* Maintains knowledge of current trends and developments in the field by reading appropriate books, journals and other literature and attending related conferences, seminars, etc. Maintains peer relationships in the field to share issues and ideas.
* Other duties and responsibilities as assigned.

**Knowledge:**

* **Intermediate mechanical skills**


	+ Component identification
	+ Proper, and safe, use of hand tools
	+ Ability to perform basic PM’s after being shown
	+ Ability to explain proper lubrication on various equipment
	+ Ability to mechanically remove an electric motor, replace and align
	+ Ability to tear down and rebuild hydraulic, water or sewerage pump
	+ Ability to explain fire protection and building utility drawings (gas, electric, fire, etc..)
* **Intermediate electrical skills**


	+ Component identification
	+ Ability to use meter to check continuity
	+ Ability to use meter to check amp draw
	+ Ability to use meter to check voltage phase/phase and phase/neutral
	+ Ability to adequately explain the buildings arc flash study, safety measures and arc flash ratings
	+ Ability to properly explain the buildings one line diagram
	+ Ability to properly explain how to safely transfer to generator power using closed transition
	+ Ability to properly explain how to safely transfer to generator power using open transition

**Does this look like you?**

* You must be 18 years of age or older
* High school diploma or GED certificate
* Industrial equipment made by Crown Lift trucks\\-preferred
* Three years previous machine repair experience OR an equivalent combination of education and training. Previous experience in forklift repair
* You'll be asked to do work in high places, freezing cold spaces, inside/outside, and anywhere within the building where you are needed
* Successful passing of drug screen and background check
* Able to lift/move up to 100 lbs during your shift

Gordon Food Service encourages veterans and active military members to apply!


**BE PART OF AN AMAZING CULTURE WHERE WHAT MATTERS TO YOU, MATTERS TO US!**
---------------------------------------------------------------------------

Gordon Food Service values our customers and understands that their success is largely dependent upon their workforce. To demonstrate our commitment to our partnership, we will require any candidate who works for a Gordon Food Service customer to provide a letter of support from their management if they are selected for the interview process.


Equal Employment Opportunity is a matter of policy at Gordon Food Service, Inc. and we are committed to a work environment in which all individuals are treated with respect and dignity.


All qualified applicants will receive consideration for employment without regard to race, color, religion, sex, sexual orientation, gender identity, national origin, age, status as a protected veteran, or status as a qualified individual with disability. If you require reasonable accommodation for any part of the application or hiring process due to a disability, please submit your request to talent@gfs.com and use the words “Accommodation Request” in your subject line.


All Gordon Food Service locations are tobacco\\-free.


Gordon Food Service is a drug\\-free workplace and conducts pre\\-employment drug tests.","","https://www.indeed.com/cmp/Gordon-Food-Service","https://d2q79iu7y748jz.cloudfront.net/s/_squarelogo/256x256/d4c1e439cfff8bbf068c5386e868902f","https://www.gfs.com","Wyoming, MI","10,000+","more than $10B (USD)","Gordon Food Service® offers a broad range of employment opportunities throughout our corporate offices, distribution centers, and over 180 retail stores.","","","","","",""
"in-0d36643884663044","indeed","https://www.indeed.com/viewjob?jk=0d36643884663044","https://nchjobs.org/job/medical-asst-fam-med-bonita-beach-2","Medical Asst Fam Med Bonita Beach","NCH","Bonita Springs, FL, US","2026-05-28","","","","","","",False,"","","","","* **DEPARTMENT:** 67136 – Family Practice – Bonita Beach
* **LOCATION:** 3302 Bonita Beach Road, Bonita Springs, FL, 34134
* **WORK TYPE:**
* **WORK SCHEDULE:** 8 Hour Day

**ABOUT NCH**


NCH is an independent, locally governed non\\-profit delivering premier comprehensive care. Our healthcare system is comprised of two hospitals, an alliance of 700\\+ physicians, and medical facilities in dozens of locations throughout Southwest Florida that offer nationally recognized, quality health care.


NCH is transforming into an Advanced Community Healthcare System(TM) and we’re proud to: Provide higher acuity care and Centers of Excellence; Offer Graduate Medical Education and fellowships; Have endowed chairs; Conduct research and participate in national clinical trials; and partner with other health market leaders, like Hospital for Special Surgery, Encompass, and ProScan.


Join our mission to help everyone live a longer, happier, healthier life. We are committed to care and believe there's always more at NCH – for you and every person we serve together. Visit nchjobs.org to learn more.


**JOB SUMMARY**


The Medical Assistant is responsible for providing basic care to patients following established standards and practices.


**ESSENTIAL DUTIES AND RESPONSIBILITIES**


Other duties may be assigned.


* Fulfills patient care responsibilities as assigned, which may include checking schedules and organizing patient flow.


* Escorting patients to exam/procedure rooms. Observes, records and reports patient observations and reactions to drugs and treatments to providers.


* Assisting patients as needed with walking, transfers, dressing, collecting specimens, preparing for exam, etc.


* Collecting patient history including current medications, allergies, symptoms, etc.


* Provide patient care as directed by the provider; this may include screenings, treatments in accordance with established standards.


* Assisting providers with various procedures as needed.


* Documents in the Electronic Medical Record and relays information/instructions to patient/family. Documents all interventions, phone calls, patient/family responses, medication dispensed or prescribed, hospital data.


* Answering patient phone calls and messages, acting as a communication liaison between the patient and provider.


* Fulfills clerical responsibilities as assigned which may include filing or sending medical records to a patient or referral provider, appointment scheduling.


* Collection and handling of lab specimens following established standards and practices. Adhere to infection control safety guidelines, maintaining equipment, instruments, and stock supplies.


* Utilizes electronic referrals process to complete requested physician referrals to NCHMD specialists and ancillary services.


**EDUCATION, EXPERIENCE AND QUALIFICATIONS**


* Minimum of High School or GED required.


* Completion of Medical Assistant or practical nursing training program with documented clinical practicum hours; OR Medical Assistant certification; OR a minimum of one\\-year experience performing above duties in a medical office setting or medical capacity.


* Basic Life Support (BLS) certification required from the American Red Cross or American Heart Association.


* Verified ability to take accurate patient vital signs.


* Excellent verbal and written communication skills with ability to effectively articulate and explain required information to patients.


* Knowledge of CPT and ICD9 codes.


* Intermediate computer knowledge: Uses Microsoft Word, Excel, Outlook, and Windows


* Knowledge of basic and specialty specific medical terminology.


* Capable of working under pressure in a fast\\-paced environment with frequent interruptions while maintaining a professional demeanor and control.","Health Care","https://www.indeed.com/cmp/Nch-dc7ba9bd","https://d2q79iu7y748jz.cloudfront.net/s/_squarelogo/256x256/daf7739d5cb66a8ff575b9360e838628","http://nchjobs.org","Naples, FL","1,001 to 5,000","$500M to $1B (USD)","NCH has it all, opportunity and location. NCH is a world class healthcare system located in Naples, Florida and is the perfect setting for work and life. Great People. Great Jobs. NCH Healthcare.","","","","","",""
"in-11e4e0117bee0db0","indeed","https://www.indeed.com/viewjob?jk=11e4e0117bee0db0","https://trevity.jobs.agile-ats.com/jobs/details/136","Mid Software Engineer","Trevity LLC","St. Louis, MO, US","2026-05-28","fulltime","","","","","",True,"","","","","Job Description
  
  

Trevity LLC is seeking Mid\\-Level Software Engineers to support advanced imagery exploitation and geospatial software modernization efforts across the IC and DoD enterprise. This role involves full stack software development, enterprise API integration, cloud\\-native application development, and scalable geospatial processing workflows designed to improve analyst efficiency and operational decision\\-making.
  
Candidates will work within Agile teams developing modern enterprise applications leveraging microservices, cloud technologies, geospatial platforms, and advanced data processing techniques.
  
,
  
Required Skills
  
  

Education \\& Experience
  
* Master’s degree and minimum 2 years of experience in software engineering or full stack development; OR
* Bachelor’s degree and minimum 4 years of experience in software engineering or full stack development; OR
* Minimum 6 years of equivalent professional experience in software engineering or related field.


Technical Skills
  
* Demonstrated firsthand experience in at least twoof the following:
* Java, JavaScript, or Python enterprise application development\\-Web services architecture, design, and development
* Relational database design
* Spatial database design
* NoSQL database design
* Microservice architecture and development
* Containerization and orchestration
* API development
* Cloud\\-native development in AWS, Azure, or Google Cloud
* Experience with relational database development and SQL.
* Experience working within Agile development environments.
* Strong understanding of software engineering best practices and SDLC methodologies.
* Experience using Git\\-based source control systems.


,
  
Desired Skills
  
  

* Experience developing customized geospatial analysis tools or automation scripts using Python, JavaScript, Java, or similar languages.
* Experience integrating and tailoring geospatial COTS applications.
* Experience with imagery products including SAR or RADAR technologies.
* Experience developing or maintaining GIS applications and geospatial services.
* Familiarity with tools such as ArcGIS, PostGIS, GeoServer, Oracle Spatial, or Image Server.
* Experience with geospatial data formats including KML, KMZ, NITF, TIFF, JPEG, or GeoPDF.
* Experience abstracting legacy systems through standards\\-based APIs or OGC\\-compliant web services.
* Experience developing terrain analysis visualizations or automated detection algorithms.


,
  
About Trevity LLC
  
  

Trevity is a Minority\\-Service\\-Disabled Veteran\\-Owned small business built on talent, teamwork, and trust. We are headquartered in the VA/MD/DC metropolitan area providing expertise in science and analytical services to the US Government.
  
  

Our promise to both customer and employee is to achieve a positive working relationship by establishing trust while committing to growing as a team. To achieve our vision of staying at the forefront of an ever\\-evolving environment, we will stay devoted to ensuring Trevity’s workforce has the proper training, tools, and skills needed to support the customer.","","https://www.indeed.com/cmp/Trevity-LLC","","","","","","","","","","","",""
"in-96a5253c3aa8a99e","indeed","https://www.indeed.com/viewjob?jk=96a5253c3aa8a99e","https://jobs.empower.com/job/greenwood-village/marketing-copywriting-manager/42743/92734209296","Marketing Copywriting Manager","Empower","Greenwood Village, CO, US","2026-05-28","","","","","","",True,"","","","","**Job ID** R.0058502 **Primary location** Bengaluru, Karnataka **Date posted** 05/05/2026 **Worker type** Regular **Workplace flexibility** Remote \\- Nationwide
Our vision for the future is based on the idea that transforming financial lives starts by giving our people the freedom to transform their own. We have a flexible work environment, and fluid career paths. We not only encourage but celebrate internal mobility. We also recognize the importance of purpose, well\\-being, and work\\-life balance. Within Empower and our communities, we work hard to create a welcoming and inclusive environment, and our associates dedicate thousands of hours to volunteering for causes that matter most to them.


Chart your own path and grow your career while helping more customers achieve financial freedom. Empower Yourself.


We are currently seeking a Principal Software Engineer to oversee the software design process for products we are developing. In this position, you will develop and test software to ensure it meets the needs of our clients, performing code reviews and providing feedback to junior developers and engineers. Applicants should have a postsecondary degree as well as a significant amount of experience developing software using Java or C\\+\\+.


Job Duties:


* Lead and oversee the software design process
* Develop and test software to ensure it meets the needs of end\\-users
* Contribute to the improvement of development processes and software architecture
* Investigate and resolve complex technical issues and bottlenecks
* Collaborate with cross functional teams to debug and improve products
* Facilitate new software implementation
* Participate in code reviews and enforce standard practices within the team
* Continuously learn and adapt to modern technologies and development practices
* Mentor junior and mid\\-level engineers and provide technical guidance
* Provide technical support

Qualifications:
* Should have designed, developed, maintained a complex software solution involving multiple stakeholders.
* 5\\+ years of hands on experience in either Java or C\\+\\+
* Experience with Scrum and other Agile methodologies
* Solid Expertise on one or more Relational databases (MySQL, PostgreSQL etc.) , NoSQL databases (DynamoDB, Cassandra, Couchbase etc.) and distributed cache technologies such as Redis
* Proven experience in designing critical applications that interact with several other systems internally and externally.
* Experience on RESTful / gRPC micro services
* Strong documentation, problem\\-solving, and debugging skills
* Experienced in working in a Full stack environment
* Experience with one or more Cloud platforms AWS(Preferred), GCP
* Excellent communication and technical influencing skills
* Proven team player who can mentor other technical members of the team.

Preferred Qualifications:
* Bachelor’s or master’s degree in computer science, software engineering, or a related field (doctorate a plus)
* Experience in Finance, Wealth Management or similar


We are an equal opportunity employer with a commitment to diversity. All individuals, regardless of personal characteristics, are encouraged to apply. All qualified applicants will receive consideration for employment without regard to age, race, color, national origin, ancestry, sex, sexual orientation, gender, gender identity, gender expression, marital status, pregnancy, religion, physical or mental disability, military or veteran status, genetic information, or any other status protected by applicable state or local law.","","https://www.indeed.com/cmp/Empower-2d201365","","","","","","","","","","","",""
"in-0ab5286718a78c73","indeed","https://www.indeed.com/viewjob?jk=0ab5286718a78c73","https://AdventHealth.contacthr.com/152257360","Intermediate Revenue Cycle Analyst","AdventHealth Corporate","Altamonte Springs, FL, US","2026-05-28","fulltime","direct_data","yearly",66170.0,123073.0,"USD",False,"","","","","**Our promise to you:**


Joining AdventHealth is about being part of something bigger. It’s about belonging to a community that believes in the wholeness of each person, and serves to uplift others in body, mind and spirit. AdventHealth is a place where you can thrive professionally, and grow spiritually, by Extending the Healing Ministry of Christ. Where you will be valued for who you are and the unique experiences you bring to our purpose\\-minded team. All while understanding that **together** we are even better.

**All the benefits and perks you need for you and your family:**

* Benefits from Day One: Medical, Dental, Vision Insurance, Life Insurance, Disability Insurance
* Paid Time Off from Day One
* 403\\-B Retirement Plan
* 4 Weeks 100% Paid Parental Leave
* Career Development
* Whole Person Well\\-being Resources
* Mental Health Resources and Support
* Pet Benefits

**Schedule:**

Full time**Shift:**


Day (United States of America)**Address:**


900 HOPE WAY**City:**


ALTAMONTE SPRINGS**State:**


Florida**Postal Code:**


32714**Job Description:**


Demonstrates proficiency or advanced functional knowledge of applicable Epic, third\\-party solutions and the Microsoft suite of products. Develops and maintains collaborative relationships with all stakeholders, capturing business and technical requirements. Assesses workflow processes, identifies gaps, defines necessary process changes, and develops future workflows related to new solutions or functionality. Other duties as assigned. Follows departmental standards for software configuration control, quality assurance, and version releases, providing documentation and training on system upgrades and new releases. Troubleshoots issues or system deficiencies, initiates escalation procedures, and provides recommendations for resolution. Participates in multiple cross\\-functional projects, utilizing project planning and coordination methodologies, tools, and lean methodologies. Provides guidance and acts as a resource for other analysts, project managers, and consultants. Actively participates in project, team, departmental, and other meetings, reporting status updates, accomplishments, tasks, and barriers to the manager. Develops test scripts and materials for end\\-to\\-end workflow testing, performs unit, system, and integration testing, and documents outcomes. Designs, builds, and configures within assigned system modules and supporting third\\-party applications, developing and maintaining system process documentation. Remains current on industry trends and vendor/application/system updates, ensuring software modifications/upgrades work according to system specifications. Provides on\\-call support in a 24/7 production systems environment, acting as the primary support contact for the application's end\\-users.**Knowledge, Skills, and Abilities:**
  

* Epic Certification or ability to complete certification within 3 months of completing classes \\[Required]
* Advanced knowledge of Microsoft suite of products \\[Required]
* EMR application/implementation experience \\[Required]
* Demonstrated creative problem\\-solving approach and strong analytical skills \\[Required]
* Must have strong written and verbal communication skills \\[Required]
* Work with minimal guidance \\[Required]
* Rapid learner \\[Required]
* Ability to manage multiple tasks and projects within deadline constraints \\[Required]
* Intermediate knowledge of HL7 and API concepts and operating within an integrated healthcare applications environment \\[Required]
* Knowledge of clinical/business/technical workflow \\[Required]

  

**Education:**
  

* Associate \\[Required]
* Bachelor's \\[Preferred]

  

**Field of Study:**
  

* Business, Information Science, or a healthcare related field

  

**Work Experience:**
  

* 1\\+ in communicating complex technical concepts to a non\\-technical audience and developing training materials and documenting workflow design \\[Required]
* 3\\+ in clinical, business or technical work \\[Preferred]

  

**Additional Information:**
  

* Must meet one of either preferred Education or Work Experience is Required
* Maintenance of current licensure or certification related to area of specialty (OT, OT, SLP, RN, RPH, RT, AART, AHIMA, HFMA, NAHAM, etc.) \\[Required]

  

**Licenses and Certifications:**  

* EPIC Credential (EPIC CRED) \\[Preferred]

  

**Physical Requirements:** *(Please click the link below to view work requirements)*  

Physical Requirements \\- https://tinyurl.com/23km2677**Pay Range:**


$66,170\\.74 \\- $123,073\\.07*This facility is an equal opportunity employer and complies with federal, state and local anti\\-discrimination laws, regulations and ordinances.*","","https://www.indeed.com/cmp/Adventhealth-Corporate-2","https://d2q79iu7y748jz.cloudfront.net/s/_squarelogo/256x256/4b9143c71ff8712adfa0ccfe738ad7d6","http://www.joinadventhealth.com","Altamonte Springs, FL","1,001 to 5,000","more than $10B (USD)","AdventHealth is a faith-based health care organization which practices whole-person health, caring for every aspect of a patients need.","","","","","",""
"in-152d744b6cf3039b","indeed","https://www.indeed.com/viewjob?jk=152d744b6cf3039b","https://volusia.focusschoolsoftware.com/focus/jobs/#!JobPosting/223677992","Intermediate Teacher-5th Grade","Volusia County Schools","FL, US","2026-05-28","","direct_data","yearly",50000.0,51500.0,"USD",False,"","","","","**Intermediate Teacher**
------------------------

Position Intermediate Teacher\\-5th Grade
Facility LOUISE S. MCINNIS ELEMENTARY SCHOOL
Location DeLeon Springs, FL
Category ELEMENTARY CLASSROOM TEACHERS, 4\\-6
Classification 03\\-Instructional/VUE
Posting Number 16310238
Date Posted 05/28/2026
Closing Date 12/18/2026



### **Job Description**


**POSITION GOAL:**  

To work diligently and conscientiously in the role of instructional personnel to help students meet or exceed annual learning goals, to meet state and local achievement requirements, and to master the skills required to graduate from high school prepared for postsecondary education and work (FS 1012\\.53\\)  

  

**PERFORMANCE RESPONSIBILITIES:**  

1\\. \\*Help students master challenging standards and meet all state and local requirements for achievement. (FS 1012\\.53\\)  

2\\. \\*Teach diligently and conscientiously, using prescribed materials and methods, including technology\\-based instruction. (FS 1012\\.53\\)  

3\\. \\*Keep records and prepare and submit reports required by law, the school board, and/ or the principal/ administrator. (FS 1012\\.53\\) (VCS 410\\)  

4\\. \\*Maintain a valid Florida educator’s certificate as required by state law and state board of education regulations. (VCS 410\\)  

5\\. \\*Perform those duties that are necessary for the diligent and conscientious instruction of students. (VCS 410\\)  

6\\. \\*Use prescribed and otherwise appropriate materials and methods. (VCS 410\\)  

7\\. \\*Conform to all laws/ and all school board, school and division policies and procedures. (VCS 410\\)  

8\\. \\*Deliver all keys, records and reports and account for all other assigned school district property to the principal/ administrator at the end of the regular school year or summer school upon transfer or termination of employment, or at any other time as required by the principal/ administrator or the superintendent. (VCS 410\\)  

9\\. \\*Administer prescription medication as assigned and in accordance with law and school board policy. (VCS 211; FS 1006\\.062\\)  

10\\. \\*Will contact and make arrangements for his own substitute provided the teacher has prior authorization to do so from the principal, the substitute called is included on the approved substitute teacher list in the automated calling system, and in accordance with school board policy. (VCS 407\\)  

11\\. \\*Conform to policy regarding sexual harassment, within the contexts of teacher\\-student, supervisor\\-subordinate, and between persons of the same employment status. (VCS 509\\)  

12\\. \\*Conform to the Code of Ethics of the Education Profession in Florida. (FAC 6B\\-1\\.001\\)  

13\\. \\*Conform to the Principles of Professional Conduct for the Education Profession in Florida. (FAC 6B\\-1\\.006\\)  

14\\. \\*Assist in practicing and enforcing laws, rules and policy regarding the Volusia County Schools Code of Student Conduct, and those of Florida, including the authority to use alternatives. (VCS Code of Student Conduct\\-208, FAC 6A\\-1\\.0404\\)  

15\\. \\*Conform to the Volusia County Schools Equity Plan and the tenets of the prohibition of discrimination. (FAC 6A\\-19\\.001\\)  

16\\. \\*Attend staff meetings and in\\-service training as needed for job enhancement.  

17\\. Perform other related duties as assigned by the Principal/ Administrator, which are not in conflict with law, policy or the contract. (VCS 410\\)  

  

* Denotes essential job function/ADA

### **Position Summary**


Position Code:608300007  

  

Subject: 5th grade  

  

Grade level(s): 5th grade  

  

School/Site: McInnis Elementary  

  

Please contact Irene Vergara at ivergara@volusia.k12\\.fl.us for additional information  

  

### **Required Qualifications/Certifications**


**REQUIRED QUALIFICATIONS:**  

* Bachelor’s Degree in an educational field or the equivalent as defined by Florida Administrative Code (FAC) 6A\\-1\\.0503
* Hold or is eligible to hold a valid Florida Educator Certificate or equivalent as defined by FAC 6A\\-1\\.0503


  

**REQUIRED SKILLS:**  

* Demonstrates competence in administrative and supervisory requirements (FAC 6B\\-5\\.003\\)
* Demonstrates competence in the techniques to analyze the needs and potential of individuals (FAC 6B\\-5\\.004\\)
* Demonstrates competence in instructional procedures (FAC 6B\\-5\\.005\\)
* Demonstrates competence in communication skills (FAC 6B\\-5\\.006\\)
* Demonstrates competence in student management techniques (FAC 6B\\-5\\.007\\)
* Demonstrates knowledge within the area of specialization to a degree consistent with the educator’s professional preparation (FAC 6B\\-5\\.008\\)
* Demonstrates competence in the techniques used to evaluate learning and goal achievement (FAC 6B\\-5\\.009\\)
* Demonstrates competence in human and interpersonal relations skills (FAC 6B\\-5\\.010\\)
* Demonstrate the ability to engage in physical activity appropriate to the required task, except for temporary disability (FAC 6B\\-5\\.011\\)
* Demonstrate the ability to communicate effectively to accomplish the required task (FAC 6B\\-5\\.011\\)
* Ability to exhibit appropriate control of emotions (FAC 6B\\-5\\.011\\)
* Ability to perform required tasks with sufficient intellectual ability (FAC 6B\\-5\\.011\\)
* Ability to attend staff meetings and in\\-service training as needed


  

**REPORTS TO:** Principal / Administrator  

  

**SUPERVISES:** Not Applicable
### **Salary Info**


Base Salary: $50,000 \\- $51,500  

  

Advanced Degree Supplement if eligible: $3,081 to $6,637
### **Summary**


If you’re applying for a transfer position that requires an addendum, complete the General Application and the required addendum listed at the bottom of the job board page.","","https://www.indeed.com/cmp/Volusia-County-Schools","https://d2q79iu7y748jz.cloudfront.net/s/_squarelogo/256x256/d2ab41f41ca8648d6d4a43e430be8e89","http://www.vcsedu.org","Deland","5,001 to 10,000","$500M to $1B (USD)","","","","","","",""
"in-21f33c7788cc9df4","indeed","https://www.indeed.com/viewjob?jk=21f33c7788cc9df4","http://www.indeed.com/job/technical-inside-sales-entrymid-level-21f33c7788cc9df4","Technical Inside Sales (Entry/Mid Level)","Quality Scales Unlimited","Byron, CA, US","2026-05-28","fulltime","direct_data","hourly",22.0,30.0,"USD",False,"","","","","**Who We Are:**

Quality Scales Unlimited is a leading provider of weighing equipment sales and service throughout Northern California. We sell, service, rent, and support a wide range of weighing equipment for more than 1,500 businesses across California and Nevada, including vehicle scales, platform scales, hopper scales, and benchtop scales.

We stand behind the equipment we sell and provide service for virtually all scale types encountered in the field. As a family\\-owned business, our mission is to help businesses operate fairly and maintain quality standards through accurate and reliable weighing solutions.

We value hard work, continuous improvement, respect, commitment, honesty, and accountability. We are looking for individuals who are seeking long\\-term opportunities and want to grow alongside our team and company.

To support our continued growth, we are seeking a Technical Sales Assistant. No experience in the scale industry? No problem. If you are mechanically or electrically inclined, enjoy troubleshooting and problem\\-solving, have a positive attitude, and are eager to learn, we can provide industry\\-specific training to help you succeed in the scale industry.

**What You Will Do:**

· Understand product offerings

· Work with customer to understand their needs

· Develop and distribute quotes

· Record activities in quote database and CRM software

· Follow up on quotes sent

· Place orders for quoted jobs

· Assist Sales Manager

**Who You Are:**

· Bachelor’s degree, 2\\-year technical degree, and/or 2\\-3 years of customer facing experience preferred

· Self\\-motivated with the ability to work independently and with a team

· Excellent communication skills, both verbal and written

· Ability to quickly grasp technical concepts and express them in clear language

· High attention to detail

· Ability to prioritize and manage multiple tasks and deadlines

· Proficiency in the use of computers and Microsoft Office software

· Class C driver’s license with good driving record

· Ability to pass a pre\\-employment drug screening, a background check and DMV driving record check

**Hours:**

· Monday to Friday; 7am to 4pm

**Salary:**

· $22\\-30/hour \\+ Commission

**Benefits:**

· Bonus opportunity tied to profit, revenue, and individual performance

· Full employee health benefits with optional family plans available

· 401(K) retirement savings plan with company match

· Company paid life insurance

· Dental and vision reimbursement plan

· Paid time off and paid holidays

· Casual work environment

· Optional dental, vision, and chiropractic insurance

Work Location: 5401 Byron Hot Springs Rd., Byron, CA 94514

Job Type: Full\\-time

Pay: $22\\.00 \\- $30\\.00 per hour

Benefits:

* 401(k)
* 401(k) matching
* Dental insurance
* Health insurance
* Life insurance
* Paid time off
* Vision insurance

Compensation Package:

* Bonus opportunities
* Commission pay

Work Location: In person","","https://www.indeed.com/cmp/Quality-Scales-Unlimited","","","","","","","","","","","",""
"in-db8576e0f1e2e721","indeed","https://www.indeed.com/viewjob?jk=db8576e0f1e2e721","https://brookshires.wd108.myworkdayjobs.com/BGC/job/TylerTX---1600-WSW-Loop-323/Inventory-Control-Analyst_JR5735","Inventory Control Analyst","Brookshire Grocery Company","Tyler, TX, US","2026-05-28","fulltime","","","","","",False,"","","","","At Brookshire Grocery Company (BGC), we’re not just about business—we’re about building a community where you can thrive. Based in Tyler, Texas, BGC is home to five unique banners—Brookshire's Grocery Company, Super 1 Foods, Spring Market, Fresh by Brookshire's, and Reasor's—operating over 215 \\+ stores across Texas, Louisiana, Arkansas, and Oklahoma.  

  

We’re all about creating a workplace where you can thrive. At BGC, you matter, your contributions are celebrated, and your future is unlimited. Whether you're launching your career or ready to level up, you’ll find a supportive team, endless growth opportunities, and a chance to make an impact.  

  

Here’s what sets us apart:

* **Wellness that works for you:** Comprehensive medical, vision, dental, and prescription coverage.
* **Flexibility and freedom:** Paid time off to relax, recharge, and enjoy life.
* **Ownership that empowers:** 401(k) plan to help you build a solid future that the Company contributes to.
* **Savings for your lifestyle:** Exclusive employee discounts on the things you need most.
* **Investing in your dreams:** Scholarships and educational support to fuel your growth.
* **Adventure awaits:** Access to a 205\\-acre outdoor recreation area for unwinding, connecting, and having fun.

  

When you join BGC, you’re not just starting a job—you’re becoming part of something bigger. We’re here to support your goals, inspire your journey, and celebrate your wins.

**Job Summary:**


Manages the creation and administration of purchase orders to maintain proper inventory balances in multiple warehouses for an assigned product category or group of suppliers. Forecasts inventory needs and ensures service levels are maximized for inbound and outbound orders. Works closely with category management and logistics areas to take advantage of cost\\-saving opportunities.

**Essential Duties and Responsibilities:**

* Monitors assigned inventory levels and adjusts accordingly based on forecasted needs.
* Executes plans developed by category managers which includes displays, marketing plans, and promotions.
* Works with category managers to execute forward buys as appropriate.
* Reviews opportunities to purchase from alternative or non\\-traditional sources.
* Monitors performance and service levels of vendor products/partners.
* Maintains a high level of store awareness and obtain direct feedback regarding assigned category products and/or competitive opportunities.
* Develops and maintains effective working relationships with internal organizations including store operations, logistics, accounting, manufacturing, and store brands.
* Achieves service level and inventory turn objectives as expected.
* Demonstrates professional understanding of current market conditions and supplier\\-specific logistics or product issues. Communicates any issues to leadership.

**Knowledge, Skills and Abilities:**

* Intermediate knowledge of fundamental concepts, practices and procedures of buying, merchandising and retail operations.
* Intermediate knowledge of Microsoft Office applications including Excel, Access, Word, Outlook and PowerPoint.
* Intermediate knowledge of SAP reporting and transactional applications.
* Ability to communicate effectively in written and verbal form throughout all levels of the organization.
* Ability to maintain high levels of accuracy, productivity, and confidentiality.
* Ability to prepare reports and business correspondence.
* Ability to show information in presentation or diagram form.
* Ability to comprehend, interpret, and analyze information.
* Ability to research information, establish facts and draw valid conclusions.
* Must be attentive to potential hazards and remedy or place appropriate warning signs or devices around or near the hazard as soon as is reasonably possible.
* Must report any potential hazards that cannot be immediately remedied to a supervisor.

**Education, Experience and Qualifications:**

* Bachelor's degree in related field and five or more years related experience preferred; or equivalent combination of education and experience.
* Partners must be 21 years of age or older to drive for Company business in accordance with the BGC Business Driver Policy.

**Physical Demands:**

* Continuously required to use close vision, distance vision, depth perception or the ability to focus.
* Frequently required to talk and hear.
* Frequently required to use hands for reaching, touching or handling.
* Frequently required to use fine finger movements (ex. sorting and typing).
* Frequently required to sit for long periods of time.
* Occasionally required to push, pull, maneuver or lift objects up to 40 lbs.
* Occasionally required to bend, kneel or squat.
* Occasionally required to stand or walk.
* Attendance at work is required.

**Work Context and Environment:**

* Work is generally performed in an office environment.
* Quiet to moderate noise level.


Ready to find your place? BGC is “A Career Where You Belong.”
  

  

Brookshire Grocery Company strives to provide a safe, drug and alcohol\\-free environment for its partners and customers. The Company is an Equal Opportunity Employer and makes employment decisions without regard to race, color, religion, sex (including pregnancy, gender identity and sexual orientation), national origin, age , disability, genetic information or military status and any other trait protected by law.","Retail","https://www.indeed.com/cmp/Brookshire-Grocery-Company","https://d2q79iu7y748jz.cloudfront.net/s/_squarelogo/256x256/70b87adcd954081a5b158ec7c2aed0e2","http://www.brookshires.com","1600 W. South West Loop 323
Tyler TX, 75701","10,000+","$1B to $5B (USD)","","","","","","",""
"in-09c1b64f0b3324bd","indeed","https://www.indeed.com/viewjob?jk=09c1b64f0b3324bd","https://brookshires.wd108.myworkdayjobs.com/BGC/job/PittsburgTX---102-North-Greer-Blvd/Grocery-Manager_JR5378-1","Grocery Manager","Brookshire Grocery Company","Pittsburg, TX, US","2026-05-28","fulltime","","","","","",False,"","","","","At Brookshire Grocery Company (BGC), we’re not just about business—we’re about building a community where you can thrive. Based in Tyler, Texas, BGC is home to five unique banners—Brookshire's Grocery Company, Super 1 Foods, Spring Market, Fresh by Brookshire's, and Reasor's—operating over 215 \\+ stores across Texas, Louisiana, Arkansas, and Oklahoma.  

  

We’re all about creating a workplace where you can thrive. At BGC, you matter, your contributions are celebrated, and your future is unlimited. Whether you're launching your career or ready to level up, you’ll find a supportive team, endless growth opportunities, and a chance to make an impact.  

  

Here’s what sets us apart:

* **Wellness that works for you:** Comprehensive medical, vision, dental, and prescription coverage.
* **Flexibility and freedom:** Paid time off to relax, recharge, and enjoy life.
* **Ownership that empowers:** 401(k) plan to help you build a solid future that the Company contributes to.
* **Savings for your lifestyle:** Exclusive employee discounts on the things you need most.
* **Investing in your dreams:** Scholarships and educational support to fuel your growth.
* **Adventure awaits:** Access to a 205\\-acre outdoor recreation area for unwinding, connecting, and having fun.

  

When you join BGC, you’re not just starting a job—you’re becoming part of something bigger. We’re here to support your goals, inspire your journey, and celebrate your wins.

**Job Summary:**


Manages achievement of department sales and profits using acceptable business practices. Provides leadership of department personnel. Maintains product levels and quality control in grocery department. Ensures products are displayed in accordance with Brookshire Grocery Company standards and all regulatory food safety practices. Promotes customer service and sales building practices.

**Essential Duties and Responsibilities:**

* Carries out management responsibilities including interviewing, hiring, training and developing partners; planning, assigning, and directing work; appraising performance, rewarding and disciplining partners; and scheduling, addressing complaints, and resolving problems.
* Reviews historical data to predict future sales from ads and promotions. Manages inventory using item management processes to ensure satisfactory in\\-stock levels. Reviews profit and loss, sales, shrink, and labor data; provides verbal or written summary to upper management regarding any related issues.
* Responsible for maintaining and improving sales performance, financial results, public relations, product quality, and work standards.
* Inspects product for quality control and food safety standards. Ensures product is within date and rotates accordingly.
* Promotes product sales through use of suggestive selling initiatives and appealing product displays.
* Ensures maintenance of stock conditions on grocery display racks and shelves.
* Checks inventory on trucks, unloads products, and ensures accuracy of inventory, product ordering, and associated paperwork.
* Frequently required to open/close the store. Ensures the store is presentable for the customer shopping experience; makes certain adequate staff is available; ensures safety, responsiveness, and fiscal management of cash and monetary assets.
* Provides friendly and customer service\\-oriented attitude by greeting customers, answering questions, and responding to customer complaints.
* Maintains clean, safe and sanitary working and shopping environment by adhering to Company safety procedures.

**Knowledge, Skills and Abilities:**

* Advanced knowledge of grocery department operations.
* Advanced knowledge of in\\-store ordering machine and inventory management processes.
* Intermediate knowledge of scheduling software systems.
* Ability to safely work with sharp objects such as knives, box cutters, etc.
* Ability to operate manual or electric pallet jack and forklift.
* Ability to safely operate a bailer.
* Ability to lead and motivate others.
* Ability to multi\\-task and work in a fast\\-paced environment.
* Ability to learn new technology systems, methods, and processes.
* Ability to safely operate and maintain department equipment.
* Ability to use non\\-precision and precision hand tools.
* Ability to work flexible schedules including nights, weekends, and holidays.
* Must be attentive to potential hazards and remedy or place appropriate warning signs or devices around or near the hazard as soon as is reasonably possible.
* Must report any potential hazards that cannot be immediately remedied to a supervisor.

**Education, Experience and Qualifications:**

* High school Diploma or GED required and two or more years of related experience; or an equivalent combination of experience and/or higher education required.
* Minimum of 18 years of age required.
* Partners must be 21 years of age or older to drive for Company business in accordance with the BGC Business Driver Policy.
* Food Handler certification required.
* Manager Food Safety certification required.
* AML certification required.
* Fuel Operator C training required.
* Health Insurance Portability and Accountability Act (HIPAA) certification required.
* TABC/LACT/AATC certification required where applicable.

**Physical Demands:**

* Continuously required to use close vision, distance vision, depth perception, or the ability to focus.
* Continuously required to stand or walk.
* Continuously required to use hands for reaching, touching, or handling.
* Continuously required to push, pull, maneuver, or lift objects up to 40 lbs.
* Frequently required to bend, kneel, or squat.
* Frequently required to talk and hear.
* Occasionally required to push, pull, maneuver or lift objects up to 75 lbs.
* Occasionally required to climb, balance, stoop, or crawl.
* Occasionally exposed to outside temperatures and weather.
* Attendance at work is required.

**Work Context and Environment:**

* Work is generally performed in a retail store.
* Occasionally exposed to extreme cold conditions (non\\-weather).
* Occasionally exposed to wet, slippery, or damp conditions.
* Occasionally exposed to cleaning agents.
* Quiet to moderate noise level.


Ready to find your place? BGC is “A Career Where You Belong.”
  

  

Brookshire Grocery Company strives to provide a safe, drug and alcohol\\-free environment for its partners and customers. The Company is an Equal Opportunity Employer and makes employment decisions without regard to race, color, religion, sex (including pregnancy, gender identity and sexual orientation), national origin, age , disability, genetic information or military status and any other trait protected by law.","Retail","https://www.indeed.com/cmp/Brookshire-Grocery-Company","https://d2q79iu7y748jz.cloudfront.net/s/_squarelogo/256x256/70b87adcd954081a5b158ec7c2aed0e2","http://www.brookshires.com","1600 W. South West Loop 323
Tyler TX, 75701","10,000+","$1B to $5B (USD)","","","","","","",""
"in-9f1790654686fb44","indeed","https://www.indeed.com/viewjob?jk=9f1790654686fb44","https://AdventHealth.contacthr.com/152256864","Consumer Access Specialist","AdventHealth Corporate","Altamonte Springs, FL, US","2026-05-28","fulltime","direct_data","hourly",16.0,26.0,"USD",True,"","","","","**Our promise to you:**


Joining AdventHealth is about being part of something bigger. It’s about belonging to a community that believes in the wholeness of each person, and serves to uplift others in body, mind and spirit. AdventHealth is a place where you can thrive professionally, and grow spiritually, by Extending the Healing Ministry of Christ. Where you will be valued for who you are and the unique experiences you bring to our purpose\\-minded team. All while understanding that **together** we are even better.

**All the benefits and perks you need for you and your family:**

* Benefits from Day One: Medical, Dental, Vision Insurance, Life Insurance, Disability Insurance
* Paid Time Off from Day One
* 403\\-B Retirement Plan
* 4 Weeks 100% Paid Parental Leave
* Career Development
* Whole Person Well\\-being Resources
* Mental Health Resources and Support
* Pet Benefits

**Schedule:**

Full time**Shift:**


Day (United States of America)**Address:**


900 HOPE WAY**City:**


ALTAMONTE SPRINGS**State:**


Florida**Postal Code:**


32714**Job Description:**


Performs Medicare compliance reviews and issues Advance Beneficiary Notices of Noncoverage as needed. Creates accurate estimates for patient financial responsibility and collects payments or establishes payment plans. Coordinates with utilization management staff for pre\\-authorization issues and ensures patients have necessary logistical information. Contacts insurance companies to verify eligibility and benefits, and obtains pre\\-authorizations within established timeframes. Registers patients for all services, ensuring accuracy and minimizing duplication of medical records. Collects critical demographic information from patients and confirms insurance details. Provides timely and continual coverage of assigned work areas during scheduled shifts, arranging relief coverage as needed. Manages communication between clinical, ancillary, and consumer access departments to enhance the patient experience. Consistently provides excellent customer service, documenting all patient and insurance representative conversations, including payer decisions and payment arrangements. Attends department meetings and promotes positive dialogue within the team. Provides coverage for PBX (Switchboard) as needed, including answering phones and transferring calls. Performs cashiering functions such as collections and cash reconciliation accurately. Other duties as assigned.

**Shift/Schedule**: Remote Monday\\-Friday shifts vary but must be available between 8am\\-8pm est.

**Knowledge, Skills, and Abilities:**  

* Mature judgement in dealing with patients, physicians, and insurance representatives
* Working knowledge of Microsoft programs and familiarity with database programs
* Ability to operate general office machines such as computer, fax machine, printer, and scanner
* Ability to effectively learn and perform multiple tasks, and organize work in a systematic and efficient fashion
* Ability to communicate professionally and effectively, both verbally and written
* Ability to adapt in ever\\-changing healthcare environment
* Ability to follow complex instructions and procedures, with a close attention to detail
* Adheres to government guidelines such as CMS, EMTALA, and HIPAA and corporate policies
* Understanding of HIPAA privacy rules and ability to use discretion when discussing patient\\-related information that is confidential in nature as needed to perform duties
* Knowledge of computer programs and electronic health record programs
* Basic knowledge of medical terminology
* Exposure to insurance benefits; ability to decipher insurance benefit information
* Bilingual – English/Spanish
* Experience in Customer Service related field
* Exceptional customer service skills
* Advanced understanding of insurance knowledge and benefits
* Advanced understanding of hospital electronic medical report (EMR) system
* Intermediate medical terminology

  

**Education:**  

* Associate \\[Preferred]
* High School Grad or Equiv \\[Required]

  

**Field of Study:**  

* N/A

  

**Work Experience:**  

* 1\\+ customer service \\[Preferred]
* 1\\+ relevant healthcare \\[Preferred]
* 1\\+ revenue cycle \\[Preferred]

  

**Additional Information:**  

* N/A

  

**Licenses and Certifications:**  

* Certified Healthcare Access Associate (CHAA) \\[Preferred]
* Certified Revenue Cycle Rep (CRCR) \\[Preferred]

  

**Physical Requirements:** *(Please click the link below to view work requirements)*  

Physical Requirements \\- https://tinyurl.com/23km2677**Pay Range:**


$16\\.63 \\- $26\\.60*This facility is an equal opportunity employer and complies with federal, state and local anti\\-discrimination laws, regulations and ordinances.*","","https://www.indeed.com/cmp/Adventhealth-Corporate-2","https://d2q79iu7y748jz.cloudfront.net/s/_squarelogo/256x256/4b9143c71ff8712adfa0ccfe738ad7d6","http://www.joinadventhealth.com","Altamonte Springs, FL","1,001 to 5,000","more than $10B (USD)","AdventHealth is a faith-based health care organization which practices whole-person health, caring for every aspect of a patients need.","","","","","",""
"in-6fed57cf49110e04","indeed","https://www.indeed.com/viewjob?jk=6fed57cf49110e04","https://fa-ewmy-saasfaprod1.fa.ocs.oraclecloud.com/hcmUI/CandidateExperience/en/sites/CX_1/requisitions/preview/3885","DevOps Engineer","Verisk","Holmdel, NJ, US","2026-05-28","fulltime","","","","","",True,"","","","","We are seeking a skilled DevOps Engineer to join our team as we plan for a smooth transition following an upcoming team member retirement. This role is critical for maintaining and evolving our hybrid infrastructure, which combines on\\-premises datacenter operations with cloud (AWS) and containerized environments. The ideal candidate will handle both hands\\-on physical infrastructure tasks and advanced automation/R\\&D initiatives to ensure reliability, security, and scalability.
  

  

This position requires proximity to our datacenter(s) in the NY/SI region for occasional on\\-site visits involving hardware maintenance, cabling, installations, and troubleshooting.


  
**Security and maintenance:**

* Perform hardware stack maintenance on Dell servers, Cisco switches, and cable systems.
* Upgrade infrastructure components and tools to maintain performance and compatibility.
* Monitor for threats (including tracking CVEs) and execute timely remediation/mitigation of security issues.
* Maintain and configure monitoring and log collection systems (e.g., Prometheus, Grafana, ELK stack or similar).
* Lead incident management: rapidly detect, respond to, and resolve system failures in development and production environments.
* Expand capabilities of security tools such as Trivy, Dependency\\-Track, WAF, and others.
* Conduct regular security audits and deliver infrastructure security training to the team.

**Infrastructure Development \\& Automation:**

* CI/CD: Lead migration of Jenkins from Freestyle Projects to Pipeline Projects, leveraging AI\\-assisted approaches where applicable.
* CI/CD: Conduct R\\&D to evaluate replacing Jenkins with alternative CI/CD tools and recommend/implement improvements.
* Kubernetes: Perform R\\&D on Service Mesh integration (e.g., Istio/Linkerd) and support future implementation.
* Kubernetes: Migrate from Nginx Ingress to Gateway API.
* AWS: Develop various integrations related to AI solutions and cloud\\-native services.
* Proxmox: Configure virtual machines, create new VM images, and optimize virtualization workflows.

Additional duties include collaborating with development and operations teams, automating repetitive tasks, participating in on\\-call rotation (as needed), and contributing to continuous improvement of our DevOps practices.  



* Strong proficiency in Linux administration and troubleshooting.
* Hands\\-on experience with AWS services and cloud infrastructure.
* Expertise in Docker for containerization.
* Basic to intermediate knowledge of Kubernetes (including cluster management, deployments, and networking).
* Solid understanding of CI/CD tools and processes (Jenkins experience strongly preferred).
* Deep knowledge of the TCP/IP stack and networking fundamentals.
* Proficiency in at least one programming language at a middle / middle\\+ level (e.g., Python, Go, Java).

  
* 3–7\\+ years of experience in DevOps, Site Reliability Engineering (SRE), or Systems Administration roles.
* Proven track record supporting hybrid (on\\-prem \\+ cloud) environments.
* Ability to travel occasionally to datacenter facilities in NY/SI region.
* Strong problem\\-solving skills, attention to detail, and ability to work independently or collaboratively.
* Excellent communication skills for cross\\-team coordination and documentation.

**Nice\\-to\\-Haves / Preferred:**

* Experience with security tools (Trivy, Dependency\\-Track, WAF).
* Familiarity with HashiCorp Vault / OpenBao, Proxmox, Dell/Cisco hardware.
* Exposure to AI/ML integrations in cloud environments.
* Knowledge of Infrastructure as Code (IaC) tools (e.g., Terraform, Ansible).

**What We Offer:**

* Opportunity to own impactful infrastructure projects and R\\&D initiatives.
* Collaborative environment focused on security, reliability, and innovation.
* Competitive compensation, benefits, and professional development opportunities.

\\#LI\\-MB1


\\#LI\\-Remote


  
For over 50 years, Verisk has been the leading data analytics and technology partner to the global insurance industry by delivering value to our clients through expertise and scale. We empower communities and businesses to make better decisions on risk, faster.


At Verisk, you'll have the chance to use your voice and build a rewarding career that's as unique as you are, with work flexibility and the support, coaching, and training you need to succeed.


For the eighth consecutive year, Verisk is proudly recognized as a Great Place to Work® for outstanding workplace culture in the US, the fourth consecutive year in the UK, Spain, and India, and the second consecutive year in Poland. In addition, we’ve been recognized by The Wall Street Journal as one of the Best\\-Managed Companies and by Forbes as a World’s Best Employer, testaments to the value we place on workplace culture.


We’re 7,000 people strong. We relentlessly and ethically pursue innovation. And we are looking for people like you to help us translate big data into big ideas. Join us and create an exceptional experience for yourself and a better tomorrow for future generations.
 

**Verisk Businesses**

Underwriting Solutions — provides underwriting and rating solutions for auto and property, general liability, and excess and surplus to assess and price risk with speed and precision


Claims Solutions — supports end\\-to\\-end claims handling with analytic and automation tools that streamline workflow, improve claims management, and support better customer experiences


Property Estimating Solutions — offers property estimation software and tools for professionals in estimating all phases of building and repair to make day\\-to\\-day workflows the most efficient


Specialty Business Solutions — provides an integrated suite of software for full end\\-to\\-end management of insurance and reinsurance business, helping companies manage their businesses through efficiency, flexibility, and data governance


Catastrophe and Risk Solutions — provides risk modeling solutions to help individuals, businesses, and society become more resilient to catastrophic events.


Marketing Solutions — delivers data and insights to improve the reach, timing,relevance, and compliance of every consumer engagement


Life Insurance Solutions – offers end\\-to\\-end, data insight\\-driven core capabilities for carriers, distribution, and direct customers across the entire policy lifecycle of life and annuities for both individual and group.


Verisk Maplecroft — provides intelligence on sustainability, resilience, and ESG, helping people, business, and societies become stronger


Verisk Analytics is an equal opportunity employer.


Verisk invests in a benefits package for all employees that includes the following: Health Insurance, a Retirement Plan, Disability benefits, and a Paid Time Off program. We offer a competitive total rewards package that includes base salary determined based on role, experience, skill set, and location.


All members of the Verisk Analytics family of companies are equal opportunity employers. We consider all qualified applicants for employment without regard to race, religion, color, national origin, citizenship, sex, gender identity and/or expression, sexual orientation, veteran's status, age or disability. Verisk’s minimum hiring age is 18 except in countries with a higher age limit subject to applicable law.


https://www.verisk.com/company/careers/


Unsolicited resumes sent to Verisk, including unsolicited resumes sent to a Verisk business mailing address, fax machine or email address, or directly to Verisk employees, will be considered Verisk property. Verisk will NOT pay a fee for any placement resulting from the receipt of an unsolicited resume.","","https://www.indeed.com/cmp/Verisk","https://d2q79iu7y748jz.cloudfront.net/s/_squarelogo/256x256/03db36f4be7994128e3df5e8fe8e1e31","https://www.verisk.com","Jersey City, NJ","5,001 to 10,000","$1B to $5B (USD)","Verisk aims to be the leading strategic data, analytics, and technology partner to the global insurance industry by delivering value to our clients through knowledge, expertise and scale.","","","","","",""
"in-c490938f5f662f66","indeed","https://www.indeed.com/viewjob?jk=c490938f5f662f66","https://www.hartsbrook.org/about/employment/","Adjunct Middle School Winds Teacher","The Hartsbrook School","Hadley, MA, US","2026-05-28","","","","","","",False,"","","","","Job Purpose  

The Hartsbrook School is seeking an experienced and dynamic woodwinds and brass teacher who has interest in directing a beginning to intermediate Middle School Winds Ensemble which may incorporate a few percussionists. This is a new ensemble offering in our music elective programing and we are excited to work with this candidate to grow this ensemble over time. Students at Hartsbrook begin playing ensemble music and building music literacy skills in grades one through three through the use of a series of wooden flutes, pentatonic lyres, pitched tone pipes, and harmonic singing. In grades four and five, all students learn to play a violin, viola, or cello and form class string ensembles. In grades six through eight, students are given the choice to elect which type of instrumental ensemble they would like to participate in. These mixed grade ensembles build on the musicianship students already possess and challenge them to utilize and grow that musicianship further. The skills they refine in these middle school ensembles are then utilized in their high school ensembles, which include Jazz Ensemble, Vocal Ensemble, and Orchestra. It is our hope that students from the middle school winds ensemble will be able to join either the high school orchestra or jazz ensemble when their time comes to step up into the high school. The Hartsbrook School Winds Teacher creates an intentionally inclusive classroom culture,  

providing instruction for beginning wind instruments for grades six through eight. Classes meet twice a week for forty five minutes each, with two concerts each year. The Wind  

Teacher will provide a quality experience for a diverse group of students that reflects an understanding of a developmental approach, as well as connects the contents of the curriculum to our mission and values. A possibility for augmenting this position may include teaching the high school jazz ensemble class three times per week. Teaching music at Hartsbrook also provides candidates opportunities to teach private lessons or small group classes after school for additional compensation.



Essential Duties and Responsibilities  

* Teaches the Wind Ensemble to a self\\-selected group of students, grades 6\\-8
* Focuses instruction for new students in 2\\-3 instruments, while also folding in students


who bring experience on other wind instruments and/or percussion  

* Designs and implements an appropriate curriculum that effectively engages students


in the acquisition of technique, music reading, and playing together in an ensemble.
* Designs and leads age appropriate conversations and activities fostering a sense of


belonging for all students and allowing students to continue the journey of  

self\\-discovery and inclusion of all identities.  

* Designs curriculum based on waldorf principles, articulated learning outcomes, shares


a comprehensive syllabus, and follows up with timely assessments and reports.  

* In collaboration with the Music Director, manages the wind program’s vision and


strategy, ensuring its alignment with the broader objectives of the music department  

and the school.  

* Develops and leads the middle school wind curriculum, ensuring that its scope


includes diverse musical genres.  

* Effectively supports the academic, social and emotional development of a diverse


group of students.  

* Instructs and mentors students in playing musical instruments, fostering their musical


skills, appreciation and love for music.  

* Effectively collaborates with a diverse team of colleagues.
* Provides regular parent communication regarding curricular programming and student


performance.  

* Generates timely and comprehensive comments for each student, providing a


well\\-rounded perspective on their academic performance.  

* Participates in music departmental meetings.
* Holds parent/teacher conferences in the fall and spring and is available for additional


conferences as needed.  

* Infuses principles of diversity, equity, inclusion and belonging into all of the above and


brings an eagerness to learn and grow in this area.  

* Completes school\\-required training.
* Abides by the school’s policies and procedures as outlined in the provided handbooks.
* Communicates with the appropriate supervisor when unable to meet any professional


obligation.

Qualifications  

* A commitment to Waldorf Education, with experience and training in Waldorf


education strongly preferred  

* Teaching experience is essential
* A minimum of three years of proven experience in teaching and performing music


across various genres, with an emphasis on wind instruments  

* Proficiency in wind ensemble conducting and in music curriculum creation and


instruction.  

* Proficiency in playing and teaching multiple wind instruments.
* A commitment to issues of identity, diversity, equity and inclusion and demonstrated


experience creating inclusive classroom experiences for a diverse student body  

* Timeliness in meeting deadlines, organized record\\-keeping and reporting, ability to


hold confidentiality and to effectively collaborate with a diverse set of colleagues  

* Ability to work with a diverse set of students who present different needs in the


classroom  

* A commitment to collegiality and collaboration


Requirements  

* First Aid/CPR/AED Certification
* Allergy/Epi\\-Pen training
* Complete Vector training upon hiring
* Ability to pass CORI check and fingerprinting
* Willingness to work outside and teach outdoors


Work Environment  

* This job operates in a professional office/educational environment and requires strict


professionalism with students, parents, and colleagues.

Position Adjunct Winds Teacher  

Department Upper School  

Reporting to Music Director  

Supervising N/A  

Working Hours 2 Class Periods: TBD, Music Department Meeting: TBD  

Compensation $50 for each 45 minute period","","https://www.indeed.com/cmp/The-Hartsbrook-School","","https://www.hartsbrook.org","Hadley","11 to 50","$1M to $5M (USD)","","","","","","",""
"in-ef3c61d0a39bb2aa","indeed","https://www.indeed.com/viewjob?jk=ef3c61d0a39bb2aa","https://careers.astrion.us/jobs/23991/job?utm_source=indeed_integration&iis=Job%20Board&iisn=Indeed&indeed-apply-token=73a2d2b2a8d6d5c0a62696875eaebd669103652d3f0c2cd5445d3e66b1592b0f","Cyberspace Developmental Test Engineer - Mid-Level","Astrion","Colorado Springs, CO, US","2026-05-27","fulltime","","","","","",False,"","","","","Overview: **Cyberspace Developmental Test Engineer****LOCATION:** Peterson SFB, CO**JOB STATUS:** Full\\-time**CLEARANCE:** Active Secret**TRAVEL:** 15%  

Astrion has an exciting opportunity for a **Software Test Engineer** for the **TMAS 2 Contract**, supporting the **47 Cyberspace Test Squadron** based out of Joint Base San Antonio, TX with this position located in **Colorado Springs, CO.**

  

Our cyberspace test team is searching for new members that can help us conduct Developmental Test and Evaluation of cyberspace capabilities in support of Department of War (DOW) and other mission partners. If you enjoy working in a fast\\-paced multi\\-disciplinary environment, learning new technology areas, this is the place for you. We provide a number of opportunities to learn ranging from on\\-the\\-job training with other team members to formal courses for unique technology areas. We realize that no one will have all of these qualifications. We are looking for people that can bring a strong foundation in one of the listed areas and are motivated to learn the others.

 **REQUIRED QUALIFICATIONS / SKILLS*** Bachelor’s degree in computer science, mathematics, engineering or a mathematics\\-intensive technical discipline and a minimum of 3 \\-8 years of technical experience. Additional experience may be substituted for education.
* Active Secret clearance is required.
* U.S. Citizenship is required for all applicants!
* Demonstrate the ability to interface with contractors developing the system under test (SUT) regarding test objectives, schedules, budgets, and methods of test.
* Working knowledge of the following: Linux, Windows, VMware, Kubernetes, Elastic, Jira, Confluence, Zephyr, Docker, VPN solutions, OSI Model, Network traffic collection and analysis, enterprise network architecture, communication equipment and technologies, routers, mail and web servers, Intrusion Detection \\& Prevention Systems, firewalls, anti\\-virus tools, and network traffic generation.
* Understand Network traffic analysis using software tools such as Zeek, Suricata, Yara, Elasticsearch, Logstash, and Kibana (ELK), Wireshark
* Understand cloud networking (Amazon Web Services (AWS), Google Cloud, Microsoft, and Oracle).
* Basic understanding of Software Security and Open Source, cloud and virtualization software and services.

 **PREFERRED QUALIFICATIONS / SKILLS*** Fully adjudicated background investigation for a TS that is still within scope is preferred.
* Analytical skills and problem\\-solving skills in the area of software engineering.
* Good organization, decision making, and verbal and written communication skills.
* Self\\-initiative and self\\-motivation with the ability to work under minimal supervision.
* Show proficiency with the Microsoft Office Suite.
* Knowledge of Waterfall \\& Agile software development methodologies.
* Show good organization, decision making, and verbal and written communication skills.
* Programming or scripting skillset.
* Understanding of AFIN \\& DODIN architecture.
* Verbal communication skills to effectively collaborate with fellow Test Engineers, Test Automation Engineers, USSF program office members, development team, and USSF cyber mission forces.
* Know various DoW Software Development Lifecycles.

 **RESPONSIBILITIES*** Prepare Developmental Test \\& Evaluation (DT\\&E) plans, test cases, and report according to established test methodologies and procedures.
* Perform functional testing at the system, interoperability, and integration test levels on various systems and networks under the direction of a Lead Test Engineer.
* Participate in all phases of software and hardware development to include requirements development, risk assessments, and acceptance criteria development.
* Coordinate with customers, test engineers and range engineers to ensure the test infrastructure meets desired test objectives and data collection requirements.
* Actively communicate throughout the acquisition process in order to influence development of a testable capability or product.
* Compile and analyze test results data to determine conformity of the product or capability to the requirements.
* Document change requests/deficiencies of the product or capability as a result of test data analysis.
* Evaluates interface between hardware and software, operational requirements, and characteristics of overall system.
* Actively participate cooperatively in Agile team planning and test execution.
* Documents testing and maintenance of system corrections.
* Maintains communication channels with all parties/stakeholders involved and provides regular updates on the progress of the project and the occurrence of any problems.
* Collaborate with other stakeholders, such as project managers, developers, and business analysts, to ensure that testing aligns with project goals.","","https://www.indeed.com/cmp/Astrion","https://d2q79iu7y748jz.cloudfront.net/s/_squarelogo/256x256/bdafd7331c0250e9293bf76dac73e9bf","https://www.oasissystems.com/","Burlington, NC","1,001 to 5,000","$100M to $500M (USD)","Deliver results with impact.
This is how we do it. We deliver concrete, measurable results that create real impact on our customers’ missions.","","","","","",""
"in-00c961c73abf2cbd","indeed","https://www.indeed.com/viewjob?jk=00c961c73abf2cbd","https://careers.bigbear.ai/jobs/4439/job?utm_source=indeed_integration&iis=Job%20Board&iisn=Indeed&indeed-apply-token=73a2d2b2a8d6d5c0a62696875eaebd669103652d3f0c2cd5445d3e66b1592b0f","Sr. Application Developer","BigBear.ai","Washington, DC, US","2026-05-27","fulltime","","","","","",True,"","","","","Overview:
**BigBear.ai** is seeking a Mid\\-Level **Application Developer** to support the Defense Intelligence Agency (DIA).

**This position will be based out of Washington, D.C. and will offer remote flexibility.**


You will be joining our amazing BigBear.ai team to provide development for legacy and existing systems whether it’s building out new features, enhancements, or bug fixes and adding features that will allow our successor system to integrate with older legacy systems so that both systems can co\\-exist. This position will require 2 days of onsite support with remaining days providing developer support remotely.
What you will do:

As a Senior\\-Level Application Developer, some of your duties will require you to independently manage multiple complex work assignments with minimal oversight and review. Assignments may be broad in nature, requiring originality and innovation in determining how to accomplish tasks. Operates with appreciable latitude in developing methodology and presenting solutions to problems. Contributes to deliverables and performance metrics where applicable. Applies a comprehensive knowledge across key tasks and high impact assignments. Plans and leads major technology assignments. Evaluates performance results and recommends major changes affecting short\\-term project growth and success. Functions as a technical expert across multiple project assignments. May supervise others.  


What you need to have:
* Must maintain an active TS/SCI clearance with poly or eligible for a poly
* Master’s degree and 8\\+ years of experience with application or software development with least a portion of the experience within the last 2 years or Bachelor’s degree and 10\\+ years of experience with application or software development as a substitute to a Master’s degree.
* Experience using Node.js with Typescript, SQL, PostgreSQL, Redis, and Elasticsearch
* Experience with Angular and NestJS, JSON, Java, JavaScript, SharePoint, XML, VBAs, Oracle, MongoDB, Solr, SQL, Open AI, or other AI technologies
* Experience with Docker containers and/or Red Hat Openshift.
* Experience creating solutions to complex problems within a collaborative, cross\\-functional team
* Ability to work with automated testing tools to perform testing and maintenance


What we'd like you to have:
* Experience with Python
* Familiarity with Piwik/Matomo
* Experience creating solutions to complex problems within a collaborative, cross\\-functional team
* Ability to work with automated testing tools to perform testing and maintenance


About BigBear.ai:

BigBear.ai is a leading provider of AI\\-powered decision intelligence solutions for national security, supply chain management, and digital identity. Customers and partners rely on Bigbear.ai’s predictive analytics capabilities in highly complex, distributed, mission\\-based operating environments. Headquartered in McLean, Virginia, BigBear.ai is a public company traded on the NYSE under the symbol BBAI. For more information, visit https://bigbear.ai/ and follow BigBear.ai on LinkedIn: @BigBear.ai and X: @BigBearai.  

BigBear.ai is an Equal opportunity employer all protected groups, including protected veterans and individuals with disabilities.","","https://www.indeed.com/cmp/Bigbear.ai","https://d2q79iu7y748jz.cloudfront.net/s/_squarelogo/256x256/90bbf616d5b14617436293133af7973e","https://bigbear.ai","7950 Jones Branch 
Drive McLean VA 22102","501 to 1,000","$100M to $500M (USD)","BigBear.ai fuses artificial intelligence with deep mission expertise, empowering decision-makers and operators to act with speed, precision, and confidence.","","","","","",""
"in-da98396fe69f4025","indeed","https://www.indeed.com/viewjob?jk=da98396fe69f4025","https://careers.usoncology.com/jobs/40424/job?utm_source=indeed_integration&iis=Job%20Board&iisn=Indeed&indeed-apply-token=73a2d2b2a8d6d5c0a62696875eaebd669103652d3f0c2cd5445d3e66b1592b0f","RN Clinician","Rocky Mountain Cancer Centers","Colorado Springs, CO, US","2026-05-27","fulltime","direct_data","hourly",32.0,46.0,"USD",False,"","","","","Overview:

Rocky Mountain Cancer Centers, Colorado's largest and most comprehensive provider of cancer care has an exciting opportunity for a Full Time Registered Nurse (Clinician) in Colorado Springs.  

**Be part of a team that shows up for patients—and each other.**  

As an Oncology RN Clinician, you’ll play a critical role in delivering coordinated, compassionate care in a collaborative oncology environment.  

We’re seeking a full\\-time RN to join our oncology clinic. This desk\\-based role is ideal for an experienced oncology nurse who wants to build meaningful patient relationships outside of bedside care. Responsibilities include phone\\-based symptom triage, chemotherapy education, supporting newly diagnosed patients, managing anticoagulation therapy, handling prescription refills and prior authorizations, and communicating critical lab results. The ideal candidate is organized, detail\\-oriented, and passionate about helping patients navigate complex care needs.  

You’ll be part of an engaged, caring, high\\-performing team and work for a supportive, collaborative leader!  

Salary Range: $32\\.00\\-46\\.00
Pay is based on several factors including but not limited to education, work experience, certification, etc. As of the date of this posting, in addition to your salary, RMCC offer the following benefits for this position, subject to eligibility requirements: Health, dental, and vision plans; wellness program; health savings account; flexible spending accounts; 401(k) retirement plan; life insurance, short\\-term disability insurance; long\\-term disability insurance, Employee Assistance Program; PTO, holiday pay, tuition reimbursement, and employee paid critical illness and accident insurance.  

Nurses with OCN certification are eligible for OCN Incentive Pay after 90 days of employment or upon obtainment of certification.
Responsibilities:
* Coordination of patient care with both internal and outside entities
* Triage patient calls regarding treatment and symptom management
* Oversees patient compliance and adherence to oral chemotherapy regimens
* Assists in patient education and follow up after initial chemotherapy regimens
* Assists physicians with IKM chemotherapy regimens
* Manages electronic and call in prescriptions and management of narcotic and chemotherapy refill requests
* Assists with calling patients lab results and scan as needed
* Assists the MA staff with disability and FMLA paperwork
* Acts as a liaison between physician outside resources
* Acts a liaison between the infusion suite and the physicians/mid\\-level providers


Qualifications:

Graduate from an accredited program for professional nursing education, BSN preferred.
RN state license and current registration with the State Board of Nursing in practicing state.
Current Basic Life Support (BLS) certification.  

Must maintain continuing education requirements.
Minimum two years nursing experience required, oncology experience preferred. **Working Conditions:****Environment\\-**
The work environment characteristics described here are representative of those an employee encounters while performing the essential functions of this job. Reasonable accommodations may be made to enable individuals with disabilities to perform the essential functions. There is a possible exposure to communicable diseases, toxic substances, ionizing radiation, medical preparations and other conditions common to an oncology/hematology clinic environment. **Physical Requirements (Lifting, standing, etc.) –**
The physical demands described here are representative of those that must be met by an employee to successfully perform the essential functions of this job. Reasonable accommodations may be made to enable individuals with disabilities to perform the essential functions. Requires full range of body motion including handling and lifting patients, manual and finger dexterity, and eye\\-hand coordination. Requires standing and walking for extensive periods of time. Occasionally lifts and carries items weighing up to 40 lbs. Requires corrected vision and hearing to normal range.  

All qualified candidates are required to pass a background check and non\\-federal drug test (which excludes marijuana) post offer of employment and prior to hire.  

This job posting will remain open until we have identified an adequate applicant pool. Applicants are strongly encouraged to apply early. To apply for this position, start the process by clicking the blue ""apply"" button.","Health Care","https://www.indeed.com/cmp/Rocky-Mountain-Cancer-Centers","https://d2q79iu7y748jz.cloudfront.net/s/_squarelogo/256x256/215c63e1d6e256f6e7f379947863a967","https://www.rockymountaincancercenters.com","Denver, CO","51 to 200","less than $1M (USD)","","","","","","",""
"in-1c82f3963a43634f","indeed","https://www.indeed.com/viewjob?jk=1c82f3963a43634f","https://careers.arcfield.com/jobs/8061/job?utm_source=indeed_integration&iis=Job%20Board&iisn=Indeed&indeed-apply-token=73a2d2b2a8d6d5c0a62696875eaebd669103652d3f0c2cd5445d3e66b1592b0f","Systems Engineer - Mid","Arcfield","Colorado Springs, CO, US","2026-05-22","fulltime","direct_data","yearly",88289.0,153517.0,"USD",True,"","","","","Responsibilities:

We are seeking a skilled and motivated Mid\\-Level Systems Engineer to join our growing team in CO Springs, CO. In this role, you will be responsible for the implementation, maintenance, and optimization of our IT systems and infrastructure. You will work closely with senior engineers, IT managers, and other team members to ensure the integrity, reliability, and performance of critical business systems. The ideal candidate has a firm grasp of systems engineering principles, solid problem\\-solving skills, and hands\\-on experience with modern IT environments and technologies. **Key Responsibilities** **Systems Implementation and Maintenance*** Install, configure, and maintain systems, servers, hardware, and software.
* Perform routine system upgrades and patches to ensure optimal performance and compliance with security standards.
* Manage hardware inventory, ensuring proper deployment and updating of infrastructure components.
* Monitor system performance and troubleshoot issues to prevent downtime using diagnostic tools.

**Network and Infrastructure Support*** Support the design, configuration, and maintenance of network infrastructure, including LAN, WAN, and wireless systems.
* Implement and maintain backup, failover systems, disaster recovery solutions, and data storage systems to ensure business continuity.
* Troubleshoot and resolve complex hardware and network issues, ensuring minimal disruption to business operations.
* Collaborate with the Network and Help Desk teams for seamless configuration, integration, and user support.

**Security and Compliance*** Enforce system and network security standards, implement policies for data access, encryption, and endpoint security.
* Monitor for system vulnerabilities and proactively implement fixes or escalations as needed.
* Ensure compliance with organizational policies and regulatory requirements related to IT infrastructure security and data protection (e.g., GDPR, HIPAA, NIST).

**Technical Collaboration*** Collaborate with cross\\-functional teams, including developers, DevOps, and support staff, to ensure infrastructure aligns with business needs.
* Provide Tier 2/3 support for infrastructure\\-related incidents and escalate critical issues to senior engineers when necessary.
* Participate in system design reviews and provide input into architecture planning and roadmaps to improve efficiency and scalability.

**Documentation and Reporting*** Maintain accurate and detailed documentation for system configurations, processes, network diagrams, and troubleshooting guidelines.
* Assist in creating user guides, training materials, and documentation for technical support staff.
* Prepare reports on system performance, security status, and issues for management.


Qualifications:
**Required:**
-------------

* **Must possess and maintain an active TS/SCI Clearance.**
* Bachelor’s degree with 5\\-7 years; MS with 3\\-5 years or a PhD with 0\\-2 years in Computer Science, Information Technology, or a related field (or equivalent experience).
* **3\\+ years** of hands\\-on experience in systems engineering, network administration, or IT infrastructure management.
* Proven ability to work in fast\\-paced environments, supporting business\\-critical systems.

* **Technical Expertise**:
	+ Proficient in systems administration concepts—installation, configuration, maintenance, and troubleshooting.
	+ Strong working knowledge of operating systems, including Windows Server, Linux, and UNIX.
	+ Exposure to virtualization technologies (e.g., VMware, Hyper\\-V) and basic understanding of containerization solutions like Docker and Kubernetes.
	+ Basic networking knowledge—TCP/IP, DNS, DHCP, routing, and switching.
	+ Familiarity with enterprise storage systems like SAN and NAS.
* **Problem\\-Solving Skills**:
	+ Strong analytical and troubleshooting abilities with a logical approach to diagnosing and resolving system issues.
* **Collaboration and Communication**:
	+ Excellent team collaboration and verbal/written communication skills to support end users and work across technical and non\\-technical teams.
	+ Ability to work independently and as part of a larger IT team.
* **Project Coordination**:
	+ Experience participating in system upgrades, migrations, and implementations.
	+ Strong organization skills with an ability to prioritize and manage multiple projects simultaneously.

**Preferred Qualifications**
----------------------------

* Industry certifications such as:
	+ Microsoft Certified: Azure Administrator Associate
	+ CompTIA Server\\+, Network\\+, or Security\\+
	+ VMware Certified Professional (VCP), or similar.
	+ Cisco Certified Network Associate (CCNA).
* Experience with cloud services such as AWS, Microsoft Azure, or Google Cloud.
* Familiarity with IT management frameworks (e.g., ITIL).
* Knowledge of automation tools, scripting languages (PowerShell, Python, Bash), and CI/CD processes.
* Experience implementing and managing firewalls, security appliances, and endpoint protection for corporate networks.

  


Equal Pay Act: This is the projected compensation range for this position. There are differentiating factors that can impact a final salary/hourly rate, including, but not limited to, Contract Wage Determination, relevant work experience, skills and competencies that align to the specified role, geographic location (For Remote Opportunities), education and certifications as well as Federal Government Contract Labor categories. In addition, Arcfield invests in its employees beyond just compensation. Arcfield ’s benefits offerings include, dependent upon position, Health Insurance, Life Insurance, Paid Time Off, Holiday Pay, Short Term and Long\\-Term Disability, Retirement and Savings, Learning and Development opportunities, wellness programs as well as other optional benefit elections. Min: $88,289\\.08 Max: $153,517\\.58 EEO Statement:

We are an equal opportunity employer and federal government contractor. We do not discriminate against any employee or applicant for employment as protected by law.","","https://www.indeed.com/cmp/Arcfield","https://d2q79iu7y748jz.cloudfront.net/s/_squarelogo/256x256/49aafce9bb3474c44e676f725864a565","http://www.arcfield.com","Chantilly, VA","1,001 to 5,000","$500M to $1B (USD)","We provide innovative solutions in systems engineering and integration, C5ISR and digital transformation for air, sea, land, space and cyber domains in support of our nation’s most critical missions.","","","","","",""
"in-2eca2614dcb7e608","indeed","https://www.indeed.com/viewjob?jk=2eca2614dcb7e608","https://careers.bigbear.ai/jobs/4438/job?utm_source=indeed_integration&iis=Job%20Board&iisn=Indeed&indeed-apply-token=73a2d2b2a8d6d5c0a62696875eaebd669103652d3f0c2cd5445d3e66b1592b0f","Application Developer - Mid Level","BigBear.ai","Washington, DC, US","2026-05-18","fulltime","","","","","",True,"","","","","Overview:
**BigBear.ai** is seeking a Mid\\-Level **Application Developer** to support the Defense Intelligence Agency (DIA).

**This position will be based out of Washington, D.C. and will offer remote flexibility.**

You will be joining our amazing BigBear.ai team to provide development for legacy and existing systems whether it’s building out new features, enhancements, or bug fixes and adding features that will allow our successor system to integrate with older legacy systems so that both systems can co\\-exist. This position will require \\~2 days of onsite support with remaining days providing developer support remotely.


What you will do:

As a Mid\\-Level Application Developer, some of your duties will require you to independently manage multiple complex work assignments with minimal oversight and review. Assignments may be broad in nature, requiring originality and innovation in determining how to accomplish tasks. Operates with appreciable latitude in developing methodology and presenting solutions to problems. Contributes to deliverables and performance metrics where applicable.
What you need to have:
* **TS/SCI clearance with a polygraph is required**
* Bachelors degree and 6\\+ years of experience with application or software development with least a portion of the experience within the last 2 years or Master's degree and 4\\+ years of experience with application or software development
* Experience using Node.js with Typescript, SQL, PostgreSQL, Redis, and Elasticsearch
* Experience with Angular and NestJS, JSON, Java, JavaScript, SharePoint, XML, VBAs, Oracle, MongoDB, Solr, SQL, Open AI, or other AI technologies
* Experience with Docker containers and/or Red Hat Openshift.


What we'd like you to have:
* Experience with Python
* Familiarity with Piwik/Matomo
* Experience creating solutions to complex problems within a collaborative, cross\\-functional team
* Ability to work with automated testing tools to perform testing and maintenance


About BigBear.ai:

BigBear.ai is a leading provider of AI\\-powered decision intelligence solutions for national security, supply chain management, and digital identity. Customers and partners rely on Bigbear.ai’s predictive analytics capabilities in highly complex, distributed, mission\\-based operating environments. Headquartered in McLean, Virginia, BigBear.ai is a public company traded on the NYSE under the symbol BBAI. For more information, visit https://bigbear.ai/ and follow BigBear.ai on LinkedIn: @BigBear.ai and X: @BigBearai.  

BigBear.ai is an Equal opportunity employer all protected groups, including protected veterans and individuals with disabilities.","","https://www.indeed.com/cmp/Bigbear.ai","https://d2q79iu7y748jz.cloudfront.net/s/_squarelogo/256x256/90bbf616d5b14617436293133af7973e","https://bigbear.ai","7950 Jones Branch 
Drive McLean VA 22102","501 to 1,000","$100M to $500M (USD)","BigBear.ai fuses artificial intelligence with deep mission expertise, empowering decision-makers and operators to act with speed, precision, and confidence.","","","","","",""
"in-77a8dfa624d7ce8d","indeed","https://www.indeed.com/viewjob?jk=77a8dfa624d7ce8d","https://careers-iridium.icims.com/jobs/4942/job?utm_source=indeed_integration&iis=Job%20Board&iisn=Indeed&indeed-apply-token=73a2d2b2a8d6d5c0a62696875eaebd669103652d3f0c2cd5445d3e66b1592b0f","Software Engineer II","Daktronics","Chandler, AZ, US","2026-05-07","fulltime","","","","","",True,"","","","","Company Overview:

Iridium is an award\\-winning and innovative satellite communications company with bragging rights to the only network that offers voice and data connectivity anywhere in the world. For over 20 years, Iridium’s unique network and services have supported critical communications needs for individuals, businesses, and the evolving Internet of Things.

  

At Iridium, we understand the importance of staying connected and the limitations of traditional communications networks. People across the globe, including first responders, humanitarians, global militaries, scientific researchers, and lone workers, as well as ships, aircraft and remote operations all rely on Iridium to stay connected. We take our responsibility for providing these essential communications very seriously and pride ourselves on offering a reliable lifeline when needed. Likewise, Iridium is committed to providing an exciting and innovative workplace, where employees are challenged to think outside the box and collaborate on new, bold ideas and solutions. Our talented teams are passionate about their work and the impact our company makes around the world. Iridium fosters an empowering and inclusive culture that allows employees to genuinely be their best selves. We are looking for others who want to join this truly unique company that celebrates our employees and provides the opportunity to truly make a difference in the world.


Position Summary, Job Requirements \\& Responsibilities:
**What We’re Looking For:**
---------------------------


If you enjoy learning about and working with breakthrough technologies, and are enthusiastic about working in the space industry, then you will be excited about the Software Engineer II opening with Iridium for a Space Development Agency (SDA) project. As the Ground Software Engineer within the Ground Systems Development team, you will gain experience in software development and maintenance for the mission software and supporting applications, while utilizing a working knowledge of mission planning, data routing, and management. Additionally, the Ground Software Engineer will work autonomously to deliver high\\-quality work and drive projects/deliverables to completion within the larger development team to support cross\\-functional efforts across all areas of ground system software development.
**What You’ll Do:**
-------------------

* Work collaboratively with your team to develop and enhance software related to the SDA project
* Assist in developing optimized code for both scalability and performance
* Work within the Agile/Scrum framework for software development
* Play a role in creating and/or maintaining build environments for software products
* Work within team objectives to assist in planning and executing software releases per stakeholder/program schedules and budgets
* Update issue/feature data in Atlassian Project/Software tracking tools
* Follow existing Iridium processes for Change Control, Prioritization, Risk Management, Commercial off the Shelf (COTS) Management, Build, and Test software deployments and use knowledge to assist in development of process/procedure documentation materials
* Edit, structure, and present data, concepts, and arguments clearly and succinctly, through briefings and documentation
* Respond to questions within scope from stakeholders

Experience \\& Education Requirements:
**What You’ll Need to Succeed:**
--------------------------------

* Bachelor of Science degree in Computer Science, or other engineering discipline
* 2\\+ years’ software programming and/or software support experience
* Proficiency in one or more programming languages (e.g., C, C\\+\\+, Python, Java, or similar)
* Coding experience on Agile based teams
* Strong communication skills, with the ability to clearly present information and ideas to others
* Have confidence and be able to easily build meaningful relationships with your manager and members of your team
* Must be able to prioritize your tasks, be self\\-aware enough to identify and correct mistakes, and not be afraid to ask for help when needed
* Be active in seeking out ways to improve yourself and gain new knowledge, and be enthusiastic in sharing knowledge with others

**Things That Would be** **Great** **if You Brought to the Table****:**
-----------------------------------------------------------------------

* Experience with the following technologies:
	+ XML / JSON / SQL
	+ No SQL based DBs (e.g., Mongo)
	+ Atlassian management/software development tools: Jira / Git / Bitbucket / Crucible / Confluence and/or Gitlab
	+ Micro services architectures
	+ AWS cloud environments
**We’ll also need you to:*** Work in the office at least 3 or more days a week to foster collaboration with the team and stakeholders
* Be a U.S. Citizen
* Be able to obtain and maintain a U.S. Government security clearance

ADA and EEO:
**Work Environment:**
---------------------


This position primarily works in an office setting and is largely sedentary with the majority of the position working with a computer. The role typically requires the use of basic office equipment such as a phone, video, computer, keyboard, mouse, and printer.  

We believe in\\-person connection drives innovation, strengthens mentorship, and builds culture, while flexibility enables employees to do their best work. Under Iridium’s Hybrid Work Policy, employees are expected to work at least three days per week (approximately 60%) in an Iridium office to support collaboration, relationship\\-building, and professional growth. **Additional Information**
This job description outlines the general nature and level of work for this role and is not a comprehensive list of duties, responsibilities, or qualifications. Employees may be assigned additional responsibilities as needed. **Iridium is an Equal Opportunity Employer, including individuals with disabilities and protected veterans.**","","https://www.indeed.com/cmp/Daktronics","https://d2q79iu7y748jz.cloudfront.net/s/_squarelogo/256x256/3ee42abbcdff06422d0130329f9490f2","https://www.daktronics.com","Brookings, SD","1,001 to 5,000","$500M to $1B (USD)","Every day, in nearly 100 countries around the world, millions of people depend on Daktronics scoring and display systems for information and entertainment.","","","","","",""
"in-874ccfb8ca1464e1","indeed","https://www.indeed.com/viewjob?jk=874ccfb8ca1464e1","https://careers-scires.icims.com/jobs/11160/job?utm_source=indeed_integration&iis=Job%20Board&iisn=Indeed&indeed-apply-token=73a2d2b2a8d6d5c0a62696875eaebd669103652d3f0c2cd5445d3e66b1592b0f","Software Engineer II","Scientific Research Corporation","Orlando, FL, US","2026-04-23","fulltime","","","","","",True,"","","","jobs@scires.com","Description:

This position is for the NCRC Range Modernization (RM) Software Engineer position providing development, testing, and support associated with their designated NCRC product scrum team.* Performing as a software developer on an NCRC product scrum team
* Supporting resolution of open program problem reports (PPRs) associated with their designated NCRC product scrum team
* Developing unit tests for development assignments and support integration testing efforts
* Executing the software engineering tasks necessary to maintain and make changes to program baseline architectures
* Providing occasional development guidance and input to junior software developers
* Supporting cyber range capability assessments, evaluations, and technology prototypes
* Providing remote site support for setup, configuration, and delivery activities

*\\#LI\\-HK1*
Requirements:
* Bachelor’s degree with a focus in computer science, computer engineering, or a related discipline with corresponding experience and demonstrated mastery of relevant topics
* Three (3\\) years or more of related, proven experience performing similar duties
* High\\-level knowledge of: software development to include agile software development practices; programming languages; operating systems; networks; enterprise and consumer IT concepts, architectures, and systems (compute, network, storage)
* Proficiency in Python, Java, and C/C\\+\\+ development and scripting in PowerShell and bash
* Experience with Linux\\-based operating systems
* Knowledge of one or more continuous integration tools such as Jenkins
* Knowledge of one or more of the following: MySQL, MariaDB, MongoDB, PostgreSQL, and NoSQL
* Experience with project logistics and working with controlled engineering baselines
* Familiarity with version control systems such as SVN and Git
* Ability and experience effectively communicating technical and programmatic issues
* Demonstrated ability to work within teams
* Strong organizational skills
* Top Secret clearance eligibility


Desired Skills:
* Master’s degree with a focus in computer science, computer engineering, or a related discipline, or five (5\\) years or more of related, proven experience performing similar duties
* Experience working with platform development, end\\-users (operators), and system developers
* Strong experience with Linux\\-based operating systems
* Experience with complex enterprise infrastructures using various operating systems and configuring domain services such as AD, Exchange/email, DNS, DHCP, VPN, databases, IIS, Apache, etc.
* Experience with virtualization and containerization technologies such as: VMWare, Docker, HyperV, Xen, Kubernetes, etc.
* Experience with software defined networking and network function virtualization
* Knowledge of networking protocols such as TCP/IP, HTTP, HTTPS, TFTP, DNS, FTP, etc.
* Knowledge of user simulator technologies and solutions, which generate network and application traffic to simulate realistic users
* Knowledge of DevSecOps methodologies and tools


Clearance Information:
**SRC IS A CONTRACTOR FOR THE U.S. GOVERNMENT, THIS POSITION WILL REQUIRE U.S. CITIZENSHIP AS WELL AS, A U.S. GOVERNMENT SECURITY CLEARANCE AT THE SECRET LEVEL WITH TOP SECRET / SCI ELIGIBILITY**

  


Travel Requirements:
* N/A


About Us:

Scientific Research Corporation is an advanced information technology and engineering company that provides innovative products and services to government and private industry, as well as independent institutions. At the core of our capabilities is a seasoned team of highly skilled engineers and scientists with multidisciplinary backgrounds. This team is challenged daily to provide cutting edge technology solutions to our clients.  

SRC offers a generous benefit package, including medical, dental, and vision plans, 401(k) with a company match, life insurance, vacation and sick paid time off accruals starting at 10 days of vacation and 5 days of sick leave annually, 11 paid holidays, tuition reimbursement, and a work environment that encourages excellence and more. For positions requiring a security clearance, selected applicants will be subject to a government security investigation and must meet eligibility requirements for access to classified information.
EEO:

Scientific Research Corporation is an equal opportunity employer that does not discriminate in employment. All qualified applicants will receive consideration for employment without regard to their race, color, religion, sex, age, sexual orientation, gender identity, national origin, disability, protected veteran status, or any other protected characteristic under federal, state or local law.  

Scientific Research Corporation endeavors to make www.scires.com accessible to any and all users. If you would like to contact us regarding the accessibility of our website or need assistance completing the application process, please contact jobs@scires.com for assistance. This contact information is for accommodation requests only and cannot be used to inquire about the status of applications.","","https://www.indeed.com/cmp/Scientific-Research-Corporation","https://d2q79iu7y748jz.cloudfront.net/s/_squarelogo/256x256/9c28600f0e3a39947191c0e701c515a8","https://www.scires.com","Atlanta, GA","1,001 to 5,000","$100M to $500M (USD)","Scientific Research Corporation provides the U.S. government and other customers with a vast array of quality products and services. ","","","","","",""
"in-a81be470370a08ca","indeed","https://www.indeed.com/viewjob?jk=a81be470370a08ca","https://careers.astrion.us/jobs/23636/job?utm_source=indeed_integration&iis=Job%20Board&iisn=Indeed&indeed-apply-token=73a2d2b2a8d6d5c0a62696875eaebd669103652d3f0c2cd5445d3e66b1592b0f","Software Developer - Mid-Level (C#/.NET)","Astrion","Eglin AFB, FL, US","2026-04-21","fulltime","","","","","",True,"","","","","Overview:
**Software Developer Mid\\-Level (C\\#/.NET)****LOCATION:** Eglin AFB, FL**JOB STATUS:** Full\\-time**CLEARANCE:** Active Secret**CERTIFICATION:** Per DoD 8140**TRAVEL:** \\<5%  

Our Datalinks Test Flight (DTF) team is searching for a **Software Developer (C\\#/.NET)** that can help us establish and maintain the necessary infrastructure to support multiple test programs. If you enjoy working in a fast\\-paced environment, learning new and different technology areas, this is the place for you.  

This position provides support to the **46th Test Squ****adron at Eglin AFB**, where you will function as a member of the software engineering team responsible for development, implementation, maintenance, and sustainment of tactical datalinks applications vital in support of datalinks testing within the DTF’s Datalinks Test Lab.

 **REQUIRED QUALIFICATIONS / SKILLS*** Bachelor's Degree and 3 \\- 10 years of relevant experience. Additional experience may be substituted for education.
* Active Secret clearance with the ability to obtain and maintain a Top\\-Secret clearance.
* U.S. Citizenship is required.
* Certification per DoD 8140
* .NET programming with C\\# experience required.
* Programming experience.
* Solid experience with software testing, fault isolation and resolution.
* Ability to develop software within all phases of the Software Development Lifecycle.
* Able to travel 5% of the time to remote test locations both CONUS and OCONUS.
* Must possess effective oral and written communications skills, with the ability to function successfully in a team environment.

**PREFERRED QUALIFICATIONS / SKILLS*** Experience with VB .NET, Python, Java, and other Object\\-Oriented programming experience desired.
* Experience with programming in and generating both text\\-based user interfaces and geo\\-graphical displays in Microsoft Visual Studio.
* Basic experience with Agile programming—specifically SCRUM Framework.
* Familiarity in source control, configuration control software; GIT experience desired.
* Proficient with MS Team Foundation Server, Win 10 and later, Microsoft Office Suite.
* Understanding of tactical data links and protocols (Link 16, SADL, JREAP) desired.
* Knowledgeable of MIL\\-STD\\-6016x, MIL\\-STD\\-3011, and MIL\\-STD\\-1553\\.
* Familiar with DoD software certification and Risk Management Framework Assess and Authorize processes.

**RESPONSIBILITIES*** Provide software engineering support on DoD Development, Test, \\& Evaluation systems.
* Work with a software development team and system stakeholders in developing software following Agile programming and Software Development Lifecycle principles.
* Have extensive knowledge and abilities in programming in multiple Object\\-Oriented programming languages, to include C\\#. NET Visual Basic .NET, and Java.
* Demonstrate the ability to work within a team environment, effectively communicating and interacting with customers, team members, and organizational leadership.
* Performs other related functions as required to advise and assist the customer in the successful accomplishment of test support and test execution.","","https://www.indeed.com/cmp/Astrion","https://d2q79iu7y748jz.cloudfront.net/s/_squarelogo/256x256/bdafd7331c0250e9293bf76dac73e9bf","https://www.oasissystems.com/","Burlington, NC","1,001 to 5,000","$100M to $500M (USD)","Deliver results with impact.
This is how we do it. We deliver concrete, measurable results that create real impact on our customers’ missions.","","","","","",""
"in-c78492fdbcaddc73","indeed","https://www.indeed.com/viewjob?jk=c78492fdbcaddc73","https://careers.arcfield.com/jobs/7890/job?utm_source=indeed_integration&iis=Job%20Board&iisn=Indeed&indeed-apply-token=73a2d2b2a8d6d5c0a62696875eaebd669103652d3f0c2cd5445d3e66b1592b0f","Electrical Engineer","Arcfield","Middletown, RI, US","2026-04-20","fulltime","direct_data","yearly",55998.0,97370.0,"USD",True,"","","","","Responsibilities:

Arcfield is looking for an entry or mid\\-level Electrical Engineer to support In\\-Service Engineering Agency (ISEA) This position will provide direct support to the Naval Undersea Warfare Center (NUWC) Code 34, team. Tasking will include analysis, design and capability enhancements, testing support, and in\\-service support for Radar, Imaging, and EW systems. You will provide Engineering expertise as part of an integrated technical team made up of Arcfield and NUWC engineers. **Principal Duties and Responsibilities:*** Ability to troubleshoot electrical circuit card assemblies in Radar/Imaging/EW systems.
* Ability to understand and develop electrical drawings and schematics.
* Performance analysis of antenna equipment and digital signal processing.
* Assess installation and system requirements to determine equipment layout
* Develop, review, and execute test plans and test procedures.
* Troubleshoot Radar systems at serval Naval bases throughout the country.
* Travel required 10% of the time.
* Develop program status reports such as technical assessments, risk assessments, technical recommendations, and Technical Data Packages.


Qualifications:
**Requirements/Skills:*** BS and 0\\-2 Years experience
* Bachelor’s degree in electrical engineering.
* Expertise in Conducting data analysis in MATLAB on theoretical sensor models, synthetic data sets, and live measurements.
* Be able to travel approximately 10% of the time
* Ability to obtain and maintain a Secret security clearance; active clearance is preferable.

**Desired Requirements/Skills:*** 10\\+ years of professional experience in radar systems engineering, design, analysis and/or test.
* Familiarity with C/C\\+\\+, Java, and/or Python is desirable.
* Experienced in Linux frameworks, modern message protocols, network architecture, and virtual computing


Equal Pay Act: This is the projected compensation range for this position. There are differentiating factors that can impact a final salary/hourly rate, including, but not limited to, Contract Wage Determination, relevant work experience, skills and competencies that align to the specified role, geographic location (For Remote Opportunities), education and certifications as well as Federal Government Contract Labor categories. In addition, Arcfield invests in its employees beyond just compensation. Arcfield ’s benefits offerings include, dependent upon position, Health Insurance, Life Insurance, Paid Time Off, Holiday Pay, Short Term and Long\\-Term Disability, Retirement and Savings, Learning and Development opportunities, wellness programs as well as other optional benefit elections. Min: $55,998\\.60 Max: $97,370\\.70 EEO Statement:

We are an equal opportunity employer and federal government contractor. We do not discriminate against any employee or applicant for employment as protected by law.","","https://www.indeed.com/cmp/Arcfield","https://d2q79iu7y748jz.cloudfront.net/s/_squarelogo/256x256/49aafce9bb3474c44e676f725864a565","http://www.arcfield.com","Chantilly, VA","1,001 to 5,000","$500M to $1B (USD)","We provide innovative solutions in systems engineering and integration, C5ISR and digital transformation for air, sea, land, space and cyber domains in support of our nation’s most critical missions.","","","","","",""
"in-bcca5cb095c2499c","indeed","https://www.indeed.com/viewjob?jk=bcca5cb095c2499c","https://careers.arcfield.com/jobs/7870/job?utm_source=indeed_integration&iis=Job%20Board&iisn=Indeed&indeed-apply-token=73a2d2b2a8d6d5c0a62696875eaebd669103652d3f0c2cd5445d3e66b1592b0f","Software Engineer III","Arcfield","Rome, NY, US","2026-04-14","fulltime","direct_data","yearly",92978.0,161672.0,"USD",True,"","","","","Responsibilities:

The Arcfield Cross\\-Domain Solutions Group is seeking a mid\\-level software engineer to join a Research and Development Team which is devoted to enhancing an industry\\-leading cross\\-domain guarding solution deployed at government and military installations worldwide. Sharing data across security domains is critical to our nation’s ability to maintain information superiority. A cross\\-domain guarding solution facilitates the sharing of data from one security domain to another. It also ensures the integrity of the data, guards against unauthorized access and malicious cyber\\-attacks, filters data and assists with a human review of the data being transferred.  

The chosen candidate will conduct research for and development of a moderately complex software code base comprising the cross\\-domain solution and feature\\-enhancing components. Tasking includes analyzing and prototyping new features to address security and enterprise requirements and contributing to baseline development. The chosen candidate will collaborate with other team members, a production team using Scrum, and field engineers to achieve team goals. The chosen candidate will also bring experience and skills that enrich the other members of the Research and Development Team.  

* Conducts research in design, development, testing and utilization of electronic data processing software.
* Designs, develops, documents, tests and debugs applications software and systems that contain logical and mathematical solutions.
* Conducts multidisciplinary research and collaborates with equipment designers and/or hardware engineers in the planning, design, development, and utilization of electronic data processing systems for product and commercial software.
* Determines computer user needs; analyzes system capabilities to resolve problems on program intent, output requirements, input data acquisition, programming techniques and controls; prepares operating instructions; designs and develops compilers and assemblers, utility programs, and operating systems.
* Ensures software standards are met. Analyzes user needs and software requirements to determine feasibility of design within time and cost constraints.
* Confers with systems analysts, engineers, programmers and others to design system and to obtain information on project limitations and capabilities, performance requirements and interfaces.
* Designs, develops and modifies software systems, using scientific analysis and mathematical models to predict and measure outcomes and consequences of design.
* Coordinates software system installations and monitors equipment functioning to ensure specifications are met.
* Career level with a complete understanding and wide application of technical principles, theories and concepts.
* Working under only general direction, provides technical solutions to a wide range of difficult problems.
* Independently determines and develops approach to solutions.


Qualifications:
**Required:*** Bachelor's (or equivalent) with 5 \\- 7 yrs. of experience, or a Master's and 3 to 5 yrs. of experience or a PhD with 0\\-2 years of experience
* Must POSSESS a Secret clearance, and have the ability to obtain and maintain a Top Secret clearance
* Developing solutions with languages and technologies such as Java, C\\+\\+/C, Python, Venom, Go, Linux containers, Kubernetes and Helm Charts
* Design and implementation using object\\-oriented principles and patterns
* Participation in multiple simultaneous efforts
* Familiar with the full software engineering lifecycle
* Capable of capturing and documenting software design and functionality

**Desired:*** Practitioner of Scrum using Test\\-driven Development
* Building solutions using virtual machines, cloud environments, repositories, databases, specialized hardware and collaborative or federated technologies
* Developing video or data streaming applications
* Familiar with securing an operating system
* Developing or using cross\\-domain guard technology
* Public\\-key cryptography
* Developing applications for Microsoft Windows

  


Equal Pay Act: This is the projected compensation range for this position. There are differentiating factors that can impact a final salary/hourly rate, including, but not limited to, Contract Wage Determination, relevant work experience, skills and competencies that align to the specified role, geographic location (For Remote Opportunities), education and certifications as well as Federal Government Contract Labor categories. In addition, Arcfield invests in its employees beyond just compensation. Arcfield ’s benefits offerings include, dependent upon position, Health Insurance, Life Insurance, Paid Time Off, Holiday Pay, Short Term and Long\\-Term Disability, Retirement and Savings, Learning and Development opportunities, wellness programs as well as other optional benefit elections. Min: $92,978\\.75 Max: $161,672\\.00 EEO Statement:

We are an equal opportunity employer and federal government contractor. We do not discriminate against any employee or applicant for employment as protected by law.","","https://www.indeed.com/cmp/Arcfield","https://d2q79iu7y748jz.cloudfront.net/s/_squarelogo/256x256/49aafce9bb3474c44e676f725864a565","http://www.arcfield.com","Chantilly, VA","1,001 to 5,000","$500M to $1B (USD)","We provide innovative solutions in systems engineering and integration, C5ISR and digital transformation for air, sea, land, space and cyber domains in support of our nation’s most critical missions.","","","","","",""
"in-f96b133b6a9ada5e","indeed","https://www.indeed.com/viewjob?jk=f96b133b6a9ada5e","https://careers.arcfield.com/jobs/7847/job?utm_source=indeed_integration&iis=Job%20Board&iisn=Indeed&indeed-apply-token=73a2d2b2a8d6d5c0a62696875eaebd669103652d3f0c2cd5445d3e66b1592b0f","Mid-Level Software Engineer - Unmanned Systems","Arcfield","Middletown, RI, US","2026-04-10","fulltime","direct_data","yearly",72826.0,126630.0,"USD",True,"","","","","Responsibilities:

Experienced with frequent use and application of technical standards, principles and theories. Works under general supervision, providing solutions to technical problems of moderate scope/complexity.* Work as a software engineer as part of an Arcfield team working at the Naval Undersea Warfare Center in Newport RI in their unmanned vehicle software development and support programs.
* Understand, create, and/or modify application(s) using Linux, Windows, C\\+\\+ and/or Java
* Support development, evaluation, system/software integration, and test
* Understand/support requirements maintenance and develop software designs
* Work closely with teammates and government engineers
* Communicate regularly with functional team leads to ensure effective work partnerships
* Position is full time and located in Middletown, RI


Qualifications:
* BS and 2\\-4 yrs of experience, or Master's with 0\\-2 yrs of experience.
* Experience with high level programming languages, e.g. C/C\\+\\+, Java, Python and scripting languages (bash, tcsh/csh)
* Solid command of object\\-oriented software development
* Experience with development in Linux\\-based environments
* Experience with software configuration control, version control and build tools and processes
* Experience with Continuous Integration using GitLab or Jenkins.
* Ability to work independently is essential.
* Strong problem solving, application testing, and debugging capabilities
* Working knowledge of basic networking and network protocols
* Familiar with agile and/or traditional software development life cycle (SDLC) approaches
* Effective written and verbal skills
* Able to work and thrive in both individual and team\\-based development environments
* Ability to obtain a DoD SECRET clearance required. Active SECRET is highly desired.


Equal Pay Act: This is the projected compensation range for this position. There are differentiating factors that can impact a final salary/hourly rate, including, but not limited to, Contract Wage Determination, relevant work experience, skills and competencies that align to the specified role, geographic location (For Remote Opportunities), education and certifications as well as Federal Government Contract Labor categories. In addition, Arcfield invests in its employees beyond just compensation. Arcfield ’s benefits offerings include, dependent upon position, Health Insurance, Life Insurance, Paid Time Off, Holiday Pay, Short Term and Long\\-Term Disability, Retirement and Savings, Learning and Development opportunities, wellness programs as well as other optional benefit elections. Min: $72,826\\.14 Max: $126,630\\.53 EEO Statement:

We are an equal opportunity employer and federal government contractor. We do not discriminate against any employee or applicant for employment as protected by law.","","https://www.indeed.com/cmp/Arcfield","https://d2q79iu7y748jz.cloudfront.net/s/_squarelogo/256x256/49aafce9bb3474c44e676f725864a565","http://www.arcfield.com","Chantilly, VA","1,001 to 5,000","$500M to $1B (USD)","We provide innovative solutions in systems engineering and integration, C5ISR and digital transformation for air, sea, land, space and cyber domains in support of our nation’s most critical missions.","","","","","",""
"in-7fa7bce68d8e8764","indeed","https://www.indeed.com/viewjob?jk=7fa7bce68d8e8764","https://careers.vtgdefense.com/jobs/8971/job?utm_source=indeed_integration&iis=Job%20Board&iisn=Indeed&indeed-apply-token=73a2d2b2a8d6d5c0a62696875eaebd669103652d3f0c2cd5445d3e66b1592b0f","Software Developer","VTG Defense","Hanover, MD, US","2026-03-31","fulltime","","","","","",False,"","","","","Overview:

VTG, is seeking a Mid\\-Level Software Engineer to support a mission\\-focused customer developing, deploying, and maintaining user\\-facing Command and Control (C2\\) systems for embedded devices. This role offers the opportunity to work on high\\-impact systems in a secure, fast\\-paced environment.  


Responsibilities:
* Analyze user requirements to derive software design and performance specifications.
* Design, develop, and maintain scalable, high\\-availability systems using modern architecture principles.
* Interface with embedded systems and vendor\\-provided SDKs to implement custom functionality.
* Debug and resolve software defects across multiple programming languages (e.g., Java, JavaScript, Python, C\\+\\+).
* Develop and manage containerized applications using Docker and Kubernetes.
* Build and maintain CI/CD pipelines using GitLab for automated testing and deployment.
* Create and enhance automated testing frameworks to improve code quality and system reliability.
* Develop automation scripts to improve workflows, efficiency, and system operations.
* Collaborate with cross\\-functional teams to improve development standards and documentation.
* Assist in developing and executing test procedures for software components.
* Apply analytical and problem\\-solving techniques, including modeling and simulation, to evaluate system performance.
  


Qualifications:
**Required Qualifications**
TS/SCI with Poly required* Minimum of 7 years of experience as a Software Engineer supporting programs of similar scope and complexity.
* Strong experience with one or more programming languages, preferably:
	+ Java
	+ C\\+\\+
* Experience developing enterprise\\-level backend systems.
* Experience working with databases and data\\-driven applications.
* Hands\\-on experience with CI/CD pipelines, preferably using GitLab.","","https://www.indeed.com/cmp/Vtg-Defense","https://d2q79iu7y748jz.cloudfront.net/s/_squarelogo/256x256/beb1e99705a34f16a239c864121c592d","http://www.vtgdefense.com","14291 Park Meadow Drive
Suite 425
Chantilly, VA 20151","1,001 to 5,000","$100M to $500M (USD)","Check us out at www.VTGdefense.com!","","","","","",""
"in-b44ea87e69237fe0","indeed","https://www.indeed.com/viewjob?jk=b44ea87e69237fe0","https://talent.goldbelt.com/jobs/19359/job?utm_source=indeed_integration&iis=Job%20Board&iisn=Indeed&indeed-apply-token=73a2d2b2a8d6d5c0a62696875eaebd669103652d3f0c2cd5445d3e66b1592b0f","Programmer Analyst IV - Data Integrations with Third Parties and Applications","Goldbelt","Juneau, AK, US","2026-03-30","fulltime","","","","","",False,"","","","","Overview:

Please note that this position is contingent upon the successful award of a contract currently under bid.  

Peregrine is a pioneer within the cybersecurity industrial control systems and the Internet of Things, supporting many federal and commercial customers. Peregrine's experienced staff knows the cybersecurity and operational technology environment and provides these capabilities for our customers daily. **Summary:**
The Programmer Analyst IV is a senior\\-level technical professional responsible for analyzing, designing, developing, and implementing complex software solutions that support enterprise\\-wide business operations. This role partners closely with business users and stakeholders to define system requirements, improve existing processes, and deliver innovative applications.
Responsibilities:
**Essential Job Functions:*** Collaborate with business users and stakeholders to analyze current operating procedures, identify system needs, and define clear program objectives
* Lead the design and development of complex applications, including outlining development steps, workflows, and system architecture using diagrams and technical documentation
* Develop, test, and implement high\\-quality software solutions in alignment with enterprise standards and best practices
* Create and maintain comprehensive program documentation, user guides, and operational procedures
* Provide technical leadership, mentorship, and guidance to junior and mid\\-level programmer analysts
* Evaluate and optimize system performance, ensuring scalability, reliability, and efficiency across applications
* Technical Project Management
	+ Will utilize Project management tools to coordinate and plan development work
	+ Meet regularly with the technical lead team to report progress, set priorities and coordinate requirements gathering
	+ Gather requirements
	+ Help develop timelines
	+ Ensure developers are available to develop software to meet those timelines
	+ Coordinate with Technical team for Release scheduling
* Data Integration Development
	+ Java development using Springboot and REST APIs
	+ Java development projecting data into pubsub topics
	+ Python, Quarto for developing tabular reports for the web
	+ Database design, business intelligence tooling for end users


Qualifications:
**Necessary Skills and Knowledge:*** Knowledge of networked and centralized operating systems
* Demonstrated ability to lead complex technical projects and provide guidance to team members

**Minimum Qualifications:*** 8–10 years of progressively responsible experience in software development, programming, or systems analysis
* Advanced proficiency in one or more programming languages

**Preferred Qualifications:*** Bachelor’s degree in Computer Science, Information Systems, or a related field

 **Pay and Benefits**  

At Goldbelt, we value and reward our team's dedication and hard work. We provide a competitive base salary commensurate with your qualifications and experience. As an employee, you'll enjoy a comprehensive benefits package, including medical, dental, and vision insurance, a 401(k) plan with company matching, tax\\-deferred savings options, supplementary benefits, paid time off, and professional development opportunities.","","https://www.indeed.com/cmp/Goldbelt-4","https://d2q79iu7y748jz.cloudfront.net/s/_squarelogo/256x256/f8ff4c6d87720ae806ddf73039407d87","https://www.goldbelt.com/careers/","","Decline to state","Decline to state","Strong Roots. Bright Futures.","","","","","",""
"in-1f347da1a3288a8c","indeed","https://www.indeed.com/viewjob?jk=1f347da1a3288a8c","https://careers-iridium.icims.com/jobs/4838/job?utm_source=indeed_integration&iis=Job%20Board&iisn=Indeed&indeed-apply-token=73a2d2b2a8d6d5c0a62696875eaebd669103652d3f0c2cd5445d3e66b1592b0f","Test Engineer III","Daktronics","Chandler, AZ, US","2026-03-26","fulltime","","","","","",True,"","","","","Company Overview:

Iridium is an award\\-winning and innovative satellite communications company with bragging rights to the only network that offers voice and data connectivity anywhere in the world. For over 20 years, Iridium’s unique network and services have supported critical communications needs for individuals, businesses, and the evolving Internet of Things.

  

At Iridium, we understand the importance of staying connected and the limitations of traditional communications networks. People across the globe, including first responders, humanitarians, global militaries, scientific researchers, and lone workers, as well as ships, aircraft and remote operations all rely on Iridium to stay connected. We take our responsibility for providing these essential communications very seriously and pride ourselves on offering a reliable lifeline when needed. Likewise, Iridium is committed to providing an exciting and innovative workplace, where employees are challenged to think outside the box and collaborate on new, bold ideas and solutions. Our talented teams are passionate about their work and the impact our company makes around the world. Iridium fosters an empowering and inclusive culture that allows employees to genuinely be their best selves. We are looking for others who want to join this truly unique company that celebrates our employees and provides the opportunity to truly make a difference in the world.

  


Position Summary, Job Requirements \\& Responsibilities:
**What We’re Looking For:**
---------------------------


If you are an experienced Test Engineer, then get excited about an excellent opportunity to join Iridium's Solutions Validation team as a Test Engineer III! In this role you will perform research, development, testing, and sustaining engineering activities of Iridium services. As a Test Engineer III, you’ll be responsible for verifying the reliability and robustness of Iridium products and communication services and will conduct development activities related to our test automation efforts. You will be successful in this role if you have a keen desire to learn and a passion for software and hardware test engineering. Don't miss out on this opportunity to join an innovative and dynamic team at the forefront of satellite communications technology!
**What You’ll Do:**
-------------------

* Work collaboratively with software, hardware, and system development engineers to ensure high product quality
* Decompose requirements into verifiable test objectives
* Perform integration, maintenance, and operation of system hardware, lab hardware, and software systems
* Conduct implementation and maintenance of communication products automated test system and software
* Develop scripts and/or systems to automatically test and validate products, collect test artifacts, produce product test metrics and generate reports
* Recreate and isolate reported software and/or hardware defects using test infrastructure and document non\\-compliances
* Research and implement hardware upgrades of ground infrastructure and test systems
* Maintain and execute test automation for feature, defect and regression testing
* Maintain configuration management of test automation software and scripts
* Gain mastery of industry standard tools and software such as Elasticsearch/Logstash/Kibana, Amazon Web Services, CI/CD DevOps pipelines, containers and more

  


Experience \\& Education Requirements:
**What You’ll Need to Succeed:**
--------------------------------

* Bachelor’s degree in Engineering, Computer Science, or a related technical field
* 5\\+ years of relevant experience with test execution and analysis, test automation, and/or software development
* Previous experience working with RF systems and wireless communication technologies, including RF testing, signal characterization, or performance validation is highly desired
* Intermediate knowledge of Cloud Computing Services and Cloud Infrastructure
* Intermediate knowledge of featured services such as storage, compute services, containers, and virtual servers
* A solid understanding of Linux and/or Unix operating systems
* Previous experience with software automation, using any of the following: Python, C, C\\+\\+, C\\#, Java, etc.
* Experience with the following:
	+ Software management tools (JIRA, GIT and/or Bamboo)
	+ Integrated Development Environment (PyCharm, Spyder, Pydev, etc.)
	+ Machine virtualization, specifically VMware Desktop and ESXi
	+ Databases such as Oracle, MySQL, and/or SQL Server
	+ Knowledge of network switches and routers
	+ Knowledge of space systems and orbital analysis
	+ Agile development methodology
* Strong desire to think creatively and drive innovative solutions to complex problems, continuously improving processes, tools, or technologies
* A strong motivation to engage with and enhance test automation processes through innovation
* Strong communication skills, with the ability to confidently present products, deliverables, analyses, and/or issues
* Have confidence and be able to establish valuable relationships with others
* Must be able to prioritize key tasks and have a strong sense of ownership over your work
* Be active in seeking out ways to improve yourself and gain new knowledge, and be enthusiastic in sharing knowledge with others

**We’ll also need you to:**
---------------------------

* This position directly performs under, supports, or is exposed to a U.S. government contract. To comply with the requirements of that U.S. government contract, applicants for this position must be U.S. citizens
* Be willing and able to travel up to 15 days annually
* Be willing and able to be on\\-call to support operational issues


ADA and EEO:
**Work Environment:**
---------------------


This position primarily works in the company office or in a home office. The position is largely sedentary with the majority of the position sitting in a chair and working with a computer. The role uses basic office equipment including a phone, video, computer, keyboard, mouse, and printer.

  

We believe in\\-person connection drives innovation, strengthens mentorship, and builds culture, while flexibility enables employees to do their best work. Under Iridium’s Hybrid Work Policy, employees are expected to work at least three days per week (approximately 60%) in an Iridium office to support collaboration, relationship\\-building, and professional growth. **Additional Information**
This job description outlines the general nature and level of work for this role and is not a comprehensive list of duties, responsibilities, or qualifications. Employees may be assigned additional responsibilities as needed. **Iridium is an Equal Opportunity Employer, including individuals with disabilities and protected veterans.**","","https://www.indeed.com/cmp/Daktronics","https://d2q79iu7y748jz.cloudfront.net/s/_squarelogo/256x256/3ee42abbcdff06422d0130329f9490f2","https://www.daktronics.com","Brookings, SD","1,001 to 5,000","$500M to $1B (USD)","Every day, in nearly 100 countries around the world, millions of people depend on Daktronics scoring and display systems for information and entertainment.","","","","","",""
"in-cced73394502a495","indeed","https://www.indeed.com/viewjob?jk=cced73394502a495","https://careers.astrion.us/jobs/23591/job?utm_source=indeed_integration&iis=Job%20Board&iisn=Indeed&indeed-apply-token=73a2d2b2a8d6d5c0a62696875eaebd669103652d3f0c2cd5445d3e66b1592b0f","Datalinks Test Engineer - Mid-Level","Astrion","Eglin AFB, FL, US","2026-03-25","fulltime","","","","","",True,"","","","","Overview:
**Datalinks Test Engineer****– Mid Level**
LOCATION: **Eglin, AFB**

**JOB STATUS:** Full\\-time**CLEARANCE:** Secret**TRAVEL:** 35%  

Astrion has an exciting opportunity for a **Datalinks Test Engineer\\- Mid Level** located at the **Eglin, AFB**in **Valparaiso, FL**.  

Our Tactical Data Links (TDL) Test Flight (TGBC) is searching for an experienced data link professional and/or test engineer to join the United States Air Force’s premier TDL Developmental Test (DT) Team. If you enjoy working in a fast\\-paced environment and being on the cutting edge of innovative communications technology, this is the place for you. We provide several opportunities to learn and grow, ranging from on\\-the\\-job training with other team members to formal courses for unique technology areas.

  



We realize that no one will possess all the qualifications listed below. We are looking for people that have a strong engineering background and/or TDL foundation and have the drive and motivation to learn all other required/preferred areas. Position responsibilities can span from serving as a test lead responsible for planning, developing, and executing all aspects of a test event to assisting another test lead as a team member.

  

This position provides support to the 46 Test Squadron/TGBC at Eglin AFB as a mid\\-level Test Engineer. This is NOT a remote position.

 **REQUIRED QUALIFICATIONS / SKILLS*** Bachelor’s degree in a technical discipline and 3–10 years of relevant experience. Additional relevant experience may be substituted for education.
* Ability to obtain and maintain a Secret clearance. US Citizenship is required.
* Relevant engineering and/or technical experience in areas related to TDL, data link radios, radio frequency waves and propagation, and computer networking.
* Ability to participate on a test team to meet exercise, demonstration, or test requirements.
* Ability to execute test scripts, run test procedures, develop block diagrams, and collect data for post\\-test analysis and reporting.
* Strong work ethic; Comfortable working in a team environment with minimal supervision.
* Ability to communicate and present technical details both written and verbally.
* Experience developing and authoring documents such as briefings, plans, reports, executive summaries, white papers, and staff actions.
* Proficiency with the Microsoft Suite of Office applications.
* Able to travel to contractors' facilities, test sites, and other locations, CONUS and OCONUS, up to 25% of the time.
* Able to lift 50 lbs. unassisted.

 **PREFERRED QUALIFICATIONS / SKILLS*** Working knowledge of tactical datalink systems (Link 16, SADL, JREAP, etc.).
* Proficiency in network analysis, including practical experience with tools like Wireshark and tcpdump, and a deep understanding of networking protocols (TCP/IP, UDP, HTTP, etc.).
* Proficiency with Windows and Linux operating systems.
* Proficiency in one or more programming languages (C\\+\\+, Java, Python, etc.)
* Proficiency with scripting languages (Bash, PowerShell) is beneficial.
* Working knowledge in software development methodologies (Agile, Waterfall).
* Proficiency with cloud platforms (AWS, Azure, GCP)
* Proficiency in cloud\\-based service models (IaaS, PaaS, SaaS)
* Proficiency in hardware integration and testing procedures
* Proficiency in troubleshooting hardware issues and identifying root causes
* Proficiency with electronic test equipment (e.g., oscilloscopes, multimeters)
* Proficiency with MATLAB, Simulink, or other relevant modeling and simulation tools.
* Proficiency in other specialized software tools relevant to the position (e.g., network analysis software, protocol analyzers).
* Working knowledge with MBSE tools and languages (e.g., SysML, Cameo MagicDraw) is a plus.
* Familiar with DoD and Air Force test instructions DODI5000\\.89\\_DAFI99\\-103 Capabilities Based Test and Evaluation and Technical Order 00\\-35D\\-54 USAF Deficiency Reporting, Investigation, and Resolution.
* Possess a current and active Top Secret security clearance.
* Bachelor of Science in a technical field.

 **RESPONSIBILITIES**  

Serve as the primary face to the customer and TGBC focal point for all test planning, execution, and reporting activities for which TGBC is chartered to support.

* Design, coordinate, document, and brief test equipment architectures required to meet information exchange requirements (voice and data communications) specific to assigned program operations.
* Advise the government in decision making relevant to lead command responsibilities and to assigned capabilities and/or programs.
* Assist program offices in developing technical requirements associated with supported capabilities and/or programs and translating user operational requirements statements into the appropriate requirements format(s).
* Author, review and edit program documentation, including test plans, concept of operations, test cards, data\\-analysis plans, and formal reports.
* Coordinate test resources with Major Range and Test Facility Base (MRTFB) program managers for use of and support to program testing activities.
* Maintain a comprehensive schedule of program activities, including TGBC support requirements and personnel utilization.
* Develop and maintain a comprehensive library and/or continuity database used to capture all lessons learned, planning, execution, and reporting documentation relative to TGBC program involvement.
* Develop and present briefings to test community, program office and senior\\-level personnel on program activities.
* Utilize software tools to conduct in\\-depth data reduction and analysis which will be used to inform leadership of program activities pursuant to established objectives and technical performance criteria.
* Travel to various sites to participate in planning, execution, data analysis, report generation, etc., of program\\-related activities.
* Attends meetings as necessary to provide briefings, information, and recommendations.
* Support any additional test activities as assigned by TGBC leadership.","","https://www.indeed.com/cmp/Astrion","https://d2q79iu7y748jz.cloudfront.net/s/_squarelogo/256x256/bdafd7331c0250e9293bf76dac73e9bf","https://www.oasissystems.com/","Burlington, NC","1,001 to 5,000","$100M to $500M (USD)","Deliver results with impact.
This is how we do it. We deliver concrete, measurable results that create real impact on our customers’ missions.","","","","","",""
"in-7d68bdac9c381af3","indeed","https://www.indeed.com/viewjob?jk=7d68bdac9c381af3","https://careers-scires.icims.com/jobs/10792/job?utm_source=indeed_integration&iis=Job%20Board&iisn=Indeed&indeed-apply-token=73a2d2b2a8d6d5c0a62696875eaebd669103652d3f0c2cd5445d3e66b1592b0f","Software Developer (Intermediate)","Scientific Research Corporation","North Charleston, SC, US","2026-01-28","fulltime","","","","","",False,"","","","jobs@scires.com","Description:
* Designing, developing, and implementing systems software solutions that meet DoD specifications and performance standards
* Conducting thorough testing, debugging, and performance analysis to ensure software stability and optimal functionality
* Collaborating with cross\\-functional teams to integrate systems software with broader mission\\-critical applications and systems
* Preparing comprehensive technical documentation, including design specifications, test procedures, and maintenance reports
* Supporting continuous improvement initiatives by identifying areas for process enhancements and implementing best practices

*\\#LI\\-TF1*

 ***FILLING THIS POSITION IS CONTINGENT UPON FUNDING***


Requirements:
* Five plus years experience in a software developer role
* One plus years experience must be with communication systems, networks, or technologies
* One plus years experience must include agile software development experience
* Bachelor’s degree in a related field
* Demonstrated ability to design, develop, and maintain systems software that adheres to DoD operational and security requirements
* Proficient in system\\-level programming, utilizing languages such as C, C\\+\\+, and/or Java for robust software development
* Skilled in debugging, performance tuning, and rigorous code testing to ensure software reliability and security
* Possess an active DoD secret security clearance


Desired Skills:
* Familiarity with modern development frameworks and tools (e.g., Git, Jenkins, CI/CD pipelines) to streamline software delivery
* Experience working within agile methodologies, enabling iterative development and rapid integration
* Knowledge of secure coding practices and cybersecurity frameworks to enhance the resilience of systems software
* Strong problem\\-solving skills with the ability to analyze complex system issues and recommend effective solutions


Clearance Information:
**SRC IS A CONTRACTOR FOR THE U.S. GOVERNMENT, THIS POSITION WILL REQUIRE U.S. CITIZENSHIP AS WELL AS, A U.S. GOVERNMENT SECURITY CLEARANCE AT THE SECRET LEVEL**


Travel Requirements:
* To be determined


About Us:

Scientific Research Corporation is an advanced information technology and engineering company that provides innovative products and services to government and private industry, as well as independent institutions. At the core of our capabilities is a seasoned team of highly skilled engineers and scientists with multidisciplinary backgrounds. This team is challenged daily to provide cutting edge technology solutions to our clients.  

SRC offers a generous benefit package, including medical, dental, and vision plans, 401(k) with a company match, life insurance, vacation and sick paid time off accruals starting at 10 days of vacation and 5 days of sick leave annually, 11 paid holidays, tuition reimbursement, and a work environment that encourages excellence and more. For positions requiring a security clearance, selected applicants will be subject to a government security investigation and must meet eligibility requirements for access to classified information.
EEO:

Scientific Research Corporation is an equal opportunity employer that does not discriminate in employment.
All qualified applicants will receive consideration for employment without regard to their race, color, religion, sex, age, sexual orientation, gender identity, national origin, disability, protected veteran status, or any other protected characteristic under federal, state or local law.
Scientific Research Corporation endeavors to make www.scires.com accessible to any and all users. If you would like to contact us regarding the accessibility of our website or need assistance completing the application process, please contact jobs@scires.com for assistance. This contact information is for accommodation requests only and cannot be used to inquire about the status of applications.","","https://www.indeed.com/cmp/Scientific-Research-Corporation","https://d2q79iu7y748jz.cloudfront.net/s/_squarelogo/256x256/9c28600f0e3a39947191c0e701c515a8","https://www.scires.com","Atlanta, GA","1,001 to 5,000","$100M to $500M (USD)","Scientific Research Corporation provides the U.S. government and other customers with a vast array of quality products and services. ","","","","","",""
"in-d5e8946a74dbb8d9","indeed","https://www.indeed.com/viewjob?jk=d5e8946a74dbb8d9","https://careers.noblis.org/jobs/26155/job?utm_source=indeed_integration&iis=Job%20Board&iisn=Indeed&indeed-apply-token=73a2d2b2a8d6d5c0a62696875eaebd669103652d3f0c2cd5445d3e66b1592b0f","Software Solutions Engineer – Multiple Levels","Noblis","Washington, DC, US","2025-12-23","fulltime","direct_data","yearly",58680.0,218475.0,"USD",True,"","","","","Responsibilities:

For over 25 years, Noblis has provided specialized engineering, acquisition, and program management services to the Federal Aviation Administration (FAA), playing a key role in the acquisition and implementation of mission\\-critical systems and capabilities across the Air Traffic Organization (ATO) and the Office of NextGen (ANG). We are seeking passionate and committed professionals ready to contribute their expertise towards advancing the National Airspace System (NAS) in alignment with the FAA's forward\\-looking vision for aviation. As part of our team, you'll have the opportunity to contribute to projects that streamline the acquisition and deployment of next\\-generation air traffic management and surveillance systems, improve infrastructure at airports and in the airspace, and support the integration of unmanned aircraft systems and commercial space ventures. Your work will directly influence the FAA's ability to adapt to future growth and technological shifts, ensuring the aerospace system remains the safest and most efficient worldwide.  

Come and be a part of our dynamic team, where your contributions will not only advance the aviation industry but also contribute to a safer, more sustainable future in air travel. Apply now and take flight towards a rewarding career that promises growth, innovation, and collaboration at the forefront of aviation technology. **Description**
Noblis is seeking Software Solution Engineers to support the Federal Aviation Administration (FAA) Air Traffic Systems and Surveillance Services directorates within the Program Management Organization (PMO). Employees will provide full software development lifecycle services spanning the design, development, test, and deployment of innovative software solutions with a strong emphasis on user experience, human factors, and software quality to enhance FAA operations. **Responsibilities*** Design, develop, test, and deploy computer software solutions.
* Conduct feasibility analysis, problem definition, requirements development, and solution development.
* Document and demonstrate solutions by creating documentation, flowcharts, layouts, diagrams, charts, code comments, and clear code.
* Prepare and install solutions by determining and designing system specifications, standards, and programming.
* Improve operations by conducting systems analysis and recommending changes in policies and procedures.
* Develop software solutions by studying information needs, conferring with users, studying systems flow, data usage, and work processes.
* Follow the software development lifecycle to ensure high\\-quality deliverables.
* Apply Agile Scrum and Scaled Agile Framework (SAFe) methodologies to ensure efficient and iterative development processes.
* Design and develop solutions to be hosted in the cloud (e.g., AWS, Azure), ensuring scalability, security, and performance optimization.
* Utilize database solutions such as PostgreSQL, MySQL, MongoDB, and Oracle.
* Emphasize user experience and human factors in the software design process to ensure the solutions are intuitive, user\\-friendly, and compliant with Section 508 accessibility requirements.


Required Qualifications:
* Successfully pass an FAA background investigation/verification and receive a successful final suitability determination.
* Proven experience in software design, development, testing, and deployment.
* Strong background in systems analysis and requirements development.
* Proficiency in using modern programming languages and tools, including Python, Java, C\\#, JavaScript, and SQL.
* Experience with modern software development methodologies such as Agile Scrum and Scaled Agile development.
* Knowledge of modern cloud and database solutions and platforms.
* Excellent problem\\-solving skills and attention to detail.
* Strong communication and collaboration abilities.
* U.S. citizen or green card permanent resident who has resided in the U.S. for 3\\+ years
* Travel will vary per project. Must be able to travel as required by the project.
* Successfully pass an FAA background investigation/verification and receive a successful final suitability determination.

**Educational and Experience Requirements**  

Work experience that is not relevant to the labor category definition will not be considered in the ""Years of Relevant Experience"" calculation. **Senior\\-level*** Minimum of 15 years’ experience with bachelor's degree in in Computer Science, Electrical Engineering or Information Systems or related field.
* Mathematics, Statistics, Operations Research or Business Administration.
* 5 years of relevant experience may be substituted for the bachelor’s degree.
* Master's degree or MBA in related field may be substituted for bachelor's degree and 3 years’ experience.
* PhD in related field may be substituted for bachelor's degree and 7 years’ experience.
* Compensation Ranges: $94,590 \\- $218,475

 **Mid\\-level*** Minimum of 10 years’ experience with bachelor's degree in in Computer Science, Electrical Engineering or Information Systems or related field.
* Mathematics, Statistics, Operations Research or Business Administration.
* 5 years of relevant experience may be substituted for the bachelor’s degree.
* Master's degree or MBA in related field may be substituted for bachelor's degree and 3 years’ experience.
* PhD in related field may be substituted for bachelor's degree and 7 years’ experience.
* Compensation Ranges: $71,010 \\- $123,300

 **Junior\\-level*** Minimum of 2 years’ experience with bachelor's degree in in Computer Science, Electrical Engineering or Information Systems or related field.
* Mathematics, Statistics, Operations Research or Business Administration.
* 5 years of relevant experience may be substituted for the bachelor’s degree.
* Master's degree or MBA in related field may be substituted for bachelor's degree and 3 years’ experience.
* PhD in related field may be substituted for bachelor's degree and 7 years’ experience.
* Compensation Ranges: $58,680 \\- $123,300


Desired Qualifications:
* Familiarity with FAA regulations and standards.
* Experience in developing solutions for air traffic management and surveillance systems.
* Technical certifications such as Certified Scrum Professional (CSP), AWS Certified Solutions Architect, Azure Solutions Architect Expert, and Certified Information Systems Security Professional (CISSP).
* Ability to recommend changes in policies and procedures based on system analysis.
* Providing current support to FAA ATEPS II (air traffic engineering program support)
* FAA Experience within the past 12 months
* Current FAA suitability

**Additional Information:**  

Locations may vary depending on location of the project. Some primary on\\-site locations include: Washington D.C., Egg Harbor NJ, and Oklahoma City OK.  

Possibility of some roles allowing for remote/hybrid employment.  

All roles require U.S. Citizenship or Green Card Permanent Resident who has resided in the U.S. for 3\\+ years  

\\*\\*All roles are contingent on position availability, customer funding, and customer approval.\\*\\*  

Thank you for your interest!
Overview:
**Overview**
Noblis and our wholly owned subsidiaries, Noblis ESI and Noblis MSD, take on some of the nation’s toughest challenges, delivering advanced solutions to our customers’ most critical missions. We bring together leading scientific, engineering, and management expertise in a culture grounded in objectivity and collaboration, ensuring our work creates lasting impact across federal missions.  

We work with a broad range of government agencies in the defense, intelligence, and federal civilian sectors. Learn more and find opportunities at careers.noblis.org **Why Work at Noblis**  

At Noblis, we share a passion for excellence and innovation, and we create an environment where people can do meaningful work while maintaining the balance that keeps them energized and fulfilled. We seek out individuals with a natural curiosity and desire to collaborate and learn. We believe our people are our greatest strength, and we consistently seek exceptionally skilled, mission‑driven professionals who care deeply about doing work that enriches lives and makes our nation safer.  

Noblis has earned numerous workplace awards for our culture, our commitment to employee well‑being, and our dedication to meaningful, impactful work. We also maintain a drug‑free workplace. *Remote/hybrid status is subject to change based on Noblis and/or government requirements.*
Commitment to Non\\-Discrimination:

All qualified applicants will receive consideration for employment without regard to race, color, ethnicity, sex, age, national origin, religion, physical or mental disability, pregnancy/childbirth and related medical conditions, veteran or military status, or any other characteristics protected by applicable federal, state, or local law.  

If reasonable accommodation is needed to participate in the job application or interview process, to perform essential job functions, and/or to receive other benefits and privileges of employment, please contact us.
EEO is the Law \\| E\\-Verify \\| Right to Work  

  

Total Rewards:

At Noblis we recognize and reward your contributions, provide you with growth opportunities, and support your total well\\-being. Our offerings include health, life, disability, financial, and retirement benefits, as well as paid leave, professional development, tuition assistance, and work\\-life programs. Our award programs acknowledge employees for exceptional performance and superior demonstration of our service standards. Full\\-time and part\\-time employees working at least 20 hours a week on a regular basis are eligible to participate in our benefit programs. Other offerings may be provided for employees not within this category. We encourage you to learn more about our total benefits by visiting the Benefits page on our Careers site.  

Compensation at Noblis is determined by various factors, including but not limited to, the combination of education, certifications, knowledge, skills, competencies, and experience, internal and external equity, location, clearance level, as well as contract\\-specific affordability, organizational requirements and applicable employment laws. The projected compensation range for this position is based on full time status. For part time or on\\-call staff, compensation is proportionately adjusted based on hours worked. While monetary compensation is important, it's just one component of Noblis’ total compensation package.  

  

Posted Salary Range: USD $58,680\\.00 \\- USD $218,475\\.00 /Yr.","","https://www.indeed.com/cmp/Noblis","https://d2q79iu7y748jz.cloudfront.net/s/_squarelogo/256x256/749ac379d9bb78bf9536ec1f3107094f","http://www.noblis.org","Reston, VA","1,001 to 5,000","$100M to $500M (USD)","For 3 decades, Noblis has been an innovator within the federal government, committed to enriching lives and making our nation safer while investing in the missions of tomorrow.","","","","","",""
