"id","site","job_url","job_url_direct","title","company","location","date_posted","job_type","salary_source","interval","min_amount","max_amount","currency","is_remote","job_level","job_function","listing_type","emails","description","company_industry","company_url","company_logo","company_url_direct","company_addresses","company_num_employees","company_revenue","company_description","skills","experience_range","company_rating","company_reviews_count","vacancy_count","work_from_home_type"
"in-de57a839e56464b4","indeed","https://www.indeed.com/viewjob?jk=de57a839e56464b4","https://talent.mtsi-va.com/careers/job/1133913481021?domain=mtsi-va.com","Senior Data Engineer","MTSI","Alexandria, VA, US","2026-05-29","","","","","","",False,"","","","","The Data Engineer will be writing code that moves data through a pipeline, fixing data pipeline issues, optimizing data systems, and collaborating with stakeholders, day to day.

The Capital Software Project is building a data fabric system. The data fabric system includes a data pipeline that will be moving complex mix of data types and formats to a data lake and a series of databases. Allowing mission engineering analyst to conduct data analysis from authoritative sources of truth.

The Data Engineer will be working with the Systems Engineering and DevSecOps teams to ensure that datasets are properly converted, transformed, routed and stored. Create ETL/ELT code to ingest, transform, and load data from a variety of sources into the data lake and scale. Primary data sources will be mission engineering data and physics\\-based simulation results. **How you will contribute to our National Security and Defense mission:**  

As a Data Engineer will be working with the Systems Engineering and DevSecOps teams to ensure that datasets are properly converted, transformed, routed and stored, as designed. You will also bring your experience in harvesting metadata from datasets. You’ll bring your experience in multi\\-source and cross\\-domain data integration.  

Day\\-to\\-day, you will be blending your software engineering, data architecture, and operational monitoring skills to: **Build and Maintain Data Pipelines to:*** Write or update ETL/ELT code that ingests data from APIs, databases, or files.
* Implement transformations to clean, standardize, or enrich data.
* Optimize pipeline performance and improve reliability.
* Hands\\-on experience with AI and ML pipelines, MLOps workflows, and data processing methodologies.
* Implement methods for data traceability and lineage.

 **Monitor Pipelines and Data Quality to:*** Check automated alerts and logs for failed jobs or data anomalies.
* Troubleshoot issues such as schema changes, missing data, or performance bottlenecks.
* Validate data accuracy and consistency across systems. Leverage your expertise in semantic modeling

 **Collaborate with Engineering Teams to:*** Meet with project teams to understand new data requirements.
* Work with backend engineers or DevSecOps to align pipeline changes with system updates.
* Support stakeholders by providing data extracts or explanations of data structure.

 **Design and Improve Data Architecture*** Plan new data models or schemas for analytics or application use case.
* Incorporate metadata strategies tailored fit for the use case.
* Help shape the data warehouse/lake structure.
* Evaluate new tools or cloud services to improve scalability and maintainability.

 **Write Code and Documentation*** Build reusable application containers in Python, SQL, or other languages used in the stack.
* Document pipeline logic, data contracts, and system diagrams.
* Participate in code reviews to ensure quality and best practices.

 **Work Location:**
Due to the security classification for this project, work will be performed in\\-office, 5\\-days a week. **You’ll be a great fit for this role if: (SOFT SKILLS)*** You have a passion for technology.
* You bring a forward\\-looking mindset, anticipating needs and designing scalable, future\\-ready data structures.
* You approach complexity with innovation and drive, identify and resolve challenges quickly.
* You rigorously deliver high\\-quality, actionable solutions that enhance mission execution.
* You understand the Department of Defense reference and compliance architectures.
* You are passionate about continuous learning and growth, and seek opportunities to challenge yourself.
* You have excellent communication skills.

 **Responsibilities:**
Your job functions will include but may not be limited to:* Develop and maintain ETL/ELT pipelines to ingest, transform, and load data from a variety of sources into our data warehouse or data lake.
* Design scalable and reliable data architectures, including schemas, workflows, and integration layers.
* Optimize data models, ensuring alignment with analytics and operational needs.
* Collaborate cross\\-functionally to understand data requirements and provide technical solutions.
* Monitor pipeline performance, troubleshoot data issues, and implement continuous improvements.
* Ensure data quality, integrity, and security throughout the entire data lifecycle.
* Automate data workflows using scripting, orchestration tools, and CI/CD practices.
* Maintain documentation related to data processes, standards, and best practices.
* Design scalable and reliable data architectures, including schemas, workflows, and integration layers.
* Conduct design reviews, validate solution architectures, and ensure alignment with enterprise standards.
* Bring Solid understanding of DoD frameworks, security requirements, and best practices for classified and unclassified environments.

 **Qualifications Required:*** 7\\+ years of relative working experience as a Senior Data Engineer or in a related field.


Strong experience with ETL/ELT development and building data pipelines.
Proficiency with at least one major programming language (e.g., Python, Java, Scala).* Experience working with SQL and relational databases (e.g., PostgreSQL, SQL Server, MySQL).
* Exposure and familiarity with data services on modern cloud platforms (AWS, Azure, GCP, etc.).
* Familiarity with modern data warehousing technologies (e.g., ADLS, Redshift, BigQuery, Synapse).


**Education:*** Bachelor’s degree Computer Science, Software Engineering, or a related field.

 **Clearance Requirements:*** Must have a Secret DoD Security Clearance.

  

\\#LI\\-MS1
\\#LI\\-Onsite
\\#MTSI
  

Secret
  

**Perks and Benefits**
======================

* *Vacation:*
New Hires Accrue 20 days of PTO and 10 Holidays per Year
* *Health Insurance:*
Zero Deductible Health Plans
* *Flexible Schedules:*
Flex Schedules
* *Professional Development:*
Up to $10,000 Annual Education/Training Reimbursement
* *ESOP:*
Funded Stock Ownership Plan
* *401k Match\\+:*
6% 401k Match \\+ Immediate Vesting
* *Bonus Program:*
Semi\\-Annual Bonus Opportunity
* *Mentorship:*
Career Mentorship Programs

### **Why is MTSI a great place to work**

* *Interesting Work:*
Our co\\-workers support some of the most important and critical programs to our national defense and security.
* *Values:*
Our first core value is that employees come first. We challenge our co\\-workers to provide the highest level of support and service, and reward them with some of the best benefits in the industry.
* *100% Employee Owned:*
We have a stake in each other's success, and the success of our customers. It's also nice to know what's going on across the company; we have company wide town\\-hall meetings three times a year.
* *Great Benefits \\- Most Full\\-Time Staff Are Eligible for:*
* + Starting PTO accrual of 20 days PTO/year \\+ 10 holidays/year
	+ Flexible schedules
	+ 6% 401k match with immediate vesting up to $9k annually
	+ Semi\\-annual bonus eligibility (July and Decemeber)
	+ Company funded Employee Stock Ownership Plan (ESOP) \\- a separate qualified retirement account
	+ Up to $10,000 in annual educational reimbursement
	+ Other company funded benefits, like life and disability insurance
	+ Optional zero deductible Blue Cross/Blue Shield health insurance plan
* *Track Record of Success:*
We have grown every year since our founding in 1993\\.

Modern Technology Solutions, Inc. (MTSI) is a 100% employee\\-owned engineering services and solutions company that provides high\\-demand technical expertise in Digital Transformation, Modeling and Simulation, Rapid Capability Development, Test and Evaluation, Artificial Intelligence, Autonomy, Cybersecurity and Mission Assurance


MTSI delivers capabilities to solve problems of global importance. Founded in 1993, MTSI today has employees at over 20 offices and field sites worldwide.


For more information about MTSI, please visitwww.mtsi\\-va.com

#### **EEO Statement**


MTSI embraces nine core values including our first core value of Employees come first. Consistent with our Core Values, we are committed to Equal Opportunity, making decisions without regard to race, color, religion, sex, national origin, age, military/veteran status, disability, or any other characteristics protected by applicable law. MTSI is committed to Equal Employment Opportunity and providing reasonable accommodations to applicants and employees with physical and/or mental disabilities.


  

### **Why is MTSI a great place to work**

* **Interesting Work:** Our co\\-workers support some of the most important and critical programs to our national defense and security.
* **Values:** Our first core value is that employees come first. We challenge our co\\-workers to provide the highest level of support and service, and reward them with some of the best benefits in the industry.
* **100% Employee Owned:** We have a stake in each other's success, and the success of our customers. It's also nice to know what's going on across the company; we have company wide town\\-hall meetings three times a year.
* **Great Benefits \\- Most Full\\-Time Staff Are Eligible for:**
* + Starting PTO accrual of 20 days PTO/year \\+ 10 holidays/year
	+ Flexible schedules
	+ 6% 401k match with immediate vesting up to $9k annually
	+ Semi\\-annual bonus eligibility (July and Decemeber)
	+ Company funded Employee Stock Ownership Plan (ESOP) \\- a separate qualified retirement account
	+ Up to $10,000 in annual educational reimbursement
	+ Other company funded benefits, like life and disability insurance
	+ Optional zero deductible Blue Cross/Blue Shield health insurance plan
* **Track Record of Success:** We have grown every year since our founding in 1993\\.

Modern Technology Solutions, Inc. (MTSI) is a 100% employee\\-owned engineering services and solutions company that provides high\\-demand technical expertise in Digital Transformation, Modeling and Simulation, Rapid Capability Development, Test and Evaluation, Artificial Intelligence, Autonomy, Cybersecurity and Mission Assurance



MTSI delivers capabilities to solve problems of global importance. Founded in 1993, MTSI today has employees at over 20 offices and field sites worldwide.



For more information about MTSI, please visit www.mtsi\\-va.com","","https://www.indeed.com/cmp/Mtsi-0d047a38","https://d2q79iu7y748jz.cloudfront.net/s/_squarelogo/256x256/6c386031e60356459fe56c35f178235f","http://www.mtsi-va.com","Alexandria, VA","1,001 to 5,000","$100M to $500M (USD)","A fast-paced and dynamic 100% employee-owned and operated technology firm, MTSI provides leading-edge services to defense, intelligence, and commercial partners.","","","","","",""
"in-d302d169ae8b0aab","indeed","https://www.indeed.com/viewjob?jk=d302d169ae8b0aab","https://careers.t-mobile.com/sr-engineer-data/job/0B53380D8A557DAE3BE28D0C0E0BDD0A?source=Indeed","Sr Engineer, Data","T-Mobile","Bothell, WA, US","2026-05-29","fulltime","direct_data","yearly",105100.0,189600.0,"USD",False,"","","","","At T\\-Mobile, we invest in YOU! Our Total Rewards Package ensures that employees get the same big love we give our customers. All team members receive a competitive base salary and compensation package \\- this is Total Rewards. Employees enjoy multiple wealth\\-building opportunities through our annual stock grant, employee stock purchase plan, 401(k), and access to free, year\\-round money coaches. That’s how we’re UNSTOPPABLE for our employees!


Job Overview  

Are you ready to join the Un\\-carrier movement?  

This role is essential for designing and developing data architectures across on\\-premise, cloud, and hybrid platforms to support organizational data needs. It primarily involves collaborating with data engineers to analyze, architect, design, and develop data warehouse and business analytics solutions.  

  

This role supports the Customer Information domain, which enables trusted customer data across digital, retail, care, partner, individual, and business channels. The Sr. Engineer, Data helps design, build, and operate reliable, scalable data pipelines, reusable data models, standardized schemas, and approved self\\-service data products that support analytics, marketing, customer experience, fraud detection, and AI/ML use cases.  

  

The role includes mentoring team members to enhance their data engineering skills and capabilities. Success is measured by the effectiveness, reliability, quality, and scalability of data engineering solutions, team skill development, and contribution to data architecture innovation. The work impacts the organization by enabling data\\-driven decision\\-making and advancing data infrastructure capabilities for business insights.  

We are a team that encourages innovation and advocate an agile and open approach, truly working and playing in the Un\\-carrier way!**Job Responsibilities**:

* Develop data engineering solutions that enable data pipelines, visualization, and analytical tools to support business requirements.
* Design and develop data architectures across on\\-premise, cloud, and hybrid platforms to ensure scalable data infrastructure.
* Architect, build, and maintain reliable data pipelines that ingest, transform, and deliver data from diverse customer and business data sources into enterprise data lake, warehouse, and analytics platforms.
* Design reusable data models and standardized schemas, including Customer 360 and customer behavioral data structures, to support consistent metric definitions and trusted downstream use by analytics, marketing, and AI/ML teams.
* Perform data wrangling, exploration, and discovery of heterogeneous data to generate new business insights.
* Embed data quality practices into pipeline development, including automated checks for completeness, accuracy, timeliness, and governance alignment.
* Build and curate self\\-service data products, metadata, and documentation that improve data discoverability and enable approved users to access trusted datasets efficiently.
* Partner with analytics, marketing, AI/ML, and business stakeholders to understand data needs, define data contracts, and support scalable customer data use cases.
* Contribute to team knowledge sharing and drive the advancement of new data engineering capabilities.
* Mentor team members to build and enhance their data engineering skillsets and professional growth.
* Assist management in project definition, including estimating, planning, and scoping work to meet objectives.
* Also responsible for other duties/projects as assigned by business management as needed.

### **Education and Work Experience**

* Bachelor's Degree plus 5 years of related work experience OR Advanced degree with 3 years of related experience (Required)
* Acceptable areas of study include Computer Engineering, Computer Science, a related subject area (Required)
* 4\\-7 years Developing cloud solutions using data series; experience with cloud platforms (Amazon Web Services, Azure, or Google Cloud) (Required)
* 4\\-7 years Hands\\-on development using and migrating data to cloud platforms (Required)
* 4\\-7 years Experience in SQL, NoSQL, and/or relational database design and development (Required)
* 4\\-7 years Advanced knowledge and experience in building complex data pipelines with Python, Experience in languages such as SQL, DAX Python, Java, Scala, and/or Go (Required)

### **Knowledge, Skills and Abilities**

* Cloud Computing (Required)
* Collaboration (Required)
* Data Analysis (Required)
* Data Engineering (Required)
* Data Lake (Required)
* Data Management (Required)
* Data Modeling (Required)
* Data Warehousing (DW) (Required)
* Databricks DBRX (Required)

### **Preferred Qualifications**

* 4\\+ years of experience delivering and operating large\\-scale Oracle relational database platforms, including performance optimization and database change management on RDBMS and/or NoSQL platforms.
* 5\\+ years of hands\\-on experience designing and operating large\\-scale data pipelines and ETL/ELT workflows in cloud\\-native environments, such as Databricks, Snowflake, Apache Spark, Kafka, or similar technologies.
* Experience building and maintaining data models and schemas, such as dimensional models, Data Vault, or one big table models, that serve multiple downstream consumers including BI, marketing, analytics, and AI/ML teams.
* Experience with customer data, Customer 360, customer identity, segmentation, eligibility, fraud detection, or customer experience data products.
* Proficiency with PL/SQL and at least one scripting or data engineering language such as Python or Scala.
* Experience with pipeline orchestration, transformation, and automated data quality practices using tools such as Airflow, dbt, or similar technologies.
* Experience with data cataloging, metadata management, governance workflows, and self\\-service tooling such as Collibra or similar platforms.
* Experience using database change management tools such as Liquibase or similar technologies.
* Experience developing and managing cloud data solutions using AWS services such as RDS, Redshift, Glue, or comparable cloud\\-native data services.

### **Licenses and Certifications**

* Cloud platform certification(s) i.e. AWS Certified Solutions Architect, AWS Certified Cloud Practitioner or Microsoft Certified Solutions Associate (MCSA) (Preferred)

* At least 18 years of age
* Legally authorized to work in the United States

  

**Travel**:  

Travel Required (Yes/No): Yes  

  

**DOT Regulated**:  

DOT Regulated Position (Yes/No): No  

Safety Sensitive Position (Yes/No): No  


Base Pay Range: $105,100 \\- $189,600
Corporate Bonus Target: 15%
The pay range above is the general base pay range for a successful candidate in the role. The successful candidate’s actual pay will be based on various factors, such as work location, qualifications, and experience, so the actual starting pay will vary within this range.


At T\\-Mobile, employees in regular, non\\-temporary roles are eligible for an annual bonus or periodic sales incentive or bonus, based on their role. Most Corporate employees are eligible for a year\\-end bonus based on company and/or individual performance and which is set at a percentage of the employee’s eligible earnings in the prior year. Certain positions in Customer Care are eligible for monthly bonuses based on individual and/or team performance. To find the pay range for this role based on hiring location, click here.
At T\\-Mobile, our benefits exemplify the spirit of One Team, Together! A big part of how we care for one another is working to ensure our benefits evolve to meet the needs of our team members. Full and part\\-time employees have access to the same benefits when eligible. We cover all of the bases, offering medical, dental and vision insurance, a flexible spending account, 401(k), employee stock grants, employee stock purchase plan, paid time off and up to 12 paid holidays \\- which total about 4 weeks for new full\\-time employees and about 2\\.5 weeks for new part\\-time employees annually \\- paid parental and family leave, family building benefits, back\\-up care, enhanced family support, childcare subsidy, tuition assistance, college coaching, short\\- and long\\-term disability, voluntary AD\\&D coverage, voluntary accident coverage, voluntary life insurance, voluntary disability insurance, and voluntary long\\-term care insurance. We don't stop there \\- eligible employees can also receive mobile service \\& home internet discounts, pet insurance, and access to commuter and transit programs! To learn about T\\-Mobile’s amazing benefits, check out *www.t\\-mobilebenefits.com**.*


Never stop growing!  

As part of the T\\-Mobile team, you know the Un\\-carrier doesn’t have a corporate ladder–it’s more like a jungle gym of possibilities! We love helping our employees grow in their careers, because it’s that shared drive to aim high that drives our business and our culture forward. By applying for this career opportunity, you’re living our values while investing in your career growth–and we applaud it. You’re unstoppable!  

  

T\\-Mobile USA, Inc. is an Equal Opportunity Employer. All decisions concerning the employment relationship will be made without regard to age, race, ethnicity, color, religion, creed, sex, sexual orientation, gender identity or expression, national origin, religious affiliation, marital status, citizenship status, veteran status, the presence of any physical or mental disability, or any other status or characteristic protected by federal, state, or local law. Discrimination, retaliation or harassment based upon any of these factors is wholly inconsistent with how we do business and will not be tolerated.  

  

Talent comes in all forms at the Un\\-carrier. If you are an individual with a disability and need reasonable accommodation at any point in the application or interview process, please let us know by emailing ApplicantAccommodation@t\\-mobile.com or calling 1\\-844\\-873\\-9500\\. Please note, this contact channel is not a means to apply for or inquire about a position and we are unable to respond to non\\-accommodation related requests.","","https://www.indeed.com/cmp/T--Mobile","https://d2q79iu7y748jz.cloudfront.net/s/_squarelogo/256x256/874c3b5391e0500976a6b98cd5895136","https://careers.t-mobile.com/","Bellevue, WA","10,000+","more than $10B (USD)","T-Mobile US, Inc. (NASDAQ: TMUS) is America’s supercharged Un-carrier, delivering an advanced 4G LTE and transformative nationwide 5G network that will offer reliable connectivity for all. ","","","","","",""
"in-f812f1d587b911e8","indeed","https://www.indeed.com/viewjob?jk=f812f1d587b911e8","http://www.indeed.com/job/enterprise-ai-automation-analyst-f812f1d587b911e8","Enterprise AI & Automation Analyst","St. Petersburg College","Clearwater, FL, US","2026-05-29","fulltime","direct_data","yearly",76296.0,92509.0,"USD",False,"","","","","Salary Range: $76,296\\.54 \\- $92,509\\.56

Pay Grade: 117

FLSA Status: Exempt

Salary Admin Plan: A\\&P (annual contract)

Veterans' Preference Eligible: No

Hybrid: 1\\-2 days on\\-site in Clearwater, FL

**JOB SUMMARY**

The Enterprise AI \\& Automation Analyst is a hands\\-on technical role responsible for designing, building, and deploying AI\\-powered automation, analytics, and agent\\-based solutions across St. Petersburg College's enterprise systems and data platforms.

This role works at the intersection of Microsoft Fabric, local AI infrastructure, and institutional business processes. Core responsibilities include building and maintaining the College's Fabric IQ Ontology as a governed semantic foundation for AI\\-driven analytics; designing and deploying Fabric Data Agents that enable conversational, natural\\-language access to institutional data; and participating in the build\\-out and operation of a local, on\\-premise AI environment using Ollama and open\\-source models. The analyst also serves as the primary point of contact for connecting the college community with AI capabilities and identifying use cases, building purpose\\-built agents, and helping departments adopt AI tools effectively.

The analyst works closely with enterprise application teams, data engineers, and business stakeholders to deliver production\\-grade AI solutions that improve operational efficiency, data quality, and decision\\-making. As SPC transitions from PeopleSoft to Workday, this role will also contribute to modeling Workday\\-centric data entities within the Fabric IQ Ontology and developing AI agents that surface insights from the College's evolving enterprise ecosystem.

Success in this role is defined by building working systems that integrate with enterprise platforms, enabling broader institutional access to AI, and generating measurable operational outcomes.

**Department Overview: Enterprise Applications \\& Business Intelligence**

Enterprise Applications \\& Business Intelligence oversees the College's critical software systems and data platforms, unifying student, financial, and administrative systems to support SPC's core operations and strategic goals. The team manages and optimizes enterprise platforms such as PeopleSoft (Campus Solutions, HCM, FSCM) and supports enterprise analytics and reporting on Microsoft Fabric. The department also manages SharePoint\\-based business processes, Power Automate workflows, enterprise system integrations, and data governance frameworks that enable secure, reliable, and scalable digital services across the institution.

**IT Vision \\& Values**

**Vision:** SPC's IT department provides strategic, innovative solutions for College stakeholders using industry best practices, delivered by an empowered, growth\\-minded team committed to partnerships and excellent customer service.

**Values:** Accountability, Continuous Improvement, Customer\\-Centric Solutioning, Empowerment, Excellence, Fiscal Responsibility, Industry Best Practices \\& Standards, Innovation, Integrity, Nimbleness, Partnership, Passion for the Work, Professional Growth \\& Development, and Transparency.

**Position Impact:** This position accelerates SPC's ability to embed artificial intelligence into enterprise operations by delivering secure, production\\-grade automation and analytics solutions. The Enterprise AI \\& Automation Analyst improves staff productivity, reduces processing time and rework, strengthens data\\-driven decision\\-making through conversational analytics and AI\\-powered agents, and expands access to trusted institutional insights across the college community. As SPC's enterprise landscape evolves toward Workday, this role ensures the College's AI and ontology investments are architected for the future state.

**ESSENTIAL JOB FUNCTIONS**

Fabric AI \\& Ontology

* Build and maintain the College's Fabric IQ Ontology, defining entity types, relationships, properties, and business rules that establish a shared semantic foundation across institutional data domains.
* Evolve the ontology to reflect SPC's transition from PeopleSoft to Workday, modeling Workday\\-centric HCM, Finance, and Student entities as the new ERP ecosystem comes online.
* Design, build, and deploy Microsoft Fabric Data Agents that provide conversational, natural\\-language access to governed datasets stored in OneLake, including lakehouses, warehouses, and Power BI semantic models.
* Develop and refine prompt engineering strategies, agent instructions, and contextual grounding to ensure Data Agents return accurate, institution\\-specific responses aligned with SPC's data governance standards.
* Embed AI\\-driven narratives, anomaly detection, and decision\\-support features into Power BI reports aligned with institutional priorities.

On\\-Premise AI Infrastructure

* Participate in the design, deployment, and administration of a local on\\-premise AI environment based on Ollama and open\\-source language models.
* Evaluate, test, and recommend local models for specific institutional use cases, balancing performance, privacy, cost, and compliance requirements.
* Develop and maintain Python\\-based services, notebooks, and pipelines that integrate local AI capabilities with enterprise systems and workflows using software engineering best practices (version control, testing, documentation).

AI Enablement \\& Community Engagement

* Serve as the primary liaison between the Enterprise Applications \\& BI team and the broader college community for AI adoption.
* Identify, evaluate, and prioritize high\\-impact AI use cases across academic and administrative departments.
* Build purpose\\-built agents and automated workflows tailored to departmental needs, including service request handling, document processing, onboarding workflows, and data analysis.
* Design and implement AI\\-enhanced workflows using SharePoint and Power Automate for service intake, onboarding, and business process automation.
* Integrate AI capabilities into SharePoint\\-based forms and Power Automate flows to classify requests, extract structured data, route cases, and trigger enterprise actions.
* Provide guidance, training, and hands\\-on support to help staff and faculty effectively utilize local and cloud\\-based AI tools.

Governance, Security \\& Documentation

* Ensure all AI solutions comply with FERPA, data governance standards, accessibility requirements, and institutional security policies.
* Document data flows, AI configurations, ontology definitions, agent instructions, access controls, and operational procedures for each deployed solution.
* Collaborate with Information Security and Infrastructure teams on risk reviews, approvals, and operational readiness.
* Partner with Enterprise Applications and Data Engineering teams to ensure solutions meet production standards for performance, reliability, and maintainability.

**MINIMUM EDUCATION AND EXPERIENCE REQUIREMENTS**

Bachelor's degree in information systems or a related field; four (4\\) years of related work experience in area of responsibility; or any equivalent combination of education, training, and experience which provides the requisite knowledge, skills, and abilities for this job.

* Strong proficiency with Python and SQL for data processing, integration, and automation.
* Demonstrated skill in prompt engineering, including designing system prompts, agent instructions, and contextual grounding for large language models.
* Experience working with enterprise data platforms (data lake and data warehouse concepts; Spark or equivalent processing frameworks).
* Experience integrating systems using APIs, connectors, or messaging patterns.
* Working knowledge of data privacy, security, and governance principles in enterprise environments.

Preferred Qualifications

* Experience with Microsoft Fabric, including Data Agents, semantic models, Fabric IQ Ontology, or related workloads.
* Experience with retrieval\\-augmented generation (RAG) architectures, including vector databases (e.g., Chroma, pgvector, Qdrant, Milvus) and embedding\\-based search pipelines.
* Experience with Azure services related to data, AI, and integration.
* Experience deploying or administering local/on\\-premise AI environments using Ollama, vLLM, or similar open\\-source inference frameworks.
* Experience with SharePoint, Power Automate, Power BI, or the Microsoft Power Platform.
* Experience with PeopleSoft, Workday, or another ERP system in higher education or similarly regulated environments.
* Familiarity with intelligent document processing or workflow automation tools.

**KNOWLEDGE, SKILLS AND ABILITIES**

Knowledge of:

AI and large language model concepts, including prompt engineering, retrieval\\-augmented generation, and agent\\-based architectures; enterprise data platform design, semantic modeling, and ontology development; systems analysis and design principles; data governance, privacy, and security frameworks (including FERPA); process improvement principles; and project management principles.

Skills in:

Prompt engineering and AI agent design; Python programming and scripting; SQL and data querying across relational and analytical platforms; building and maintaining enterprise ontologies and semantic layers; communicating technical AI concepts to non\\-technical audiences; training and enabling end users on AI tools; and establishing and following procedural and technical standards.

Ability to:

Translate business requirements into AI\\-driven solutions; evaluate and recommend AI models and tools for specific use cases; build collaborative relationships across technical and non\\-technical teams; troubleshoot applications, data pipelines, and AI systems; adapt to an evolving enterprise technology landscape, including ERP transitions; and interpret and respond to evolving institutional needs.

**CERTIFICATION, LICENSE AND SPECIAL REQUIREMENTS**

N/A.

**PHYSICAL DEMANDS**

This work typically requires the following physical activities to be performed. A complete description of the activities below is available upon request from Human Resources.

(X \\= Required to perform essential job functions)

**Physical Activities**

**Physical Activities**

Balancing and maintain equilibrium to prevent falling while walking, standing, or crouching.

Pushing and use upper extremities to press against objects with force, or thrust forward, downward, outward.

Climbing and ascending, descending ladders, stairs, ramps, requires body agility.

Reaching and extending hands or arms in any direction.

**X**

Crawling and moving about on hands, knees, or hands, feet.

Repetitive Motion and substantial movements of wrists, hands, fingers.

**X**

Crouching and bending body forward by bending leg, spine.

Speaking and expressing ideas with spoken word, convey detailed, important instructions accurately, concisely.

**X**

Feeling and perceiving attributes of objects by touch with skin, fingertips.

Standing and for sustained periods of time.

Fingering and picking, pinching, typing, working with fingers rather than hand.

**X**

Stooping and bending body downward, forward at waist, with full motion of lower extremities and back.

Grasping and applying pressure to object with fingers, palm.

**X**

Talking 1 and expressing ideas by spoken word.

**X**

Handling and picking, holding, or working with whole hand.

**X**

Talking 2 and shouting to be heard above ambient noise.

Hearing 1 and perceiving sounds at normal speaking levels, receive information.

**X**

Visual Acuity 1 and prepare, analyze data, transcribing, computer terminal, extensive reading.

**X**

Hearing 2 and receive detailed information, make discrimination in sound.

**X**

Visual Acuity 2 and color, depth perception, field of vision.

**X**

Kneeling and bending legs at knee to come to rest at knees.

Visual Acuity 3 and determine accuracy, neatness, observe facilities/structures.

**X**

Lifting and raising objects from lower to higher position, moving objects side to side, using upper extremities, back.

Visual Acuity 4 and operate motor vehicles/heavy equipment.

Mental Acuity and ability to make rational decisions through sound logic, deductive reasoning.

**X**

Visual Acuity 5 and close acuity for inspection of small defects, machines, use measurement devices, or fabricate parts.

Pulling and use upper extremities to exert force, haul or tug.

Walking and on foot to accomplish tasks, long distances, or site to site.

**TYPE OF WORK**

Work performed is primarily:

*Sedentary* *work*: Exerting up to 10 pounds of force occasionally and/or negligible amount of force frequently or constantly to lift, carry, push, pull or otherwise move objects, including the human body.

*Light work*: Exerting up to 20 pounds of force occasionally, and/or up to 10 pounds of force to move objects.

*Medium work*: Exerting up to 50 pounds of force occasionally, and/or up to 30 pounds of force frequently, and/or up to 10 pounds of force constantly to move objects.

*Heavy work*: Exerting up to 100 pounds of force occasionally, and/or up to 50 pounds of force frequently, and/or up to 20 pounds of force constantly to move objects.

*Very heavy work*: Exerting in excess of 100 pounds of force occasionally and/or in excess of 50 pounds of force frequently, and/or in excess of 20 pounds of force constantly to move objects

**WORK ENVIRONMENT**

May be required to work hours other than the regular schedule including nights, weekends, and holidays.

Work is performed in a safe and secure work environment that may periodically have unpredicted requirements or demands.

*To perform this job successfully, an individual must be able to perform the essential job functions satisfactorily. Reasonable accommodations may be made to enable individuals with disabilities to perform the primary job functions described herein. Since every duty associated with this position may not be described herein, employees may be required to perform duties not specifically spelled out in a job description, but which may be reasonably considered to be incidental in the performing of their duties just as though they were actually written out in a job description.*

***St. Petersburg College has the right to revise a classification or job description at any time.*** 

Pay: $76,296\\.54 \\- $92,509\\.56 per year

Benefits:

* Dental insurance
* Employee discount
* Flexible spending account
* Health insurance
* Health savings account
* Life insurance
* Paid time off
* Parental leave
* Professional development assistance
* Retirement plan
* Tuition reimbursement

Work Location: In person","Education And Schools","https://www.indeed.com/cmp/St.-Petersburg-College","https://d2q79iu7y748jz.cloudfront.net/s/_squarelogo/256x256/49ca2a42c32f43936bb09391c0599505","http://www.spcollege.edu","Clearwater","1,001 to 5,000","$25M to $100M (USD)","","","","","","",""
"in-3f77a37703c99074","indeed","https://www.indeed.com/viewjob?jk=3f77a37703c99074","http://www.indeed.com/job/aws-data-engineer-3f77a37703c99074","AWS Data Engineer","AUTOCONTENT LLC","Irvine, CA, US","2026-05-29","fulltime, contract","direct_data","yearly",120000.0,160000.0,"USD",True,"","","","","Looking for AWS Data engineer.

This is a contract role, there is a good chance of converting into full time in future.

This is not a remote position.

Candidate need to be local to Irvine, Los Angeles or Southern California area or be ready to move from their current location.

Also local to Frisco, TX will be considered.

Should be good with redshift or snowflake.

Matillion huge plus.

Experienced in using various AWS services related to Data.

Data Modeling

ETL knowledge

Company is in Southern California. Local candidates highly preferred.

Contract term : 2 months (possibility of extension)

Job Types: Contract, Full\\-time

Pay: $120,000\\.00 \\- $160,000\\.00 per year

Work Location: In person","","https://www.indeed.com/cmp/Autocontent-LLC","","","","","","","","","","","",""
"in-216760c6e932824d","indeed","https://www.indeed.com/viewjob?jk=216760c6e932824d","http://www.indeed.com/job/data-engineer-216760c6e932824d","Data Engineer","Sky Global Solutions","Remote, US","2026-05-29","fulltime","direct_data","yearly",22000.0,25000.0,"USD",True,"","","","","**Overview**  
Join our innovative team as a Data Engineer and become a vital driver of our data\\-driven initiatives! In this dynamic role, you will design, develop, and maintain robust data pipelines and architectures that empower insightful analysis and strategic decision\\-making. Your expertise in big data technologies, cloud platforms, and data modeling will help transform complex data sets into accessible, actionable intelligence. If you thrive in a fast\\-paced environment where your technical skills make a real impact, this is the opportunity for you to energize our data ecosystem and support our mission to harness data for growth and innovation.

**Duties**

* Develop, implement, and optimize scalable ETL (Extract, Transform, Load) processes using tools like Informatica, Talend, Apache Hive, Spark, and Shell Scripting to ensure high\\-quality data flow across systems.
* Design and maintain efficient data warehouse solutions utilizing platforms such as Azure Data Lake, Oracle, Microsoft SQL Server, and Hadoop to support analytics and reporting needs.
* Collaborate with cross\\-functional teams to understand data requirements and translate them into technical specifications for database design and architecture.
* Build and manage APIs (Application Programming Interfaces), including RESTful services, to facilitate seamless data integration across applications.
* Utilize programming languages such as Python and Java to automate workflows, perform model training, and develop custom analytics solutions.
* Conduct comprehensive analysis of large datasets to identify trends, anomalies, or insights that inform business strategies.
* Support agile development practices by participating in sprint planning, code reviews, and continuous improvement initiatives to enhance data infrastructure reliability.

**Qualifications**

* Proven experience with cloud platforms such as AWS or Azure Data Lake for scalable data storage and processing.
* Strong proficiency in SQL (Structured Query Language), including experience with Microsoft SQL Server and Oracle databases.
* Hands\\-on knowledge of big data technologies like Hadoop, Spark, Apache Hive, and related ecosystems.
* Familiarity with ETL tools such as Informatica or Talend for efficient data integration workflows.
* Programming expertise in Python, Java, Bash (Unix shell), or Shell Scripting for automation tasks.
* Understanding of database design principles and experience working with Data Warehouse architectures.
* Knowledge of Looker or similar BI tools for creating dashboards and visualizations to communicate insights effectively.
* Experience working within Agile methodologies to deliver iterative improvements rapidly.
* Additional skills in analysis techniques, model training processes, Linked Data concepts, VBA scripting, RESTful API development, and analysis skills are highly desirable. Embark on a journey where your technical prowess fuels innovation! We are committed to fostering an inclusive environment that supports your professional growth while offering opportunities to work on cutting\\-edge projects that shape the future of data management.

Pay: $22,000\\.00 \\- $25,000\\.00 per year

Benefits:

* Flexible schedule

Work Location: Remote","","https://www.indeed.com/cmp/Sky-Global-Solutions","","","","","","","","","","","",""
"in-d3398e1df9137635","indeed","https://www.indeed.com/viewjob?jk=d3398e1df9137635","http://www.indeed.com/job/senior-data-analyst-d3398e1df9137635","Senior Data Analyst","RedWeek.com","Scottsdale, AZ, US","2026-05-29","fulltime","direct_data","yearly",75000.0,95000.0,"USD",False,"","","","","**About the Role**

We are seeking a highly analytical and business\\-oriented Senior Data Analyst to help drive data\\-informed decision\\-making across the organization. This role sits at the intersection of finance, marketing, operations, and product, and will play a critical role in building scalable reporting, uncovering insights, and improving business performance.

You will work closely with leadership and cross\\-functional teams to define key metrics, develop dashboards, and translate complex data into actionable recommendations—leveraging a modern data stack built around S3\\-based data ingestion and centralized analytics.

**Key Responsibilities**

**Analytics \\& Insights**

* Analyze large datasets to identify trends, patterns, and actionable insights
* Partner with stakeholders to answer strategic and operational questions (e.g., revenue drivers, customer behavior, marketing effectiveness)
* Deliver clear, concise insights to leadership to support decision\\-making

**Reporting \\& Dashboards**

* Design, build, and maintain dashboards (e.g., revenue, bookings, CAC, LTV, conversion rates)
* Own data accuracy and consistency across reporting outputs
* Automate recurring reports and reduce manual processes

**Data Modeling \\& Infrastructure**

* Work with data engineers to define and improve data models and pipelines
* Ensure clean, structured datasets for analytics and reporting
* Manage and optimize data flows from S3 (transactional and performance datasets) into BI tools
* Support ingestion, transformation, and harmonization of data via Adverity (including GA4, Google Ads, and other marketing sources)
* Troubleshoot data integrity and pipeline issues across S3, connectors, and downstream systems

**Business Partnering**

* Collaborate with Finance (FP\\&A), Marketing, Product, and Operations teams
* Translate business needs into analytical frameworks and measurable KPIs
* Support forecasting, budgeting, and performance tracking

**Experimentation \\& Optimization**

* Design and analyze A/B tests and experiments
* Evaluate marketing performance (ROI, CAC payback, attribution)
* Identify opportunities to improve customer acquisition and retention

**Qualifications**

**Experience**

* 5–8\\+ years of experience in data analytics, business intelligence, or related field
* Experience in a marketplace, e\\-commerce, or travel business strongly preferred

**Technical Skills**

* Advanced SQL skills (required)
* Strong experience with AWS S3 data environments (data ingestion, structure, access patterns)
* Hands\\-on experience with Adverity or similar ETL/ELT platforms (Fivetran, Stitch, etc.)
* Experience with BI tools (Tableau, Looker, Power BI, etc.)
* Familiarity with data warehouses (Snowflake, BigQuery, Redshift)
* Experience with Python or R for data analysis (preferred)

**Business \\& Analytical Skills**

* Strong understanding of key business metrics (CAC, LTV, conversion funnels, retention)
* Ability to connect data insights to financial outcomes
* Strong problem\\-solving and critical thinking skills

**Communication**

* Ability to clearly communicate complex findings to non\\-technical stakeholders
* Strong presentation skills with executive\\-level exposure

**What Success Looks Like**

* Reliable, automated dashboards used by leadership weekly
* Clean, trusted data pipelines from S3 through Adverity into reporting layers
* Clear visibility into key metrics like revenue, bookings, and customer behavior
* Actionable insights that directly impact growth, efficiency, and profitability

Pay: $75,000\\.00 \\- $95,000\\.00 per year

Benefits:

* 401(k)
* 401(k) 4% Match
* 401(k) matching
* Dental insurance
* Flexible spending account
* Health insurance
* Health savings account
* Life insurance
* Unlimited paid time off
* Vision insurance

Work Location: In person","","https://www.indeed.com/cmp/Redweek.com-1","","","","","","","","","","","",""
"in-c7efc11adef097d4","indeed","https://www.indeed.com/viewjob?jk=c7efc11adef097d4","https://jobs.smartrecruiters.com/RESPECInc/744000129027348-data-engineer-contractor-","Data Engineer (Contractor)","RE/SPEC Inc","Austin, TX, US","2026-05-29","fulltime","","","","","",True,"","","","","**Company Description** **Big challenges need bold thinkers.**


If you’re someone who sees problems as opportunities, you’ll thrive here. **RESPEC is 100% employee\\-owned**, which means we take ownership of every challenge. Here, your ideas drive real solutions. Since 1969, we’ve tackled complex challenges in energy transition, infrastructure resilience, digital transformation, and sustainability.

**At RESPEC, you’ll work alongside clients to take on critical problems**. Depending on your expertise, you might design infrastructure in remote locations, develop renewable energy solutions for global projects, or apply data\\-driven technology to improve mining and water systems.


We bring deep technical knowledge, real\\-world experience, and a commitment to work that matters. If you're looking for a place where your contributions have real impact, you’ll fit right in.

**We do not accept unsolicited resumes from third\\-party recruiters.**

 **Job Description**  

RESPEC is seeking a Systems Analyst 3 / Data Engineer to support a local SLED client in the Austin, Texas area. This is a hands\\-on technical role for a senior\\-level professional with strong experience in data integration, ETL development, Snowflake SQL, and analytics platform support.


This opportunity is ideal for someone with a background in data engineering, ETL development, data warehousing, and systems analysis who is comfortable working across multiple data sources and collaborating in an Agile environment.

**Key Responsibilities**

* Design, develop, enhance, and support data integration workflows and ETL processes
* Build and maintain mappings, workflows, and related components using Informatica PowerCenter and/or IICS
* Develop and optimize complex SQL queries, stored logic, views, and materialized views in Snowflake and Oracle environments
* Perform systems analysis for data analytics, reporting, and performance management initiatives
* Integrate data from multiple sources, including Oracle, SQL Server, Excel, Access, and Adobe PDF
* Support data warehouse and analytics solutions through data modeling, validation, testing, and troubleshooting
* Create technical documentation, process flows, diagrams, and system specifications using tools such as Visio and Erwin
* Participate in Agile ceremonies and work closely with cross\\-functional business and technical teams
* Write efficient, maintainable, and testable code aligned with best practices
* Support platform planning, implementation, and ongoing improvement efforts

  

**Qualifications** **Required:**

* 8\\+ years of experience with Informatica PowerCenter and/or Informatica Intelligent Cloud Services (IICS) for ETL development
* 8\\+ years of experience integrating data from multiple structured and unstructured sources
* 8\\+ years of experience writing complex SQL, including strong experience in Snowflake
* 8\\+ years of experience in systems analysis supporting data analytics, performance management, or data warehouse initiatives
* 8\\+ years of experience with technical documentation, diagramming, and productivity tools such as Visio, Erwin, Microsoft Office, and MS Project
* 8\\+ years of experience planning and delivering software or data platforms across multiple teams or business units
* Strong understanding of ETL best practices, data validation, and testing methodologies

**Preferred Qualifications:**

* Experience working in an Agile environment
* Prior experience supporting state, local, education, or healthcare clients
* Experience working with PII/PHI and sensitive data environments
* Experience with Python scripting
* Experience with JIRA
* Familiarity with REST and SOAP web services
* Exposure to Java or JavaScript
* Experience with GitHub, GitHub Actions, or CI/CD pipelines
* Experience with MuleSoft
* Familiarity with AI\\-enabled data tools such as Snowflake Cortex or Informatica Claire

**Work Location:**

* **Hybrid role**
* **Austin, Texas**
* **3 days onsite / 2 days remote**
* **Candidates must be local to the Austin area**

  

**Additional Information**  

All your information will be kept confidential according to EEO guidelines.


All your information will be kept confidential according to EEO guidelines.","","https://www.indeed.com/cmp/Re-Spec-Inc","https://d2q79iu7y748jz.cloudfront.net/s/_squarelogo/256x256/94969706753ff6e949adb1948d580d22","https://www.respec.com","Rapid City, SD","201 to 500","$25M to $100M (USD)","","","","","","",""
"in-0d82486e04e8dd3c","indeed","https://www.indeed.com/viewjob?jk=0d82486e04e8dd3c","https://medmutual.rec.pro.ukg.net/MED1500MMOO/JobBoard/ef821115-21e9-4a27-9b98-50f8e2f05f30/OpportunityDetail?opportunityId=02c88487-bfb7-4653-b0fc-4bfba36fc121&postingId=c6aeb3b7-29a1-48dd-bfb6-1de4b958ef78","Data Engineer","Medical Mutual of Ohio","Cleveland, OH, US","2026-05-29","","","","","","",True,"","","","","***\\*\\*Medical Mutual employees must submit their applications through MySource.***


***Note:*** ***Requires working in the Brooklyn, Ohio office three set days per week.***



Founded in 1934, Medical Mutual is the oldest and one of the largest health insurance companies based in Ohio. We provide peace of mind to more than 1\\.2 million members through our high\\-quality health, life, disability, dental, vision and indemnity plans. We offer fully insured and self\\-funded group coverage, including stop loss, as well as Medicare Advantage, Medicare Supplement, and individual plans.


**Data Engineer I**



Software developer for the design and development of the company’s data lake, data warehouse, and data marts, and development of related business intelligence dashboards and visualizations. Job duties involve profiling data, developing data transformation jobs and processes, measuring data quality, and designing data warehouse data models, evaluating usability and testing data models, and developing business intelligence visualizations.

  

**Responsibilities:**


* Develop data pipelines to integrate and transform data for analysis.
* Support other data users and enable applied use of data to solve business problems.
* Business meetings to understand data and business needs, socialize knowledge of data products and insights, and generate consensus.
* Data profiling, data documentation, measuring and enforcing data quality.
* Developing data models to represent information.
* Performs other duties as assigned.
* Learns new technical concepts and software languages as needed.


**Data Engineer II**



Software developer for the design and development of the company’s data lake, data warehouse, and data marts, and support for applied use of data for business insights. Job duties involve profiling data, developing data transformation jobs and processes, measuring data quality, and designing data warehouse data models, evaluating usability and testing data models, and developing processes for applied use of enterprise data (data analysis, business intelligence, reporting).


**Responsibilities:**


* Developing and sequencing jobs and processes to transform data into data lake and data warehouse
* Support analytic projects, data extracts, and other work to apply data in the warehouse, test and prove capabilities, evaluate usability, and perform demonstrations to other analysts for how to use data to meet objectives
* Business meetings to understand data, capture agreement on business rules, understand analyst and stakeholder objectives, and support usage of data to solve business problems
* Data profiling, data documentation, and measuring data quality with manual verification and development of automated data quality tests
* Developing data models to represent data
* Performs other duties as assigned
* Learns new technical concepts and software languages as needed


**Data Engineer III**



Data engineer responsible for the design and development of data integration pipelines. Build data solutions for business problems and support the applied use of data to enable business insights and action. Job duties involve profiling data, developing data transformation pipelines, measuring data quality, designing data models, and supporting applied use of data to solve problems (exploratory analysis, business intelligence/dashboards, reporting, alerts).


**Responsibilities**


* Develop data pipelines to integrate and transform data for analysis.
* Support other data users and enable applied use of data to solve business problems.
* Business meetings to understand data and business needs, socialize knowledge of data products and insights, and generate consensus.
* Data profiling, data documentation, measuring and enforcing data quality.
* Developing data models to represent information.
* Performs other duties as assigned.
* Learns new technical concepts and software languages as needed.


**Data Engineer IV**



Data engineer responsible for the design and development of data integration pipelines. Build data solutions for business problems and support the applied use of data to enable business insights and action. Job duties involve profiling data, developing data transformation pipelines, measuring data quality, designing data models, and supporting applied use of data to solve problems (exploratory analysis, business intelligence/dashboards, reporting, alerts).


**Responsibilities**


* Develop data pipelines to integrate and transform data for analysis
* Support other data users and enable applied use of data to solve business problems.
* Business meetings to understand data and business needs, socialize knowledge of data products and insights, and generate consensus.
* Data profiling, data documentation, measuring and enforcing data quality.
* Developing data models to represent information.
* Performs other duties as assigned.
* Learns new technical concepts and software languages as needed.


**Qualifications:**


**Data Engineer I**


* Bachelors degree in Computer Science, Computer Information Systems, business degree with focus on data transformation or analysis, or equivalent work experience.
* Basic understanding of programming design and coding techniques.
* Familiarity with systems development life cycle.
* Understanding of database technologies and query semantics.
* Experience with public cloud database technology (e.g. RedShift, SnowFlake, DataBricks, Azure Synapse, BigQuery).
* Experience programming in ETL or ELT technology.
* Understanding of data warehouse data model theory and techniques.
* Experience with Python programming language.


**Data Engineer II**


* Bachelors degree in Computer Science, Computer Information Systems, business degree with focus on data transformation or analysis, or equivalent work experience
* Two or more years professional experience developing software to solve business problems
* Experience with data engineering system design and software implementation
* Experience with all parts of the systems development life cycle
* Experience with database technologies and query semantics
* Experience with public cloud database technology (e.g. RedShift, SnowFlake, DataBricks, Azure Synapse, BigQuery)
* Experience programming in ETL or ELT technology
* Understanding of data warehouse data model theory and techniques
* Experience with Python programming language


**Data Engineer III**


* Bachelors degree in Computer Science, Computer Information Systems, business degree with focus on data transformation or analysis, or equivalent work experience.
* Four or more years professional experience developing software to solve business problems.
* Three or more years’ experience with data engineering system design and software implementation.
* Experience with all parts of the systems development life cycle.
* Experience with database technologies and query semantics.
* Experience with public cloud database technology (e.g. RedShift, SnowFlake, DataBricks, Azure Synapse, BigQuery).
* Experience programming in ETL or ELT technology.
* Understanding of data warehouse data model theory and techniques.
* Experience with Python programming language.


**Data Engineer IV**


* Bachelors degree in Computer Science, Computer Information Systems, business degree with focus on data transformation or analysis, or equivalent work experience.
* Seven or more years professional experience developing software to solve business problems.
* Five or more years’ experience with data engineering system design and software implementation.
* Proficient with all parts of the systems development life cycle.
* Experience with database technologies and query semantics.
* Experience leading and coordinating technical initiatives.
* Experience with public cloud database technology (e.g. RedShift, SnowFlake, DataBricks, Azure Synapse, BigQuery).
* Experience programming in ETL or ELT technology.
* Understanding of data warehouse data model theory and techniques.
* Experience with Python programming language.


Medical Mutual is looking to grow our team! We truly value and respect the talents and abilities of all of our employees. That's why we offer an exceptional package that includes:



A Great Place to Work:


* We will provide the equipment you need for this role, including a laptop, monitors, keyboard, mouse and headset.
* Whether you are working remote or in the office, employees have access to on\\-site fitness centers at many locations, or a gym membership reimbursement when there is no Medical Mutual facility available. Enjoy the use of weights, cardio machines, locker rooms, classes and more.
* On\\-site cafeteria, serving hot breakfast and lunch, at the Brooklyn, OH headquarters.
* Discounts at many places in and around town, just for being a Medical Mutual team member.
* The opportunity to earn cash rewards for shopping with our customers.
* Business casual attire, including jeans.


Excellent Benefits and Compensation:


* Employee bonus program.
* 401(k) with company match up to 4% and an additional company contribution.
* Health Savings Account with a company matching contribution.
* Excellent medical, dental, vision, life and disability insurance — insurance is what we do best, and we make affordable coverage for our team a priority.
* Access to an Employee Assistance Program, which includes professional counseling, personal and professional coaching, self\\-help resources and assistance with work/life benefits.
* Company holidays and up to 16 PTO days during the first year of employment with options to carry over unused PTO time.
* After 120 days of service, parental leave for eligible employees who become parents through maternity, paternity or adoption.


An Investment in You:


* Career development programs and classes.
* Mentoring and coaching to help you advance in your career.
* Tuition reimbursement up to $5,250 per year, the IRS maximum.
* Diverse, inclusive and welcoming culture with Business Resource Groups.


About Medical Mutual:



Medical Mutual’s status as a mutual company means we are owned by our policyholders, not stockholders, so we don’t answer to Wall Street analysts or pay dividends to investors. Instead, we focus on developing products and services that allow us to better serve our customers and the communities around us.



There’s a good chance you already know many of our Medical Mutual customers. As the official insurer of everything you love, we are trusted by businesses and nonprofit organizations throughout Ohio to provide high\\-quality health, life, disability, dental, vision and indemnity plans. We offer fully insured and self\\-funded group coverage, including stop loss, as well as Medicare Advantage, Medicare Supplement and individual plans. Our plans provide peace of mind to more than 1\\.2 million Ohioans.



We’re not just one of the largest health insurance companies based in Ohio, we’re also the longest running. Founded in 1934, we’re proud of our rich history with the communities where we live and work.


*We maintain a drug\\-free workplace and perform pre\\-employment substance abuse and nicotine testing.*


Equal Opportunity Employer/Protected Veterans/Individuals with Disabilities  

This employer is required to notify all applicants of their rights pursuant to federal employment laws. For further information, please review the Know Your Rights (https://www.eeoc.gov/poster) notice from the Department of Labor.","Insurance","https://www.indeed.com/cmp/Medical-Mutual-of-Ohio","https://d2q79iu7y748jz.cloudfront.net/s/_squarelogo/256x256/b8db197c9009bdf8dc654a5dee262154","https://www.medmutual.com/","100 American Rd.
Brooklyn, Ohio 44144","1,001 to 5,000","$1B to $5B (USD)","Medical Mutual has been selected as a Northeast Ohio Top Workplace for 13 consecutive years. We have exceptional career opportunities offering challenging work, growth and a great work-life balance.","","","","","",""
"in-f59234a615a17dde","indeed","https://www.indeed.com/viewjob?jk=f59234a615a17dde","http://www.indeed.com/job/bi-developer-data-engineer-f59234a615a17dde","BI Developer/ Data Engineer","City Mattress","Bonita Springs, FL, US","2026-05-29","fulltime","","","","","",True,"","","","","**Company Overview:** As a leading mattress and furniture retailer, we believe that a good night's sleep is the key to wellness. For 60 years, we’ve been passionate about creating the ultimate sleep experience for our customers. We have a fun, dynamic, and diverse team of employees who work together to make our customers' dreams come true. Building on decades of experience, City Mattress is growing and innovating across all our departments. This means opportunity for you!

**Why City Mattress?** At City Mattress, our core values — *High Performance, Customer\\-Centricity, Trust, and Teamwork* — define who we are and how we operate. We hold ourselves to the highest standards, striving for excellence in everything we do while keeping our customers at the heart of every decision.

**Wait, there’s more…**

* Low turnover rate of 8% (compared to sector average of 20%\\*)
* Average tenure of over 7 years, more than double the industry average
* Growth is the norm \\- Our CEO started in the warehouse in his teen years and worked his way up!
* We have an atmosphere of open and effective communication
* We are brilliant at the basics and have a *lets\\-get\\-it\\-done\\-together* culture!

**Job Summary:** We are seeking a technically skilled and solutions\\-oriented BI Developer / Data Engineer to join our growing Business Intelligence \\& Data team. This role is ideal for someone who enjoys both building impactful dashboards and reports as well as supporting the underlying data pipelines and infrastructure that power analytics across the organization. This is not a pure engineering role: we're looking for someone who bridges the gap between raw data and business insight.

You'll work directly with our Sr. Manager of BI \\& Data Analytics to develop and maintain Power BI reports, support our Microsoft Fabric environment, and help ensure the data feeding our analytics layer is clean, timely, and reliable. If you've recently earned a Microsoft Fabric or Power BI certification or have hands\\-on project experience with both reporting and pipeline work, this role is built for you.

**Work Location:**  
This role follows our **hybrid work model of four days in\\-office and one remote day per week** at our corporate headquarters in Bonita Springs, FL.

**Note:** **We are only considering candidates currently located within commuting distance of Bonita Springs, FL. Applications requiring future relocation consideration will not be reviewed.**

**Key Responsibilities:**

**BI Reporting (60%)**

* Build, maintain, and optimize Power BI reports and dashboards for merchandising, operations, finance, and sales teams
* Develop DAX measures and calculated columns to support business KPIs
* Work with stakeholders to gather requirements, translate them into report specs, and deliver clean, intuitive visuals
* Maintain and document semantic models in Power BI / Microsoft Fabric
* Troubleshoot broken reports and data refresh issues; communicate status and resolution to end users

**Data Engineering (40%)**

* Support ETL/ELT pipeline development using Fabric Data Factory or Azure Data Factory
* Assist with data ingestion from Storis ERP and other operational systems into Microsoft Fabric / OneLake
* Perform data quality checks and help maintain data integrity across the reporting layer
* Contribute to data model documentation and governance standards in collaboration with the Data Governance Manager
* Support automation workflows (n8n, Power Automate) that feed operational dashboards

**Required Qualifications:**

* 2\\+ years of experience in a BI, reporting, or data analyst role with hands\\-on Power BI development
* Solid SQL skills, comfortable writing queries, joins, and basic transformations
* Demonstrated experience building and publishing Power BI reports and dashboards in a production environment
* Familiarity with Microsoft Fabric or Azure data services (even if self\\-taught or project\\-based)
* Working knowledge of DAX for calculated measures and report logic
* Strong communication skills, able to translate data into clear takeaways for non\\-technical stakeholders

**Preferred Skills:** 

* Microsoft Fabric Data Engineer Associate (DP\\-700\\) or Power BI Data Analyst (PL\\-300\\) certification or actively pursuing
* Hands\\-on exposure to ETL pipeline development (Fabric Data Factory, Azure Data Factory, or similar)
* Experience with dimensional modeling and data warehouse concepts
* Background in retail, e\\-commerce, or ERP\\-connected reporting environments
* Familiarity with Storis or similar retail ERP systems
* Exposure to Python or Power Query M for data transformation

**Benefits**

* Trusted family owned company in business for 60 years
* Collaborative, data\\-driven team culture with room to grow
* Medical, Dental, and Vision insurance
* Basic and supplemental life insurance
* 401(k) retirement savings plan
* Flexible Spending Account (FSA) and Health Savings Account (HSA) options
* Paid vacation and PTO
* Parental leave
* Wellness incentive program
* Employee discount program on merchandise
* Referral bonus program*Employment is contingent upon successful completion of a background check.*

*Employment is contingent upon successful completion of a background check.* 

*CM Management Inc. is an Equal Opportunity Employer (EEO).*

Application Question(s):

* We are only considering candidates who currently reside within daily commuting distance of our corporate office in Bonita Springs, FL. Are you currently located within commuting distance of this location?
* Will you now or in the future require employer sponsorship to work in the United States?
* How many years of experience do you have building reports and dashboards using Power BI, SQL, or similar BI tools?
* Do you have experience working with ETL/ELT pipelines, Microsoft Fabric, Azure Data Factory, or other cloud\\-based data platforms?

Work Location: Hybrid remote in Bonita Springs, FL 34135","Retail","https://www.indeed.com/cmp/City-Mattress","https://d2q79iu7y748jz.cloudfront.net/s/_squarelogo/256x256/37d9b5d56fe846094d51a49bd594e7e5","https://www.citymattress.com/","Bonita Springs","51 to 200","$25M to $100M (USD)","","","","","","",""
"in-ad1ae9753a5ec281","indeed","https://www.indeed.com/viewjob?jk=ad1ae9753a5ec281","https://ats.rippling.com/convo-communications-llc/jobs/8e48c38e-1d20-4b7e-af46-b8c692380cd3?jobSite=Indeed","Data Engineer","Convo LLC","Remote, US","2026-05-29","fulltime","direct_data","yearly",100000.0,110000.0,"USD",True,"","","","","**About Convo Communications LLC**


Founded in March 2009, Convo is the world’s largest Deaf\\-owned company, with hundreds of colleagues serving communities across multiple countries and sign languages. We exist because conversations transform lives. By giving Deaf people direct control over how and when they connect, Convo unlocks access at the moment it’s needed. Reducing the experience deprivation many Deaf individuals face and creating meaningful, everyday impact for Deaf communities and the people around them.

 **About the role**


Convo Communications is seeking a technically skilled and self\\-driven Data Engineer to support and advance the data infrastructure that powers operational, product, financial, and strategic decision\\-making across the organization.


This is an individual contributor role where you will serve as Convo’s dedicated data engineer and primary internal resource for data infrastructure expertise and recommendations. You will inherit existing pipelines, tools, and practices and be expected to evaluate them thoughtfully: preserve what works, improve what doesn’t, and replace what should be rebuilt. We are looking for someone who brings informed opinions, establishes sound engineering standards, and helps mature and evolve the company’s data capabilities with confidence and ownership.


This role requires a high degree of independence, technical judgment, and collaboration. The Data Engineer will partner closely with the Head of Product Operations, a dedicated data analyst, the CTO, and cross\\-functional stakeholders to ensure Convo has trusted, accessible, and reliable data to support business growth and operational performance.

 **What you'll do**

 **Pipelines \\& Infrastructure**

* Inherit, evaluate, and take full ownership of existing ETL/ELT pipelines — identifying what to preserve, improve, or replace based on performance, reliability, and long\\-term maintainability.
* Design and build scalable pipeline improvements or net\\-new solutions where current practices fall short.
* Monitor pipeline health, troubleshoot data quality issues, and proactively resolve performance and reliability problems.
* Manage and evolve orchestration tooling with openness to adopting better alternatives as infrastructure needs grow.
* Optimize query performance, pipeline efficiency, and resource utilization across Convo’s data environment.
* Participate in testing, deployment, and monitoring practices that promote long\\-term reliability and scalability.

 **Data Modeling \\& Quality**

* Develop and maintain scalable data transformation processes, schema design, and data models that support evolving business requirements.
* Establish and evolve data quality testing frameworks \\- building practices that catch issues early and create lasting internal trust in our data.
* Own data governance, documentation, lineage, version control, and data quality standards across the organization.

 **SME Leadership \\& Stakeholder Enablement**

* Serve as the primary internal resource for data engineering guidance and recommendations, helping set standards and informing data infrastructure decisions across the organization.
* Work closely with the data analyst to translate business questions into reliable, queryable data structures.
* Educate and guide non\\-technical stakeholders on how to work effectively with data, what is and isn’t feasible, and how to frame data requests clearly.
* Explore and implement tooling to enable self\\-service data discovery for internal teams, reducing bottlenecks and empowering stakeholders to answer their own questions.
* Collaborate with Product, Engineering, Finance, Operations, and Data Science stakeholders to support reporting, forecasting, and business intelligence needs.
* Partner with Product and Engineering teams to integrate analytics, event tracking, and reporting into products and platforms.

 **Standards \\& Sustainability**

* Establish and document data engineering standards, workflows, and best practices at Convo — building a foundation that is sustainable, well\\-understood, and not dependent on any single person.
* Contribute to improvements in data architecture, tooling, monitoring, automation, and engineering best practices.
* Evaluate emerging technologies and tooling to improve efficiency, automation, and accessibility of data systems.
* Maintain clear technical documentation and operational standards that support long\\-term maintainability.
* Exercise sound technical judgment in balancing immediate business needs with long\\-term platform sustainability.
* Maintain strong confidentiality and discretion when handling sensitive organizational, financial, operational, and employee data.

 **Qualifications**

**Required Qualifications**

* Strong SQL skills with hands\\-on experience in Snowflake and Snowflake SQL.
* Proficiency in Python for data transformation, automation, and pipeline scripting.
* Experience with dbt for data modeling and transformation.
* Familiarity with git and version control best practices.
* Solid understanding of ETL/ELT patterns, pipeline orchestration, and modern data modeling concepts.
* Experience managing and supporting production\\-grade data infrastructure and pipelines.
* Demonstrated ability to work independently, self\\-direct priorities, and make sound technical decisions without day\\-to\\-day oversight.
* Experience troubleshooting data quality, reliability, and performance issues within complex data environments.
* Ability to communicate technical concepts clearly and guide non\\-technical stakeholders on data capabilities and limitations.
* A collaborative mindset and comfort working across teams with varying technical backgrounds.
* Openness to inheriting existing systems and the judgment to know when to improve versus rebuild.
* Openness to learning new tools and technologies as the data engineering landscape continues to evolve.
* Ability to handle sensitive and confidential information with strong integrity and professionalism.

**Preferred Qualifications**

* 3\\+ years of experience serving as a sole or lead data engineer, with primary responsibility for a company’s data infrastructure.
* 3\\+ years of experience with AWS data services such as Glue, RDS, or similar technologies.
* 3\\+ years of experience with orchestration tools such as Stitch, Airflow, Prefect, or similar platforms.
* 3\\+ years of experience with data quality frameworks and testing practices.
* 3\\+ years of experience with BI and reporting tools.
* Familiarity with CI/CD, testing, and deployment best practices for data infrastructure.
* Familiarity with AI\\-adjacent data tooling and modern data infrastructure practices.
* Experience working in a scaling technology or operations\\-driven organization.
* Knowledge of American Sign Language (ASL) and/or Deaf culture is a plus.

 **Additional Requirements**

* Ability to work independently with a high degree of ownership, accountability, and technical judgment.
* Comfortable operating as the primary data engineering resource within a cross\\-functional environment.
* Ability to work a flexible schedule when needed to support business and operational priorities.
* Strong interpersonal and professional communication skills.
* Commitment to continuous learning and adapting to evolving technologies and business needs.

 **The pay range for this role is:**  

100,000 \\- 110,000 USD per year(Remote)","","https://www.indeed.com/cmp/Convo-LLC","","","","","","","","","","","",""
"in-d5447d6395c59669","indeed","https://www.indeed.com/viewjob?jk=d5447d6395c59669","https://careers-steampunk.icims.com/jobs/7809/job?utm_source=indeed_integration&iis=Job%20Board&iisn=Indeed&indeed-apply-token=73a2d2b2a8d6d5c0a62696875eaebd669103652d3f0c2cd5445d3e66b1592b0f","Lead Data Architect","Steampunk","McLean, VA, US","2026-05-28","","direct_data","yearly",165000.0,210000.0,"USD",True,"","","","","Overview:

We are seeking a **Principal Data Solution Architect / Lead Data Architect** to serve as the senior\\-most technical authority for end\\-to\\-end data architectures, cloud data platforms, integration strategies, and enterprise\\-scale modernization initiatives. This role operates at the intersection of architecture, engineering, analytics, AI, and mission strategy. The Principal Data Solution Architect shapes the vision for how data is collected, governed, transformed, stored, accessed, and activated across complex environments—ultimately enabling reliable analytics, ML/AI capabilities, and mission\\-critical applications.  

This leader drives architectural strategy across data platforms, lakehouses, warehouses, integration layers, and AI/ML pipelines, while guiding engineering teams toward scalable, secure, and maintainable solutions.
Contributions:  

* Serve as the chief architect for data platform modernization, designing enterprise data ecosystems including lakehouse architectures, data mesh/fabric patterns, domain modeling, and multi\\-cloud data strategies.
* Translate mission and business needs into actionable data architecture roadmaps, reference architectures, and solution blueprints.
* Architect robust ingestion, transformation, and serving layers using a blend of batch, streaming, CDC, API\\-based, and event\\-driven patterns.
* Lead end\\-to\\-end data modeling strategy, including canonical data models, semantic layers, MDM architectures, metadata systems, and AI/ML\\-aligned feature modeling.
* Partner with Data Engineering, Data Science, AI/ML Engineering, and LLMOps/MLOps teams to ensure data platforms support analytics, ML, RAG systems, and advanced automation use cases.
* Define and enforce enterprise data standards: schema evolution, data contracts, quality frameworks, lineage expectations, observability, data zones, and Zero Trust data\\-access policies.
* Drive platform engineering decisions including storage optimization, cluster sizing, compute orchestration, network design, and cost\\-performance tradeoffs.
* Guide selection and adoption of platform technologies such as Databricks, Snowflake, Redshift, Synapse, BigQuery, lakehouse engines, metadata platforms, and orchestration tools.
* Oversee architectural governance, including design reviews, performance evaluations, cloud readiness assessments, and alignment with enterprise cybersecurity and compliance requirements.
* Serve as a senior advisor to client executives, framing modernization strategies, defining investment pathways, and articulating value realization for enterprise data initiatives.
* Mentor Data Engineers, Data Architects, and cross\\-functional technical staff, strengthening architectural maturity across programs.
* Develop reusable frameworks, architectural patterns, playbooks, and internal accelerators that improve consistency and reduce delivery time across engagements.
* Stay current with emerging trends in cloud\\-native data ecosystems, metadata automation, distributed compute, AI\\-ready data architectures, and federal data regulations.
* You will contribute to the growth of our AI \\& Data Exploitation Practice!


Qualifications:
* Ability to hold a position of public trust or higher clearance as required.
* Bachelor’s, Master’s, or Ph.D. in Computer Science, Data Engineering, Information Systems, Cloud Architecture, or a related technical field.
* 10\\+ years of professional experience designing enterprise\\-scale data solutions, with significant architectural leadership.
* Expert\\-level knowledge of modern data architectures including lakehouse, data mesh, data fabric, MDM, event\\-driven architectures, and domain\\-driven design**.**
* Deep experience with cloud\\-native data ecosystems across AWS, Azure, or GCP—including storage, compute, orchestration, serverless, virtualization, containerization, and security services.
* Mastery of distributed data processing frameworks (e.g., Spark, Databricks, Flink, Kafka, Synapse, Dataflow) and strong proficiency in SQL and Python.
* Proven ability to design end\\-to\\-end ingestion pipelines, transformation logic, metadata systems, feature stores, and data serving layers optimized for analytics and AI workloads.
* Understanding of enterprise data governance, including cataloging, lineage, privacy, tagging, Zero Trust access patterns, and compliance requirements.
* Strong communication skills with the ability to influence senior stakeholders, justify architectural decisions, and translate complex concepts into actionable insights.
* Demonstrated success mentoring technical staff, leading architecture reviews, and guiding multi\\-team delivery across complex modernization programs.
* Experience collaborating with Data Science, AI/ML, and MLOps teams to ensure data architectures support scalable model development and operationalization.
* Preferred certifications (highly relevant):
	+ AWS Data Analytics Specialty
	+ AWS Solutions Architect – Professional
	+ Azure Solutions Architect Expert
	+ Databricks Data Engineer Professional
	+ Google Professional Data Engineer
	+ Snowflake SnowPro Advanced Architect
	+ TOGAF or cloud architecture frameworks
* Local to Washington, DC metro area


About **steampunk**:

Steampunk relies on several factors to determine salary, including but not limited to geographic location, contractual requirements, education, knowledge, skills, competencies, and experience. The projected compensation range for this position is $165,000 to $210,000\\. The estimate displayed represents a typical annual salary range for this position. Annual salary is just one aspect of Steampunk’s total compensation package for employees. Learn more about additional Steampunk benefits here.  

**Identity Statement**
As part of the application process, you are expected to be on camera during interviews and assessments. We reserve the right to take your picture to verify your identity and prevent fraud.  

Steampunk is a **Change Agent** in the Federal contracting industry, bringing new thinking to clients in the Homeland, Federal Civilian, Health and DoD sectors. Through our **Human\\-Centered delivery methodology**, we are fundamentally changing the expectations our Federal clients have for true shared accountability in solving their toughest mission challenges. As an **employee owned company**, we focus on investing in our employees to enable them to do the greatest work of their careers – and rewarding them for outstanding contributions to our growth. If you want to learn more about our story, visit http://www.steampunk.com. *We are an equal opportunity employer and all qualified applicants will receive consideration for employment without regard to race, color, religion, sex, national origin, disability status, protected veteran status, or any other characteristic protected by law. Steampunk participates in the E\\-Verify program.*","","https://www.indeed.com/cmp/Steampunk-1","https://d2q79iu7y748jz.cloudfront.net/s/_squarelogo/256x256/d9de13d21f92b432faea77c6d7eb4851","https://steampunk.com/","1753 Pinnacle Drive, Suite 900, McLean, VA 22102","","","Steampunk is the explosive collision of human-centered design and traditional government contracting.","","","","","",""
"in-bade47e14c6dc022","indeed","https://www.indeed.com/viewjob?jk=bade47e14c6dc022","https://careers-lmi.icims.com/jobs/14121/job?utm_source=indeed_integration&iis=Job%20Board&iisn=Indeed&indeed-apply-token=73a2d2b2a8d6d5c0a62696875eaebd669103652d3f0c2cd5445d3e66b1592b0f","Database DevOps Engineer","LMI","Fort Belvoir, VA, US","2026-05-28","fulltime","direct_data","yearly",77000.0,125000.0,"USD",False,"","","","","Overview:

LMI is seeking a **Database DevOps Engineer** to be part of a team that is designing and developing complex, cloud\\-based systems. **This position requires an** **Active Secret Clearance.**  

LMI is a new breed of digital solutions provider dedicated to accelerating government impact with innovation and speed. Investing in technology and prototypes ahead of need, LMI brings commercial\\-grade platforms and mission\\-ready AI to federal agencies at commercial speed.  

Leveraging our mission\\-ready technology and solutions, proven expertise in federal deployment, and strategic relationships, we enhance outcomes for the government, efficiently and effectively. With a focus on agility and collaboration, LMI serves the defense, space, healthcare, and energy sectors—helping agencies navigate complexity and outpace change. Headquartered in Tysons, Virginia, LMI is committed to delivering impactful results that strengthen missions and drive lasting value.
Responsibilities:

This position will be responsible for managing, maintaining, and optimizing cloud\\-based database systems. This role requires a deep understanding of cloud database technologies, performance tuning, and data security. The ideal candidate will have experience in various cloud platforms and database management systems, ensuring the reliability, scalability, and security of the databases. Design, implement, and manage cloud\\-based database systems (e.g., AWS RDS, Azure SQL Database, Google Cloud SQL). This team member will:* Monitor database performance and optimize queries for efficiency.
* Ensure data security and compliance with relevant regulations and best practices.
* Perform regular backups, restore operations, and disaster recovery planning.
* Troubleshoot and resolve database\\-related issues.
* Collaborate with development teams to support application deployment and database integration.
* Automate routine database tasks using scripting and automation tools.
* Maintain documentation of database configurations, processes, and procedures.
* Stay updated with the latest industry trends and technologies in cloud databases.


Qualifications:
**Required Qualifications:*** Bachelor’s degree in Computer Science, Information Technology, or a related field
* 3\\-10 years of experience in database administration, with a focus on cloud environments
* Active Secret Clearance
* Proficiency in cloud platforms such as AWS, Azure, or Google Cloud
* Strong knowledge of SQL and NoSQL databases (e.g., MySQL, PostgreSQL, MongoDB, DynamoDB)
* Experience with database performance tuning and optimization
* Familiarity with database security best practices and compliance standards
* Experience with automation tools and scripting languages (e.g., Python, PowerShell, Bash)
* Understanding of networking concepts and protocols
* Excellent problem\\-solving skills and attention to detail
* Security\\+ or equivalent certification

 **Desired Qualifications:*** Certifications such as AWS Certified Database \\- Specialty, Microsoft Certified: Azure Database Administrator Associate, or Google Cloud Professional Data Engineer
* Experience with database migration and replication tools
* Knowledge of containerization technologies (Docker, Kubernetes)
* Familiarity with data warehousing and big data technologies (e.g., Redshift, BigQuery, Snowflake)
* Strong communication skills and ability to work collaboratively in a team environment

  

Target salary range: $77,000 \\- $125,000  

The salary range displayed represents the typical salary range for this position and is not a guarantee of compensation. Individual salaries are determined by various factors including, but not limited to location, internal equity, business considerations, client contract requirements, and candidate qualifications, such as education, experience, skills, and security clearances.","","https://www.indeed.com/cmp/Lmi-41d89e41","https://d2q79iu7y748jz.cloudfront.net/s/_squarelogo/256x256/9d241b01f724d35a7a9c8dea444c91e8","https://www.lmisolutions.com","Tysons Corner, VA","1,001 to 5,000","$100M to $500M (USD)","LMI delivers commercial-grade, mission-ready technology to federal agencies. We combine innovation and deep expertise to help customers move faster, smarter, and stay ready for what’s next.","","","","","",""
"in-ea27b86b1f1fe687","indeed","https://www.indeed.com/viewjob?jk=ea27b86b1f1fe687","https://careers.manulife.com/global/en/job/JR26051448/Associate-Machine-Learning-Engineer","Associate Machine Learning Engineer","John Hancock","Boston, MA, US","2026-05-28","fulltime","direct_data","yearly",80625.0,134375.0,"USD",False,"","","","hr@manulife.com, hr@manulife.com","John Hancock’s AI team works across the US Insurance business to optimize our sales and marketing activities, make life insurance easy to buy, and streamline in\\-force and claims operations! We have close relationships with functional leadership across the business and a strong working relationship with technology partners. As part of a 160\\+ member community of data scientists, John Hancock, and our parent Manulife, you will have an opportunity to network with experts across the globe.


John Hancock is a unit of Manulife Financial Corporation, a leading international financial services group offering insurance and wealth management solutions in the US, Canada, Europe, and Asia!


We are on a transformational journey. We want to remove complexity from the financial services industry, to make people’s lives better and decisions easier. Being part of this transformation is hugely exciting and offers talented, ambitious people an amazing opportunity to build a career.


We are seeking a skilled Machine Learning Engineer with a strong focus on building data pipelines, AI solution development, deployment, and monitoring. The ideal candidate will have experience in data ingestion \\& curation, developing scalable and robust AI solutions, and deploying AI solutions in production following MLOps best practices on Microsoft Azure and Databricks platforms. A strong background in Computer vision, NLP and LLM models will be advantageous in this role.


**Position Responsibilities:**

* Building of GenAI and AI solutions, including but not limited to analytical model development and implementation, prompt engineering, general all\\-purpose programming (e.g., Python), testing, communication of results, front end and back\\-end integration, and iterative development with business subject matter expertise.
* Designing and solutioning AI/GenAI architectures for business teams, specifically for plugin\\-based solutions and custom AI/GenAI application builds.
* Partner with data engineers and architects to design and implement scalable database solutions and data models, organizing both structured and unstructured data.
* Develop processes for data cleansing, enrichment, and validation to improve quality and reliability.
* Collaborate with data scientists to develop and deploy machine learning models in cloud following best practices.
* Monitor, solve, and optimize data pipelines for performance and efficiency.
* Partner with IT and technology teams to put together data architecture designs, integration procedures, and data management workflows.
* Partner with data and platform partners to implement the best practices in managing data and platforms, supporting AI development and deployment at scale.
* Develop automation scripts and tools to ease the deployment, scaling, and management of data systems within the cloud environment.
* Continuously monitor and improve the performance of AI solutions through data analysis and testing.
* Strong communication to help business partners better understand the use of data, ML models, and AI solutions.

**Required Qualifications:**


* Experienced in developing and deploying models using AI and GenAI technologies in cloud.
* Experienced in data modeling, ETL/ELT development, and data warehousing.
* Master/PhD degree in a quantitative field such as Data Science, Engineering, Computer Science or related technical field.
* Preferred Qualifications:
* Hands\\-on experience in developing models solving NLP tasks, including Document Classification, Entity Extraction, Entity Relation Extraction, etc.
* Hands\\-on experience in processing documents (PDF/Images) using vision and/or language models, as well as OCR techniques.
* Proven experience with Databricks and Azure cloud services and data solutions including but not limited to Azure SQL Data Warehouse, Azure Cosmos DB, Azure Data Lake Storage, Azure Function and Azure Data Factory.
* Proficiency with big data processing frameworks such as Apache Spark and experience with programming languages like Python, Scala, or SQL.
* Skilled in the machine learning modeling life cycle, including exploratory data analysis, data cleansing, feature engineering, model building, deployment and monitoring.
* Good understanding of vectorization and embedding, prompt engineering, RAG, Multi\\-agent techniques.
* Experience in developing and deploying models in cloud\\-based environments, specifically Microsoft Azure, and Databricks, following MLOps and DevOps best practices.
* Experience with Git Version Control, Unit/Integration/End\\-to\\-End Testing, CI/CD, release management, etc.
* Excellent problem\\-solving skills and the capacity to work under tight deadlines in a fast\\-paced environment.
* Previous work in agile development environments and knowledge of project management tools such as JIRA.

**When you join our team:**


* We’ll empower you to learn and grow the career you want.
* We’ll recognize and support you in a flexible environment where well\\-being and inclusion are more than just words.
* As part of our global team, we’ll support you in shaping the future you want to see.

\\#LI\\-Hybrid


The role being advertised is an existing vacancy.


**About Manulife and John Hancock**


Manulife Financial Corporation is a leading international financial services provider, helping people make their decisions easier and lives better. To learn more about us, visit https://www.manulife.com/en/about/our\\-story.html.


**Manulife is an Equal Opportunity Employer**


At Manulife/John Hancock, we embrace our diversity. We strive to attract, develop and retain a workforce that is as diverse as the customers we serve and to foster an inclusive work environment that embraces the strength of cultures and individuals. We are committed to fair recruitment, retention, advancement and compensation, and we administer all of our practices and programs without discrimination on the basis of race, ancestry, place of origin, colour, ethnic origin, citizenship, religion or religious beliefs, creed, sex (including pregnancy and pregnancy\\-related conditions), sexual orientation, genetic characteristics, veteran status, gender identity, gender expression, age, marital status, family status, disability, or any other ground protected by applicable law.


It is our priority to remove barriers to provide equal access to employment. A Human Resources representative will work with applicants who request a reasonable accommodation during the application process. All information shared during the accommodation request process will be stored and used in a manner that is consistent with applicable laws and Manulife/John Hancock policies. To request a reasonable accommodation in the application process, contact hr@manulife.com.


**Referenced Salary Location**


Boston, Massachusetts
**Working Arrangement**


Hybrid
**Salary range is expected to be between**


$80,625\\.00 USD \\- $134,375\\.00 USD
Employees also have the opportunity to participate in incentive programs and earn incentive compensation tied to business and individual performance. The actual salary will vary depending on local market conditions, geography and relevant job\\-related factors such as knowledge, skills, qualifications, experience, and education/training. If you are applying for this role outside of the primary location, please contact hr@manulife.com for the salary range for your location.


Manulife/John Hancock offers eligible employees a wide array of customizable benefits, including health, dental, mental health, vision, short\\- and long\\-term disability, life and AD\\&D insurance coverage, adoption/surrogacy and wellness benefits, and employee/family assistance plans. We also offer eligible employees various retirement savings plans (including pension/401(k) savings plans and a global share ownership plan with employer matching contributions) and financial education and counseling resources. Our generous paid time off program in the U.S. includes up to 11 paid holidays, 3 personal days, 150 hours of vacation, and 40 hours of sick time (or more where required by law) each year, and we offer the full range of statutory leaves of absence.


We use data and analytics technologies, such as artificial intelligence (AI), and automated processing tools, to analyze and process the information you provide to us or third parties in the application process. For more information, please refer to our personal information collection statement.


Know Your Rights **I** **Family \\& Medical Leave** **I** **Employee Polygraph Protection** **I** **Right to Work** **I** **E\\-Verify**


Company: John Hancock Life Insurance Company (U.S.A.)","","https://www.indeed.com/cmp/John-Hancock","https://d2q79iu7y748jz.cloudfront.net/s/_squarelogo/256x256/c1f0d0b03d79822cd4d14b65fa4797fd","http://www.johnhancock.com","Boston, MA","1,001 to 5,000","$25M to $100M (USD)","John Hancock is looking for colleagues with big ambitions, curious minds and collaborative spirits to join us in making every day better for the customers and communities we serve.","","","","","",""
"in-0a5796bfb59c12a9","indeed","https://www.indeed.com/viewjob?jk=0a5796bfb59c12a9","https://click.appcast.io/t/mfe3PpcghobjeZ1mLCXergPBYoMaoE1xW8I_Gem7KPY=","Lead Analytics Engineer","Aramark","Rockville, MD, US","2026-05-28","","direct_data","yearly",90000.0,100000.0,"USD",False,"","","","","**Job Description**
-------------------


We are looking for a highly independent Lead Analytics Engineer to own and evolve our enterprise BI data layer, built on Snowflake and DBT. This role goes beyond implementation \\- you will be responsible for data modeling decisions, pipeline design, validation, and system reliability across a complex and evolving data ecosystem. You will work closely with analytics, supply chain, and engineering teams but are expected to drive technical solutions end\\-to\\-end, including in ambiguous situations.

  

Location Rockville, MD or Philadelphia, PA.

**Job Responsibilities**
------------------------

* Data Modeling \\& Architecture Ownership: Design and maintain scalable data models using Snowflake and DBT. Define standards for transformations and semantic layers.
* Data Quality \\& Validation: Own data correctness end\\-to\\-end. Validate counts, aggregations, and joins. Identify discrepancies independently.
* Pipeline Stability \\& Optimization: Diagnose and resolve pipeline failures and performance issues. Optimize Snowflake workloads and DBT execution.
* Problem Solving in Ambiguity: Work through incomplete requirements and unclear ownership. Identify root causes across systems.
* Collaboration \\& Enablement: Partner with analytics and data teams. Provide guidance to junior team members and define best practices.
**Qualifications**
------------------


Required Qualifications

* 5?8\\+ years in analytics engineering, data engineering, or BI engineering. Advanced SQL expertise. Strong experience with DBT (models, lineage, transformations). Hands\\-on Snowflake experience. Proven ability to own pipelines end\\-to\\-end and solve complex data issues independently.

  

Preferred Qualifications

* Experience with Data Vault concepts, enterprise BI environments like Power BI, and Git\\-based workflows.

  

Success Criteria

* Within 3?6 months, the candidate owns BI Gold modeling with minimal guidance, resolves data discrepancies independently, establishes consistent modeling patterns, and reduces leadership involvement in technical decision\\-making.
**Benefits**
------------


COMPENSATION: The salary range for this position is $90,000\\-$100,000\\. If both numbers are the same, that is the amount that Aramark expects to offer. This is Aramark?s good faith and reasonable estimate of the compensation for this position as of the time of posting.

  



BENEFITS: Aramark offers comprehensive benefit programs and services for eligible employees including medical, dental, vision, and work/life resources. Additional benefits may include retirement savings plans like 401(k) and paid days off such as parental leave and disability coverage. Benefits vary by location and are subject to any legal requirements or limitations, employee eligibility status, and where the employee lives and/or works. For more information about Aramark benefits, click here Aramark Careers \\- Benefits \\& Compensation.  



?


There is no predetermined application window for this position, the position will close once a qualified candidate is selected. Qualified applicants with arrest or conviction records will be considered for employment in accordance with applicable law, including, but not limited to, the Los Angeles County Fair Chance Ordinance for Employers, the California Fair Chance Act, and the San Francisco Fair Chance Ordinance to the extent that those laws apply to the opportunity.

**About Aramark**
-----------------

**Our Mission**


Rooted in service and united by our purpose, we strive to do great things for each other, our partners, our communities, and our planet.


At Aramark, we believe that every employee should enjoy equal employment opportunity and be free to participate in all aspects of the company. We do not discriminate on the basis of race, color, religion, national origin, age, sex, gender, pregnancy, disability, sexual orientation, gender identity, genetic information, military status, protected veteran status or other characteristics protected by applicable law.


**About Aramark**


The people of Aramark proudly serve millions of guests every day through food and facilities in 15 countries around the world. Rooted in service and united by our purpose, we strive to do great things for each other, our partners, our communities, and our planet. We believe a career should develop your talents, fuel your passions, and empower your professional growth. So, no matter what you're pursuing \\- a new challenge, a sense of belonging, or just a great place to work \\- our focus is helping you reach your full potential. Learn more about working here at http://www.aramarkcareers.com or connect with us on Facebook, Instagram and Twitter.","","https://www.indeed.com/cmp/Aramark","https://d2q79iu7y748jz.cloudfront.net/s/_squarelogo/256x256/ec5824a188b007e21b32907a944939c0","https://careers.aramark.com/","Philadelphia, PA","10,000+","more than $10B (USD)","We're a team of a quarter of a million people dedicated to creating experiences that matter through our culture of inspired hospitality.","","","","","",""
"in-d95d0b3cc2017278","indeed","https://www.indeed.com/viewjob?jk=d95d0b3cc2017278","https://careers-cotiviti.icims.com/jobs/19161/job?utm_source=indeed_integration&iis=Job%20Board&iisn=Indeed&indeed-apply-token=73a2d2b2a8d6d5c0a62696875eaebd669103652d3f0c2cd5445d3e66b1592b0f","Data Engineer","Cotiviti","Remote, US","2026-05-28","fulltime","direct_data","yearly",80000.0,112000.0,"USD",True,"","","","","Overview: **This role is expected to work Monday through Friday from 9:00 AM Pacific to 6:00 pm Pacific**  

At Cotiviti, we are custodians of data for our clients. Using their technical experience in ETL processes, Data Engineers ensure operational functions are occurring as expected. This includes but is not limited to managing data implementations, data production, data quality, and data security.
Responsibilities:
* Oversee ETL processes to ensure their success, with the primary responsibility of providing accurate and timely data across various products to support the company's revenue generation.
* Maintain data pipelines running on proprietary big data processing platform and providing support to make sure data delivery SLAs are met.
* Maintain data engineering processes using a variety of tools including T\\-SQL, Spark and Scala, and shell scripting. Generally focused on data ingestion for healthcare data management, data validation, statistical report generation, and program validation.
* Develop, support, and improve scalable and efficient data ingestion processes and techniques aimed at enhancing process efficiencies and optimizing query performance for our proprietary data applications and systems.
* Implement and perform data validation and quality checks to maintain high data integrity.
* Perform troubleshooting, data analysis, data mining, investigations and identifying root cause of issues using several cutting\\-edge data analysis tools in a fast\\-paced environment.
* Collaborate with stakeholders to understand data requirements and deliver high\\-quality data solutions.
* Work with Technical Operations to troubleshoot complex database issues related to the entire environment including OS, storage, and servers.
* Provide off hours support to resolve production issues when necessary
* Develop data transformation specifications to convert source data to be loaded into target data warehouse tables using SQL and other Data Integration/ETL tools.
* Support the implementation of data governance policies and security measures to protect sensitive information.
* Create and maintain dashboards as needed.
* Participate in meetings with clients and/or stakeholders.
* Complete individual productivity tracking
* Complete task assignments using department ticketing system within assigned deadline.
* Achieve organizational and individual goals as identified in performance reviews and goal setting exercises.
* Complete all special projects and other duties as assigned.
* Must be able to perform duties with or without reasonable accommodation.


This job description is intended to describe the general nature and level of work being performed and is not to be construed as an exhaustive list of responsibilities, duties and skills required. This job description does not constitute an employment agreement and is subject to change as the needs of Cotiviti and requirements of the job change.
Qualifications:
* Bachelor’s degree in Computer Science, Information Technology or equivalent work experience.
* 2\\+ years of working knowledge of RDBMS (Oracle, MS SQL, Vertica, etc.) and experience using SQL, PL/SQL or other data integration/ETL tools.
* MUST: 2\\+ years of experience in data engineering, data analysis, or a related field with a strong track record of building and managing data pipelines.
* MUST: 2\\-4 years’ experience with data aggregation, standardization, linking, quality check mechanisms, and reporting
* MUST: 2\\-4 years’ experience with big data technologies like Hadoop and Spark
* MUST: Proficient and experienced in analyzing, designing, and developing solutions and strategies involving relational databases (e.g., Oracle, Vertica, SQL Server), ETL tools (e.g., SSIS, ODI, Informatica), and data warehousing concepts.
* MUST: Solid understanding of Linux environments; strong knowledge of shell scripting and file systems.
* Knowledge of US healthcare data, preferably in data operations role, is a plus.
* Ability to analyze data with a high level of detailed accuracy, identify root causes of issues, and demonstrate problem\\-solving skills to troubleshoot data\\-related issues.
* Experience in coding principles and the ability to follow best practices for developing and deploying code for data manipulation and automation.
* Experience in at least one programming language such as Python, Java, Scala or Powershell.
* Knowledge of data governance principles, data quality, and data lifecycle management a plus.
* Proficient in Microsoft Office Suite applications PowerPoint, Word, Excel and Outlook.
* Flexible work schedule.
* Experience with project management tools like JIRA.
* Strong analytical skills
* Quick Learner, energetic and flexible
* Excellent verbal, listening and written communication skills.
* Ability to multitask and prioritize projects to meet scheduled deadlines and tight turnaround times.

**Mental Requirements:*** Exceptional communication, problem\\-solving, and leadership skills.
* Advanced analysis, problem\\-resolution, judgment, and decision\\-making capabilities.
* Ability to prioritize and execute complex tasks in a high\\-pressure environment independently.
* Strong results orientation, initiative, attention to detail, and customer service focus.
* Expert time management skills, balancing daily operations, projects, and mentorship.
* Ability to independently prioritize, re\\-prioritize, and manage multiple complex tasks.

**Physical Requirements and Working Conditions:*** Remaining in a stationary position, often standing or sitting for prolonged periods.
* Repeating motions that may include the wrists, hands and/or fingers.
* Must be able to provide high\\-speed internet access / connectivity and office setup and maintenance.
* Must be able to provide a dedicated, secure work area.
* No adverse environmental conditions expected.

*Base compensation ranges from $80,000 to $112,000 per year. Specific offers are determined by various factors, such as experience, education, skills, certifications, and other business needs.* *Cotiviti offers team members a competitive benefits package to address a wide range of personal and family needs, including medical, dental, vision, disability, and life insurance coverage, 401(k) savings plans, paid family leave, 9 paid holidays per year, and 17\\-27 days of Paid Time Off (PTO) per year, depending on specific level and length of service with Cotiviti. For information about our benefits package, please refer to our* *Careers page.*  

Date of Posting: xx/xx/2025\\.
We anticipate that the application window will close on xx/xx/xxxx, but the application window may change depending on the volume of applications received or close immediately if a qualified candidate is selected. *Since this job will be based remotely, all interviews will be conducted virtually.*  

\\#LI\\-REMOTE
\\#LI\\-AK1
\\#junior","Health Care","https://www.indeed.com/cmp/Cotiviti","https://d2q79iu7y748jz.cloudfront.net/s/_squarelogo/256x256/5ad940bbd070d83dd14ee8c477cee2b2","http://www.cotiviti.com","10701 S River Front Pkwy, Unit 200
South Jordan, UT 84095","5,001 to 10,000","$500M to $1B (USD)","Cotiviti is a leading solutions and analytics company that leverages unparalleled clinical and financial datasets to deliver deep insight to the healthcare and retail industries.","","","","","",""
"in-fb2c1228ffe4a932","indeed","https://www.indeed.com/viewjob?jk=fb2c1228ffe4a932","https://carefirstcareers.ttcportals.com/jobs/17771044-senior-data-engineer-remote?tm_job=22141-1A&tm_event=view&tm_company=2380","Senior Data Engineer (Remote)","CareFirst BlueCross BlueShield","Baltimore, MD, US","2026-05-28","fulltime","direct_data","yearly",99000.0,196625.0,"USD",True,"","","","","**Resp \\& Qualifications**


**PURPOSE:**
  

The Senior Data Engineer is responsible for orchestrating, deploying, maintaining and scaling cloud OR on\\-premise infrastructure targeting big data and platform data management (Relational and NoSQL, distributed and converged) with emphasis on reliability, automation and performance. This role will focus on developing solutions and helping transform the company's platforms deliver data\\-driven, meaningful insights and value to company.  

  

**ESSENTIAL FUNCTIONS:**

* Develops and maintains infrastructure systems (e.g., data warehouses, data lakes) including data access APIs. Prepares and manipulates data using multiple technologies.




* Interprets data, analyzes results using statistical techniques, and provides ongoing reports. Executes quantitative analyses that translate data into actionable insights. Provides analytical and data\\-driven decision\\-making support for key projects. Designs, manages, and conducts quality control procedures for data sets using data from multiple systems.




* Develops data models by studying existing data warehouse architecture; evaluating alternative logical data models including planning and execution tables; applying metadata and modeling standards, guidelines, conventions, and procedures; planning data classes and sub\\-classes, indexes, directories, repositories, messages, sharing, replication, back\\-up, retention, and recovery.




* Creates data collection frameworks for structured and unstructured data.




* Improves data delivery engineering job knowledge by attending educational workshops; reviewing professional publications; establishing personal networks; benchmarking state\\-of\\-the\\-art practices; participating in professional societies.




* Applies data extraction, transformation and loading techniques in order to connect large data sets from a variety of sources.




* Applies and implements best practices for data auditing, scalability, reliability and application performance.

 **SUPERVISORY RESPONSIBILITY:**  

Position does not have direct reports but is expected to assist in guiding and mentoring less experienced staff. May lead a team of matrixed resources.  

  

**QUALIFICATIONS:**  

  

**Education Level:** Bachelor's Degree in Computer Science, Information Technology or Engineering or related field OR in lieu of a Bachelor's degree, an additional 4 years of relevant work experience is required in addition to the required work experience.  

  

**Experience:** 5 years Experience with database design and developing modeling tools. Experience developing and updating ETL/ELT scripts. Hands\\-on experience with application development, relational database layout, development, data modeling.  

  

**Preferred Qualifications**:

* Snowflake experience.
* Python experience preferred.
* Knowledge of Healthcare data specifically claims data, clinical data.
* Experience with HEDIS submissions preferred.

 **Knowledge, Skills and Abilities (KSAs)**

* Knowledge and understanding of at least one programming language (i.e., SQL, NoSQL, Python).
* Knowledge and understanding of database design and implementation concepts.
* Knowledge and understanding of data exchange formats.
* Knowledge and understanding of data movement concepts.
* Strong technical and analytical and problem solving skills to troubleshoot to solve a variety of problems.

Requires strong organizational and communication skills, written and verbal, with the ability to handle multiple priorities.  
* 

  

Salary Range: $99,000 \\- $196,625

  



**Salary Range Disclaimer**


The disclosed range estimate has not been adjusted for the applicable geographic differential associated with the location at which the work is being performed. This compensation range is specific and considers factors such as (but not limited to) the scope and responsibilities of the position, the candidate's work experience, education/training, internal peer equity, and market and business consideration. It is not typical for an individual to be hired at the top of the range, as compensation decisions depend on each case's facts and circumstances, including but not limited to experience, internal equity, and location. In addition to your compensation, CareFirst offers a comprehensive benefits package, various incentive programs/plans, and 401k contribution programs/plans (all benefits/incentives are subject to eligibility requirements).

**Equal Employment Opportunity**


CareFirst BlueCross BlueShield is an Equal Opportunity (EEO) employer. It is the policy of the Company to provide equal employment opportunities to all qualified applicants without regard to race, color, religion, sex, sexual orientation, gender identity, national origin, age, protected veteran or disabled status, or genetic information.

**Federal Disc/Physical Demand**


Note: The incumbent is required to immediately disclose any debarment, exclusion, or other event that makes him/her ineligible to perform work directly or indirectly on Federal health care programs.

**PHYSICAL DEMANDS:**


The associate is primarily seated while performing the duties of the position. Occasional walking or standing is required. The hands are regularly used to write, type, key and handle or feel small controls and objects. The associate must frequently talk and hear. Weights up to 25 pounds are occasionally lifted.

**Sponsorship in US**


Must be eligible to work in the U.S. without Sponsorship.


\\#LI\\-LD1","","https://www.indeed.com/cmp/Carefirst-Bluecross-Blueshield","https://d2q79iu7y748jz.cloudfront.net/s/_squarelogo/256x256/0859007a51a35b738fb94b6b712830df","http://individual.carefirst.com","Baltimore, MD","5,001 to 10,000","$100M to $500M (USD)","CareFirst BlueCross BlueShield is an Equal Opportunity (EEO) employer.","","","","","",""
"in-66a72f0f6ef53f55","indeed","https://www.indeed.com/viewjob?jk=66a72f0f6ef53f55","https://careers.principal.com/us/jobs/51065/job?utm_source=indeed_integration&iis=Job%20Board&iisn=Indeed&indeed-apply-token=73a2d2b2a8d6d5c0a62696875eaebd669103652d3f0c2cd5445d3e66b1592b0f","Data Engineer – Workforce Data Engineering (Hybrid in Des Moines, IA)","Principal Financial Group","Des Moines, IA, US","2026-05-28","fulltime","direct_data","yearly",62000.0,105000.0,"USD",False,"","","","","What You'll Do:
**Data Engineer – Workforce Data Engineering Team**
---------------------------------------------------


What if your role in data engineering didn’t just move data… but shaped how a global workforce operates?
As part of our Workforce Data Engineering team, you’ll work with data representing 20,000\\+ employees—connecting systems, uncovering insights, and enabling smarter decisions about hiring, development, and productivity.
This is more than pipelines—it’s a puzzle. You’ll act as a **data detective**, uncovering relationships and turning fragmented data into something meaningful.**Why This Role Is Exciting**
-----------------------------


This isn’t a “learn by watching” role—it’s a **learn by doing, building, and experimenting** opportunity. You will:* Work hands\\-on with **cutting\\-edge data platforms and AI\\-enabled technologies**
* Collaborate with **teams across the company** to solve real business problems
* Curate and connect data for a **global workforce of 20,000\\+ employees**
* Explore new and creative **use cases for workforce and employee data**
* Develop **AI agents and tools** that help leaders and employees get answers faster


Every dataset you touch has a real outcome—helping someone make a better decision, faster.**What We Do**
--------------


We transform fragmented workforce data into **trusted, enterprise\\-ready data products** by**:*** Creating a unified view of employees across systems
* Enabling insights into hiring, productivity, and learning
* Delivering datasets that power analytics, reporting, and AI

**Career Growth \\& Mobility**
-----------------------------


This role is part of our broader **Enterprise Hub Data Engineering organization**. While your initial focus will be workforce data, our engineers frequently partner across other hub teams as business needs evolve —supporting domains such as **customer interactions, party/product data, reference data, and advanced analytics**.
This gives you the opportunity to **expand your experience across multiple data domains over time**. **Ready to Build, Explore, and Make an Impact?**
If you enjoy solving puzzles, learning modern technologies, and seeing your work directly influence people and outcomes—you’ll thrive here.  

Operating at the intersection of financial services and technology, Principal builds financial tools that help our customers live better lives. We take pride in being a purpose\\-led firm, motivated by our mission to make financial security accessible to all. Our mission, integrity, and customer focus have made us a trusted leader for more than 140 years.
Who You Are:
* Bachelor's degree or a Master's degree in a related field
* Proficiency in SQL, Python and version control tools like GitHub
* Basic planning, organizational, problem\\-solving, analytical, decision\\-making and communication skills
* Highly self\\-motivated with excellent time management skills
* Ability to provide on\\-call support

**Skills That Will Help You Stand Out**
---------------------------------------

* Experience with Snowflake and AWS services
* Ability to work directly with data and datastores through programming languages such as SQL, Python, etc.
* Experience working in an Agile environment, including familiarity with tools like Jira and Confluence
* Experience integrating and managing datasets from multiple sources
* Experience with a variety of data modeling techniques and data structures
* Ability to optimize data for analytics and data science
* Ability to effectively communicate strategies and designs to all levels of the company


Salary Range Information: Salary ranges below reflect targeted base salaries. Non\\-sales positions have the opportunity to participate in a bonus program. Sales positions are eligible for sales incentives, and in some instances a bonus plan, whereby total compensation may far exceed base salary depending on individual performance. Actual compensation for all roles will be based upon geographic location, work experience, education, licensure requirements and/or skill level and will be finalized at the time of offer. Salary Range: $62000 \\- $105000 / year Salary Details:

The following salary ranges reflect market\\-specific compensation for this position across multiple job levels. Candidates will be evaluated to determine the appropriate job level based on their skills and experience.

* Data Engineer I: $62,000\\- $84,000 / year
* Data Engineer II: $77,000\\- $105,000 / year


Time Off Program: Flexible Time Off (FTO) is provided to salaried (exempt) employees and provides the opportunity to take time away from the office with pay for vacation, personal or short\\-term illness. Employees don’t accrue a bank of time off under FTO and there is no set number of days provided. Pension Eligible: Yes Additional Information:
**Work Environment**
--------------------


This role offers in\\-office or hybrid (blending at least three office days in a typical workweek) work arrangements out of our Des Moines, Iowa World Headquarters.**Job Level**
-------------


We’ll consider talent at the next level, Data Engineer II, with the right experience and skills.**Hours**
---------


This role will partner with our global teams and has an expectation for flexibility in your work schedule. Hours may start at 7:00 a.m. CST.**Work Authorization/Sponsorship**
----------------------------------

At this time, we're not considering applicants that need any type of immigration sponsorship (additional work authorization or permanent work authorization) now or in the future to work in the United States. This includes, but IS NOT LIMITED TO: F1\\-OPT, F1\\-CPT, H\\-1B, TN, L\\-1, J\\-1, etc. For additional information around work authorization needs please use the following links.**Nonimmigrant Workers** **and** **Green Card for Employment\\-Based Immigrants**
--------------------------------------------------------------------------------

**Investment Code of Ethics**For Principal Asset Management positions, you’ll need to follow an Investment Code of Ethics related to personal and business conduct as well as personal trading activities for you and members of your household. These same requirements may also apply to other positions across the organization.**Experience Principal**
------------------------

At Principal, we value connecting on both a personal and professional level. Together, we’re imagining a more purpose\\-led future for financial services – and that starts with you. Our success depends on the unique experiences, backgrounds, and talents of our employees. And we support our employees the same way we support our customers: with comprehensive, competitive benefit offerings crafted to protect their physical, financial, and social well\\-being. Check out our careers site to learn more about our purpose, values and benefits.**Principal is an Equal Opportunity Employer**
----------------------------------------------

All qualified applicants will receive consideration for employment without regard to race, color, religion, sex, sexual orientation, gender identity, national origin, disability, or veteran status.
Posting Window: We will accept applications for 3 full days following the Original Posting Date, after which the posting may remain open or be removed based upon applications received. If we choose to post the job again, we will accept additional applications for at least 1 full day following the Most Recently Posted Date. Please submit applications in a timely manner as there is no guarantee the posting will be available beyond the applicable deadline. Date First Posted (TTF): 5/27/2026 Latest Post Date: Careers \\- US: 5/28/2026","","https://www.indeed.com/cmp/Principal-Financial-Group","https://d2q79iu7y748jz.cloudfront.net/s/_squarelogo/256x256/42ea9026b314ff55505926176a46ea68","http://www.principal.com","Des Moines, IA","Decline to state","more than $10B (USD)","Principal Financial Group® is dedicated to improving the wealth and well-being of people and business around the world—helping more than 62 million customers plan, protect, invest, and retire.","","","","","",""
"in-8d14743cdf375d3f","indeed","https://www.indeed.com/viewjob?jk=8d14743cdf375d3f","https://click.appcast.io/t/rgEVsNhdXxskCYY953xBvVLkzyxj7_hJLPnWiMZjj4Y=","Lead Data Engineer","Humana","Remote, US","2026-05-28","fulltime","direct_data","yearly",117600.0,161700.0,"USD",True,"","","","","**Become a part of our caring community**
=========================================


This role leads the architecture, engineering, and operationalization of the centralized Finance reporting data platform supporting CenterWell Finance reporting, analytics, and month\\-end close processes. We are looking for deep expertise in Databricks lakehouse engineering, medallion architecture design, advanced SQL development, and Power BI reporting optimization.  

This position is remote; however, the candidate will be expected to work according to Eastern Standard Time.**Job Responsibilities**

* Lead the architecture, engineering, and stabilization of the centralized Finance reporting data platform supporting enterprise Finance reporting and analytics initiatives.
* Design and implement scalable Databricks lakehouse solutions utilizing Bronze/Silver/Gold (Medallion) architecture patterns to support Finance reporting, month\\-end close processes, and analytical workloads
* Develop and optimize advanced Databricks notebooks, workflows, Delta Lake pipelines, and orchestration frameworks to ingest, transform, validate, and operationalize large\\-scale Finance datasets.
* Engineer reporting\\-ready analytical datasets and dimensional models optimized for enterprise Power BI reporting, semantic models, and governed self\\-service analytics
* Develop advanced SQL\\-based transformation logic, financial aggregations, reconciliations, and reporting datasets utilizing Databricks SQL and Snowflake capabilities
* Design and maintain scalable star schema and curated reporting layer structures supporting financial hierarchies, KPI standardization, P\\&L reporting, variance analysis, and executive reporting requirements.
* Establish and maintain standardized financial hierarchies, mappings, and metric definitions across business lines, ensuring consistency across reporting outputs
* Lead month\\-end Finance data operationalization processes, including ingestion, snapshot management, reconciliations, validation controls, auditability, and close\\-cycle reporting readiness.
* Implement enterprise\\-grade data quality, lineage, monitoring, validation, and change management frameworks to ensure financial data accuracy, traceability, and governance compliance
* Partner with FP\\&A, Accounting, Reporting \\& Analytics leadership, and enterprise data teams to translate Finance reporting requirements into scalable data and reporting platform solutions.
* Provide technical leadership and architectural guidance across Finance data platform initiatives, establish engineering standards and best practices, and oversee vendor/offshore delivery execution.
* Establish and maintain standardized financial hierarchies, mappings, and metric definitions across business lines, ensuring consistency across reporting outputs

**Use your skills to make an impact**
=====================================

**Required Qualifications**

* Bachelor's degree in Information Systems, Computer Science, Analytics, Finance, or related field
* 6\\+ years of experience in data engineering, BI data architecture, or analytics platforms
* 3\\+ years of leadership experience leading data/BI engineering projects or platforms
* 2\\+ years of people leadership experience with direct reports
* Advanced SQL expertise for large\\-scale data transformation, modeling, and performance optimization
* Advanced hands\\-on experience with Databricks engineering, including Spark, PySpark, Delta Lake, notebooks, workflows, and orchestration.
* Strong understanding and practical implementation experience with Medallion Architecture (Bronze/Silver/Gold) and lakehouse design patterns.
* Advanced SQL expertise, including complex transformations, performance optimization, window functions, dimensional modeling, and large\\-scale financial data processing.
* Strong Power BI experience, including semantic model design, star schema modeling, dataset optimization, DAX understanding, and enterprise reporting enablement.
* Experience designing curated analytical datasets optimized for reporting and self\\-service analytics consumption.
* Experience operationalizing month\\-end Finance reporting processes, reconciliations, data validations, and close\\-cycle reporting support.
* Experience working with Snowflake and cloud\\-based enterprise data platforms.
* Strong stakeholder partnership experience with Finance, FP\\&A, Accounting, and Reporting organizations.

**Preferred Qualifications**

* Experience supporting Finance transformation or FP\\&A reporting environments
* Experience with enterprise financial systems (Oracle Financials, Anaplan, ERP platforms)
* Experience designing governed analytical datasets or semantic layers for BI tools (e.g., Power BI)
* Knowledge of healthcare financial data domains (claims, membership, RCM)
* Experience managing offshore or vendor data engineering teams
* Familiarity with data governance, lineage, and financial control requirements
* Master's degree in Information Systems, Analytics, or Business

**Additional Information**

**WAH Internet Statement**


To ensure Home or Hybrid Home/Office employees' ability to work effectively, the self\\-provided internet service of Home or Hybrid Home/Office employees must meet the following criteria:At minimum, a download speed of 25 Mbps and an upload speed of 10 Mbps is required; wireless, wired cable or DSL connection is suggested.Satellite, cellular and microwave connection can be used only if approved by leadership.Employees who live and work from Home in the state of California, Illinois, Montana, or South Dakota will be provided a bi\\-weekly payment for their internet expense.Humana will provide Home or Hybrid Home/Office employees with telephone equipment appropriate to meet the business requirements for their position/job.Work from a dedicated space lacking ongoing interruptions to protect member PHI / HIPAA information.


Travel: While this is a remote position, occasional travel to Humana's offices for training or meetings may be required.**Scheduled Weekly Hours**


40**Pay Range**


The compensation range below reflects a good faith estimate of starting base pay for full time (40 hours per week) employment at the time of posting. The pay range may be higher or lower based on geographic location and individual pay will vary based on demonstrated job related skills, knowledge, experience, education, certifications, etc.  


$117,600 \\- $161,700 per year  


This job is eligible for a bonus incentive plan. This incentive opportunity is based upon company and/or individual performance.**Description of Benefits**


Humana, Inc. and its affiliated subsidiaries (collectively, “Humana”) offers competitive benefits that support whole\\-person well\\-being. Associate benefits are designed to encourage personal wellness and smart healthcare decisions for you and your family while also knowing your life extends outside of work. Among our benefits, Humana provides medical, dental and vision benefits, 401(k) retirement savings plan, time off (including paid time off, company and personal holidays, volunteer time off, paid parental and caregiver leave), short\\-term and long\\-term disability, life insurance and many other opportunities.
Application Deadline: 07\\-04\\-2026**About us**
============


About Humana: Humana Inc. (NYSE: HUM) is a leading U.S. healthcare company. Through our Humana insurance services and our CenterWell healthcare services, we make it easier for the millions of people we serve to achieve their best health – delivering the care and service they need, when they need it. These efforts are leading to a better quality of life for people with Medicare and Medicaid, families, individuals, military service personnel, and communities at large. Learn more about what we offer at Humana.com and at CenterWell.com.  

  

**Equal Opportunity Employer**


It is the policy of Humana not to discriminate against any employee or applicant for employment because of race, color, religion, sex, sexual orientation, gender identity, national origin, age, marital status, genetic information, disability or protected veteran status. It is also the policy of Humana to take affirmative action, in compliance with Section 503 of the Rehabilitation Act and VEVRAA, to employ and to advance in employment individuals with disability or protected veteran status, and to base all employment decisions only on valid job requirements. This policy shall apply to all employment actions, including but not limited to recruitment, hiring, upgrading, promotion, transfer, demotion, layoff, recall, termination, rates of pay or other forms of compensation and selection for training, including apprenticeship, at all levels of employment.","Health Care","https://www.indeed.com/cmp/Humana","https://d2q79iu7y748jz.cloudfront.net/s/_squarelogo/256x256/41f10e4f19f3ffd53d19aa4e14082a08","https://careers.humana.com/","Louisville, Kentucky","10,000+","more than $10B (USD)","Headquartered in Louisville, Kentucky, Humana, Inc. is the third largest health insurance company in the United States.","","","","","",""
"in-67aa72efa5b04e0c","indeed","https://www.indeed.com/viewjob?jk=67aa72efa5b04e0c","https://www.axian.com/job_opportunity/senior-data-engineer/","Senior Data Engineer","AXIAN","Portland, OR, US","2026-05-28","","","","","","",False,"","","","","#### **Job Description**



Axian is seeking a Senior Data Engineer to design and build modern cloud data platforms and enterprise data pipelines for our clients.



This role combines deep hands\\-on data engineering expertise with architectural thinking. You will design scalable ingestion frameworks, implement lakehouse architectures, and integrate complex enterprise data sources into modern analytics platforms.



A key focus of this role is expert\\-level data warehouse development and building high\\-quality, production\\-grade data pipelines / platforms.



You will work closely with architects, analysts, and business stakeholders to deliver data solutions that support analytics, operational systems, and enterprise reporting.


**What You’ll Do:**


* Design and implement modern cloud data platforms, including data lakes, data warehouses, and lakehouse architectures.
* Build and maintain Databricks\\-based data engineering solutions, including ingestion pipelines, transformation frameworks, and curated data layers.
* Develop scalable ETL/ELT pipelines using Python, PySpark, and SQL to process and transform enterprise data.
* Integrate data from a wide range of sources including enterprise applications, APIs, ERP systems, databases, flat files, and third\\-party data feeds.
* Implement Bronze / Silver / Gold lakehouse architectures using Delta Lake and Databricks.
* Design logical, physical, and dimensional data models to support analytics, reporting, and downstream applications.
* Develop reliable data integration solutions for enterprise platforms, including ERP, financial, and operational systems.
* Build or integrate REST APIs and services to support data ingestion and downstream data consumption.
* Deliver analytics\\-ready datasets and collaborate with analytics teams to support reporting platforms such as Power BI, Tableau, or similar BI tools.
* Implement pipeline orchestration, monitoring, and observability to ensure reliable production data workflows.
* Optimize data pipelines and platforms for performance, scalability, and cost efficiency.
* Provide technical guidance and mentorship to engineers and client teams when needed.
* Contribute to data architecture decisions and engineering best practices across Axian client engagements.


 **Required Qualifications:**


* Bachelor’s degree in Computer Science or equivalent combination of education and 7\\+ years of professional experience in software engineering or information technology
* 5\\+ years of experience in data engineering or related software engineering roles
* Expert\\-level experience with Databricks, including PySpark, Delta Lake, Databricks workflows, Lakehouse architecture
* Strong Python development skills
* Advanced SQL expertise
* Strong experience with multiple database platforms (SQL Server, MySQL, PostgreSQL, Oracle, DB2, etc.)
* Proven experience designing and building scalable ETL/ELT pipelines
* Strong experience with cloud\\-based data platforms (Azure or AWS)
* Strong understanding of data warehousing and lakehouse architectures
* Storng experience working with structured and semi\\-structured data
* Experience working with NoSQL or distributed data platforms (MongoDB, Cassandra, Hadoop ecosystem)

  


**Preferred Experience \\& Additional Skills:**


* Experience with Microsoft Fabric, including: Fabric Data Factory, Fabric Lakehouse / OneLake, Data Engineering workloads, Power BI integration
* Experience with Snowflake
* Experience with workflow orchestration tools (Airflow, Prefect, Dagster)
* Experience with streaming or event\\-driven data platforms (Kafka, Spark Streaming, etc.)
* Experience integrating with REST APIs or building API\\-based data services
* Experience building distributed cloud systems or microservices with modern technology frameworks(C\\#. Net / Java / NodeJS, etc.)
* Familiarity with CI/CD pipelines and DevOps practices
* Experience integrating data from enterprise ERP systems, such as: SAP, NetSuite, Oracle Financials, Workday, or similar financial or operational platforms


**What Makes You Successful in This Role:**


* You enjoy building scalable, production\\-grade software systems
* You take ownership of technical solutions and engineering quality
* You enjoy solving complex integration and modernization challenges
* You communicate effectively with both technical teams and business stakeholders
* You are comfortable working across both frontend and backend technologies
* You thrive in environments with evolving requirements and competing priorities
* You bring curiosity, adaptability, and a collaborative engineering mindset
* You can balance technical excellence with practical business outcomes


**Location:** Portland, OR","","https://www.indeed.com/cmp/Axian","https://d2q79iu7y748jz.cloudfront.net/s/_squarelogo/256x256/cc891599f6ff94ec4f2af31a1ac3c7ac","https://www.axian.com","Beaverton, OR","11 to 50","$1M to $5M (USD)","","","","","","",""
"in-2688a8e6aaf1165c","indeed","https://www.indeed.com/viewjob?jk=2688a8e6aaf1165c","https://jobs.lever.co/arcadia/16fb294b-eb50-4f1d-a3e9-fd0c34a8594e","Lead Analytics Engineer - Data Modeling & Quality","Arcadia.io","Remote, US","2026-05-28","fulltime","direct_data","yearly",160000.0,185000.0,"USD",True,"","","","","*Arcadia is dedicated to happier, healthier days for all. We believe that there is a better healthcare world – one powered by data. Our platform transforms complex, diverse data into a unified foundation for health, helping organizations deliver better care, boost revenue, and lower costs.*
*We’re a team of fiercely driven individuals committed to making healthcare more sustainable—and we’re looking for passionate people to help us get there.*

*For more information, visit* *arcadia.io*.  



**Why This Role Is Important to Arcadia**

Arcadia's data platform powers population health analytics for health plans, ACOs, and provider groups across the country. As a Lead Analytics Engineer — Data Modeling \\& Quality, you sit at the intersection of data quality ownership and analytical data modeling. You'll own the SQL and dbt layer that transforms raw clinical and claims data into trusted, production\\-grade datasets, while also serving as the quality authority for the data those models produce.  

  

This is a hybrid role — deeper SQL and dbt expertise than a traditional Data Health Professional, with a more analytical and model\\-focused scope than a Data Engineering role. You're less focused on pipeline infrastructure and more on the logic, shape, and trustworthiness of the data itself.

  


**What Success Looks Like**
**In 3 months**
* Independently triage and resolve pipeline data quality issues
* Author at least one new dbt model or refactor an existing one to meet current modeling standards
* Design a dbt test suite for a set of models lacking coverage
* Understand the end\\-to\\-end pipeline from ingress through silver and gold, and be able to trace a data quality issue to its root layer
**In 6 months**
* Building strong working relationships with clients and cross\\-functional partners (Data Engineering, Customer Success)
* Deeply familiar with Arcadia's full data stack — from ingress through silver, gold, and downstream consumers
* Driving at least one improvement project forward, whether technical (e.g. model refactor, new DQ framework) or process\\-focused (e.g. promotion playbook, triage workflow)
**In 12 months**
* Recognized as a leader within the department — peers and stakeholders seek out your expertise on data modeling and quality
* Operating independently across the full scope of the role with minimal guidance
* Two or more improvement projects completed and in production, with measurable impact on data quality or operational efficiency
### **What You'll Be Doing**


DATA MODELING \\& DBT DEVELOPMENT
* Author, review, and maintain dbt models using Spark/Hudi from ingest through bronze and silver
* Help clients understand their data model, assumptions, and limitations through intentional validation
* Troubleshoot and fix issues, then write dbt tests to catch issues proactively
* Optimize SQL performance for slow\\-running jobs
* Partner with Data Engineering on Hudi table design, partition strategy, and incremental patterns

DATA QUALITY OWNERSHIP
* Triage and classify data quality alerts, distinguishing source\\-level issues from transform\\-layer failures
* Design and maintain volume monitors and DQ monitors (null rate, distribution, future\\-date checks)
* Author and apply clinical DQ rules (entity volume, field coverage, LOINC coverage, referential integrity) and claims validation rules across silver and gold layers
* Conduct quality reviews for connector promotions — evaluating silver entity coverage, validation rule pass rates, and bronze\\-to\\-silver transformation correctness
* Own the ticket queue for DQ, attribution, hierarchy, and customer\\-specific data quality issues, writing clear customer\\-facing findings

CROSS\\-FUNCTIONAL QUALITY COLLABORATION
Lead data quality reviews during connector installation and promotion (UAT* PRD), including claims validation playbooks and null analysis
* Partner with Data Engineering on root\\-cause triage for errors, ingress anomalies, and silver table issues surfaced through data quality monitoring
* Coordinate with the Measure Implementation Team (MIT) when data quality issues affect quality measure scores
* Contribute to and enforce data modeling standards across teams

TECHNOLOGIES
* Data modeling: dbt\\-spark, SQL, Claude
* Warehousing: Amazon Redshift, Apache Hudi, AWS Athena
* Data quality: volume/DQ monitors, dbt tests
* Orchestration: Argo Workflows, Airflow
* Source control: Git / GitHub, PR\\-based review workflows
* Observability: Grafana, Loki, Jira
* Healthcare data: Claims (plan/professional/pharmacy), EHR (clinical entities), MPI
### **What You'll Bring**


Education:
* Bachelor's or Master's degree in Computer Science, Statistics, Business, Economics, or a related field

Experience:
* Advanced SQL: window functions, complex CTEs, aggregation patterns, performance tuning on columnar databases
* dbt: hands\\-on experience authoring models, tests, macros, and yml documentation; familiarity with incremental strategies
* Healthcare data literacy: working knowledge of claims data (professional, institutional, pharmacy), clinical data (EHR entities), and common quality dimensions (member months, coverage rates, null patterns)
* Data quality mindset: ability to differentiate source data issues from transform issues, design systematic validation checks, and communicate data quality findings clearly

Skills:
* Clear communicator — able to translate technical findings for clients and non\\-technical stakeholders
* Strong analytical judgment — you can look at a distribution and know when something is wrong
* Ability to manage several projects simultaneously, leveraging AI tooling to stay organized and efficient
* Genuine desire to learn and apply AI tools for operational efficiency
### **Would Love For You To Have**

* Experience with Spark SQL and Hudi table format
* Familiarity with data quality monitoring tools
* Comfortable operating in an AI\\-first environment using Claude to build/verify various day\\-to\\-day workflows
* Exposure to population health analytics concepts: HEDIS measures, risk adjustment, value\\-based care metrics
	+ Python scripting for data investigation and automation
	+ Experience with Argo Workflows or similar orchestration platforms
	+ Healthcare data standards: ICD\\-10, CPT, NDC, LOINC, NPI
### **What You'll Get**


* Work alongside a talented team on some of the most complex and rewarding challenges in healthcare data
* Flexible, fully remote work environment with the resources and support to do your best work
* Exposure to senior leaders
* Be on the front lines of AI adoption — use cutting\\-edge tools to accelerate your work and shape how the team operates in an AI\\-first environment
* Make a meaningful impact on healthcare data operations by improving the quality, reliability, and trustworthiness of data that drives patient care decisions
* Be a part of a mission driven company that is transforming the healthcare industry
* Become a member of the talented, energized, diverse and purpose\\-driven Arcadian Community
$160,000 \\- $185,000 a year
**About Arcadia**
Arcadia.io helps innovative providers and payers across the country transform healthcare to reduce cost while improving patient health. We do this by aggregating large amounts of disparate data, applying algorithms to identify opportunities to provide better patient care, and making those opportunities actionable by physicians at the point of care in near\\-real time. We are passionate about helping our customers drive meaningful outcomes. We are growing fast and have emerged as a market leader in the highly competitive population health management software market and have been recognized by industry analysts KLAS, IDC, Forrester, and Chilmark for our leadership. For a better sense of our brand and products, please explore our website. **Protect Yourself**
If you have concerns about the authenticity of a job offer or recruitment\\-related communication claiming to be from Arcadia, we encourage you to verify by contacting us directly at (781\\) 202\\-3600 and select option 3\\. For more information, visit our website. *This position is responsible for following all Security policies and procedures in order to protect all PHI under Arcadia's custodianship as well as Arcadia Intellectual Properties. For any security\\-specific roles, the responsibilities would be further defined by the hiring manager.*
We may use artificial intelligence (AI) tools to support parts of the hiring process, such as reviewing applications, analyzing resumes, or assessing responses. These tools assist our recruitment team but do not replace human judgment. Final hiring decisions are ultimately made by humans. If you would like more information about how your data is processed, please contact us.","","https://www.indeed.com/cmp/Arcadia.io","https://d2q79iu7y748jz.cloudfront.net/s/_squarelogo/256x256/7d9c0d39926ccf16a85ae404ef97277e","https://www.arcadia.io","Burlington, MA","201 to 500","$25M to $100M (USD)","","","","","","",""
"in-3592d349c9e3bdd7","indeed","https://www.indeed.com/viewjob?jk=3592d349c9e3bdd7","https://join.pmicareers.com/gb/en/job/PMIPMIGB28186EXTERNALENGB/Data-Architect?utm_source=indeed&utm_medium=phenom-feeds","Data Architect","Philip Morris International","Tampa, FL, US","2026-05-28","fulltime","direct_data","yearly",104000.0,149500.0,"USD",False,"","","","","Data Architect \\- Tampa, FL

  



At PMI U.S., we are building a modern nicotine business—focused on helping make a future without cigarettes a reality in America. As the U.S. businesses of Philip Morris International, we are investing in new products, science, and capabilities to provide the approximately 25 million legal‑age adults who still smoke with better alternatives.

  

Our approach is rooted in innovation, responsible marketing, and a growing U.S. footprint that spans manufacturing, technology, and commercial operations across the country.

  

That creates real opportunity. You’ll have the space to take ownership, develop new ideas, and contribute to work that is shaping our business and the category. We’re looking for people who are curious, collaborative, and motivated by progress—because the scale of what we’re building creates room to grow in different directions.

  

About the Role:


We are seeking a highly skilled and innovative Data Architect to join our Data Services team. This role blends hands\\-on technical depth with strategic architecture ownership — designing and governing the data blueprints that power our enterprise data platform, analytics, and AI/ML initiatives.

  

The ideal candidate is not just a builder but a decision\\-maker: someone who defines modeling standards, selects technologies, shapes governance frameworks, and ensures our data architecture is scalable, secure, and AI\\-ready. You will own the architecture blueprint that every downstream team depends on.

  



Your Day to Day:

  

Data Architecture \\& Modeling

* Design and maintain conceptual, logical, and physical data models (CDM/LDM/PDM) for enterprise data platform assets, ensuring alignment with business requirements and optimization for performance, scalability, and reuse.
* Define and enforce data modeling standards, naming conventions, and design patterns across the organization.
* Design database schemas, tables, views, indexes, and other database objects to support analytical and operational workloads.

  

Data Integration \\& Platform Architecture

* Collaborate with solution architects and data engineers to architect a robust, modern data platform supporting data integration, data quality, and data governance across cloud and hybrid environments.
* Define data flow diagrams, integration patterns, and orchestration strategies to ensure efficient and governed data movement between upstream and downstream systems.
* Work with data engineers to integrate data from multiple sources (structured and unstructured), ensuring consistency, quality, and lineage across the data ecosystem.

  

AI/ML \\& Advanced Analytics Enablement

* Partner with data scientists and AI/ML engineers to design data architectures that support AI/ML model development, training, and deployment — ensuring seamless integration into data pipelines.
* Architect AI\\-ready data frameworks that enable Business Intelligence (BI), machine learning, and generative AI use cases, including RAG patterns and LLM\\-powered applications.
* Implement explainable AI (XAI) principles to ensure transparency and trust in machine learning model outputs.

  

Governance, Documentation \\& Compliance

* Establish and enforce data governance standards, including data classification, PII handling, data lineage, access control, and metadata management.
* Create and maintain comprehensive documentation including data dictionaries, entity\\-relationship diagrams (ERDs), metadata catalogs, and architecture decision records.
* Ensure data models and architecture comply with data privacy regulations and organizational data governance policies.

  

Performance \\& Continuous Improvement

* Monitor and optimize the performance of data models and database queries to ensure efficient data retrieval and processing at scale.
* Evaluate emerging technologies and architecture patterns (e.g., lakehouse, data mesh, data fabric) and make recommendations aligned with organizational strategy.
* Foster a culture of continuous learning and technical excellence within the team; mentor and guide data engineers and junior architects.

  

Who we’re looking for:

* Bachelor's degree in Computer Science, Information Systems, Data Science, Engineering, or a related field (Master's preferred).
* 7\\+ years of experience in data architecture and data modeling, including designing conceptual, logical, and physical data models across multiple functional domains (e.g., Sales, Finance, Supply Chain, Marketing).
* Strong proficiency in SQL and hands\\-on experience with modern cloud data platforms — specifically Snowflake and/or Databricks (Lakehouse architecture).
* Experience with ETL/ELT tools and frameworks (e.g., Matillion, dbt, Informatica, or similar) and data warehousing best practices.
* Proficiency in data modeling tools such as PowerDesigner, ER/Studio, ERwin, or similar.
* Working knowledge of Python for data processing, automation, or ML integration.
* Experience with AI/ML libraries and platforms (e.g., TensorFlow, PyTorch, Scikit\\-learn, Databricks ML, or AWS SageMaker) for supporting large\\-scale ML workloads.
* Solid understanding of data governance, data cataloging (e.g., Atlan, Alation, Unity Catalog), data quality frameworks, and compliance standards.
* Legally authorized to work in the U.S.

  

What's nice to have?:

* Experience with cloud platforms (AWS, Azure, or GCP) and multi\\-cloud architectures.
* Familiarity with lakehouse architectures, Delta Lake, Iceberg, Snowpark, or similar modern data formats and frameworks.
* Knowledge of MLOps/LLMOps patterns, model observability, and GenAI architecture concepts (RAG, vector databases, agentic AI).
* Experience with data observability and pipeline orchestration tools (e.g., Monte Carlo, Great Expectations, Control\\-M, Apache Airflow).
* Relevant industry certifications (e.g., Snowflake SnowPro, Databricks Certified, AWS/Azure Data certifications, CDMP/TOGAF).
* Experience working in Agile/SAFe environments with cross\\-functional teams.
* Excellent communication skills with the ability to translate complex technical concepts for both technical and non\\-technical stakeholders.

  

Annual Base Salary Range: $104,000\\-$149,500

  

What we offer


* We offer a competitive base salary, annual bonus (applicable based on level of position), great medical, dental and vision coverage, 401k with a generous company match, incredible wellness benefits, commuter benefits, pet insurance, generous PTO, and much more!
* We have implemented Smart Work, a hybrid model of working that promotes flexibility in the workplace.
* Seize the freedom to define your future and ours. We’ll empower you to take risks, experiment and explore.
* Be part of an inclusive, diverse culture where everyone’s contribution is respected; Collaborate with some of the world’s best people and feel like you belong.
* Pursue your ambitions and develop your skills with a global business – our staggering size and scale provides endless opportunities to progress.
* Take pride in delivering our promise to society: To improve the lives of millions of smokers.

  

PMI is an Equal Opportunity Employer.

  

PMI is headquartered in Stamford, Conn., and its U.S. affiliates have more than 3,000 employees.

  

PMI has been an entirely separate company from Altria and Philip Morris USA since 2008\\. PMI’s affiliates first entered the U.S. market following the company’s acquisition of Swedish Match in late 2022\\. Philip Morris International and its U.S. affiliates are working to deliver a smoke\\-free future. Since 2008, PMI has invested $12\\.5 billion globally to develop, scientifically substantiate and commercialize innovative smoke\\-free products for adults who would otherwise continue to smoke with the goal of transitioning legal\\-age consumers who smoke to better alternatives. In 2022, PMI acquired Swedish Match – a leader in oral nicotine delivery – creating a global smoke\\-free champion led by the IQOS and ZYN brands. The U.S. Food and Drug Administration has authorized versions of PMI’s IQOS electronically heated tobacco devices and Swedish Match’s General snus as Modified Risk Tobacco Products and renewal applications for these products are presently pending before the FDA. For more information, please visit www.pmi.com/us and www.pmiscience.com.

  

\\#PMIUS \\#LI\\-SC1","","https://www.indeed.com/cmp/Philip-Morris-International","https://d2q79iu7y748jz.cloudfront.net/s/_squarelogo/256x256/25a9dda7dc6a359b9f1edfa21c8fd5a6","https://www.pmi.com/","Stamford, CT","10,000+","Decline to state","PMI is the leading international tobacco company with a difference. With a team of colleagues worldwide, we’re ready to have global impact and disrupt an industry, together.","","","","","",""
"in-5d1e9ca7df84fc9d","indeed","https://www.indeed.com/viewjob?jk=5d1e9ca7df84fc9d","https://careers.stellantis.com/job/23433878/senior-data-engineer-platform-foundation/","Senior Data Engineer – Platform Foundation","Stellantis","Auburn Hills, MI, US","2026-05-28","","","","","","",False,"","","","","Job ID: 2018651  

Career Area: ICT, Digital and Data  

Position Type: Salaried
Location: Headquarters \\& Technology Center – Auburn Hills  

48326, US  

Date Posted: May 28, 2026  

Brand: FCA Group
  
The Senior Data Engineer – Platform Foundation is a hands\\-on, senior\\-level contributor embedded in the Foundations squad. You will design, build, and evolve the shared ingestion platform that underpins data delivery across the company. The platform is the product — your job is to make it reliable, extensible, and easy for other teams to adopt.

  



The Foundations squad operates across three pillars: simplifying the overall data platform landscape by reducing complexity and consolidating redundant patterns; enabling structured and unstructured data ingestion at scale; and supporting the exposure of data products to consumers across the organization. You contribute to all three — making architectural decisions, writing production code, and enabling other teams through documentation and hands\\-on support.


**Key Responsibilities:**

  


**Platform Foundation Development**


* Design and implement reusable ingestion components using dlt and dbt\\-core, covering both structured and unstructured data sources, handling high\\-volume, append\\-heavy, and schema\\-drifting patterns
* Own the Airflow platform end\\-to\\-end: extend and maintain DAGs and shared operators, handle deployments and version upgrades, and provide hands\\-on support to consuming teams
* Ensure incremental loading strategies, data quality checks, and lineage metadata are first\\-class outputs of every pipeline

  


**Platform Simplification \\& Architecture**


* Identify and eliminate redundant ingestion patterns across consuming teams, drive standardization onto shared Platform Foundation components
* Collaborate with Solution Architects to evolve the platform architecture in response to new data sources and shifting business requirements
* Support data product exposure: define and implement governed interfaces that make data reliably accessible to internal consumers
* Contribute to Terraform\\-managed infrastructure; participate in multi\\-cloud (AWS / Azure) deployment patterns

  


**AI Tooling \\& Developer Productivity**


* Actively use and evaluate AI\\-assisted development tools (GitHub Copilot, Claude Code, etc.) to accelerate platform Foundation delivery
* Champion AI tooling adoption within the squad; share best practices and guardrails around AI\\-generated code review
* Explore AI\\-powered capabilities (RAG pipelines, LLM\\-assisted data cataloguing) for internal platform documentation and self\\-service enablement

  


**DevOps \\& Reliability**


* Maintain and improve CI/CD pipelines (TeamCity, GitHub Actions) for platform Foundation components
* Define and enforce observability standards: DAG/Task\\-level alerting, SLA tracking
* Participate in on\\-call rotation for critical ingestion pipelines; drive post\\-incident improvements

  


**Team Enablement \\& Stakeholder Management**


* Produce platform Foundation documentation, runbooks, and enablement materials for consuming squads
* Translate ambiguous or moving business requirements into concrete technical designs — comfortable challenging scope when needed
* Mentor mid\\-level engineers; participate in hiring and technical assessments

  
**EOE/Disability/Veteran**


At Stellantis, we assess candidates based on qualifications, merit, and business needs. We welcome applications from all people without regard to sex, age, ethnicity, nationality, religion, sexual orientation, disability, or any characteristic protected by law. We believe that diverse teams reflect our identity as a global company, enabling us to better address the evolving needs of our customers and care for our future.


Our benefits reflects the STELLANTIS commitment to helping you reach your personal and professional goals. In addition to an environment that promotes career development, we offer benefits for a healthy lifestyle and a rewarding future, designed to take care of you and your family, in various stages of life.



As a global company, our employee packages will vary by country, customary norms and the legal entity into which you are hired.



We care about your privacy. For more information on how your personal data is processed, please read the specific Privacy Statement provided by the respective entities whose job offer you have selected.","","https://www.indeed.com/cmp/Stellantis","https://d2q79iu7y748jz.cloudfront.net/s/_squarelogo/256x256/cdce24c52a8955b06ab88ef14efdeaff","http://www.stellantis.com","Amsterdam","10,000+","more than $10B (USD)","Our People Make the Difference Behind every brand, behind every product there is a team of talented people who make it possible. We are coming together with 14 iconic automotive brands. Join Us!","","","","","",""
"in-5127c2c4d94595fe","indeed","https://www.indeed.com/viewjob?jk=5127c2c4d94595fe","https://companycam.com/job?gh_jid=7748443003","Senior Data Engineer","CompanyCam","Remote, US","2026-05-28","","direct_data","yearly",175000.0,200000.0,"USD",True,"","","","jobs@companycam.com","**Hi, we’re CompanyCam.**
-------------------------



We’re a simple\\-to\\-use photo documentation and productivity app for contractors of all commercial and home services industries. Packed with intuitive functionality, CompanyCam facilitates unparalleled communication and accountability across a contractor’s entire business. We’re committed to providing a consumer\\-grade, game\\-changing experience that helps our users build trust within their company and with their customers.



But don’t let that corporate description fool you—the people behind our buttoned\\-up product are laid\\-back (but hardworking), genuine, and kickass, and you could be one of them!

**The Role**
------------



We’re looking for a sharp, self\\-motivated, problem\\-solving **Senior Software Engineer (Ruby on Rails)** to join our **Data** team.



As a Senior Software Engineer (Ruby on Rails) on the Data team, you’ll build and maintain scalable data infrastructure, focusing on backend systems integration and event pipeline architecture. You’ll serve as the technical bridge between engineering and analytics teams, owning the infrastructure that powers reliable, real\\-time data flows from application events to our data warehouse and downstream services.



Your work will center on designing event\\-driven pipelines, optimizing workflows, and ensuring the reliability of our data platform. While primarily focused on infrastructure and pipelines, this role will occasionally overlap with analytics engineering in areas like **dbt coordination, Snowflake administration, and data quality monitoring.**



Most importantly, you’ll actively contribute to the evolution of our engineering culture and processes. We want senior engineers who can scale systems, establish technical standards, and mentor others to grow.


**Working At CompanyCam**
-------------------------



Our engineering team is remote\\-first, spanning every time zone in the United States. We welcome people from all backgrounds and really don't care whether or not you have a CS degree or even a high school diploma. All that matters is that you're not an a\\*\\*hole and you're good at what you do.



At CompanyCam, our Foundation Engineering team is driven to create meaningful impact by building a solid foundation that empowers product engineers to do their best work. Instead of just patching issues or adding tools, we focus on eliminating bottlenecks and designing systems that scale, so teams can move faster and with confidence. We’re guided by a spirit of continuous improvement, always reflecting and learning from how our platform supports the business.



So, how do we actually work? We take a flexible, collaborative approach, drawing from Agile, Kanban, and other frameworks where they fit, without being locked into one rigid process. Our role is to provide the guardrails, core frameworks, and operational awareness that give product teams the freedom to innovate. Within those boundaries, we iterate, refine, and evolve practices that strengthen developer experience, improve system resilience, and ensure our core technologies remain secure, stable, and efficient.


**What You’ll Do**
------------------


**Data Architecture and Pipeline Development**


* Design and maintain event\\-driven pipelines from backend systems (Ruby on Rails) to Snowflake.
* Own event pipelines from backend app through Snowplow ingestion.
* Establish event tracking standards, documentation, and training for engineering teams.
* Support feature flagging and A/B testing infrastructure requirements.
* Optimize existing data workflows for efficiency and performance.
* Manage Snowflake administration, performance optimization, and cost management alongside the data team.
* Build reverse ETL processes and marketing automation data flows using tools like Census.
* Collaborate to optimize Snowplow Analytics for event tracking and schema management.


**Collaboration and Stakeholder Engagement**


* Partner with analytics engineers on dbt deployment, testing, and production workflows.
* Act as the technical bridge between engineering and analytics for pipeline questions.
* Provide technical guidance to product and engineering teams on event implementation.
* Lead training sessions and office hours on event tracking and troubleshooting.
* Participate in architecture discussions and cross\\-team technical decision\\-making.

**What You’ll Bring**
---------------------


* These are our non\\-negotiables:


	+ **Show up:** Have the courage to do difficult but necessary work.
	+ **Grow up:** Take ownership, learn continuously, and bring a growth mindset.
	+ **Do good:** Treat your teammates and customers the way you'd want to be treated.
	+ 5\\+ years of backend engineering experience with **Ruby on Rails** or similar server\\-side technologies.
	+ 3\\+ years working with cloud data warehouses (**Snowflake strongly preferred**).
	+ Experience with event streaming platforms and event\\-driven architectures.
	+ Experience with behavioral analytics platforms (e.g., Snowplow Analytics, Segment).
	+ Hands\\-on experience with ETL tools (Fivetran, Stitch, or Airbyte).
	+ Working knowledge of dbt for data transformation orchestration.
	+ Strong background in backend API development, systems integration, and pipeline reliability.
	+ **You live and work permanently in the U.S.** (We’re not set up to hire outside the U.S.)**Nice\\-to\\-haves**


	+ Experience with monitoring/observability tools for data pipelines.
	+ Experience with Python.
	+ Experience building reverse ETL and marketing automation data flows.
	+ Familiarity with modern data stack concepts and architecture.
	+ Strong technical communication skills with ability to explain complex systems to diverse audiences.
	+ Track record of setting technical standards and mentoring other engineers.

**Benefits and Compensation**
-----------------------------



This is a salaried position at CompanyCam. Our salary range is **$175,000 \\- $200,000** per year and is based on experience. We also offer meaningful equity and other benefits.


*CompanyCam is an equal\\-opportunity employer committed to respect, inclusion, and growth. We work hard, take responsibility, and support each other. Great ideas come from all backgrounds, and we carefully consider every applicant without regard to personal characteristics or traits. Even if your work experience doesn’t align perfectly, we encourage you to apply. What really matters to us is your potential, your passion, and your commitment to learning, innovation, and contributing meaningfully to our team.*



For any accommodations or technical issues related to the online application or interview process, please email jobs@companycam.com and we’ll respond promptly. Please do not include any medical or health information in your message.


**Note:** Resumes sent to this email will **not be reviewed or responded to**. To be considered for a position, you must apply directly through our careers page.","","https://www.indeed.com/cmp/Companycam","","https://www.companycam.com","Lincoln","2 to 10","","","","","","","",""
"in-c208ff20a09272cf","indeed","https://www.indeed.com/viewjob?jk=c208ff20a09272cf","https://jobs.sap.com/job/Herndon-SAP-NS2-Data-Analytics-Engineer-VA-20171/1398433333/?feedId=118200&utm_source=Indeed&utm_campaign=SAP_Indeed","SAP NS2 Data Analytics Engineer","SAP","Herndon, VA, US","2026-05-28","fulltime","direct_data","yearly",90000.0,198500.0,"USD",False,"","","","Careers@sap.com","**Requisition ID:** **454647**  

**Work Area:** **Software\\-Design and Development**  

**Expected Travel:** **0 \\- 10%**  

**Career Status:** **Professional**  

**Employment Type:** **Regular Full Time**  

**Career Level:** **T2**  

**Hiring Manager:** **Sarah Hayes**  

**Recruiter Name:** **Sheri Mauldin**  

**Additional Locations:**

 **COMPANY DESCRIPTION**
SAP is the global market leader for business software and related services, and SAP National Security Services Inc. ® (SAP NS2®) is an independent U.S. subsidiary, offering SAP solutions with specialized levels of security and support to meet the requirements of U.S. national security and critical infrastructure customers. **Must be a U.S. citizen; this position requires access to customer data.****SAP NS2 does not offer Visa sponsorships for this role.** **All internals must have manager’s approval to transfer.** **SAP NS2 Data and Analytics Engineer \\- Hybrid – Herndon, VA; Newtown Square, PA**

  

The oCOO Data Management team is responsible for providing trusted data and analysis to support evaluation, research, assessment, and strategic planning for management decisions. The team creates data and analytics and enables users throughout the business to create a data\\-driven culture with an agile mindset enabling business transformation while working to ensure secure data usability, availability and efficiency. This position is a hybrid role and will be required to come into the Newtown Square office approximately one day a week.

  

The Data and Analytics Engineer will work in a cross\\-functional team and will be responsible for defining data architecture to support the business strategy and for data modeling development. Specific responsibilities include:

* Design, develop, and document analytics and statistical modeling to develop metrics, reports, AI use cases, and/or dashboards leveraging SAP BDC, SAP HANA and SAP Analytics Cloud
* Work with business and application/solution teams to define and implement data strategies, build data flows, and develop conceptual/logical/physical data models
* Define to\\-be data architecture that supports business objectives and govern the expansion of existing data architecture and the optimization of analytics performance via best practices.
* Provide recommendations and support SAP NS2’s master data architecture, data governance approach, and data quality improvement efforts
* Ensure re\\-use of existing data artifacts and single source of truth concept via the data architecture and data governance
* Drive organizational change management and agile transformation throughout the establishment and optimization of analytics
* Resolve complex issues proactively, working both independently and collaboratively as appropriate to address project requirements and articulate issues/challenges to reduce project delivery risks.
* Design, implement, and document future\\-state data architecture and data modeling solutions, which may include the use of relational, dimensional, and NoSQL databases. These solutions support enterprise information management, business intelligence, AI/machine learning, data science, and other business interests.

  

Required Skills:

* Bachelor’s degree or master’s degree \\+ 5\\-8 years’ experience
* Hands\\-on relational, dimensional, and/or analytic experience (using RDBMS, dimensional, and ETL and data ingestion protocols).
* Experience with data warehouse, data lake, and enterprise big data platforms in multi\\-data\\-center contexts required.
* Experience developing or maintaining data models and analytics related to financial management, sales, cloud operations, customer success and/or technology operations.
* Proficient knowledge and technical competencies of relevant programming languages and modeling technologies and related business applications (e.g. SAP BTP, SAP BDC, SAP HANA, DF4A, SAC, C4S, ECC, S/4HANA, ServiceNOW).
* Experience with large language models (LLMs), Cline, SAP Joule, and AI agents (nice to have, not required).
* Good knowledge of master data management, metadata management, data modeling, and related tools.
* Good knowledge of data security requirements for federal contractors (e.g. NIST Special Publications)
* Experience with ServiceNow data management features and functionality preferred
* Ability to work in a fast\\-paced, constantly changing environment
* Ability to work in a hybrid environment with geographically dispersed colleagues
* Strong written and oral communication skills
* Must be a U.S. Citizen

**Bring out your best**  

SAP innovations help more than four hundred thousand customers worldwide work together more efficiently and use business insight more effectively. Originally known for leadership in enterprise resource planning (ERP) software, SAP has evolved to become a market leader in end\\-to\\-end business application software and related services for database, analytics, intelligent technologies, and experience management. As a cloud company with two hundred million users and more than one hundred thousand employees worldwide, we are purpose\\-driven and future\\-focused, with a highly collaborative team ethic and commitment to personal development. Whether connecting global industries, people, or platforms, we help ensure every challenge gets the solution it deserves. At SAP, you can bring out your best.
  

  

**We win with inclusion**  

SAP’s culture of inclusion, focus on health and well\\-being, and flexible working models help ensure that everyone – regardless of background – feels included and can run at their best. At SAP, we believe we are made stronger by the unique capabilities and qualities that each person brings to our company, and we invest in our employees to inspire confidence and help everyone realize their full potential. We ultimately believe in unleashing all talent and creating a better world.  

  

SAP is committed to the values of Equal Employment Opportunity and provides accessibility accommodations to applicants with physical and/or mental disabilities. If you are interested in applying for employment with SAP and are in need of accommodation or special assistance to navigate our website or to complete your application, please send an e\\-mail with your request to Recruiting Operations Team: Careers@sap.com.  

  

For SAP employees: Only permanent roles are eligible for the SAP Employee Referral Program, according to the eligibility rules set in the SAP Referral Policy. Specific conditions may apply for roles in Vocational Training.  

Qualified applicants will receive consideration for employment without regard to their age, race, religion, national origin, ethnicity, age, gender (including pregnancy, childbirth, et al), sexual orientation, gender identity or expression, protected veteran status, or disability. **Compensation Range Transparency**: SAP believes the value of pay transparency contributes towards an honest and supportive culture and is a significant step toward demonstrating SAP’s commitment to pay equity. SAP provides the annualized compensation range inclusive of base salary and variable incentive target for the career level applicable to the posted role. The targeted annual combined range for this position is 90000\\-198500USD. The actual amount to be offered to the successful candidate will be within that range, dependent upon the key aspects of each case which may include education, skills, experience, scope of the role, location, etc. as determined through the selection process. Any SAP variable incentive includes a targeted dollar amount and any actual payout amount is dependent on company and personal performance. Please reference this link for a summary of SAP benefits and eligibility requirements: SAP North America Benefits. **AI Usage in the Recruitment Process**
For information on the responsible use of AI in our recruitment process, please refer to our Guidelines for Ethical Usage of AI in the Recruiting Process.
Please note that any violation of these guidelines may result in disqualification from the hiring process.  

  

Requisition ID: 454647 \\| Work Area: Software\\-Design and Development \\| Expected Travel: 0 \\- 10% \\| Career Status: Professional \\| Employment Type: Regular Full Time \\| Additional Locations: \\#LI\\-Hybrid","Internet And Software","https://www.indeed.com/cmp/SAP","https://d2q79iu7y748jz.cloudfront.net/s/_squarelogo/256x256/d17f7c102a43b1dce3ba341c8dbad2b0","http://jobs.sap.com","Dietmar-Hopp-Allee 16
Walldorf, 69190
Germany","10,000+","more than $10B (USD)","SAP's purpose is to help the world run better and improve people's lives with sustainability at the core.","","","","","",""
"in-898279e7a151d58d","indeed","https://www.indeed.com/viewjob?jk=898279e7a151d58d","https://jobs.ashbyhq.com/thyme-care/ca091a49-cf3b-4c97-b671-c749d6578756?utm_source=82KOyoBnyJ","Senior Data Scientist, Provider Data Science","thyme care","Remote, US","2026-05-28","fulltime","direct_data","yearly",166500.0,185000.0,"USD",True,"","","","","**OUR MISSION**


We exist to create a more connected, compassionate, and confident experience for people with cancer and those who care for them. We make it easier to get answers, access high\\-quality care quickly, and feel supported throughout treatment and beyond.


Today, Thyme Care is a market\\-leading value\\-based oncology care enabler, partnering with national and regional health plans, providers, and employers to deliver better outcomes and lower costs for thousands of people across the country. Our model combines high\\-touch human support with powerful technology and AI to bring together everyone involved in a person’s cancer journey: caregivers, oncologists, health plans, and employers.


As a tech\\-native organization, we believe technology should strengthen the human connection at the center of care. Through data science, automation, and AI, we simplify complexity, improve collaboration, and help care teams focus on what matters most: supporting people through cancer.


Looking ahead, our vision is bold: to become a household name in cancer care, where every person diagnosed asks for Thyme Care by name. If you’re inspired to make cancer care more human and to help reimagine what’s possible, we’d love to meet you. Together, we can build a future where every person with cancer feels truly cared for, in every moment that matters.

**WHAT YOU’LL DO**


As a Senior Data Scientist, you will join our Data team to help us build and maintain strong analytic capabilities supporting Thyme Care’s mission. You will model data, create visualizations to report to stakeholders, and deliver insights that drive action.


In this position, you will partner with our Product, Engineering, Operations, and Data Science teams to define and lead improvements to our data pipelines, setting direction that enables faster, more effective care delivery and measurement. You will own efforts to reduce latency between our data and applications, designing and building a scalable data architecture and healthcare data models that enable our pharmacy interventions and provider incentive programs.

* Gain a deep understanding of our core data architecture and lead improvements to our data pipelines, balancing near\\-term needs with long\\-term architectural health.
* Own and lead the development of data models that make it possible to analyze the nuances of our EMR drug delivery and drug economics in ways that scale across contracts and pharmacy interventions.
* Establish key KPIs and reporting standards that help stakeholders make our operations more efficient.
* Partner with stakeholders to understand and translate their business requirements into technical plans. This involves developing data models, pipelines, and analytics dashboards. For example, you own the end\\-to\\-end data life cycle of data ingestion from a practice, standardization and cleaning, core modeling and BI dashboarding for both internal and external partners.
* Lead the development of utilization and quality metrics and serve as a domain expert for stakeholders across the company. Additionally, you will leverage our data assets for business opportunities and strategic initiatives at Thyme Care.

**WHAT YOU’VE DONE**

* Deep experience working with healthcare data such as electronic health records, claims, or prior auth.
* Expertise in analytics, data modeling, and data transformation, and have used that expertise to influence decisions beyond your immediate scope.
* Deep expertise in dbt and SQL, with experience designing, rebuilding, and owning complex data models and pipelines that ensure reliability and scalability across the data platform.
* Experience with large healthcare datasets, ideally in a healthcare\\-focused technology startup, health plan, or provider group with mature data structures and pipelines.
* A working knowledge of Python or R and experience with Looker or similar BI tools for data analysis and visualization is a plus.
* Previous direct involvement drug or Medicare Part D data is a plus.

**WHAT LEADS TO SUCCESS**

**Act with our members in mind**. Thyme Care’s mission, and in particular, our member experience, matters deeply to you.
  

**Move with purpose.** You’re biased to action. You know how to identify and prioritize your initiative’s needs and do what it takes to ensure that urgent and important needs are acted on immediately.
  

**Seek diverse perspectives**. You are humble and actively seek feedback from others, eager to learn and share knowledge.  

**Experience.** You have worked with large healthcare datasets, ideally in a health plan or healthcare\\-focused technology startup with mature data structures and pipelines as an Analytics Engineer or Data Engineer. Experience with medical claims, pharmacy claims, eligibility files, and other relevant healthcare data is essential for building data marts for reporting and analysis.  

**Technical ability**. You have deep expertise in analytics, data modeling, and data transformation, with strong proficiency in dbt and SQL to build and maintain data models and pipelines. A working knowledge of Python or R and experience with Looker or similar BI tools for data analysis and visualization is a plus.  

**Clear communication.** You can effectively convey your thoughts and ideas to both technical and non\\-technical colleagues and stakeholders.  

**Comfort with ambiguity.** You have a successful track record working at scaling organizations, in fast\\-paced environments, and at ambitious startups. You navigate through challenges and find solutions in uncertain situations.

**OUR VALUES**

*At Thyme Care, our core values guide us in everything we do: Act with our members in mind, Move with purpose, and Seek diverse perspectives. They anchor our business decisions, including how we grow, the products we make, and the paths we choose—or don’t choose.*

*Our salary ranges are based on paying competitively for our size and industry, and are one part of the total compensation package that also includes equity, benefits, and other opportunities at Thyme Care. Individual pay decisions are based on several factors, including qualifications, experience level, skillset, and balancing internal equity relative to other Thyme Care employees. The base salary for this role is $166,500\\-$185,000\\. The salary range could be lower or higher than this if the role is hired at another level.*

*We recognize a history of inequality in healthcare. We’re here to challenge the status quo and create a culture of inclusion through the care we give and the company we build. We embrace and celebrate a diversity of perspectives in reflection of our members and the members we serve. We are an equal\\-opportunity employer.*

*Be cautious of* *recruitment fraud**, and always confirm that communications are coming from an official Thyme Care email.*","","https://www.indeed.com/cmp/Thyme-Care","https://d2q79iu7y748jz.cloudfront.net/s/_squarelogo/256x256/09774ea7be2d610a1d96f700caa5d350","https://www.thymecare.com/","","","","","","","","","",""
"in-8f4e9d075bd4a409","indeed","https://www.indeed.com/viewjob?jk=8f4e9d075bd4a409","https://westmonroe.com/careers/job-details-experienced-professionals?gh_jid=6008390004","Managing Director, Data Engineering","West Monroe","New York, NY, US","2026-05-28","","direct_data","yearly",280000.0,378000.0,"USD",False,"","","","recruiting@westmonroe.com","**Are you ready to make an impact?**


West Monroe has an exciting new opportunity for a strategic Data Engineering Managing Director/Partner to join our growing Technology \\& Experience practice within our Data \\& Analytics discipline.



This leader will structure, lead, support, drive, and grow West Monroe’s Data \\& Analytics discipline and associated offerings in collaboration with other leaders across the company. This role will focus on delivering transformational modern data platform, data strategy, and cloud solutions as well as providing clients with thought\\-leadership on applying new technologies to innovate their business. This leader will be responsible for key client account ownership, scoping, selling, and acting as the engagement lead for large scale data projects. This role blends market\\-facing leadership, client delivery excellence, and firm stewardship, with accountability for building and scaling differentiated data, analytics, AI, and cloud\\-enabled offerings.


**Key Responsibilities**


**Client Delivery:**


* Support and lead teams serving clients across industries while demonstrating executive presence with high level client counterparts.
* Manage and influence multi\\-disciplinary teams to translate client business objectives into data and analytics solutions; collaborate with data engineering, industry, and product teams to deliver impactful results for our clients
* Provide quality assurance and conduct frequent touch bases with client executives to ensure value is realized and understood from our engagements
* Understand and support the underlying business processes and technologies being used within an organization to be able to make recommendations on how to achieve long\\-term scalability, reduce operational cost, or better support business processes
* Ensure proper management of project economics including: project budgets, invoicing, and the collection process

  


**Practice Development:**


* Collaborate with national and local leadership within Data Engineering \\& Analytics practice and across West Monroe (WM) industry and functional practices, to develop and deliver multi\\-disciplinary, data\\-driven offerings
* Develop knowledge of emerging modern data platforms, Databricks, Snowflake, cloud (AWS, Azure, and/or GCP), data strategy (monetization, governance, etc.), and data visualization (Tableau, PowerBI, Looker, etc.)
* Lead, mentor and grow data engineering consultants and actively participate in the career advisory and performance management process
* Actively participate in recruiting and retaining top quality data engineers
* Collaborate in growth around strategy, approach, offerings, staffing, skill development, methodology, and new account development
* Collaborate with local office leadership to ensure alignment with the office culture, define the strategic direction of the Technology team, and actively lead entrepreneurial activities to expand offerings and the skills of the team.
* Coach and manage other consultants and actively participate in the performance management process
* Identify emerging trends in data, analytics, AI, and digital transformation

  


**Business Development:**


* Understand client needs to translate challenges and objectives into proposals
* Hunt new strategic clients – using relationships and other proven business development skills
* Initiate and lead business development meetings with prospective and existing clients aligned to one or more core West Monroe industries
* Create work plans, pricing estimates, and risk assessments for prospects

  


**Qualifications:**


* 13\\+ years participating in team\\-based, client\\-facing business and technology consulting services
* 10\\+ years of experience leading teams of data professionals doing hand\\-on design, build, configure, implement work
* 10\\+ years of technical experience in data platform development related work
* 5\\+ years of experience managing data engineering teams
* Experience building and scaling a data engineering consulting group or practice
* Strong business development and an active professional network of contacts in the local market
* Entrepreneurial spirit and willingness to innovate on new and emerging solutions
* Experience farming new business from existing clients and managing client relationships
* Strong project management methodology background, including schedule, scope, issue and risk management experience, change management, strategic planning and analysis
* Proven leader with extensive ability to build solid and collaborative relationships with team members, foster a productive team environment, and coach staff with timely meaningful written and verbal feedback
* Ability to Travel, as required based on client and practice demands (expected to be 40\\-50%)
  

Based on pay transparency guidelines, a reasonable expectation for the salary range for this role is listed below. Employees in proximity of our Seattle, Washington DC, Los Angeles, New York, and San Francisco offices will have a geographic premium applied to this salary scale.  

  

Employees (and their families) are covered by medical, dental, vision, and basic life insurance. Employees are able to enroll in our company’s 401k plan, purchase shares from our employee stock ownership program and be eligible to receive annual bonuses. Employees will also receive unlimited flexible time off and ten paid holidays throughout the calendar year. Eligibility for ten weeks of paid parental leave will also be available upon hire date.


National


$280,000 \\- $378,000 USD

  

### **Other consultancies talk at you.**
**At West Monroe, we work with you.**



We’re a global business and technology consulting firm passionate about creating measurable value for our clients, delivering real\\-world solutions.



The combination of business and technology is not new, but how we bring them together is unique. We’re fluent in both. We know that technology alone is not the answer, but how we apply it is. We rely on data to constantly adapt and solve new challenges. Actions that work today with outcomes that generate value for years to come.



At West Monroe, we zero in on the heart of the opportunity, getting to results faster and preparing people for what’s next.



You’ll feel the difference in how we work. We show up personally. We’re right there in the room with you, co\\-creating through the challenges. With West Monroe, collaboration isn’t a lofty promise, but a daily action. We work together with you to turn vision into clear action with lasting impact.

  


**West Monroe****is an Equal Employment Opportunity Employer**  

We believe in treating each employee and applicant for employment fairly and with dignity. We base our employment decisions on merit, experience, and potential, without regard to race, color, national origin, sex, sexual orientation, gender identity, marital status, age, religion, disability, veteran status, or any other characteristic prohibited by federal, state or local law. To learn more about diversity, equity and inclusion at West Monroe, visit www.westmonroe.com/inclusion. If you require a reasonable accommodation to participate in our recruiting process, please inquire by sending an email to recruiting@westmonroe.com.



Please review our current policy regarding use of generative artificial intelligence during the application process.



If you are based in California, we encourage you to read West Monroe’s Notice at Collection for California residents, provided pursuant to the California Consumer Privacy Act (CCPA) and linked here.","","https://www.indeed.com/cmp/West-Monroe","https://d2q79iu7y748jz.cloudfront.net/s/_squarelogo/256x256/a33527b4405785f6905239cd32ca732a","https://www.westmonroe.com","Chicago, IL","1,001 to 5,000","$500M to $1B (USD)","A global consulting firm fluent in business and technology—building practical solutions with lasting impact. We work with clients to solve their most pressing issues to drive value through technology.","","","","","",""
"in-120ea1c0e3dec80f","indeed","https://www.indeed.com/viewjob?jk=120ea1c0e3dec80f","https://careers.brillio.com/job-details?job-id=21163","Associate Director, Analytics – Construction, Virginia Beach","Brillio LLC","Virginia Beach, VA, US","2026-05-28","","direct_data","yearly",144000.0,198000.0,"USD",False,"","","","","**Associate Director, Analytics \\- Construction, Virginia Beach**
=================================================================


**About Brillio:**  

Brillio is one of the fastest growing digital technology service providers and a partner of choice for many Fortune 1000 companies seeking to turn disruption into a competitive advantage through innovative digital adoption. Brillio, renowned for its world\\-class professionals, referred to as ""Brillians"", distinguishes itself through their capacity to seamlessly integrate cutting\\-edge digital and design thinking skills with an unwavering dedication to client satisfaction.
Brillio takes pride in its status as an employer of choice, consistently attracting the most exceptional and talented individuals due to its unwavering emphasis on contemporary, groundbreaking technologies, and exclusive digital projects. Brillio's relentless commitment to providing an exceptional experience to its Brillians and nurturing their full potential consistently garners them the Great Place to Work® certification year after year. **Role Brief**:

We are looking for a highly consultative and technically versatile **Associate Director, Analytics** to lead strategic client engagements within the **construction and built\\-environment domain**. This individual will act as the primary face of our organization for the client, driving stakeholder engagement, analytics consulting, solution strategy, and delivery governance.

The ideal candidate is someone who started their career as a hands\\-on software engineer or developer and has evolved into a client\\-facing consulting and engagement leadership role with strong expertise across analytics, data engineering, BI, backend APIs, and modern application architectures.

This role requires a unique blend of business consulting and stakeholder management, analytics and data strategy, technical architecture understanding, delivery leadership, strong communication and executive presence. The person should be comfortable operating across both boardroom discussions and deep technical conversations with engineering teams.###### **Responsibilities:**


* Serve as the primary engagement lead and trusted advisor for construction domain clients.
* Build strong relationships with client stakeholders across business, operations, analytics, and technology teams.
* Lead discovery workshops, requirement gathering sessions, and solution discussions.
* Translate business challenges into scalable analytics and technology solutions.
* Drive strategic conversations around data modernization, reporting transformation, operational analytics, and digital enablement.
* Facilitate executive presentations, steering committee updates, and roadmap discussions.
* Lead consulting initiatives across Business Intelligence and reporting, Operational analytics, KPI and metrics framework definition, Data modernization initiatives, Data quality and governance programs, Workflow and process optimization.
* Identify opportunities to improve operational efficiency through data\\-driven insights and automation.
* Work closely with business users to define analytical requirements and success metrics.
* Provide architectural and technical guidance across: Data Engineering, Backend/API integrations, Full\\-stack application ecosystems, BI and visualization platforms
* Collaborate with engineering teams on solution design, integration patterns, and scalability considerations.
* Review technical approaches and ensure alignment with business objectives and enterprise standards.
* Bridge communication between business stakeholders and technical delivery teams.
* Lead end\\-to\\-end engagement governance including planning, prioritization, risk management, and stakeholder communication.
* Ensure predictable delivery through structured execution and proactive issue resolution.
* Coordinate cross\\-functional teams including data engineers, BI developers, architects, analysts, and application developers.
* Drive program tracking, status reporting, and milestone management.
###### **Requirements:**

* 10–15\\+ years of experience in analytics consulting, data engineering, BI, or enterprise technology delivery.
* Strong client\\-facing consulting and engagement management experience.
* Proven experience leading large\\-scale analytics or digital transformation programs.
* Prior hands\\-on software development or coding experience during early career is mandatory.
* Experience working with construction, engineering, infrastructure, manufacturing, or industrial clients is highly preferred.
* Knowledge of Snowflake \\& Power BI.
* Strong understanding of data warehousing and data lakes, ETL/ELT pipelines, data modelling, SQL and enterprise analytics ecosystems, reporting and dashboarding platforms
* Experience defining enterprise KPI frameworks and operational reporting solutions.
* Hands\\-on understanding of modern BI platforms and reporting ecosystems.
* Experience driving executive dashboards and business performance reporting.
* Strong understanding of backend systems and API\\-driven architectures.
* Experience working with REST APIs, microservices, and enterprise integrations.
* Working knowledge of modern application architecture and full\\-stack ecosystems.
* Ability to collaborate effectively with engineering and product teams.
* Familiarity with cloud ecosystems such as AWS, Azure, or GCP.
* Understanding of scalable enterprise data and analytics architectures.
###### **Desired Candidate Profile:**

* Has strong executive presence and communication skills.
* Can confidently represent the organization in front of senior client stakeholders.
* Combines consulting mindset with technical credibility.
* Is capable of translating business needs into technical execution plans.
* Has strong ownership and problem\\-solving capabilities.
* Is comfortable working in ambiguity and driving alignment.
* Can influence both client stakeholders and internal delivery teams.
* Understands both strategic consulting and hands\\-on technology delivery.
###### **Preferred Domain Experience:**

* Construction analytics
* Project management analytics
* Estimation and procurement workflows
* Operational reporting for construction projects
* Document or blueprint\\-driven workflows
* ERP/field operations reporting
* Industrial or manufacturing analytics

###### **Education:**


* Bachelor’s or Master’s degree in Engineering, Computer Science, Information Systems, Analytics, or related field.
* MBA or consulting experience is a plus.
###### **Benefits:**

Brillio offers a comprehensive benefits program for this position, subject to applicable eligibility requirements:


* Medical, Dental, and Vision Insurance with multiple plan options
* Health Savings Account (HSA) with Brillio employer contributions and Flexible Spending Accounts (FSA)
* Company\\-paid Life Insurance and Accidental Death \\& Dismemberment (AD\\&D) coverage
* Short\\-Term and Long\\-Term Disability coverage
* 401(k) retirement savings plan
* Flexible Paid Time Off (Flexi\\-PTO) and paid company holidays
* Paid Parental Leave including maternity, parental bonding, adoption, and surrogacy benefits
* Employee Assistance Program (EAP) and wellness resources
* Learning and Development programs including training and certification support
* Student Loan Contribution Program for eligible employees
* Employee discount and wellness programs including fitness, lifestyle, and family support benefits
* Backup care support for children, elder care, and pets
* Additional voluntary benefits including legal services, accident coverage, critical illness coverage, and pet insurance
  


Know what it’s like to work and grow at Brillio: Click here  

**Salary: 144,000\\-198,000 USD per year salary**","Consulting And Business Services","https://www.indeed.com/cmp/Brillio-LLC","https://d2q79iu7y748jz.cloudfront.net/s/_squarelogo/256x256/3cc68cea876232ac8a6829881ecafa81","https://www.brillio.com/","5201 Great America Parkway Suite 100 Santa Clara, CA 95054","1,001 to 5,000","$100M to $500M (USD)","A global technology company developing disruptive solutions to drive digital transformation for our customers.","","","","","",""
"in-13272cce42b33d4d","indeed","https://www.indeed.com/viewjob?jk=13272cce42b33d4d","https://www.innovien.com/job/3094-data-engineer-snowflake-api-integrations-alteryx-charlotte-nc/","Data Engineer – Snowflake, API Integrations & Alteryx","Innovien Solutions","Charlotte, NC, US","2026-05-28","","","","","","",False,"","","","","**Job Description:**  

This is an opportunity to join a highly visible, enterprise\\-level modernization initiative where the team is rebuilding and scaling a cloud\\-native data environment from the ground up. This Data Engineer sits on a lean, high\\-impact team driving major initiatives including a Snowflake implementation, AI\\-enabled data modernization projects, enterprise API integrations, and workflow automation efforts tied directly to core business operations. Our client is looking for someone operating at a Senior Engineer/Architect level who wants to own their space with direct interaction with leadership and customers. If you want to influence architecture decisions and be a key player in helping transform legacy environments into scalable modern platforms, this opportunity was made for you!


**Requirements:**  

* 5\\+ years with extensive hands\\-on experience implementing and optimizing Snowflake environments in enterprise settings supporting architecture, build, and scalability initiatives.
* Previous experience building and supporting REST API integrations utilizing JSON, OAuth, webhooks, and enterprise integration patterns to support customer\\-facing systems.
* Hands\\-on experience with Alteryx Designer and/or Alteryx Server/Cloud for enterprise workflow automation, reporting automation, and large\\-scale data transformation initiatives.
* Experience designing scalable ETL pipelines and cloud\\-based integration frameworks to support enterprise\\-wide data ingestion, orchestration, and modernization efforts.
* Strong communication skills with the ability to work directly with leadership, business stakeholders, and customer\\-facing teams in a highly visible, fast\\-paced modernization environment.

**Nice to have:**  

• Experience with Azure Data Factory, Fivetran, dbt, or similar cloud integration and orchestration tools.  

* SnowPro certification or deep experience with advanced Snowflake features (Snowpark, dynamic tables, data sharing).
* Prior experience building data pipelines or infrastructure supporting AI/ML or LLM applications.

**Responsibilities****:**  

* Lead and support a new Snowflake implementation initiative, building a newly established cloud data platform from the ground up across enterprise insurance and benefits operations.
* Design, develop, and optimize scalable Snowflake data warehouse architectures, cloud data pipelines, and Snowflake environments for scalability, performance, governance, and cost efficiency.
* Build and maintain API integrations between enterprise systems, including integrations involving ADP and customer\\-facing insurance platforms.
* Design and automate complex workflows using Alteryx and related automation technologies, creating scalable integration frameworks supporting structured and unstructured enterprise data.
* Partner directly with technical teams, business stakeholders, and leadership to translate business needs into scalable technical solutions.
* Support AI\\-enabled modernization efforts and enterprise reporting initiatives.
* Troubleshoot and resolve complex integration, workflow, and performance issues across cloud data environments.
* Assist in converting legacy technical debt into scalable cloud\\-native architecture and best practices, documenting data architecture, workflows, integration patterns, and operational procedures.","Human Resources And Staffing","https://www.indeed.com/cmp/Innovien-Solutions","https://d2q79iu7y748jz.cloudfront.net/s/_squarelogo/256x256/459c707d0970a63364d389f861007b21","http://www.innovien.com","1372 Peachtree St. NE Atlanta, GA 30309","51 to 200","","","","","","","",""
"in-6d5878406660b75c","indeed","https://www.indeed.com/viewjob?jk=6d5878406660b75c","https://comfrt.applytojob.com/apply/JgPCHtZbox/Senior-Data-Engineer?source=INDE&~","Senior Data Engineer","","Remote, US","2026-05-28","fulltime","","","","","",True,"","","","","**About Us:**  

Comfrt is one of the fastest\\-growing direct\\-to\\-consumer brands, dedicated to blending mental wellness, inclusivity, and elevated comfort into every piece we create. Our mission goes beyond clothing — we strive to build a community where everyone feels supported and seen.

**About the Job:**


We are seeking a highly skilled and experienced Senior Data Engineer to join our growing data team. The ideal candidate will be responsible for designing, developing, and optimizing our data pipeline architecture to support our analytics, machine learning, and business intelligence initiatives. This role requires a strong background in big data technologies, cloud infrastructure, and a passion for building robust, scalable, and efficient data solutions.

**Responsibilities:**


Data Architecture and Development

* Design, construct, install, test, and maintain highly scalable data management systems and processing pipelines using cloud\\-native services (e.g., AWS, GCP, Azure).
* Develop and optimize ETL/ELT processes to ingest, transform, and load data from various internal and external sources into our data warehouse/data lake.
* Implement data governance, security, and quality controls across all data pipelines.
* Ensure data architecture supports the needs of data scientists, analysts, and other business stakeholders.

Analytics Engineering \\& BI
---------------------------

* **Design and build Looker explores, views, and dashboards** using LookML to serve self\\-service analytics across business domains including Revenue, CX, Operations, Logistics, and Finance
* **Develop and maintain LookML models** following best practices: well\\-structured explores, reusable dimension/measure sets, PDTs, and derived tables
* **Partner with stakeholders** to translate business questions into Looker explores and dashboards that drive operational decisions
* Define and enforce reporting standards including MoM, YoY, and Forecast vs Budget vs Actual across all dashboards

Optimization and Performance
----------------------------

* Monitor, tune, and optimize data warehouse performance (e.g., Snowflake, BigQuery, Redshift).
* Troubleshoot and resolve complex data\\-related issues and performance bottlenecks in the data platform.
* Drive continuous improvement in data platform reliability, efficiency, and cost management.

Collaboration and Mentorship
----------------------------

* Collaborate closely with data scientists, software engineers, and product managers to understand data requirements and deliver solutions.
* Define and enforce best practices for data engineering, including coding standards, documentation, and operational procedures.
* Mentor and guide junior data engineers, fostering a culture of technical excellence and continuous learning.

**Requirements:**


Experience

* Bachelor's or Master's degree in Computer Science, Engineering, or a related quantitative field.
* 5\\+ years of professional experience in data engineering, software engineering, or a related role focused on data infrastructure.
* Proven experience designing and building production\\-grade, highly reliable, and scalable data pipelines.


Technical Skills

* Expert proficiency in SQL and at least one high\\-level programming language (e.g., Python, Scala, Java).
* Deep expertise with major cloud platforms (AWS, GCP, or Azure), specifically their data and storage services (e.g., S3, Google Cloud Storage, Azure Data Lake Storage).
* Solid experience with modern data warehousing solutions (e.g., Snowflake, Google BigQuery, Amazon Redshift).
* Experience with workflow orchestration tools (e.g., Apache Airflow, Dagster).
* Familiarity with distributed data processing frameworks (e.g., Apache Spark, Dask).
* Experience with version control systems (e.g., Git).
* Experience with AI tools(Claude, Vertex AI, Gemini)
* **Hands\\-on experience with Looker** — building and maintaining LookML models, explores, views, dimensions, measures, and derived tables in a production environment
* **Proficiency in LookML** — including explores, joined views, PDTs (persistent derived tables), liquid templating, and Looker permissions/access controls
* Strong understanding of Looker best practices: explore design, field naming conventions, caching strategies, and performance optimization


Preferred Qualifications

* Experience with stream processing technologies (e.g., Apache Kafka, Kinesis, Pub/Sub).
* Exposure to GenAI Integration with development process
* Knowledge of data modeling techniques (e.g., 3NF, Dimensional Modeling).
* Familiarity with machine learning pipelines (MLOps).
* Experience with infrastructure\\-as\\-code tools (e.g., Terraform, CloudFormation).
* Experience/Familiarity with D2C/E\\-Commerce Domain


Key Competencies

* **Problem\\-Solving:** Exceptional analytical and problem\\-solving skills with a high degree of attention to detail.
* **Communication:** Excellent verbal and written communication skills, with the ability to explain complex technical concepts to non\\-technical audiences.
* **Ownership:** A proactive mindset and a strong sense of ownership over the data platform and its integrity.

**Why Join Comfrt?**

* Be part of a purpose\\-driven company that’s shaping the future of comfort and mental wellness.
* Work in a supportive, creative environment where your ideas and growth are valued.
* Enjoy Comfrt benefits such as generous paid time off, company\\-covered health insurance, 5% 401k match, and discounts on all Comfrt products!
* Join a passionate team making an impact on exciting projects, all while enjoying the flexibility and collaborative support of a fully remote environment.

*Comfrt is an equal opportunity employer. We are committed to building a team that represents a variety of backgrounds, perspectives, and skills.*

  




JgPCHtZbox","","","","","","","","","","","","","",""
"in-0579b47e30ae1199","indeed","https://www.indeed.com/viewjob?jk=0579b47e30ae1199","https://synergenx.applytojob.com/apply/gUAdvncnlb/Principal-Data-Architect-Hybrid?source=INDE&~","Principal Data Architect hybrid","SynergenX Health Holdings","Houston, TX, US","2026-05-28","fulltime","","yearly","","","USD",True,"","","","","**Principal Data Architect**
----------------------------


SynergenX \\| Low T Center  

Remote/Hybrid for Houston residents  

Full\\-Time \\| Exempt  

Salary: starting at $170,000 (Range is DOE)

*\\*\\*\\*Please do not email the company or company representatives directly. Only full and complete applications will be considered\\*\\*\\**

### **Build the Data Foundation of a High\\-Growth Healthcare Company**


SynergenX is rapidly scaling, multi\\-state healthcare organization with both clinic locations and telehealth focused on hormone optimization, wellness, and patient\\-centered care. As we continue to grow, we are making a significant investment in modernizing our enterprise data ecosystem.


We are looking for a Principal Data Architect who is not just a strategist, but a builder and leader. This is a hands\\-on, high\\-visibility role where you will define, architect, and execute the future of our data platform.


This role is open for remote within the contiguous US with monthly in office visits required or will be hybrid model for residents within driving distance of the corporate office in Northwest Houston. This is critical for alignment, team integration, and execution.

### **Why This Role Matters**


This is not a maintenance role. This is a ground\\-floor opportunity to:

* Architect a modern, scalable Azure\\-based data platform
* Eliminate inefficiencies and legacy reporting limitations
* Directly influence executive decision\\-making through data
* Build and mentor a high\\-performing data team


If you want ownership, visibility, and the ability to make a real impact, this is it.

### **What You’ll Own**


Enterprise Data Strategy

* Define and execute the enterprise data architecture roadmap
* Build scalable data models across clinical, financial, and operational domains
* Align data strategy with growth, M\\&A, and multi\\-state expansion


Platform Architecture (Azure \\+ Databricks)

* Design and standardize lakehouse and warehouse architecture
* Establish patterns for ingestion, transformation, and data delivery
* Optimize performance, scalability, and cost


Technical Leadership

* Act as the highest authority on data architecture decisions
* Lead and mentor Data Engineers, BI Developers, and Analytics teams
* Review and approve pipelines, models, and reporting frameworks


Modernization \\& Optimization

* Eliminate technical debt and redundant systems
* Automate manual processes and reporting inefficiencies
* Implement CI/CD, version control, and documentation standards


Data Governance \\& Compliance

* Establish enterprise data governance frameworks
* Ensure HIPAA\\-compliant architecture and data handling
* Improve data lineage, auditability, and trust in reporting

### **What We’re Looking For**

***Required***

* 8\\+ years in Data Architecture progressive by nature
* Hands\\-on experience with:
	+ Microsoft Azure data ecosystem
	+ Databricks / Spark
	+ Power BI (semantic models, governance)
* Strong expertise in:
	+ Data modeling (Star Schema, Snowflake, Lakehouse)
	+ SQL, Python, PySpark
* Proven leadership and ability to influence technical teams
* Strong business acumen and ability to align architecture with company goals
* Must be fluent in English (both written and spoken) to perform essential job functions, including documentation, stakeholder communication, and cross\\-functional collaboration.

***Preferred***

* Healthcare or regulated industry experience (HIPAA)
* Experience supporting M\\&A or multi\\-entity data integration
* Azure tools such as Data Factory, Synapse, or Fabric
* Exposure to real\\-time data pipelines or machine learning workflows
* Relevant certifications (Azure, Databricks)

### **Work Environment \\& Requirements**

* ***Remote Houston\\-based role; local candidates strongly preferred for Hybrid***
* Remote considered for candidates currently residing within the contiguous United States with required monthly visits to the corporate office.
* Occasional travel may be required based on business needs
* Candidates must be legally authorized to work in the United States without current or future visa sponsorship requirements

### **What We Offer**

* Competitive base salary starting at $170,000 (Range is DOE)
* Comprehensive medical, dental, and vision coverage after 60 days with dependent coverage
* 401(k) with company match
* Paid time off with annual increases and 6 company holidays
* Employee wellness programs, including hormone therapy and weight management benefits
* Full life insurance policy at no cost
* Stability and growth within a rapidly expanding, multi\\-state healthcare organization
* Direct exposure to executive leadership and strategic initiatives

### **Why SynergenX**


At SynergenX, we move fast, expect results, and invest in people who want to build something meaningful. You won’t be boxed into a narrow role. You’ll have the autonomy to lead, the support to execute, and the opportunity to shape the future of our data infrastructure.


If you are a builder, problem\\-solver, and leader who thrives in high\\-impact environments, we want to talk to you.

***\\*\\*\\*Please do not email the company or company representatives directly. Applications must be submitted here in order to be considered\\*\\*\\****




gUAdvncnlb","","https://www.indeed.com/cmp/Synergenx-Health-Holdings","","","","","","","","","","","",""
"in-a981c9a05200e9ee","indeed","https://www.indeed.com/viewjob?jk=a981c9a05200e9ee","https://click.appcast.io/t/1zZuxdteXSCDxxm03bLUcN8oavxtroTx0bDuiglNGOM=","Senior Data Engineer","JLL","Westmont, IL, US","2026-05-28","fulltime","direct_data","yearly",140000.0,180000.0,"USD",False,"","","","HRSCLeaves@jll.com","**JLL empowers you to shape a brighter way**.


Our people at JLL are shaping the future of real estate for a better world by combining world class services, advisory and technology for our clients. We are committed to hiring the best, most talented people and empowering them to thrive, grow meaningful careers and to find a place where they belong. Whether you’ve got deep experience in commercial real estate, skilled trades or technology, or you’re looking to apply your relevant experience to a new industry, join our team as we help shape a brighter way forward.


**About JLL and Data Engineering**


JLL is a leading professional services firm that specializes in real estate and investment management. Our vision is to reimagine the world of real estate, creating rewarding opportunities and amazing spaces where people can achieve their ambitions. In doing so, we will build a better tomorrow for our clients, our people, and our communities.


The Data Engineering team at JLL sits at the intersection of technology and business impact, building the data foundations and intelligent solutions that power decisions across the enterprise. We move fast, think big, and deliver production\\-grade platforms that transform how JLL operates — combining deep technical expertise with a relentless focus on solving real problems for real users.

**Role Overview**


As a Forward Deployed Data Engineer, you will be embedded directly with product, program, and engineering teams to design, architect, prototype, and deploy data\\-driven solutions that solve high\\-priority business problems. This is not a traditional engineering role with long delivery cycles. You will be expected to go from concept to working prototype in days, not months, while maintaining enterprise\\-grade standards for quality, security, and scalability.


You bring a strong combination of skills: solution design and architecture experience, deep hands\\-on engineering across data and AI agents, and the interpersonal skills to earn trust, drive alignment, and collaborate effectively across teams. You are equally comfortable whiteboarding a system architecture with stakeholders and writing production code the same afternoon. You have genuine curiosity about the why and what behind every problem — not just the how — and you thrive in fast, ambiguous environments where creative thinking and execution speed both matter.

**Key Responsibilities**

**Solution Design \\& Architecture**

* Drive solution design for complex, cross\\-functional data and AI problems — from initial discovery through to technical blueprint
* Define and communicate architecture decisions, trade\\-offs, and delivery approaches to both technical and non\\-technical audiences
* Design scalable, modular systems that balance the need for speed with enterprise standards for reliability, security, and maintainability
* Participate in architecture reviews and Critical Design Reviews (CDRs), ensuring alignment with enterprise patterns and platform standards
* Create clear technical documentation: architecture diagrams, data flow maps, API contracts, and solution briefs

 **Rapid Prototyping \\& Solution Delivery**

* Design and deliver working prototypes for complex data and AI problems within compressed timeframes, often days to weeks
* Bring genuine curiosity to every engagement — deeply understanding the business case, problem context, and constraints before converging on a solution
* Balance speed of delivery with enterprise standards — your prototypes are production\\-ready, not throwaway
* Continuously iterate on solutions based on direct feedback from product managers, program leads, and end users

 **AI Agent Development \\& Agentic Systems**

* Design, build, and deploy AI agents and multi\\-agent systems that automate complex workflows end\\-to\\-end
* Develop and maintain agent skills — discrete, reusable capabilities that compose into larger agentic pipelines
* Implement and extend MCP (Model Context Protocol) servers and clients to connect AI agents with enterprise tools, APIs, and data sources
* Build agent orchestration layers using frameworks such as LangChain, LangGraph, AutoGen, CrewAI, or Semantic Kernel
* Design evaluation harnesses, guardrails, and monitoring pipelines to ensure agent reliability and safety in production
* Stay current with the rapidly evolving agentic AI landscape and proactively introduce new techniques and tooling to the team

 **AI \\& Data Engineering**

* Build and deploy AI\\-powered features and pipelines that automate workflows, surface insights, and enhance decision\\-making
* Design and implement scalable data pipelines, APIs, and backend services that serve both internal tools and customer\\-facing products
* Integrate LLMs, RAG systems, and ML models into production data workflows
* Own data modeling, transformation, and quality across the solutions you deliver

 **Collaboration \\& Stakeholder Engagement**

* Embed directly with product, program, and engineering teams to co\\-define problems and co\\-deliver solutions
* Contribute to technical direction and help build alignment across teams through strong communication and collaboration
* Communicate complex technical concepts clearly to non\\-technical business stakeholders — in writing, in meetings, and in presentations
* Support and mentor junior engineers, sharing patterns and practices for agentic development, prompt design, and rapid delivery
* Foster a collaborative, low\\-ego team culture where speed and quality go hand in hand

**Qualifications**

**Required**

* 4\\+ years of professional software or data engineering experience, including hands\\-on solution design and architecture contributions
* Experience designing and delivering end\\-to\\-end data and AI systems — from requirements through deployment — with clear documentation and stakeholder communication
* Hands\\-on experience building AI agents, including defining agent skills, tool use, memory, and multi\\-step reasoning
* Working knowledge of MCP (Model Context Protocol) — including building or consuming MCP servers to connect agents with external systems
* Experience with agentic frameworks such as LangChain, LangGraph, AutoGen, CrewAI, or Semantic Kernel
* Strong hands\\-on experience with data engineering: pipelines, ETL/ELT, data modeling, SQL and NoSQL databases
* Proficiency in Python
* Experience with cloud platforms (AWS, Azure, or GCP) and modern data stack tooling
* Exceptional communication and interpersonal skills — you can earn trust quickly, navigate ambiguity, and drive alignment across diverse teams
* Comfort working in fast\\-paced environments with shifting priorities and high ownership expectations

 **Preferred**

* Experience with RAG architectures, vector databases (Pinecone, Weaviate, pgvector), and semantic search — including building end\\-to\\-end data pipelines that chunk, embed, and index unstructured content for retrieval
* Familiarity with prompt engineering, fine\\-tuning, and LLM evaluation techniques
* Experience with agent observability and tracing tools (LangSmith, Arize, Weights \\& Biases, or similar)
* Experience with AWS AgentCore — building, deploying, and operating agents on the platform
* Knowledge of data orchestration tools (Airflow, Prefect, or dbt)
* Experience with containerization and CI/CD practices (Docker, Kubernetes, GitHub Actions)
* Background in real estate, financial services, or other data\\-intensive enterprise domains
* Experience facilitating technical discovery workshops, design sprints, or architecture reviews
* Contributions to open\\-source agentic or data projects, or a portfolio demonstrating rapid, creative problem\\-solving


This position does not provide visa sponsorship. Candidates must be authorized to work in the United States without sponsorship.

**Estimated compensation for this position:**


140,000\\.00 – 180,000\\.00 USD per year*This range is an estimate and actual compensation may differ. Final compensation packages are determined by various considerations including but not limited to candidate qualifications, location, market conditions, and internal considerations.*

**Location:**


On\\-site –Chicago, IL, Westmont, IL
If this job description resonates with you, we encourage you to apply, even if you don’t meet all the requirements. We’re interested in getting to know you and what you bring to the table!

 **Personalized benefits that support personal well\\-being and growth:**


JLL recognizes the impact that the workplace can have on your wellness, so we offer a supportive culture and comprehensive benefits package that prioritizes mental, physical and emotional health. Some of these benefits may include:

* 401(k) plan with matching company contributions
* Comprehensive Medical, Dental \\& Vision Care
* Paid parental leave at 100% of salary
* Paid Time Off and Company Holidays
* Early access to earned wages through Daily Pay


At JLL, we harness the power of artificial intelligence (AI) to efficiently accelerate meaningful connections between candidates and opportunities. Using AI capabilities, we analyze your application for relevant skills, experiences, and qualifications to generate valuable insights about how your unique profile aligns with the specific requirements of the role you're pursuing.

***JLL Privacy Notice***


Jones Lang LaSalle (JLL), together with its subsidiaries and affiliates, is a leading global provider of real estate and investment management services. We take our responsibility to protect the personal information provided to us seriously. Generally the personal information we collect from you are for the purposes of processing in connection with JLL’s recruitment process. We endeavour to keep your personal information secure with appropriate level of security and keep for as long as we need it for legitimate business or legal reasons. We will then delete it safely and securely.


For more information about how JLL processes your personal data, please view our Candidate Privacy Statement.


For additional details please see our career site pages for each country.


For candidates in the United States, please see a full copy of our Equal Employment Opportunity policy here.


Jones Lang LaSalle (“JLL”) is an Equal Opportunity Employer and is committed to working with and providing reasonable accommodations to individuals with disabilities. If you need a reasonable accommodation because of a disability for any part of the employment process – including the online application and/or overall selection process – you may email us at HRSCLeaves@jll.com. This email is only to request an accommodation. Please direct any other general recruiting inquiries to our Contact Us page \\> I want to work for JLL.


Pursuant to the Arizona Civil Rights Act, criminal convictions are not an absolute bar to employment.


Pursuant to Illinois Law, applicants are not obligated to disclose sealed or expunged records of conviction or arrest.


Pursuant to Columbia, SC ordinance, this position is subject to a background check for any convictions directly related to its duties and responsibilities. Only job\\-related convictions will be considered and will not automatically disqualify the candidate.

**California Residents only**


If you are a California resident as defined in the California Consumer Privacy Act (CCPA) please view our Supplemental Privacy Statement which describes your rights and disclosures about your personal information. If you are viewing this on a mobile device you may want to view the CCPA version on a larger device.


Pursuant to the Los Angeles Fair Chance Initiative for Hiring Ordinance, JLL will consider for employment all qualified Applicants, including those with Criminal Histories, in a manner consistent with the requirements of applicable state and local laws, including the City of Los Angeles’ Fair Chance Initiative for Hiring Ordinance.


Pursuant to the San Francisco Fair Chance Ordinance, we will consider for employment qualified applicants with arrest and conviction records.


Accepting applications on an ongoing basis until candidate identified.","Real Estate","https://www.indeed.com/cmp/Jll","https://d2q79iu7y748jz.cloudfront.net/s/_squarelogo/256x256/f6eb1cf56db401d1519d8e3d67c4a39d","https://www.us.jll.com/en/careers","200 East Randolph Street
Chicago, Illinois 60601","10,000+","more than $10B (USD)","We’re JLL— a leading professional services and investment management firm specializing in real estate. We help organizations around the world achieve their business ambitions.","","","","","",""
"in-dd7ac25b2ef92d57","indeed","https://www.indeed.com/viewjob?jk=dd7ac25b2ef92d57","https://archgroup.wd1.myworkdayjobs.com/en-US/Careers/job/Raleigh-NC-United-States-of-America/Manager--Data-Engineer--Remote-_R26_545","Manager, Data Engineer (Remote)","Arch Capital","Raleigh, NC, US","2026-05-28","fulltime","direct_data","yearly",100500.0,174000.0,"USD",True,"","","","","With a company culture rooted in collaboration, expertise and innovation, we aim to promote progress and inspire our clients, employees, investors and communities to achieve their greatest potential. Our work is the catalyst that helps others achieve their goals. In short, We Enable Possibility℠.

### **Job Summary**


Strategic Analytics at Arch is a growing team at the forefront of the company’s AI transformation. We design and deploy agentic AI systems and predictive analytics, supported by AI\\-ready data assets and AI\\-assisted development practices. These capabilities are becoming increasingly embedded across the enterprise.


Data is central to our mission. We unify internal and external data on modern cloud platforms—including Snowflake and Databricks within the Azure ecosystem—to produce reliable, analytics\\-ready data assets that support both traditional analytics and emerging AI use cases.


As Manager of Strategic Analytics Services, supporting the Claims Analytics group, you will lead end\\-to\\-end delivery of complex data pipelines that put analytics at the center of business processes. This is a **hands\\-on** role that combines execution, technical leadership, and stakeholder partnership, including leading and developing a team of data engineers.


You will work closely with business and technical leaders to align priorities, shape scalable data solutions, and deliver measurable outcomes. You will also guide engineers and reinforce strong delivery practices, while advancing the team’s capabilities in modern data engineering, AI\\-assisted development, and well\\-governed, reusable data systems.

**Responsibilities**

* Lead delivery of high\\-quality data solutions by partnering with stakeholders and coaching data engineers.
* Own end\\-to\\-end data engineering delivery across the project lifecycle.
* Build strong partnerships across the organization to align priorities and deliver data\\-related goals.
* Design clear, analytics\\-ready data structures by anticipating downstream analytical needs.
* Evaluate and adopt new technologies and data sources to improve capability and efficiency.
* Automate data ingestion and integration to reliably connect internal and external data sources.
* Document data sources, definitions, and technical solutions to support transparency and reuse.
* Reinforce strong delivery hygiene (version control, code review, automated testing, CI/CD, and operational readiness/monitoring).
* Apply agentic, AI\\-assisted coding practices to accelerate delivery while maintaining appropriate controls.
* Build agent\\-ready data assets, including semantic layer components (ontology, taxonomy, domain models) and governed access.
* Provide retrieval\\-ready context (RAG pipelines, vector stores, knowledge bases) when needed.
 **Desired Skills**


Data Engineering

* Strong programming expertise in Python and SQL, including data engineering frameworks, large\\-scale data manipulation, and governed AI\\-assisted development practices
* Apache Spark proficiency (PySpark preferred) and experience with distributed data processing, including building scalable pipelines and optimizing performance for large\\-scale datasets
* Cloud data platform proficiency (Snowflake, Databricks, Azure ecosystem fundamentals)
* Data warehousing and modeling fundamentals (schema design, conformed definitions, performance optimization)
* Data quality and observability practices (testing, reconciliation, monitoring)
  

Analytics \\& AI Readiness

* Insurance data modeling for analytics and actuarial\\-ready data structures
* MLOps familiarity supporting operationalized analytics and models
* Semantic modeling skills (business definitions, metrics, ontology/taxonomy/domain models)
* Business definition standardization for reuse across BI and AI use cases
  

Leadership \\& Operating Model

* Self\\-directed execution and ownership in a distributed environment, combined with strong cross\\-functional collaboration, stakeholder partnership, and team building
* Strong problem\\-solving and critical thinking skills, including the ability to decompose complex challenges
* Clear communication across technical and business audiences, with the ability to adapt effectively in ambiguous and evolving environments
**Required Skills**

* 6\\+ years’ experience of hands\\-on development in Python and distributed processing environments (e.g., Spark)
* 2–3\\+ years of technical leadership or project delivery ownership experience
* Hands\\-on Databricks experience highly preferred
**Education**

* College degree in Computer Science, Engineering, Statistics, Mathematics, Actuarial Science, Data Analytics, or equivalent.

For individuals assigned or hired to work in the location(s) indicated below, the base salary range is provided. Range is as of the time of posting. Position is incentive eligible.


$100,500 \\- $174,000/year

* Total individual compensation (base salary, short \\& long\\-term incentives) offered will take into account a number of factors including but not limited to geographic location, scope \\& responsibilities of the role, qualifications, talent availability \\& specialization as well as business needs. The above pay range may be modified in the future.
* Arch is committed to helping employees succeed through our comprehensive benefits package that includes multiple medical plans plus dental, vision and prescription drug coverage; a competitive 401k with generous matching; PTO beginning at 20 days per year; up to 12 paid company holidays per year plus 2 paid days of Volunteer Time Offer; basic Life and AD\\&D Insurance as well as Short and Long\\-Term Disability; Paid Parental Leave of up to 10 weeks; Student Loan Assistance and Tuition Reimbursement, Backup Child and Elder Care; and more. Click here to learn more on available benefits.

  

Do you like solving complex business problems, working with talented colleagues and have an innovative mindset? Arch may be a great fit for you. If this job isn’t the right fit but you’re interested in working for Arch, create a job alert! Simply create an account and opt in to receive emails when we have job openings that meet your criteria. Join our talent community to share your preferences directly with Arch’s Talent Acquisition team.


10200 Arch Capital Services LLC","","https://www.indeed.com/cmp/Arch-Capital-5","","","","","","","","","","","",""
"in-bd5eecf263511286","indeed","https://www.indeed.com/viewjob?jk=bd5eecf263511286","https://candidateportal.ceipal.com/job-details/Yl-FsYz-62FEUvxgB23eCnoZpNjgdl9KbNuJBedL-ho#.job_boards.Indeed","Senior Data Engineer","Amsys Innovative Solutions LLC","Houston, TX, US","2026-05-28","fulltime","","","","","",False,"","","","","**Overview**
We are seeking a hands\\-on Enterprise Data Architect to lead a data modernization effort in a growing SMB environment. The focus is on consolidating data from ERP, CRM, PSA, HR, payroll, project management, and financial systems into a centralized reporting and operational data platform.


This role will design and build modern data architecture and pipelines, enabling consistent reporting, analytics, and future automation/AI capabilities. Strong experience with modern data platforms such as Microsoft Fabric, Snowflake, or Databricks is preferred.


**Responsibilities**
* Consolidate data across ERP, CRM, PSA, HR, payroll, and financial systems
* Design and implement modern data architecture and pipelines
* Build centralized reporting and analytics data models
* Support data governance, quality, and MDM
* Enable operational dashboards and multi\\-entity reporting
* Partner with stakeholders to translate business needs into data solutions
* Support future automation and AI readiness

**Requirements**
* 7\\+ years in data architecture or data engineering
* Experience with modern cloud data platforms (Fabric, Snowflake, or Databricks)
* Strong background in data integration, modeling, and ETL/ELT
* Experience working with disconnected enterprise systems
* Comfortable in fast\\-paced, hands\\-on environments","","https://www.indeed.com/cmp/Amsys-Innovative-Solutions-LLC","","","","","","","","","","","",""
"in-30c5e927e6d68165","indeed","https://www.indeed.com/viewjob?jk=30c5e927e6d68165","https://drivetime.wd1.myworkdayjobs.com/DriveTime/job/1720-W-Rio-Salado-Pkwy-Tempe-AZ-85281/Data-Engineer_R15463","Data Engineer","DriveTime Automotive Group","Phoenix, AZ, US","2026-05-28","fulltime","","","","","",False,"","","","","**What’s Under the Hood**


DriveTime Family of Brands is the largest privately owned used car sales finance \\& servicing company in the nation. Headquartered in Tempe, Arizona and Dallas, Texas, we create opportunities and improve the lives of our customers and our employees by placing a focus on putting the right customer, in the right vehicle, on the right terms and on their path to ownership.


The DriveTime Family of Brands spans across DriveTime, Bridgecrest and SilverRock. You can find us at the intersection of technology and innovation as we use our proprietary tools and over two decades of industry knowledge to redefine the process of purchasing, financing, and protecting your vehicle.

**That’s Nice, But What’s the Job?**

***This is not a position for which sponsorship will be provided. Individuals with temporary visas or who need sponsorship now or in the future are not eligible for hire at this time.***
In short, we are seeking a Data Engineer to support the development, modeling, optimization, and governance of our data processes: transactional support for applications, consumption and generation of external data to and from our key partners, and growth of our agentic programming layer. This role is pivotal in enabling business teams, analytics, and our vendor partners with performant, high\\-quality, bleeding\\-edge solutions to all the challenges that a rapidly growing company faces.


In long, as a Data Engineer, you will contribute to the delivery and design of scalable processes and data models using Snowflake, SQL, Python, and Kafka; all while integrating best practices in performance optimization, data quality, and CI/CD workflows via GitHub or Azure DevOps. You will collaborate closely with fellow engineers, product leadership, and analysts to translate complex data requirements into stable, trusted processes and data structures – all in an AI\\-first, Agile framework. In addition, you will contribute to:

* **Transactional \\& application support:** design and maintain data structures that power application and operational workflows reliably and at scale.
* **Data movement:** build and operate pipelines that move data between internal systems and key vendor/partner integrations using Snowflake, SQL Server, Argo (workflow orchestrator), and Python.
* **Transformation \\& modeling:** develop consumer\\-ready datasets in Snowflake using ELT best practices, dimensional modeling, and well\\-documented transformation logic.
* **Platform optimization:** monitor and tune Snowflake performance, pipeline reliability, and cost efficiency across the full data stack.

**So, What Kind of Folks Are We Looking for?**

* Technically strong and collaborative data engineer who thrives at the intersection of engineering and analytics.
* Open to an AI\\-first Execution mindset: using the latest models and tooling, working to provide value using Agentic Programming.
* Bring hands\\-on experience with modern data tooling and a passion for building trusted, scalable, and business\\-aligned data products.
* Eager to grow alongside a high\\-performing team and make a real impact on the data that drives our business.

**The Specifics.**

* **4\\+ years** of experience in data engineering, analytics engineering, or a related data discipline.
* Bachelor’s degree in Information Technology, Computer Science, or related field — or equivalent work experience.
* **Advanced SQL skills** spanning transactional query patterns and analytical/reporting workloads across both relational and cloud data platforms.
* Experience with **relational database systems** (SQL Server) and modern cloud data platforms (Snowflake).
* Familiarity with **streaming and event\\-driven data** pipelines (Kafka, CDC, or similar).
* Hands\\-on experience developing, maintaining, and troubleshooting ETL workflows in Informatica PowerCenter, including mappings, workflows, sessions, scheduling processes, parameter files, and error handling across enterprise data environments.
* Strong collaboration and communication skills, with the ability to work across technical and non\\-technical teams.
* Solid understanding of **data modeling across paradigms** — dimensional/star schema for analytics and normalized/3NF design for transactional systems.
* Proficiency in **Python** for scripting, pipeline automation, data validation, and integration work.
* Experience with **Git\\-based version control and CI/CD workflows** (GitHub or Azure DevOps).
* Openness and an appetite to proactively identify opportunities to leverage **AI/ML** for automation, anomaly detection, predictive insights, and intelligent decision\\-making across data pipelines and reporting solutions.
**So What About the Perks? Perks matter**

* **We** **take a hybrid work approach,** finding balance between the benefits of in\\-person and work\\-from\\-home environments. This position has an on\\-site expectation of a minimum of three days a week.
* **Medical, dental, and vision, oh my!** DriveTime Family of Brands covers a sizable amount of insurance premiums to ensure our employees receive top\\-tier healthcare coverage.
* **But Wait, There’s More.** 401(K), Company paid life insurance policy, short and long\\-term disability coverage to name a few.
* **Growth Opportunities.** You grow, I grow, we all grow! But seriously, DriveTime Family of Brands is committed to providing its employees with every opportunity to grow professionally with roughly over 1,000 employees promoted year over year.
* **Tuition Reimbursement.** We’re as passionate about your professional development as you are. With that, we’ll put our money where our mouth is.
* **Wellness Program.** Health is wealth! This program includes self\\-guided coaching and journeys, cash incentives and discounts on your medical premiums through engaging in fun activities!
* **Gratitude is Green.** We offer competitive pay across the organization, because, well… money matters!

* **In\\-House Gym.** We want our employees to be the best versions of themselves. So come early, take a break in your day or finish strong with a workout!
* **Give Us a Reason (or not), and We’ll Celebrate.** Regardless of whether there is a holiday or not, we are finding ways to kick back and enjoy each other’s company outside of day\\-to\\-day work.
* **Smart\\-Casual Dress.** Come dressed in jeans (you’ll fit right in with the rest of us).
* **Paid Time Off.** Not just lip service: we work hard, to play hard! Paid time off includes (for all full\\-time roles) wellness days, holidays, and good ole' fashioned YOU time! For our Part\\-timers, don't fear you get some time too...vacation time is available \\- the more you work, the more you earn!

**Anything Else? Absolutely.**


DriveTime Family of Brands is Great Place to Work Certified! And get this: 90% of our rockstar employees say they feel right at home here. We could spend a lot of time having you read about ALL our awards, but we’ll save time (and practice some humility) just naming a few others; Comparably Awards: Best Company for Diversity, Best Company Culture and Best Company Leadership, oh and don’t forget Phoenix Business Journal Healthiest Employers (okay, we’ll stop there)!


Hiring is contingent upon successful completion of our background and drug screening process. DriveTime is a drug\\-free, tobacco\\-free workplace and an Equal Opportunity Employer.

  

And when it comes to hiring, we don't just look for the right person for the job, we seek out the right person for DriveTime. Buckle up for plenty of opportunities to grow in a professional, fun, and high\\-energy environment!","","https://www.indeed.com/cmp/Drivetime-Automotive-Group","https://d2q79iu7y748jz.cloudfront.net/s/_squarelogo/256x256/08d0a16463f01b06b69a7198e6ac8b2f","https://jobs.drivetime.com","Tempe, AZ","1,001 to 5,000","$1B to $5B (USD)","DriveTime is one of the nation's largest integrated used-auto dealer and finance company. We are in the business of creating opportunities and improving lives.","","","","","",""
"in-9d25c9c531d22c59","indeed","https://www.indeed.com/viewjob?jk=9d25c9c531d22c59","https://drivetime.wd1.myworkdayjobs.com/DriveTime/job/1720-W-Rio-Salado-Pkwy-Tempe-AZ-85281/Data-Engineer_R15463","Data Engineer","DriveTime Automotive Group","Tempe, AZ, US","2026-05-28","fulltime","","","","","",False,"","","","","**What’s Under the Hood**


DriveTime Family of Brands is the largest privately owned used car sales finance \\& servicing company in the nation. Headquartered in Tempe, Arizona and Dallas, Texas, we create opportunities and improve the lives of our customers and our employees by placing a focus on putting the right customer, in the right vehicle, on the right terms and on their path to ownership.


The DriveTime Family of Brands spans across DriveTime, Bridgecrest and SilverRock. You can find us at the intersection of technology and innovation as we use our proprietary tools and over two decades of industry knowledge to redefine the process of purchasing, financing, and protecting your vehicle.

**That’s Nice, But What’s the Job?**

***This is not a position for which sponsorship will be provided. Individuals with temporary visas or who need sponsorship now or in the future are not eligible for hire at this time.***
In short, we are seeking a Data Engineer to support the development, modeling, optimization, and governance of our data processes: transactional support for applications, consumption and generation of external data to and from our key partners, and growth of our agentic programming layer. This role is pivotal in enabling business teams, analytics, and our vendor partners with performant, high\\-quality, bleeding\\-edge solutions to all the challenges that a rapidly growing company faces.


In long, as a Data Engineer, you will contribute to the delivery and design of scalable processes and data models using Snowflake, SQL, Python, and Kafka; all while integrating best practices in performance optimization, data quality, and CI/CD workflows via GitHub or Azure DevOps. You will collaborate closely with fellow engineers, product leadership, and analysts to translate complex data requirements into stable, trusted processes and data structures – all in an AI\\-first, Agile framework. In addition, you will contribute to:

* **Transactional \\& application support:** design and maintain data structures that power application and operational workflows reliably and at scale.
* **Data movement:** build and operate pipelines that move data between internal systems and key vendor/partner integrations using Snowflake, SQL Server, Argo (workflow orchestrator), and Python.
* **Transformation \\& modeling:** develop consumer\\-ready datasets in Snowflake using ELT best practices, dimensional modeling, and well\\-documented transformation logic.
* **Platform optimization:** monitor and tune Snowflake performance, pipeline reliability, and cost efficiency across the full data stack.

**So, What Kind of Folks Are We Looking for?**

* Technically strong and collaborative data engineer who thrives at the intersection of engineering and analytics.
* Open to an AI\\-first Execution mindset: using the latest models and tooling, working to provide value using Agentic Programming.
* Bring hands\\-on experience with modern data tooling and a passion for building trusted, scalable, and business\\-aligned data products.
* Eager to grow alongside a high\\-performing team and make a real impact on the data that drives our business.

**The Specifics.**

* **4\\+ years** of experience in data engineering, analytics engineering, or a related data discipline.
* Bachelor’s degree in Information Technology, Computer Science, or related field — or equivalent work experience.
* **Advanced SQL skills** spanning transactional query patterns and analytical/reporting workloads across both relational and cloud data platforms.
* Experience with **relational database systems** (SQL Server) and modern cloud data platforms (Snowflake).
* Familiarity with **streaming and event\\-driven data** pipelines (Kafka, CDC, or similar).
* Hands\\-on experience developing, maintaining, and troubleshooting ETL workflows in Informatica PowerCenter, including mappings, workflows, sessions, scheduling processes, parameter files, and error handling across enterprise data environments.
* Strong collaboration and communication skills, with the ability to work across technical and non\\-technical teams.
* Solid understanding of **data modeling across paradigms** — dimensional/star schema for analytics and normalized/3NF design for transactional systems.
* Proficiency in **Python** for scripting, pipeline automation, data validation, and integration work.
* Experience with **Git\\-based version control and CI/CD workflows** (GitHub or Azure DevOps).
* Openness and an appetite to proactively identify opportunities to leverage **AI/ML** for automation, anomaly detection, predictive insights, and intelligent decision\\-making across data pipelines and reporting solutions.
**So What About the Perks? Perks matter**

* **We** **take a hybrid work approach,** finding balance between the benefits of in\\-person and work\\-from\\-home environments. This position has an on\\-site expectation of a minimum of three days a week.
* **Medical, dental, and vision, oh my!** DriveTime Family of Brands covers a sizable amount of insurance premiums to ensure our employees receive top\\-tier healthcare coverage.
* **But Wait, There’s More.** 401(K), Company paid life insurance policy, short and long\\-term disability coverage to name a few.
* **Growth Opportunities.** You grow, I grow, we all grow! But seriously, DriveTime Family of Brands is committed to providing its employees with every opportunity to grow professionally with roughly over 1,000 employees promoted year over year.
* **Tuition Reimbursement.** We’re as passionate about your professional development as you are. With that, we’ll put our money where our mouth is.
* **Wellness Program.** Health is wealth! This program includes self\\-guided coaching and journeys, cash incentives and discounts on your medical premiums through engaging in fun activities!
* **Gratitude is Green.** We offer competitive pay across the organization, because, well… money matters!

* **In\\-House Gym.** We want our employees to be the best versions of themselves. So come early, take a break in your day or finish strong with a workout!
* **Give Us a Reason (or not), and We’ll Celebrate.** Regardless of whether there is a holiday or not, we are finding ways to kick back and enjoy each other’s company outside of day\\-to\\-day work.
* **Smart\\-Casual Dress.** Come dressed in jeans (you’ll fit right in with the rest of us).
* **Paid Time Off.** Not just lip service: we work hard, to play hard! Paid time off includes (for all full\\-time roles) wellness days, holidays, and good ole' fashioned YOU time! For our Part\\-timers, don't fear you get some time too...vacation time is available \\- the more you work, the more you earn!

**Anything Else? Absolutely.**


DriveTime Family of Brands is Great Place to Work Certified! And get this: 90% of our rockstar employees say they feel right at home here. We could spend a lot of time having you read about ALL our awards, but we’ll save time (and practice some humility) just naming a few others; Comparably Awards: Best Company for Diversity, Best Company Culture and Best Company Leadership, oh and don’t forget Phoenix Business Journal Healthiest Employers (okay, we’ll stop there)!


Hiring is contingent upon successful completion of our background and drug screening process. DriveTime is a drug\\-free, tobacco\\-free workplace and an Equal Opportunity Employer.

  

And when it comes to hiring, we don't just look for the right person for the job, we seek out the right person for DriveTime. Buckle up for plenty of opportunities to grow in a professional, fun, and high\\-energy environment!","","https://www.indeed.com/cmp/Drivetime-Automotive-Group","https://d2q79iu7y748jz.cloudfront.net/s/_squarelogo/256x256/08d0a16463f01b06b69a7198e6ac8b2f","https://jobs.drivetime.com","Tempe, AZ","1,001 to 5,000","$1B to $5B (USD)","DriveTime is one of the nation's largest integrated used-auto dealer and finance company. We are in the business of creating opportunities and improving lives.","","","","","",""
"in-beb7f5541ed44f4f","indeed","https://www.indeed.com/viewjob?jk=beb7f5541ed44f4f","https://alliancedata.wd5.myworkdayjobs.com/en-US/breadfinancial_US/job/Columbus-OH/Data-Engineer_R1012504-1","Data Engineer","Bread Financial","Columbus, OH, US","2026-05-28","fulltime","direct_data","yearly",87900.0,198900.0,"USD",True,"","","","TaOps@breadfinancial.com","**Every career journey is personal. That's why we empower you with the tools and support to create your own success story.**
============================================================================================================================

**Be challenged. Be heard. Be valued. Be you ... be here.**
===========================================================

**Job Summary**


The Data Engineer will be responsible for evolving data infrastructure and data analytics capabilities. This role will build high quality, architecturally\\-sound systems that will transform ways to take advantage of data. This includes data infrastructure and pipelines to support analytics and product, as well as data science team. The Data Engineer will take ownership of a variety of areas in the data stack and lead the team forward. This role will be impactful on the direction of the organization and be a part of building infrastructure from the ground up.  

The Data Engineer will take a prominent role in leading full stack development projects, collaborating with cross\\-functional teams to design, develop, and implement software solutions and API interfaces. Leverage your growing expertise to ensure seamless integration and optimal performance throughout the software development lifecycle (SDLC). **Essential Job Functions**

* Collaborates with internal/external stakeholders to manage data logistics – including data specifications, transfers, structures, and rules. Collaborates with business users, business analysts and technical architects in transforming business requirements into analytical workbenches, tools and dashboards reflecting usability best practices and current design trends. \\- (15%)
* Demonstrates analytical, interpersonal and professional communication skills. Learns quickly and works effectively individually and as part of a team. Accesses, extracts, and transforms Credit and Retail data from a variety of sources of all sizes (including client marketing databases, 2nd and 3rd party data) using Hadoop, Spark, SQL, Big data technologies etc. \\- (15%)
* Provides automation help to analytical teams around data centric needs using orchestration tools, SQL and possibly other big data/cloud solutions for efficiency improvement. \\- (10%)
* Supports Data Engineer and Sr. Data Engineer in new analytical proof of concepts and tool exploration projects. Effectively manages time and computing resources in order to deliver on time/correctly on concurrent projects. Involved in creating POCs to ingest and process streaming data using Spark and HDFS. \\- (10%)
* Answers and trouble shoots questions about data sets and analytical tools; Develops, maintains and enhances new and existing analytics tools/Frameworks to support internal customers/consumers. Design, develop and implement data infrastructure and pipelines that collect, connect, centralize, and curate data from various internal and external data sources. \\- (10%)
* Create automation systems and tools to configure, monitor, and orchestrate our data infrastructure and our data pipelines. Ingests data from different sources, processes it according to the requirement document in order to store data to Hive or NoSQL database or different warehousing solutions. Involved in HDFS maintenance, and loading of structured and unstructured data. \\- (10%)
* Develop and manage scalable ETL pipelines to integrate data from diverse sources into the organization’s data systems, ensuring high performance and reliability. Create efficient data pipelines using tools like Azure Data Factory, Databricks, and AWS, focusing on data quality, integrity, and timely delivery to all data users. \\- (10%)
* Participate in Agile/Lean methodologies and DevOps practices to ensure seamless integration and deployment of data solutions. Assist in designing and maintaining data infrastructure, including Snowflake and other cloud\\-based solutions, adhering to best practices and enterprise architecture guidelines. \\- (10%)
* Expert in writing complicated SQL Queries and database analysis for good performance. Experience working with python or Scala, Spark, Hadoop, Hive, Oozie, Sqoop, HDFS, Impala, Shell Scripts, Microsoft Azure Services like ADLS/Blob Storage solutions, Azure DataFactory, Azure Functions and Databricks. Utilizes basic knowledge of Rest API for designing networked applications. \\- (10%)

 **Minimum Qualifications**

* Bachelor’s Degree in Computer Science or Engineering; or equivalent technical training and experience.
* 2\\+ years of experience in Data \\& Analytics.
* 2\\+ years of experienced and proficient with Python, Scala or Java coding.
* 2\\+ years of experience and proficient in writing complex SQL with Redshift, Postgre SQL and Columnar Databases.

 **Preferred Qualifications**

* Master’s Degree in Computer Science, Computer Engineering, IT or another related field of study.
* 5\\+ years of experience in Data \\& Analytics.
* Experience with message\\-based, loosely coupled architectures like Kafka. Experience with basic DevOps. Experience with analytics platforms like Looker or Tableau.
* Experience developing systems intended for cloud deployments (AWS, EKS, lambda’s, etc.).

 **Skills**

* Agile Methodology
* Angular
* Apache Hadoop
* AWS Development
* Big Data
* Cloudera Data Platform (CDP)
* Cloudera Impala
* Full Stack Development
* HBase
* Java
* JavaScript
* Linux Shell Scripting
* Microsoft Azure SQL
* NoSQL
* PySpark
* Python (Programming Language)
* React
* Scala (Programming Language)
* Spark SQL
* Structured Query Language (SQL)

 **Reports To**: Manager and above  

  

**Direct Reports**: 0  

  

**Work Environment**

* Normal office environment. (Remote or Hybrid), 3 to 4 days per month are required in office if within 60 miles of a posted Bread Financial location.

 **Travel**

* Ability to travel up to 10% annually

 **Physical and Mental Requirements**  

  

To perform this job successfully, an individual must be able to perform each essential job function satisfactorily and meet the physical, mental and work environment requirements. Reasonable accommodations may be made to enable qualified individuals with disabilities to perform essential job functions, absent undue hardship.

* Communicate/Hearing
* Communicate/Talking
* Typing/Writing
* Maintain focus in high pressure or fast\\-paced work environment

**Other Duties**


This job description is illustrative of the types of duties typically performed by this job. It is not intended to be an exhaustive listing of each and every essential function of the job. Because job content may change from time to time, the Company reserves the right to add and/or delete essential functions from this job at any time.

**Salary Range (unless otherwise noted below):**

$87,900\\.00 \\- $159,200\\.00**Full Salary Range for position:**


California: $101,000\\.00 \\- $198,900\\.00
Colorado: $87,900\\.00 \\- $167,100\\.00
New York: $96,600\\.00 \\- $198,900\\.00
Washington: $92,200\\.00 \\- $183,000\\.00
Maryland: $92,200\\.00 \\- $175,100\\.00
Washington DC: $101,000\\.00 \\- $183,000\\.00
Illinois: $87,900\\.00 \\- $175,100\\.00
New Jersey: $101,000\\.00 \\- $183,000\\.00
Vermont: $87,900\\.00 \\- $159,200\\.00
Ohio: $87,900\\.00 \\- $159,200\\.00  


Maine: $87,900\\.00 \\- $159,200\\.00*The actual base pay within this range may be dependent upon many factors, which may include, but are not limited to, work location, education, experience, and skills.*


Bread Financial offers medical, prescription drug, dental, vision, and other voluntary benefits (including basic and optional life insurance, supplemental medical plans, and short and long\\-term disability) to eligible associates (regular full\\-time associates scheduled to work 30 hours per week or more) and their spouses/domestic partners, and child(ren) under the age of 26\\. New associate elected coverage begins on date of hire (with the exception of disability coverage which has a 6\\-month waiting period). Six weeks of 100% paid parental leave for eligible parents is available after a 180\\-day waiting period. Hired associates can immediately enroll in Bread Financial’s 401(k) plan.


All associates receive 11 paid holidays. Associates have discretion in managing their time away from work through the Flexible Time Off (FTO) program and may need to notify and receive approval from their manager prior to taking the time off. Associates (except those located in Illinois) receive 80 hours of Paid Sick and Safe Time (“PSST”) upon hire and at the beginning of each subsequent calendar year. Illinois associates receive 40 hours of Illinois PSST upon hire and at the beginning of each subsequent calendar year and 40 hours of Illinois Paid Leave upon hire and at the beginning of each subsequent calendar year. Illinois Paid Leave must be used before associates in Illinois will be approved to take FTO.


Hired associates will be able to elect the purchase company stock during offering periods in June and December. You will be eligible for an annual incentive bonus based on individual and company performance.


Click here for more Benefits information.

**About Bread Financial®**


At Bread Financial, you’ll have the opportunity to grow your career, give back to your community, and be part of our award\\-winning culture. We’ve been consistently recognized as a best place to work nationally and in many markets and we’re proud to promote an environment where you feel appreciated, accepted, valued, and fulfilled—both personally and professionally. Bread Financial supports the overall wellness of our associates with a diverse suite of benefits and offers boundless opportunities for career development and non\\-traditional career progression.


Bread Financial® (NYSE: BFH) is a tech\\-forward financial services company that provides simple, personalized payment, lending and saving solutions to millions of U.S. consumers. Our payment solutions deliver growth for some of the most recognized brands in travel \\& entertainment, health \\& beauty, technology, electronics, jewelry, home and specialty apparel through our co\\-brand and private label credit cards and pay\\-over\\-time products providing choice and value to our shared customers. Additionally, we offer Bread Financial general purpose credit cards and saving products that empower our customers and their passions for a better life.

  

Bread Financial proudly marks 30 years of success in 2026\\. To learn more about our global associates, our performance and our sustainability progress, visit breadfinancial.com or follow us on Instagram and LinkedIn.

* Bread Financial offers competitive pay, a comprehensive selection of benefit options including 401(k).
* The Company is an Equal Opportunity Employer.
* Any applicant offered employment will be required to establish that they are legally authorized to work in the United States for the Company.
* The Company participates in E\\-Verify.
* The Company will consider for employment all qualified applicants, including those with a criminal history, in a manner consistent with the requirements of all applicable federal, state, and local laws, including the Los Angeles Fair Chance Initiative for Hiring Ordinance, the San Francisco Fair Chance Ordinance, and the New York City Fair Chance Act. Applicants with criminal histories are encouraged to apply.
* The Company complies with the Americans with Disabilities Act (ADA), as amended, and all applicable state/local laws. The Company will provide accommodations to applicants needing accommodations to complete the application process. Applicants with disabilities may contact the Company to request and arrange for accommodations. If you need assistance to accommodate a disability, you may request an accommodation at any time. Please contact the Recruiting Team at TaOps@breadfinancial.com.

**Job Family:**

Information Technology**Job Type:**

Regular","","https://www.indeed.com/cmp/Bread-Financial","https://d2q79iu7y748jz.cloudfront.net/s/_squarelogo/256x256/f2c8f397d8f75be4229832cb98b9a95f","https://www.breadfinancial.com/","Columbus, OH","5,001 to 10,000","$1B to $5B (USD)","Bread Financial is a tech-forward financial services company providing simple, personalized payment, lending and saving solutions.","","","","","",""
"in-5606661108e2367d","indeed","https://www.indeed.com/viewjob?jk=5606661108e2367d","https://navitasp.talentnest.com/en/posting/235817/location/282590?source=indeed","Systems Analyst 3 – Data Integration / ETL / Analytics - 26-06253","NavitasPartners","Cedar Park, TX, US","2026-05-28","","","","","","",False,"","","","resumes@navitassols.com","**Systems Analyst 3 – Data Integration / ETL / Analytics**
----------------------------------------------------------


**Location \\-** Austin, TX (Hybrid: 3 Days Onsite – Tues/Wed/Fri)  

Duration: 12 Months


**Position Overview**



The client is seeking an experienced **Systems Analyst / Data Engineering professional** to support the continued development of a **Data Integration Hub** within the **Performance Management \\& Analytics System (PMAS)** environment.



This role focuses heavily on:


* ETL development using **Informatica Power Center / IICS**
* Advanced **Snowflake SQL**
* Data integration and dimensional modeling
* Agile\\-based data engineering initiatives
* Healthcare analytics and performance management systems


The consultant will collaborate closely with architects, data engineers, and business stakeholders to design, build, test, and support scalable analytics solutions.



**Core Responsibilities**
-------------------------


* Build and maintain ETL mappings/workflows using Informatica Power Center or IICS
* Develop advanced Snowflake SQL scripts, views, and materialized views
* Integrate data from:
	+ Oracle
	+ SQL Server
	+ Excel
	+ Access
	+ Adobe PDF
* Support data warehouse and dimensional model development
* Participate in Agile sprint ceremonies
* Create epics, user stories, and technical documentation
* Perform integration, load, and stress testing
* Develop automation for validation and verification
* Collaborate on data acquisition and architecture strategies
* Support deployments and ongoing operational enhancements
* Produce mockups and technical specifications

**Required Skills \\& Experience**
---------------------------------


### **Must\\-Have (8\\+ Years)**


* Informatica Power Center or IICS ETL development
* Data integration from multiple source systems
* Snowflake SQL development
* Systems analysis for analytics/data warehousing projects
* Technical documentation and diagramming (Visio, Erwin)
* Software platform delivery across enterprise systems
* Writing efficient, testable code

**Preferred Skills**
--------------------


### **Strongly Preferred**


* Agile/Scrum experience
* Healthcare/HHS experience
* Experience with PHI/PII data
* Python scripting
* JIRA
* REST/SOAP web services
* Java / JavaScript
* GitHub Actions / CI\\-CD pipelines
* MuleSoft
* AI tools such as:
	+ Snowflake Cortex
	+ Informatica Claire

*For more details reach at* ***resumes@navitassols.com***","","https://www.indeed.com/cmp/Navitaspartners","","","","","","","","","","","",""
"in-059e365e3de8e316","indeed","https://www.indeed.com/viewjob?jk=059e365e3de8e316","https://navitasp.talentnest.com/en/posting/235819/location/282592?source=indeed","Senior Data Architect / Data Engineer - 26-06256","NavitasPartners","Arlington, VA, US","2026-05-28","","","","","","",False,"","","","resumes@navitassols.com","**Senior Data Architect / Data Engineer**
=========================================


**Location:** Washington, DC  

**Duration:** 6 Months (Possible Extension)


**Position Overview**



We are seeking a highly experienced **Senior Data Architect / Data Engineer** to support a large\\-scale data modernization initiative focused on transforming legacy data environments into modern cloud\\-based analytical platforms.



This role will be responsible for designing, developing, and optimizing enterprise data architectures, scalable ETL/ELT pipelines, and advanced analytics infrastructure to support economic forecasting, policy research, and enterprise reporting initiatives.



The ideal candidate is a hands\\-on technical expert with deep experience in enterprise data engineering, cloud technologies, workflow orchestration, database architecture, and large\\-scale data integration. This individual will collaborate closely with research teams, data analysts, architects, and business stakeholders to improve data accessibility, scalability, governance, and operational efficiency.



**Key Responsibilities**
------------------------


### **Data Architecture \\& Engineering**


* Design, develop, and maintain scalable enterprise data architectures and analytical platforms
* Build and optimize robust ETL/ELT pipelines for ingesting, transforming, and delivering structured and unstructured data
* Develop scalable database solutions, data lakes, and enterprise data platforms
* Create conceptual, logical, and physical data models aligned with business and research objectives
* Implement data integration strategies across multiple on\\-premises and cloud\\-based systems

### **Data Pipeline Development**


* Design and automate data workflows using modern orchestration tools
* Develop scalable data processing frameworks for high\\-volume datasets
* Optimize data flows, database performance, and pipeline efficiency
* Implement monitoring, validation, and data quality controls across all data systems

### **Cloud \\& Platform Modernization**


* Support migration of legacy systems and workflows to modern cloud platforms
* Implement scalable cloud\\-native data solutions and automation frameworks
* Collaborate on enterprise modernization and DataOps initiatives
* Assist with CI/CD implementation and deployment automation for data platforms

### **Database \\& System Administration**


* Design and maintain relational and enterprise database structures
* Develop backup, recovery, and access security procedures
* Maintain metadata documentation, data dictionaries, and technical specifications
* Ensure data integrity, governance, and compliance standards are maintained

### **Collaboration \\& Stakeholder Support**


* Partner with economists, analysts, technical teams, and business stakeholders
* Translate complex business requirements into scalable technical solutions
* Provide technical leadership and recommendations for future\\-state architecture
* Support analytics, visualization, and reporting initiatives

### **Process Improvement \\& Innovation**


* Identify opportunities for automation and operational efficiency improvements
* Conduct root cause analysis for data and system\\-related issues
* Contribute to enterprise data architecture standards and best practices
* Support adoption of advanced analytics and machine learning capabilities

**Required Qualifications**
---------------------------


### **Education**


* Bachelor’s degree in Computer Science, Information Technology, Engineering, or related technical field
* Advanced degree preferred

### **Experience**


* Minimum 7\\+ years of experience in Data Architecture, Data Engineering, or related technical roles
* Strong hands\\-on experience designing enterprise data platforms and data integration solutions
* Experience building and maintaining large\\-scale ETL/ELT pipelines
* Experience with cloud migrations and modern data infrastructure implementations

### **Technical Skills**



Strong experience with:


* Advanced SQL development
* Python and/or R scripting
* Relational databases including:
	+ PostgreSQL
	+ Microsoft SQL Server
	+ MySQL
* Workflow orchestration tools such as:
	+ Apache Airflow
	+ Prefect
	+ Dagster
* Source control platforms:
	+ GitHub
	+ GitLab
* Linux\\-based development environments
* Data modeling and database optimization
* Data quality and governance practices

### **Cloud Experience**



Experience with one or more:


* Amazon Web Services
* Microsoft Azure
* Snowflake

**Preferred Qualifications**
----------------------------


* Experience working with economic, financial, or research datasets
* Experience with time\\-series data and forecasting analytics
* Experience implementing Change Data Capture (CDC) methodologies
* Experience with NoSQL or graph database technologies
* Experience with machine learning model deployment and maintenance
* Experience implementing CI/CD pipelines and DataOps practices
* Knowledge of Java, Scala, JavaScript, or Perl
* Experience supporting enterprise analytics and visualization platforms


*For more details reach at* ***resumes@navitassols.com***","","https://www.indeed.com/cmp/Navitaspartners","","","","","","","","","","","",""
"in-b5605e56ce3fac78","indeed","https://www.indeed.com/viewjob?jk=b5605e56ce3fac78","https://navitasp.talentnest.com/en/posting/235817/location/282590?source=indeed","Systems Analyst 3 – Data Integration / ETL / Analytics - 26-06253","NavitasPartners","Austin, TX, US","2026-05-28","","","","","","",False,"","","","resumes@navitassols.com","**Systems Analyst 3 – Data Integration / ETL / Analytics**
----------------------------------------------------------


**Location \\-** Austin, TX (Hybrid: 3 Days Onsite – Tues/Wed/Fri)  

Duration: 12 Months


**Position Overview**



The client is seeking an experienced **Systems Analyst / Data Engineering professional** to support the continued development of a **Data Integration Hub** within the **Performance Management \\& Analytics System (PMAS)** environment.



This role focuses heavily on:


* ETL development using **Informatica Power Center / IICS**
* Advanced **Snowflake SQL**
* Data integration and dimensional modeling
* Agile\\-based data engineering initiatives
* Healthcare analytics and performance management systems


The consultant will collaborate closely with architects, data engineers, and business stakeholders to design, build, test, and support scalable analytics solutions.



**Core Responsibilities**
-------------------------


* Build and maintain ETL mappings/workflows using Informatica Power Center or IICS
* Develop advanced Snowflake SQL scripts, views, and materialized views
* Integrate data from:
	+ Oracle
	+ SQL Server
	+ Excel
	+ Access
	+ Adobe PDF
* Support data warehouse and dimensional model development
* Participate in Agile sprint ceremonies
* Create epics, user stories, and technical documentation
* Perform integration, load, and stress testing
* Develop automation for validation and verification
* Collaborate on data acquisition and architecture strategies
* Support deployments and ongoing operational enhancements
* Produce mockups and technical specifications

**Required Skills \\& Experience**
---------------------------------


### **Must\\-Have (8\\+ Years)**


* Informatica Power Center or IICS ETL development
* Data integration from multiple source systems
* Snowflake SQL development
* Systems analysis for analytics/data warehousing projects
* Technical documentation and diagramming (Visio, Erwin)
* Software platform delivery across enterprise systems
* Writing efficient, testable code

**Preferred Skills**
--------------------


### **Strongly Preferred**


* Agile/Scrum experience
* Healthcare/HHS experience
* Experience with PHI/PII data
* Python scripting
* JIRA
* REST/SOAP web services
* Java / JavaScript
* GitHub Actions / CI\\-CD pipelines
* MuleSoft
* AI tools such as:
	+ Snowflake Cortex
	+ Informatica Claire

*For more details reach at* ***resumes@navitassols.com***","","https://www.indeed.com/cmp/Navitaspartners","","","","","","","","","","","",""
"in-ee533d88723392eb","indeed","https://www.indeed.com/viewjob?jk=ee533d88723392eb","https://navitasp.talentnest.com/en/posting/235819/location/282592?source=indeed","Senior Data Architect / Data Engineer - 26-06256","NavitasPartners","Alexandria, VA, US","2026-05-28","","","","","","",False,"","","","resumes@navitassols.com","**Senior Data Architect / Data Engineer**
=========================================


**Location:** Washington, DC  

**Duration:** 6 Months (Possible Extension)


**Position Overview**



We are seeking a highly experienced **Senior Data Architect / Data Engineer** to support a large\\-scale data modernization initiative focused on transforming legacy data environments into modern cloud\\-based analytical platforms.



This role will be responsible for designing, developing, and optimizing enterprise data architectures, scalable ETL/ELT pipelines, and advanced analytics infrastructure to support economic forecasting, policy research, and enterprise reporting initiatives.



The ideal candidate is a hands\\-on technical expert with deep experience in enterprise data engineering, cloud technologies, workflow orchestration, database architecture, and large\\-scale data integration. This individual will collaborate closely with research teams, data analysts, architects, and business stakeholders to improve data accessibility, scalability, governance, and operational efficiency.



**Key Responsibilities**
------------------------


### **Data Architecture \\& Engineering**


* Design, develop, and maintain scalable enterprise data architectures and analytical platforms
* Build and optimize robust ETL/ELT pipelines for ingesting, transforming, and delivering structured and unstructured data
* Develop scalable database solutions, data lakes, and enterprise data platforms
* Create conceptual, logical, and physical data models aligned with business and research objectives
* Implement data integration strategies across multiple on\\-premises and cloud\\-based systems

### **Data Pipeline Development**


* Design and automate data workflows using modern orchestration tools
* Develop scalable data processing frameworks for high\\-volume datasets
* Optimize data flows, database performance, and pipeline efficiency
* Implement monitoring, validation, and data quality controls across all data systems

### **Cloud \\& Platform Modernization**


* Support migration of legacy systems and workflows to modern cloud platforms
* Implement scalable cloud\\-native data solutions and automation frameworks
* Collaborate on enterprise modernization and DataOps initiatives
* Assist with CI/CD implementation and deployment automation for data platforms

### **Database \\& System Administration**


* Design and maintain relational and enterprise database structures
* Develop backup, recovery, and access security procedures
* Maintain metadata documentation, data dictionaries, and technical specifications
* Ensure data integrity, governance, and compliance standards are maintained

### **Collaboration \\& Stakeholder Support**


* Partner with economists, analysts, technical teams, and business stakeholders
* Translate complex business requirements into scalable technical solutions
* Provide technical leadership and recommendations for future\\-state architecture
* Support analytics, visualization, and reporting initiatives

### **Process Improvement \\& Innovation**


* Identify opportunities for automation and operational efficiency improvements
* Conduct root cause analysis for data and system\\-related issues
* Contribute to enterprise data architecture standards and best practices
* Support adoption of advanced analytics and machine learning capabilities

**Required Qualifications**
---------------------------


### **Education**


* Bachelor’s degree in Computer Science, Information Technology, Engineering, or related technical field
* Advanced degree preferred

### **Experience**


* Minimum 7\\+ years of experience in Data Architecture, Data Engineering, or related technical roles
* Strong hands\\-on experience designing enterprise data platforms and data integration solutions
* Experience building and maintaining large\\-scale ETL/ELT pipelines
* Experience with cloud migrations and modern data infrastructure implementations

### **Technical Skills**



Strong experience with:


* Advanced SQL development
* Python and/or R scripting
* Relational databases including:
	+ PostgreSQL
	+ Microsoft SQL Server
	+ MySQL
* Workflow orchestration tools such as:
	+ Apache Airflow
	+ Prefect
	+ Dagster
* Source control platforms:
	+ GitHub
	+ GitLab
* Linux\\-based development environments
* Data modeling and database optimization
* Data quality and governance practices

### **Cloud Experience**



Experience with one or more:


* Amazon Web Services
* Microsoft Azure
* Snowflake

**Preferred Qualifications**
----------------------------


* Experience working with economic, financial, or research datasets
* Experience with time\\-series data and forecasting analytics
* Experience implementing Change Data Capture (CDC) methodologies
* Experience with NoSQL or graph database technologies
* Experience with machine learning model deployment and maintenance
* Experience implementing CI/CD pipelines and DataOps practices
* Knowledge of Java, Scala, JavaScript, or Perl
* Experience supporting enterprise analytics and visualization platforms


*For more details reach at* ***resumes@navitassols.com***","","https://www.indeed.com/cmp/Navitaspartners","","","","","","","","","","","",""
"in-38fd78df3d590a31","indeed","https://www.indeed.com/viewjob?jk=38fd78df3d590a31","https://navitasp.talentnest.com/en/posting/235819/location/282592?source=indeed","Senior Data Architect / Data Engineer - 26-06256","NavitasPartners","Centreville, VA, US","2026-05-28","","","","","","",False,"","","","resumes@navitassols.com","**Senior Data Architect / Data Engineer**
=========================================


**Location:** Washington, DC  

**Duration:** 6 Months (Possible Extension)


**Position Overview**



We are seeking a highly experienced **Senior Data Architect / Data Engineer** to support a large\\-scale data modernization initiative focused on transforming legacy data environments into modern cloud\\-based analytical platforms.



This role will be responsible for designing, developing, and optimizing enterprise data architectures, scalable ETL/ELT pipelines, and advanced analytics infrastructure to support economic forecasting, policy research, and enterprise reporting initiatives.



The ideal candidate is a hands\\-on technical expert with deep experience in enterprise data engineering, cloud technologies, workflow orchestration, database architecture, and large\\-scale data integration. This individual will collaborate closely with research teams, data analysts, architects, and business stakeholders to improve data accessibility, scalability, governance, and operational efficiency.



**Key Responsibilities**
------------------------


### **Data Architecture \\& Engineering**


* Design, develop, and maintain scalable enterprise data architectures and analytical platforms
* Build and optimize robust ETL/ELT pipelines for ingesting, transforming, and delivering structured and unstructured data
* Develop scalable database solutions, data lakes, and enterprise data platforms
* Create conceptual, logical, and physical data models aligned with business and research objectives
* Implement data integration strategies across multiple on\\-premises and cloud\\-based systems

### **Data Pipeline Development**


* Design and automate data workflows using modern orchestration tools
* Develop scalable data processing frameworks for high\\-volume datasets
* Optimize data flows, database performance, and pipeline efficiency
* Implement monitoring, validation, and data quality controls across all data systems

### **Cloud \\& Platform Modernization**


* Support migration of legacy systems and workflows to modern cloud platforms
* Implement scalable cloud\\-native data solutions and automation frameworks
* Collaborate on enterprise modernization and DataOps initiatives
* Assist with CI/CD implementation and deployment automation for data platforms

### **Database \\& System Administration**


* Design and maintain relational and enterprise database structures
* Develop backup, recovery, and access security procedures
* Maintain metadata documentation, data dictionaries, and technical specifications
* Ensure data integrity, governance, and compliance standards are maintained

### **Collaboration \\& Stakeholder Support**


* Partner with economists, analysts, technical teams, and business stakeholders
* Translate complex business requirements into scalable technical solutions
* Provide technical leadership and recommendations for future\\-state architecture
* Support analytics, visualization, and reporting initiatives

### **Process Improvement \\& Innovation**


* Identify opportunities for automation and operational efficiency improvements
* Conduct root cause analysis for data and system\\-related issues
* Contribute to enterprise data architecture standards and best practices
* Support adoption of advanced analytics and machine learning capabilities

**Required Qualifications**
---------------------------


### **Education**


* Bachelor’s degree in Computer Science, Information Technology, Engineering, or related technical field
* Advanced degree preferred

### **Experience**


* Minimum 7\\+ years of experience in Data Architecture, Data Engineering, or related technical roles
* Strong hands\\-on experience designing enterprise data platforms and data integration solutions
* Experience building and maintaining large\\-scale ETL/ELT pipelines
* Experience with cloud migrations and modern data infrastructure implementations

### **Technical Skills**



Strong experience with:


* Advanced SQL development
* Python and/or R scripting
* Relational databases including:
	+ PostgreSQL
	+ Microsoft SQL Server
	+ MySQL
* Workflow orchestration tools such as:
	+ Apache Airflow
	+ Prefect
	+ Dagster
* Source control platforms:
	+ GitHub
	+ GitLab
* Linux\\-based development environments
* Data modeling and database optimization
* Data quality and governance practices

### **Cloud Experience**



Experience with one or more:


* Amazon Web Services
* Microsoft Azure
* Snowflake

**Preferred Qualifications**
----------------------------


* Experience working with economic, financial, or research datasets
* Experience with time\\-series data and forecasting analytics
* Experience implementing Change Data Capture (CDC) methodologies
* Experience with NoSQL or graph database technologies
* Experience with machine learning model deployment and maintenance
* Experience implementing CI/CD pipelines and DataOps practices
* Knowledge of Java, Scala, JavaScript, or Perl
* Experience supporting enterprise analytics and visualization platforms


*For more details reach at* ***resumes@navitassols.com***","","https://www.indeed.com/cmp/Navitaspartners","","","","","","","","","","","",""
"in-85ba3ff0ceff890d","indeed","https://www.indeed.com/viewjob?jk=85ba3ff0ceff890d","https://navitasp.talentnest.com/en/posting/235817/location/282590?source=indeed","Systems Analyst 3 – Data Integration / ETL / Analytics - 26-06253","NavitasPartners","Round Rock, TX, US","2026-05-28","","","","","","",False,"","","","resumes@navitassols.com","**Systems Analyst 3 – Data Integration / ETL / Analytics**
----------------------------------------------------------


**Location \\-** Austin, TX (Hybrid: 3 Days Onsite – Tues/Wed/Fri)  

Duration: 12 Months


**Position Overview**



The client is seeking an experienced **Systems Analyst / Data Engineering professional** to support the continued development of a **Data Integration Hub** within the **Performance Management \\& Analytics System (PMAS)** environment.



This role focuses heavily on:


* ETL development using **Informatica Power Center / IICS**
* Advanced **Snowflake SQL**
* Data integration and dimensional modeling
* Agile\\-based data engineering initiatives
* Healthcare analytics and performance management systems


The consultant will collaborate closely with architects, data engineers, and business stakeholders to design, build, test, and support scalable analytics solutions.



**Core Responsibilities**
-------------------------


* Build and maintain ETL mappings/workflows using Informatica Power Center or IICS
* Develop advanced Snowflake SQL scripts, views, and materialized views
* Integrate data from:
	+ Oracle
	+ SQL Server
	+ Excel
	+ Access
	+ Adobe PDF
* Support data warehouse and dimensional model development
* Participate in Agile sprint ceremonies
* Create epics, user stories, and technical documentation
* Perform integration, load, and stress testing
* Develop automation for validation and verification
* Collaborate on data acquisition and architecture strategies
* Support deployments and ongoing operational enhancements
* Produce mockups and technical specifications

**Required Skills \\& Experience**
---------------------------------


### **Must\\-Have (8\\+ Years)**


* Informatica Power Center or IICS ETL development
* Data integration from multiple source systems
* Snowflake SQL development
* Systems analysis for analytics/data warehousing projects
* Technical documentation and diagramming (Visio, Erwin)
* Software platform delivery across enterprise systems
* Writing efficient, testable code

**Preferred Skills**
--------------------


### **Strongly Preferred**


* Agile/Scrum experience
* Healthcare/HHS experience
* Experience with PHI/PII data
* Python scripting
* JIRA
* REST/SOAP web services
* Java / JavaScript
* GitHub Actions / CI\\-CD pipelines
* MuleSoft
* AI tools such as:
	+ Snowflake Cortex
	+ Informatica Claire

*For more details reach at* ***resumes@navitassols.com***","","https://www.indeed.com/cmp/Navitaspartners","","","","","","","","","","","",""
"in-b4c3cc0a6deb508c","indeed","https://www.indeed.com/viewjob?jk=b4c3cc0a6deb508c","https://navitasp.talentnest.com/en/posting/235817/location/282590?source=indeed","Systems Analyst 3 – Data Integration / ETL / Analytics - 26-06253","NavitasPartners","Georgetown, TX, US","2026-05-28","","","","","","",False,"","","","resumes@navitassols.com","**Systems Analyst 3 – Data Integration / ETL / Analytics**
----------------------------------------------------------


**Location \\-** Austin, TX (Hybrid: 3 Days Onsite – Tues/Wed/Fri)  

Duration: 12 Months


**Position Overview**



The client is seeking an experienced **Systems Analyst / Data Engineering professional** to support the continued development of a **Data Integration Hub** within the **Performance Management \\& Analytics System (PMAS)** environment.



This role focuses heavily on:


* ETL development using **Informatica Power Center / IICS**
* Advanced **Snowflake SQL**
* Data integration and dimensional modeling
* Agile\\-based data engineering initiatives
* Healthcare analytics and performance management systems


The consultant will collaborate closely with architects, data engineers, and business stakeholders to design, build, test, and support scalable analytics solutions.



**Core Responsibilities**
-------------------------


* Build and maintain ETL mappings/workflows using Informatica Power Center or IICS
* Develop advanced Snowflake SQL scripts, views, and materialized views
* Integrate data from:
	+ Oracle
	+ SQL Server
	+ Excel
	+ Access
	+ Adobe PDF
* Support data warehouse and dimensional model development
* Participate in Agile sprint ceremonies
* Create epics, user stories, and technical documentation
* Perform integration, load, and stress testing
* Develop automation for validation and verification
* Collaborate on data acquisition and architecture strategies
* Support deployments and ongoing operational enhancements
* Produce mockups and technical specifications

**Required Skills \\& Experience**
---------------------------------


### **Must\\-Have (8\\+ Years)**


* Informatica Power Center or IICS ETL development
* Data integration from multiple source systems
* Snowflake SQL development
* Systems analysis for analytics/data warehousing projects
* Technical documentation and diagramming (Visio, Erwin)
* Software platform delivery across enterprise systems
* Writing efficient, testable code

**Preferred Skills**
--------------------


### **Strongly Preferred**


* Agile/Scrum experience
* Healthcare/HHS experience
* Experience with PHI/PII data
* Python scripting
* JIRA
* REST/SOAP web services
* Java / JavaScript
* GitHub Actions / CI\\-CD pipelines
* MuleSoft
* AI tools such as:
	+ Snowflake Cortex
	+ Informatica Claire

*For more details reach at* ***resumes@navitassols.com***","","https://www.indeed.com/cmp/Navitaspartners","","","","","","","","","","","",""
"in-f19599523bbd9a1a","indeed","https://www.indeed.com/viewjob?jk=f19599523bbd9a1a","https://navitasp.talentnest.com/en/posting/235819/location/282592?source=indeed","Senior Data Architect / Data Engineer - 26-06256","NavitasPartners","Washington, DC, US","2026-05-28","","","","","","",False,"","","","resumes@navitassols.com","**Senior Data Architect / Data Engineer**
=========================================


**Location:** Washington, DC  

**Duration:** 6 Months (Possible Extension)


**Position Overview**



We are seeking a highly experienced **Senior Data Architect / Data Engineer** to support a large\\-scale data modernization initiative focused on transforming legacy data environments into modern cloud\\-based analytical platforms.



This role will be responsible for designing, developing, and optimizing enterprise data architectures, scalable ETL/ELT pipelines, and advanced analytics infrastructure to support economic forecasting, policy research, and enterprise reporting initiatives.



The ideal candidate is a hands\\-on technical expert with deep experience in enterprise data engineering, cloud technologies, workflow orchestration, database architecture, and large\\-scale data integration. This individual will collaborate closely with research teams, data analysts, architects, and business stakeholders to improve data accessibility, scalability, governance, and operational efficiency.



**Key Responsibilities**
------------------------


### **Data Architecture \\& Engineering**


* Design, develop, and maintain scalable enterprise data architectures and analytical platforms
* Build and optimize robust ETL/ELT pipelines for ingesting, transforming, and delivering structured and unstructured data
* Develop scalable database solutions, data lakes, and enterprise data platforms
* Create conceptual, logical, and physical data models aligned with business and research objectives
* Implement data integration strategies across multiple on\\-premises and cloud\\-based systems

### **Data Pipeline Development**


* Design and automate data workflows using modern orchestration tools
* Develop scalable data processing frameworks for high\\-volume datasets
* Optimize data flows, database performance, and pipeline efficiency
* Implement monitoring, validation, and data quality controls across all data systems

### **Cloud \\& Platform Modernization**


* Support migration of legacy systems and workflows to modern cloud platforms
* Implement scalable cloud\\-native data solutions and automation frameworks
* Collaborate on enterprise modernization and DataOps initiatives
* Assist with CI/CD implementation and deployment automation for data platforms

### **Database \\& System Administration**


* Design and maintain relational and enterprise database structures
* Develop backup, recovery, and access security procedures
* Maintain metadata documentation, data dictionaries, and technical specifications
* Ensure data integrity, governance, and compliance standards are maintained

### **Collaboration \\& Stakeholder Support**


* Partner with economists, analysts, technical teams, and business stakeholders
* Translate complex business requirements into scalable technical solutions
* Provide technical leadership and recommendations for future\\-state architecture
* Support analytics, visualization, and reporting initiatives

### **Process Improvement \\& Innovation**


* Identify opportunities for automation and operational efficiency improvements
* Conduct root cause analysis for data and system\\-related issues
* Contribute to enterprise data architecture standards and best practices
* Support adoption of advanced analytics and machine learning capabilities

**Required Qualifications**
---------------------------


### **Education**


* Bachelor’s degree in Computer Science, Information Technology, Engineering, or related technical field
* Advanced degree preferred

### **Experience**


* Minimum 7\\+ years of experience in Data Architecture, Data Engineering, or related technical roles
* Strong hands\\-on experience designing enterprise data platforms and data integration solutions
* Experience building and maintaining large\\-scale ETL/ELT pipelines
* Experience with cloud migrations and modern data infrastructure implementations

### **Technical Skills**



Strong experience with:


* Advanced SQL development
* Python and/or R scripting
* Relational databases including:
	+ PostgreSQL
	+ Microsoft SQL Server
	+ MySQL
* Workflow orchestration tools such as:
	+ Apache Airflow
	+ Prefect
	+ Dagster
* Source control platforms:
	+ GitHub
	+ GitLab
* Linux\\-based development environments
* Data modeling and database optimization
* Data quality and governance practices

### **Cloud Experience**



Experience with one or more:


* Amazon Web Services
* Microsoft Azure
* Snowflake

**Preferred Qualifications**
----------------------------


* Experience working with economic, financial, or research datasets
* Experience with time\\-series data and forecasting analytics
* Experience implementing Change Data Capture (CDC) methodologies
* Experience with NoSQL or graph database technologies
* Experience with machine learning model deployment and maintenance
* Experience implementing CI/CD pipelines and DataOps practices
* Knowledge of Java, Scala, JavaScript, or Perl
* Experience supporting enterprise analytics and visualization platforms


*For more details reach at* ***resumes@navitassols.com***","","https://www.indeed.com/cmp/Navitaspartners","","","","","","","","","","","",""
"in-eca53623921a348b","indeed","https://www.indeed.com/viewjob?jk=eca53623921a348b","https://rsli.wd503.myworkdayjobs.com/en-US/RSLIJobs/job/Philadelphia-PA/IT-Business-Intelligence-Analyst--Technical-Lead_R6606","IT Business Intelligence Analyst, Technical Lead","Reliance Matrix","Philadelphia, PA, US","2026-05-28","fulltime","direct_data","yearly",113850.0,151990.0,"USD",False,"","","","","**Job Responsibilities and Requirements**
=========================================

**NextGen Data Architecture**

* Key member of development team for RSLI’s NextGen data architecture, which incorporates a cloud\\-based architecture inclusive of big data, RDBMS and analytics technologies
* Leads in analysis and design of technical solutions that enhance NextGen Reporting and Analytics solutions
* Advances development team knowledge in Reporting and Analytics technologies and approaches
* Integrates seamlessly with implementation partner to complete conversion into new data architecture and add value through growth opportunities
* Sets the standard for how Reporting and Analytics should be delivered for RSL inclusive of data quality, UX, development approach, interaction with users, self\\-service enablement and others

**Lead Responsibilities**

* Leads the Production Support team as the primary activity
* Provides technical and functional support to the Production Support team to effectively deliver all enhancement and defect solutions
* Grows to become the owner of technical Reporting and Analytics solutions across the Data Program
* Creates and support team members in creating estimates, including working with external vendors
* Builds strong relationships with all key business area users throughout the enterprise
* Provides technical support for internal and external team members within all Data work streams

**Reporting and Analytics**

* Develops and support Reporting and Analytics products and processes within the semantic and reporting layers of Oracle Analytics Cloud (OAC)
* Extensive experience in operational BI reporting along with dashboards and visualizations
* Become proficient in the underlying data warehouse data inclusive of dimensions, facts and reporting summary tables
* Creates robust design through thorough analysis and understanding of user needs
* Unit tests development to verify compliance with specifications and ensure data quality
* Troubleshoots data issues from the data warehouse through the OAC reporting layer root cause
* Effectively integrates and coordinates with data modelers, data engineers and BI analysts to provide complete end\\-to\\-end\\-solutions
* Reports status regularly to management

**Business Community Support**

* Be a key contributor to self\\-service enablement throughout the enterprise and help build a strong user community through our BI Center of Excellence
* Consistently works with the user community to understand their prioritized needs
* Support with technical and data knowledge to increase user adoption

**Required Knowledge, Skills, Abilities and/or Related Experience**

* Bachelor’s Degree required. Related I.S. degree or equivalent experience in Business Intelligence / Data Warehousing preferred.
* Minimum of five (5\\) years directly related experience.
* Oracle Analytics Cloud or similar (Tableau, Qlik, PowerBI, etc.)
* Minimum of three (3\\) years of Cloud development experience, preferably Oracle
* Database Technologies (5\\+ years)



	+ Oracle preferred
* Other Languages



	+ SQL (5\\+ years)
	+ PL/SQL (3\\+ years)
* Comprehensive understanding of Business Intelligence and Data Warehousing processes and tools
* Experience with data modeling within RDBMS, including the Kimball Design Methodology (star schemas, bridge tables, etc.)

**Preferred Knowledge, Skills, Abilities and/or Related Experience**

* Insurance data experience



	+ Group preferred over P\\&C, LIMRA
* Financial data experience



	+ General Ledger, Sub\\-ledger, Chart of Accounts
	+ IFRS
* Annuities data experience

**Ability to Travel:** Up to 10%  



  

The expected hiring range for this position is $113,850\\.00 \\- $151,990\\.00 annually for work performed in the primary location (Philadelphia, PA). This expected hiring range covers only base pay and excludes any other compensation components such as commissions or incentive awards. The successful candidate’s starting base pay will be based on several factors including work location, job\\-related skills, experience, qualifications, and market conditions. These ranges may be modified in the future.  

  

Work location may be flexible if approved by the Company.  



  

**What We Offer**

At Reliance Matrix, we believe that fostering an inclusive culture allows us to realize more of our potential. And we can’t do this without our most important asset—you.


That is why we offer a competitive pay package and a range of benefits to help team members thrive in their financial, physical, and mental wellbeing.


**Our Benefits:**

* An annual performance bonus for all team members
* Generous 401(k) company match that is immediately vested
* A choice of three medical plans (that include prescription drug coverage) to suit your unique needs. For High Deductible Health Plan enrollees, a company contribution to your Health Savings Account
* Multiple options for dental and vision coverage
* Company provided Life \\& Disability Insurance to ensure financial protection when you need it most
* Family friendly benefits including Paid Parental Leave \\& Adoption Assistance
* Hybrid work arrangements for eligible roles
* Tuition Reimbursement and Continuing Professional Education
* Paid Time Off – new hires start with at least 20 days of PTO per year in addition to nine company paid holidays. As you grow with us, your PTO may increase based on your level within the company and years of service.
* Volunteer days, community partnerships, and Employee Assistance Program
* Ability to connect with colleagues around the country through our Employee Resource Group program

**Our Values:**

* Integrity
* Empowerment
* Compassion
* Collaboration
* Fun

**EEO Statement**

Reliance Matrix is an equal opportunity employer. We adhere to a policy of making employment decisions without regard to race, color, religion, sex, national origin, citizenship, age or disability, or any other classification or characteristic protected by federal or state law or regulation. We assure you that your opportunity for employment depends solely on your qualifications.  



  

\\#LI\\-Hybrid .","","https://www.indeed.com/cmp/Reliance-Matrix","https://d2q79iu7y748jz.cloudfront.net/s/_squarelogo/256x256/206dd8cf4c0c39bc80e2ad8872bf62ca","https://www.reliancematrix.com/","Philadelphia, PA","1,001 to 5,000","Decline to state","A proud member of the global Tokio Marine Group, one of the oldest, largest and most respected insurance organizations in the world.","","","","","",""
"in-aa494721f4ef838f","indeed","https://www.indeed.com/viewjob?jk=aa494721f4ef838f","https://recruiting2.ultipro.com/QSE1000QSER/JobBoard/6cf8d9f1-7140-4a4f-8dba-c15b5a2fafb0/OpportunityDetail?opportunityId=f609c1e8-8358-4bb2-892d-3bc369d41333&postingId=9db3c38e-0d15-4031-9e54-c0eec5804166","Data Engineer","Metronet","IN, US","2026-05-28","","direct_data","yearly",70000.0,80000.0,"USD",True,"","","","","Love Your Mondays again!


**Join the Future of Connectivity with Metronet!**



Are you ready to launch your career with one of the nation’s fastest\\-growing fiber\\-optic powerhouses? Welcome to Metronet, where we don’t just build networks; we build communities.

  


**Data Engineer**



As a **Data Engineer,** you will play a pivotal role in designing, implementing, and optimizing data infrastructure and pipelines to support business intelligence and analytics initiatives. This position requires a combination of technical expertise and business acumen to ensure data is reliable, accessible, and secure.

  


**ESSENTIAL JOB FUNCTIONS:**


* Design and develop data serving and semantic layers to support business needs ranging from traditional reporting to reverse ETL and LLM/AI implementations.
* Develop data models for use by analysts and applications from across the business using modern dimensional modeling practices to efficiently serve accurate, consistent data.
* Build and maintain robust, scalable data pipelines to extract, transform, and load (ETL, ELT) data from various sources into the data platform using both batch processing and event\\-driven patterns.
* Create efficient, performant data models to support business requirements and analytics needs.
* Implement and automate data quality checks and monitoring to ensure data accuracy and drive observability.
* Manage, troubleshoot and optimize existing data infrastructure, including cloud\\-based solutions and on\\-premises systems.
* Leverage cloud data platforms (Fabric, Databricks, Snowflake, etc.) for data storage, processing, and analysis.
* Work closely with data analysts, data scientists, and business stakeholders to understand their data needs and deliver solutions.
* Identify and resolve data\\-related issues and challenges for technical and non\\-technical stakeholders.
* Support company\\-wide projects ranging from server migrations to mergers and acquisitions as a data and systems expert.
* Automate data processes to improve efficiency and reduce manual effort. Implement modern concepts like metadata\\-driven pipelines and Infrastructure\\-as\\-Code that will play a key role in a scalable, resilient data platform.
* Document data processes, architecture, and workflows.
* All other duties as assigned

  


**JOB QUALIFICATIONS AND REQUIREMENTS:**


* Bachelor's degree in computer science, engineering, or a related field.
* Advanced SQL skills required, experience with the use of programming languages (Python, Java, Scala) preferred.
* Experience with data warehousing and data lake technologies, concepts and best practices.
* Experience with and understanding dimensional modeling concepts and best practices.
* Understanding of data modeling and ETL processes and best practices
* Experience with cloud platforms (Azure, AWS, etc.) is required; experience with data platforms like Fabric, Databricks or Snowflake is preferred.
* Strong analytical and problem\\-solving skills
* Willingness to work as a team and independently.
* Must be legally authorized to work in the U.S.


**ADDITIONAL JOB REQUIREMENTS:**


* 3 – 5 years of experience as a Data Engineer or Analytics Engineer
* Experience with Spark (PySpark, SQL SQL, etc.)
* Experience with developing bespoke data pipelines and handling various authentication patterns

  



Join us and find out what it means to love your career!



At **Metronet**, we are committed to delivering cutting\\-edge technology combined with exceptional customer care. Our 100% fiber\\-optic technology ensures that we provide our customers with some of the fastest internet speeds in the world. As industry leaders in fiber\\-to\\-the\\-premise TV, voice, and internet services, we’re not just focused on expanding our networks—we’re focused on enriching the lives of those we serve.



We value our associates because they are the cornerstone of our success. By joining the **Metronet** family, you’re stepping into a rewarding career in technology with a company dedicated to your growth and success. We’re in it to win it, and a key part of our strategy is to strengthen our business\\-to\\-business technology sales team with talented and hard\\-working individuals who aspire to be the next generation of technology leaders.



Recognized as one of the Best Places to Work, we offer a competitive total compensation package, including 80% of medical premiums paid by the company, company\\-paid disability and life insurance, and a 401(k)\\-company match. Plus, enjoy discounted services within our coverage areas and thrive in a locally owned, friendly, and fun atmosphere.



Discover more with **Metronet** — a company where your success builds stronger communities, and your future is limitless.

  


**Metro****net** is an equal opportunity employer. We will not discriminate against any applicant or employee on the basis of sexual orientation, gender identity, race, gender, religion, age, national origin, color, disability, or veteran status. EOE/Minority/Female/Disabled/Veteran

  



Pay Range: $70,000 \\- $80,000/yr.



\\#LI\\-AF1


Equal Opportunity Employer  

This employer is required to notify all applicants of their rights pursuant to federal employment laws. For further information, please review the Know Your Rights (https://www.eeoc.gov/poster) notice from the Department of Labor.","","https://www.indeed.com/cmp/Metronet-8","https://d2q79iu7y748jz.cloudfront.net/s/_squarelogo/256x256/522320879e26e06820a774a508e66f33","https://www.metronet.com/","Evansville, IN","1,001 to 5,000","Decline to state","Metronet is a customer-focused company provides cutting-edge fiber optic communication services, including high-speed Fiber Internet and full-featured Fiber Phone.","","","","","",""
"in-4b48f611cc241ddd","indeed","https://www.indeed.com/viewjob?jk=4b48f611cc241ddd","https://uhg.taleo.net/careersection/10000/jobdetail.ftl?job=2352558&lang=en","Senior Data Engineer","Optum","Brentwood, TN, US","2026-05-28","fulltime","direct_data","yearly",91700.0,163700.0,"USD",True,"","","","","Optum is a global organization that delivers care, aided by technology to help millions of people live healthier lives. The work you do with our team will directly improve health outcomes by connecting people with the care, pharmacy benefits, data and resources they need to feel their best. Here, you will find a culture guided by inclusion, talented peers, comprehensive benefits and career development opportunities. Come make an impact on the communities we serve as you help us advance health optimization on a global scale. Join us to start **Caring. Connecting. Growing together.**  

You'll enjoy the flexibility to telecommute\\* from anywhere within the U.S. as you take on some tough challenges. **Primary Responsibilities:*** Design, develop, and deploy AI\\-powered solutions using no\\-code, low\\-code, and advanced platforms, translating business needs into scalable applications that enhance products, workflows and decision\\-making
* Build high performing and scalable data systems, applications, and data pipelines to process very large amounts of data from multiple sources
* Develops services, controls, and reusable patterns that enable the team to deliver value safely, quickly, and sustainably in the public cloud and on prem
* Collaborate on Big Data systems, and features within an Agile environment
* Collaborate with cross\\-function teams of developers, senior architects, product managers, DevOps, and project managers
* Deliver solutions that are devoid of significant security vulnerabilities
* Foster high\\-performance, collaborative technical work resulting in high\\-quality output
* Proactively automate infrastructure, application and services to enable an automated delivery through the CI/CD pipelines to the cloud and on prem
* Help convert current on prem ETL pipelines from .Net to cloud using azure data factory/data bricks
* Help maintain current .Net framework till conversions are complete
* Excellent time management, communication, decision making, and presentation skills
* Display a strong desire to achieve and attain high levels of both internal and external customer satisfaction


You'll be rewarded and recognized for your performance in an environment that will challenge you and give you clear direction on what it takes to succeed in your role as well as provide development for other roles you may be interested in.


**Required Qualifications:**

* Bachelor's degree in Computer Science, Information Systems, or equivalent work experience
* 7\\+ years of experience in large Database Administration
* 7\\+ years of experience with SQL Server (T\\-SQL), including performance tuning, indexing strategies, and Query Store analysis
* 7\\+ years of experience with High Availability (HA) and Disaster Recovery (DR) solutions such as Always On Availability Groups, mirroring, enterprise data security
  

* 4\\+ years of experience with data replication tools such as Service Broker
* 4\\+ years of experience with partitioning
* 4\\+ years of experience supporting Data Integration tool SSIS from a connectivity and performance troubleshooting perspective
* 2\\+ years of experience monitoring and alerting in an enterprise environment (i.e. Redgate)
  

* 2\\+ years of experience managing Cloud databases (Azure SQL DB, Azure Synapse, SQL Managed Instances, or Snowflake), including storage optimization and cost management; monitoring and alerting tool Azure Monitor; and managing data integration tools (Azure Data Factory) from a connectivity and performance troubleshooting perspective
* 2\\+ years experience with CI/CD pipelines (Azure DevOps/GitHub Actions/Azure App Service) specifically for automated database deployments and schema migrations
* 2\\+ years of experience automating database tasks using PowerShell or Python

* All Telecommuters will be required to adhere to UnitedHealth Group's Telecommuter Policy.
  

Pay is based on several factors including but not limited to local labor markets, education, work experience, certifications, etc. In addition to your salary, we offer benefits such as, a comprehensive benefits package, incentive and recognition programs, equity stock purchase and 401k contribution (all benefits are subject to eligibility requirements). No matter where or when you begin a career with us, you'll find a far\\-reaching choice of benefits and incentives. The salary for this role will range from $91,700 to $163,700 annually based on full\\-time employment. We comply with all minimum wage laws as applicable.  

Pursuant to the San Francisco Fair Chance Ordinance, we will consider for employment qualified applicants with arrest and conviction records. ***Application Deadline:*** *This will be posted for a minimum of 2 business days or until a sufficient candidate pool has been collected. Job posting may come down early due to volume of applicants.* *At UnitedHealth Group, our mission is to help people live healthier lives and make the health system work better for everyone. We believe everyone\\-of every race, gender, sexuality, age, location and income\\-deserves the opportunity to live their healthiest life. Today, however, there are still far too many barriers to good health which are disproportionately experienced by people of color, historically marginalized groups and those with lower incomes. We are committed to mitigating our impact on the environment and enabling and delivering equitable care that addresses health disparities and improves health outcomes \\- an enterprise priority reflected in our mission.* *UnitedHealth Group is an Equal Employment Opportunity employer under applicable law and qualified applicants will receive consideration for employment without regard to race, national origin, religion, age, color, sex, sexual orientation, gender identity, disability, or protected veteran status, or any other characteristic protected by local, state, or federal laws, rules, or regulations.* *UnitedHealth Group is a drug \\- free workplace. Candidates are required to pass a drug test before beginning employment.*  

 \\#RPO","","https://www.indeed.com/cmp/Optum","https://d2q79iu7y748jz.cloudfront.net/s/_squarelogo/256x256/fda00a1dbb2aaebea6d386695d0294c2","https://www.optum.com","Eden Prairie, MN","10,000+","more than $10B (USD)","","","","","","",""
"in-e7ee6f54a2fb1a1e","indeed","https://www.indeed.com/viewjob?jk=e7ee6f54a2fb1a1e","https://uhg.taleo.net/careersection/10000/jobdetail.ftl?job=2363547&lang=en","Senior Data Analyst - Remote","Optum","Duluth, MN, US","2026-05-28","fulltime","direct_data","yearly",91700.0,163700.0,"USD",True,"","","","","Optum is a global organization that delivers care, aided by technology to help millions of people live healthier lives. The work you do with our team will directly improve health outcomes by connecting people with the care, pharmacy benefits, data and resources they need to feel their best. Here, you will find a culture guided by diversity and inclusion, talented peers, comprehensive benefits and career development opportunities. Come make an impact on the communities we serve as you help us advance health equity on a global scale. Join us to start **Caring. Connecting. Growing together.**

  

Optum Health Analytics is putting intelligence at the core of decision making by advancing a data driven culture through the connection of critical data assets and delivery of integrated business reporting \\& analytics. We are looking for a high performing candidate to fill a Data Analyst role on our fun, high performing, and growing team. The ideal candidate will be responsible for ensuring the accuracy, consistency, and reliability of our healthcare data. You will work closely with Data Engineers, Business Intelligence Engineers, and key stakeholders to deliver business value.

  

You'll enjoy the flexibility to work remotely \\* from anywhere within the U.S. as you take on some tough challenges.

 **Primary Responsibilities:**

* Design, develop, and maintain data pipelines and ETL processes to extract, transform, and load data from various sources into our Snowflake environment
* Create and maintain data models and schemas for various data sources and ensure data accuracy, consistency, and integrity
* Develop and maintain automated data quality checks and data monitoring processes to identify and resolve data issues
* Collaborate with business stakeholders to understand business requirements and translate them into technical specifications
* Perform data analysis to identify business problems and deliver value
* Problem solve and troubleshoot issues independently and as a part of a team
* Communicate updates, changes or issues to wider team and stakeholders

  

You'll be rewarded and recognized for your performance in an environment that will challenge you and give you clear direction on what it takes to succeed in your role as well as provide development for other roles you may be interested in.

**Required Qualifications:**

* 3\\+ years SQL experience, including complex queries and optimization
* Knowledge of data warehousing concepts
* Proven problem\\-solving skills; the ability to systematically analyze problems, draw relevant conclusions and devise appropriate courses of action

 **Preferred Qualifications:**

* Completion of Epic Clarity Certification
* Experience with Snowflake Platform
* Experience with Data Visualization tools e.g. Power Bi, Tableau
* Familiarity with Azure Data Factory for ETL
* Proven excellent research skills to find relevant data needed for a business need
* Demonstrated ability to work with ETL tools to develop, improve and maintain pipelines
* Proven ability to work in a global, cross team collaboration to deliver quality results

* All employees working remotely will be required to adhere to UnitedHealth Group's Telecommuter Policy.

  

Pay is based on several factors including but not limited to local labor markets, education, work experience, certifications, etc. In addition to your salary, we offer benefits such as, a comprehensive benefits package, incentive and recognition programs, equity stock purchase and 401k contribution (all benefits are subject to eligibility requirements). No matter where or when you begin a career with us, you'll find a far\\-reaching choice of benefits and incentives. The salary for this role will range from $91,700 to $163,700 annually based on full\\-time employment. We comply with all minimum wage laws as applicable.

 **Application Deadline:** This will be posted for a minimum of 2 business days or until a sufficient candidate pool has been collected. Job posting may come down early due to volume of applicants.

 *At UnitedHealth Group, our mission is to help people live healthier lives and make the health system work better for everyone. We believe everyone\\-of every race, gender, sexuality, age, location and income\\-deserves the opportunity to live their healthiest life. Today, however, there are still far too many barriers to good health which are disproportionately experienced by people of color, historically marginalized groups and those with lower incomes. We are committed to mitigating our impact on the environment and enabling and delivering equitable care that addresses health disparities and improves health outcomes \\- an enterprise priority reflected in our mission.*

 *UnitedHealth Group is an Equal Employment Opportunity employer under applicable law and qualified applicants will receive consideration for employment without regard to race, national origin, religion, age, color, sex, sexual orientation, gender identity, disability, or protected veteran status, or any other characteristic protected by local, state, or federal laws, rules, or regulations.*

 *UnitedHealth Group is a drug \\- free workplace. Candidates are required to pass a drug test before beginning employment.*","","https://www.indeed.com/cmp/Optum","https://d2q79iu7y748jz.cloudfront.net/s/_squarelogo/256x256/fda00a1dbb2aaebea6d386695d0294c2","https://www.optum.com","Eden Prairie, MN","10,000+","more than $10B (USD)","","","","","","",""
"in-5aa48e97cf417357","indeed","https://www.indeed.com/viewjob?jk=5aa48e97cf417357","https://swbc.wd1.myworkdayjobs.com/en-US/swbccareers/job/San-Antonio-TX/Data-Scientist-II_R0014993-1","Data Scientist II","SWBC","San Antonio, TX, US","2026-05-28","fulltime","","","","","",False,"","","","","SWBC is seeking a talented individual who will contribute to the development of machine learning models, analytical solutions, and AI\\-driven capabilities that directly impact business performance and client outcomes. This role works closely with the Senior Data Scientist, Analytics Engineers, and Data Analysts to design, build, and deploy data science solutions within SWBC's modern, cloud\\-native data ecosystem and enterprise AI/ML platform. The Data Scientist II is expected to independently lead analyses and model development projects with minimal guidance, while contributing to the broader AI strategy of the organization.

***Why you'll love this role:***


In this role, you will work hands\\-on with cutting\\-edge tools and platforms every day, including Hex for experimentation, Omni for AI context development powering Clara, and SWBC Intelligence our multi\\-model AI orchestration platform spanning AWS Bedrock and AWS Sagemaker to build and deploy intelligent solutions for internal and client\\-facing use cases. We offer a collaborative environment that values continuous learning, empirical rigor, and professional growth.

***Essential duties include the following:***

* Design, develop, and deploy machine learning models and analytical solutions to address business problems, including forecasting, segmentation, classification, and anomaly detection.
* Contribute to the development and enhancement of Clara, SWBC's AI decision assistant, including supporting context engineering within Omni, prompt development, and model evaluation workflows.
* Build and maintain ML/AI experiment workflows using Hex for prototyping and exploration, and AWS SageMaker and MLflow for experiment tracking, feature engineering, and model versioning.
* Develop and deploy AI/ML solutions within SWBC Intelligence, the enterprise multi\\-model AI orchestration platform, leveraging AWS Bedrock and AWS Sagemaker as directed by senior team members.
* Conduct exploratory data analysis and feature engineering using data sourced from SWBC's governed medallion architecture (Bronze \\- Silver \\- Gold) in Snowflake.
* Participate in the platform's Evaluation Harness process, including test case development, model benchmarking, and scoring framework contribution to ensure solution quality.
* Perform AI experimentation and prototyping within governed sandbox environments, including Snowflake Sandbox and Hex, ensuring adherence to data privacy and compliance requirements.
* Apply Responsible AI principles, including bias detection, model explainability, and fairness monitoring, to all model development activities.
* Collaborate with cross\\-functional teams including Analytics Engineering, Data Management, and business stakeholders to translate business problems into data science solutions.
* Communicate findings, model results, and recommendations to both technical and non\\-technical audiences through clear documentation, visualizations, and presentations.
* Stay current with emerging trends in data science, machine learning, and AI, and contribute to the team's knowledge sharing and continuous improvement culture.

***Serious candidates will possess the minimum qualifications:***

* Master's degree in a quantitative field such as Computer Science, Data Science, Statistics, Mathematics, or a related discipline. Equivalent professional experience (5\\+ years) may be considered in lieu of an advanced degree.
* Minimum of two (2\\) years of progressive experience in data science, analytics, or machine learning roles.
* Proficiency in Python and SQL, with working knowledge of ML frameworks such as TensorFlow, PyTorch, scikit\\-learn, or equivalent.
* Experience developing and deploying models within cloud\\-based AI/ML platforms, preferably AWS (SageMaker, S3\\) and Snowflake.
* Familiarity with MLOps tools and practices, including MLflow, experiment tracking, and model versioning.
* Proficiency in Hex for data science experimentation and prototyping.
* Understanding of statistical modeling, hypothesis testing, and experimental design.
* Ability to work with structured and semi\\-structured data, perform data cleaning, and conduct exploratory analysis.
* Strong communication skills with the ability to present findings to both technical and non\\-technical audiences.
* Ability to interpret ambiguity and work with minimal direction on defined project scopes.
* Ability to lift 20 lbs. of files, supplies, documents, or other related items.

***SWBC offers\\*:***

* Competitive overall compensation package
* Work/Life balance
* Employee engagement activities and recognition awards
* Years of Service awards
* Career enhancement and growth opportunities
* Leadership Academy and Mentor Program
* Continuing education and career certifications
* Variety of healthcare coverage options
* Traditional and Roth 401(k) retirement plans
* Lucrative Wellness Program

* *Based upon employee eligibility*

  



***Additional Information:***

  



SWBC is a Substance\\-Free Workplace and requires pre\\-employment drug testing.

  



Please note, SWBC does not hire tobacco users as allowed by law.

  



To learn more about SWBC, visit our website at www.SWBC.com. If interested, please click the appropriate apply button.","Banks And Financial Services","https://www.indeed.com/cmp/Swbc","https://d2q79iu7y748jz.cloudfront.net/s/_squarelogo/256x256/d6aa95cf6628abf181ac4010c6834c4a","https://www.swbc.com/","9311 San Pedro Ave, Ste 600
San Antonio, Texas

(210) 525-1241","","","SWBC is a diversified financial services company honored as one of the Best Companies to Work for in Texas. SWBC is growing, join our team!","","","","","",""
"in-29eba7528027bc06","indeed","https://www.indeed.com/viewjob?jk=29eba7528027bc06","https://swbc.wd1.myworkdayjobs.com/en-US/swbccareers/job/San-Antonio-TX/Senior-Data-Scientist_R0014834-1","Senior Data Scientist","SWBC","San Antonio, TX, US","2026-05-28","fulltime","","","","","",False,"","","","","SWBC is seeking a talented individual who will lead the development of our most critical and complex machine learning and AI initiatives. This role is a technical leadership position responsible for setting the strategic direction for data science projects, mentoring the Data Science team, and ensuring our models are scalable, reliable, and directly tied to business outcomes. The Senior Data Scientist will serve as a subject matter expert and strategic partner to business and executive leadership, driving the development and deployment of intelligent solutions across SWBC's enterprise AI/ML platform.

***Why you'll love this role:***


In this role, you will lead the design and delivery of intelligent solutions that power Clara, SWBC's AI decision assistant, and drive enterprise\\-wide analytics through forecasting models, segmentation analysis, and context engineering for AI self\\-service. Your daily work will center on developing and deploying within SWBC Intelligence, our multi\\-model AI orchestration platform spanning AWS Bedrock, AWS Sagemaker, alongside Hex for experimentation and Omni for AI context development powering Clara and SWBC Insights.

***Essential duties include the following:***

* Act as the technical lead for high\\-impact data science projects, from ideation through production deployment, ensuring alignment with business objectives and compliance standards.
* Design and implement machine learning and AI solutions, including predictive models, forecasting frameworks, segmentation analysis, and natural language processing capabilities.
* Lead the development and enhancement of Clara, SWBC's AI decision assistant, including context engineering within Omni, model evaluation, and continuous intelligence improvement.
* Develop and deploy AI/ML solutions within SWBC Intelligence, the enterprise multi\\-model AI orchestration platform, leveraging AWS Bedrock and AWS Sagemaker for internal and client\\-facing use cases.
* Build and maintain AI/ML experiment workflows using Hex for prototyping and exploration, and AWS SageMaker and MLflow for experiment tracking, model versioning, and lifecycle management within the platform.
* Contribute to the platform's Evaluation Harness process, including golden dataset curation, rubric\\-based scoring, adversarial testing, and model performance benchmarking to ensure solution quality before production deployment.
* Conduct AI experimentation and prototyping within governed sandbox environments, including Snowflake Sandbox and Hex, while adhering to data privacy, masking, and compliance requirements.

Collaborate with Analytics Engineers and Data Management teams to source model training data from governed medallion layers (Bronze Silver* Gold), ensuring data quality and lineage traceability.
* Champion Responsible AI practices, including explainability, bias monitoring, fairness metrics, and model auditability in alignment with SWBC's governance framework.
* Lead model validation, A/B testing, and performance monitoring to ensure models meet business requirements and maintain production\\-grade reliability.
* Partner with IT platform engineering teams to provide feedback on platform capabilities, identify gaps, and advocate for enhancements that improve the Data Science team's development and deployment experience.
* Mentor, coach, and provide technical guidance to the Data Science team, fostering a culture of continuous learning, empirical rigor, and innovation.
* Publish technical documentation and best practices to advance the team's capabilities and contribute to the organization's knowledge base.

 ***Serious candidates will possess the minimum qualifications:***

* Master's or Ph.D. in a quantitative field such as Computer Science, Data Science, Statistics, Mathematics, or a related discipline. Equivalent professional experience (8\\+ years) may be considered in lieu of an advanced degree.
* Minimum five (5\\) years of progressive experience in data science, with a portfolio of deployed models that have driven significant business value.
* Extensive experience with advanced machine learning techniques, including deep learning, natural language processing (NLP), time series forecasting, or computer vision.
* Proficiency in Python and strong understanding of ML frameworks such as TensorFlow, PyTorch, scikit\\-learn, or equivalent.
* Hands\\-on experience developing and deploying models within cloud\\-based AI/ML platforms, including AWS SageMaker, Bedrock, and S3\\.
* Experience with MLOps tools and practices, including MLflow, model registries, CI/CD for ML pipelines, and automated evaluation frameworks.
* Proficiency in Hex for data science experimentation and prototyping, and familiarity with Omni for analytics and AI context development.
* Familiarity with Snowflake for data sourcing and analytics within a governed medallion architecture.
* Strong understanding of data governance, compliance, and responsible AI principles within regulated industries. Financial services or insurance experience preferred.
* Exceptional communication and leadership skills, with a track record of influencing strategic decisions and presenting complex findings to non\\-technical stakeholders.
* Demonstrated ability to work autonomously, manage projects, and make key decisions with minimal guidance.
* Ability to lift 20 lbs. of files, supplies, documents, or other related items.

***SWBC offers\\*:***

* Competitive overall compensation package
* Work/Life balance
* Employee engagement activities and recognition awards
* Years of Service awards
* Career enhancement and growth opportunities
* Leadership Academy and Mentor Program
* Continuing education and career certifications
* Variety of healthcare coverage options
* Traditional and Roth 401(k) retirement plans
* Lucrative Wellness Program

* *Based upon employee eligibility*

  



***Additional Information:***

  



SWBC is a Substance\\-Free Workplace and requires pre\\-employment drug testing.

  



Please note, SWBC does not hire tobacco users as allowed by law.

  



To learn more about SWBC, visit our website at www.SWBC.com. If interested, please click the appropriate apply button.","Banks And Financial Services","https://www.indeed.com/cmp/Swbc","https://d2q79iu7y748jz.cloudfront.net/s/_squarelogo/256x256/d6aa95cf6628abf181ac4010c6834c4a","https://www.swbc.com/","9311 San Pedro Ave, Ste 600
San Antonio, Texas

(210) 525-1241","","","SWBC is a diversified financial services company honored as one of the Best Companies to Work for in Texas. SWBC is growing, join our team!","","","","","",""
"in-e338f14503b7dadc","indeed","https://www.indeed.com/viewjob?jk=e338f14503b7dadc","https://ibegin.tcsapps.com/candidate/jobs/shared-job/NDE0NjQzSg==","Senior Engineer","Tata Consultancy Services (TCS)","Auburn Hills, MI, US","2026-05-28","","direct_data","yearly",100000.0,110000.0,"USD",False,"","","","","Data Engineer
Must Have Technical/Functional Skills
* Programming Languages: Proficient in SQL, Pyspark, Python
* Data Pipeline \\& ETL: Proficiency in building ETL/ELT pipelines using tools like Apache Airflow, AWS EC2, EMR, S3, dbt, Azure Data factory
* Database Management: Expertise in data warehousing solutions like Snowflake or Redshift, Databricks
* Cloud Platforms: Working knowledge of cloud providers (AWS) is essential.
* Data Modeling: Designing efficient schemas (star/snowflake) for dimensional modelling and semantic models for Visualization tools
* Data Governance \\& Security: Implementing data encryption, masking, and role\\-based access control.
* Problem\\-Solving \\& Troubleshooting: Identifying bottlenecks in data workflows and creating scalable, robust solutions.
* Collaboration: Working with data scientists and analysts to understand business needs and deliver actionable data.
* Version Control: Using tools like Git for managing code for data pipelines.

  

  

Roles \\& Responsibilities
* Designing and implementing through data architecture strategies
* Analyzing complex issues to create innovative solutions
* Upholding standards in project deliverables
* Developing a thorough understanding of the business environment
* Managing and navigating complex scenarios effectively
* Building and maintaining excellent client relationship
* Enhancing personal brand and technical skills
* Mentoring and guiding junior team members
* Implementing end to end solutions catering to the business requirements

Generic Managerial Skills, If any
* Track the deliverables assigned and deliver on time with great quality
* Participation in Scrum calls and sprint planning and agile ceremonies
* Offshore coordination

Education
Bachelor’s 4 yr degree and above  

  

Salary Range: $100000 \\- $110000 a year  

  

\\#LI\\-JH1
**Location**
Auburn Hills, MI
**Job Function**
TECHNOLOGY
**Role**
Senior Engineer
**Job Id**
414643
**Desired Skills**
SQL
**Salary Range**
$100,000\\-$110,000 a year
Desired Candidate Profile


**Qualifications** : BACHELOR OF COMPUTER SCIENCE","Consulting And Business Services","https://www.indeed.com/cmp/Tata-Consultancy-Services-(tcs)","https://d2q79iu7y748jz.cloudfront.net/s/_squarelogo/256x256/bfd57a052c0dfad03779c68c62499ce4","https://www.tcs.com/fr-fr","Tour Initiale - 1 Terasse Bellini, 92800 Puteaux","10,000+","more than $10B (USD)","Tata Consultancy Services is an IT services, consulting and business solutions organization that delivers real results to global business.","","","","","",""
"in-7eaf385f9ce50014","indeed","https://www.indeed.com/viewjob?jk=7eaf385f9ce50014","https://ibegin.tcsapps.com/candidate/jobs/shared-job/NDE0NjQ1Sg==","Senior Java PySpark Developer","Tata Consultancy Services (TCS)","Irving, TX, US","2026-05-28","","direct_data","yearly",125000.0,140000.0,"USD",False,"","","","","Senior Java PySpark Developer  

  

We are seeking a seasoned Senior Lead Data Engineer with a dual\\-threat background in robust backend development and large\\-scale data processing. You ae a self\\-starter who thrives in high\\-complexity environments and processes the architecture maturity to take a project from a blank page to a production\\-ready ecosystem without hand\\-holding.  

  

Responsibilities:
* Design, develop, and maintain robust, scalable, and high\\-performance applications using Java, PySpark/Python.
* Lead the architecture and design of complex software systems and ensure adherence to best practices.
* Collaborate with product managers, designers, and other developers to define project requirements and deliverables.
* Optimize and refactor existing codebases for performance, scalability, and maintainability.
* Mentor junior developers and provide technical guidance to the team.
* Integrate third\\-party APIs, libraries, and tools into applications.
* Write unit tests, perform code reviews, and ensure high code quality.
* Work with DevOps teams to deploy and monitor applications in production environments.
* Stay updated with the latest trends and advancements in Java and Python and related technologies.

  

  

Qualifications:
* 10\\+ years of professional experience in Java, PySpark/Python development.
* Strong understanding of Python frameworks such as Django, Flask, or FastAPI.
* Expertise in building Java RESTful APIs and microservices architecture.
* Solid understanding of software design patterns, algorithms, and data structures.
* Hands\\-on experience with Big Data Environment.
* Familiarity with CI/CD pipelines and version control systems (e.g., Git).
* Strong debugging and problem\\-solving skills.
* Excellent communication and collaboration skills.

Good to Have Skills:
* Experience with Java and PySpark/Python development creating data processing pipeline and frameworks.
* Knowledge on CICD process to code versioning and deployments in various environment.
* Resource should have good knowledge on Big Data environments and distributed architecture.
* Knowledge on Snowflake is an added advantage.

  

  

Salary Range\\- $125,000\\-$140,000 a year  

  

\\#LI\\-CO1
\\#LI\\-SN1
**Location**
Irving, TX
**Job Function**
TECHNOLOGY
**Role**
Engineer
**Job Id**
414645
**Desired Skills**
Java
**Salary Range**
$125,000\\-$140,000 a year
Desired Candidate Profile


**Qualifications** : BACHELOR OF COMPUTER SCIENCE","Consulting And Business Services","https://www.indeed.com/cmp/Tata-Consultancy-Services-(tcs)","https://d2q79iu7y748jz.cloudfront.net/s/_squarelogo/256x256/bfd57a052c0dfad03779c68c62499ce4","https://www.tcs.com/fr-fr","Tour Initiale - 1 Terasse Bellini, 92800 Puteaux","10,000+","more than $10B (USD)","Tata Consultancy Services is an IT services, consulting and business solutions organization that delivers real results to global business.","","","","","",""
"in-d8098af2c43070fe","indeed","https://www.indeed.com/viewjob?jk=d8098af2c43070fe","https://jobs.colgate.com/job/Piscataway-Data-Engineer-NJ/1394853000/?feedId=168900&utm_source=Indeed&utm_campaign=Colgate_Indeed","Data Engineer","Colgate-Palmolive","Piscataway, NJ, US","2026-05-28","","direct_data","yearly",96800.0,137000.0,"USD",False,"","","","","No Relocation Assistance Offered  

Job Number \\#173541 \\- Piscataway, New Jersey, United States  

  

**Who We Are**  

  

Colgate\\-Palmolive Company is a global consumer products company operating in over 200 countries specializing in Oral Care, Personal Care, Home Care, Skin Care, and Pet Nutrition. Our products are trusted in more households than any other brand in the world, making us a household name!  

  

Join Colgate\\-Palmolive, a caring, innovative growth company reimagining a healthier future for people, their pets, and our planet. Guided by our core values—Caring, Inclusive, and Courageous—we foster a culture that inspires our people to achieve common goals. Together, let's build a brighter, healthier future for all.

### **Role Summary :**


We are seeking a passionate and detail\\-oriented Data Engineer to join our Digital Tech \\& Data team. In this role, you will be responsible for building and maintaining the data pipelines that support our digital ecosystem — from ingesting raw data across multiple digital touchpoints to delivering clean, robust data that business teams can trust and act on.  

You will bring engineering rigour to data — treating pipelines, models, and infrastructure as production\\-grade software — while staying closely connected to the digital business context your work enables.### **Responsibilities :**

* Design, build, and maintain production\\-grade data pipelines in Airflow that ingest data from digital touchpoints into Snowflake.
* Develop modular, tested, and well\\-documented dbt models that transform raw data into reliable, business\\-ready datasets — owning the full lifecycle from source definition to exposure.
* Provision and manage cloud data infrastructure (Snowflake objects, Airflow environments, supporting GCP resources) through Terraform, with everything version\\-controlled and peer\\-reviewed.
* Implement and uphold data quality, observability, and testing standards across pipelines
* Tune Snowflake performance and manage warehouse cost — clustering, query profiling, resource monitors and treat cost as a first\\-class engineering concern.
* Implement pipelines to platform standards — branching strategy, CI/CD for dbt and Airflow, code review norms, documentation, naming conventions

### **Required Qualifications :**

**Education:**

* Bachelor's degree in Computer Science, Information Systems, Engineering, Mathematics, or a related discipline.

 **Experience:**

* 2–3 years of hands\\-on experience in a data engineering or analytics engineering role, ideally within a digital or e\\-commerce environment.

### **Preferred Qualifications :**

* Proven experience building and maintaining production\\-grade data pipelines using Apache Airflow.
* Strong working knowledge of Snowflake, including data modelling, performance tuning, clustering, and warehouse cost management.
* Demonstrated experience developing dbt projects — writing modular, tested, and well\\-documented transformation logic.
* Practical experience using Terraform to provision and manage cloud data infrastructure in a repeatable, version\\-controlled manner.
* Proficiency in Python for writing data pipelines, custom operators, and utility tooling.
* Strong SQL skills with the ability to write and optimise complex queries across large datasets.
* Fluency in driving an AI coding tool across pipeline codebase: scoping changes, providing the right files as context.

 **Compensation and Benefits**  

Salary Range $96,800\\.00 \\- $137,000\\.00 USD  

  

Pay is determined based on experience, qualifications, and location. Salaried employees may also be eligible for discretionary bonuses, profit\\-sharing, and long\\-term incentives for Executive\\-level roles.  

  

Benefits: Salaried employees enjoy a comprehensive benefits package, including medical, dental, vision, basic life insurance, paid parental leave, disability coverage, and participation in the 401(k) retirement plan with company matching contributions subject to eligibility requirements. Additional benefits include a minimum of 15 vacation/PTO days (hourly employees receive a minimum of 120 hours) and 13 paid holidays (vacation days are prorated based on the employee's hire date within the calendar year). Paid sick leave is adjusted based on role and location in accordance with local laws. Detailed information regarding paid sick leave entitlements will be provided to employees upon hiring and may be subject to adjustments based on changes in legislation or company policies.  

  

**Our Commitment to Inclusion**  

Our journey begins with our people—developing strong talent with diverse backgrounds and perspectives to best serve our consumers around the world and fostering an inclusive environment where everyone feels a true sense of belonging. We are dedicated to ensuring that each individual can be their authentic self, is treated with respect, and is empowered by leadership to contribute meaningfully to our business.  

  

**Equal Opportunity Employer**  

Colgate is an equal opportunity employer and all qualified applicants will receive consideration for employment without regard to race, color, religion, gender, gender identity, sexual orientation, national origin, ethnicity, age, disability, marital status, veteran status (United States positions), or any other characteristic protected by law.  

  

Reasonable accommodation during the application process is available for persons with disabilities. Please complete this request form should you require accommodation.  

  

For additional Colgate terms and conditions, please click here.  

  

\\#LI\\-Hybrid","","https://www.indeed.com/cmp/Colgate--palmolive","https://d2q79iu7y748jz.cloudfront.net/s/_squarelogo/256x256/e4966c033cf80c6dec5d8c25988526e1","http://www.colgatepalmolive.com","New York, NY","10,000+","more than $10B (USD)","","","","","","",""
"in-22397dd919c59439","indeed","https://www.indeed.com/viewjob?jk=22397dd919c59439","https://jobs.colgate.com/job/Piscataway-Data-Engineer-NJ/1394842500/?feedId=168900&utm_source=Indeed&utm_campaign=Colgate_Indeed","Data Engineer","Colgate-Palmolive","Piscataway, NJ, US","2026-05-28","","direct_data","yearly",96800.0,137000.0,"USD",False,"","","","","No Relocation Assistance Offered  

Job Number \\#173490 \\- Piscataway, New Jersey, United States  

  

**Who We Are**  

  

Colgate\\-Palmolive Company is a global consumer products company operating in over 200 countries specializing in Oral Care, Personal Care, Home Care, Skin Care, and Pet Nutrition. Our products are trusted in more households than any other brand in the world, making us a household name!  

  

Join Colgate\\-Palmolive, a caring, innovative growth company reimagining a healthier future for people, their pets, and our planet. Guided by our core values—Caring, Inclusive, and Courageous—we foster a culture that inspires our people to achieve common goals. Together, let's build a brighter, healthier future for all.

### **Role Summary:**


We are seeking a passionate and detail\\-oriented Data Engineer to join our Digital Tech \\& Data team. In this role, you will be responsible for building and maintaining the data pipelines that support our digital ecosystem — from ingesting raw data across multiple digital touchpoints to delivering clean, robust data that business teams can trust and act on.  

You will bring engineering rigour to data — treating pipelines, models, and infrastructure as production\\-grade software — while staying closely connected to the digital business context your work enables.### **Responsibilities:**

* Design, build, and maintain production\\-grade data pipelines in Airflow that ingest data from digital touchpoints into Snowflake.
* Develop modular, tested, and well\\-documented dbt models that transform raw data into reliable, business\\-ready datasets — owning the full lifecycle from source definition to exposure.
* Provision and manage cloud data infrastructure (Snowflake objects, Airflow environments, supporting GCP resources) through Terraform, with everything version\\-controlled and peer\\-reviewed.
* Implement and uphold data quality, observability, and testing standards across pipelines
* Tune Snowflake performance and manage warehouse cost — clustering, query profiling, resource monitors and treat cost as a first\\-class engineering concern.
* Implement pipelines to platform standards — branching strategy, CI/CD for dbt and Airflow, code review norms, documentation, naming conventions

### **Required Qualifications:**

**Education:**

* Bachelor's degree in Computer Science, Information Systems, Engineering, Mathematics, or a related discipline.

 **Experience:**

* 2–3 years of hands\\-on experience in a data engineering or analytics engineering role, ideally within a digital or e\\-commerce environment.

### **Preferred Qualifications:**

* Proven experience building and maintaining production\\-grade data pipelines using Apache Airflow.
* Strong working knowledge of Snowflake, including data modelling, performance tuning, clustering, and warehouse cost management.
* Demonstrated experience developing dbt projects — writing modular, tested, and well\\-documented transformation logic.
* Practical experience using Terraform to provision and manage cloud data infrastructure in a repeatable, version\\-controlled manner.
* Proficiency in Python for writing data pipelines, custom operators, and utility tooling.
* Strong SQL skills with the ability to write and optimise complex queries across large datasets.
* Fluency in driving an AI coding tool across pipeline codebase: scoping changes, providing the right files as context.

 **Compensation and Benefits**  

Salary Range $96,800\\.00 \\- $137,000\\.00 USD  

  

Pay is determined based on experience, qualifications, and location. Salaried employees may also be eligible for discretionary bonuses, profit\\-sharing, and long\\-term incentives for Executive\\-level roles.  

  

Benefits: Salaried employees enjoy a comprehensive benefits package, including medical, dental, vision, basic life insurance, paid parental leave, disability coverage, and participation in the 401(k) retirement plan with company matching contributions subject to eligibility requirements. Additional benefits include a minimum of 15 vacation/PTO days (hourly employees receive a minimum of 120 hours) and 13 paid holidays (vacation days are prorated based on the employee's hire date within the calendar year). Paid sick leave is adjusted based on role and location in accordance with local laws. Detailed information regarding paid sick leave entitlements will be provided to employees upon hiring and may be subject to adjustments based on changes in legislation or company policies.  

  

**Our Commitment to Inclusion**  

Our journey begins with our people—developing strong talent with diverse backgrounds and perspectives to best serve our consumers around the world and fostering an inclusive environment where everyone feels a true sense of belonging. We are dedicated to ensuring that each individual can be their authentic self, is treated with respect, and is empowered by leadership to contribute meaningfully to our business.  

  

**Equal Opportunity Employer**  

Colgate is an equal opportunity employer and all qualified applicants will receive consideration for employment without regard to race, color, religion, gender, gender identity, sexual orientation, national origin, ethnicity, age, disability, marital status, veteran status (United States positions), or any other characteristic protected by law.  

  

Reasonable accommodation during the application process is available for persons with disabilities. Please complete this request form should you require accommodation.  

  

For additional Colgate terms and conditions, please click here.  

  

\\#LI\\-Hybrid","","https://www.indeed.com/cmp/Colgate--palmolive","https://d2q79iu7y748jz.cloudfront.net/s/_squarelogo/256x256/e4966c033cf80c6dec5d8c25988526e1","http://www.colgatepalmolive.com","New York, NY","10,000+","more than $10B (USD)","","","","","","",""
"in-a70aee5dcc1b2500","indeed","https://www.indeed.com/viewjob?jk=a70aee5dcc1b2500","https://jobs.janushenderson.com/job/Denver-Data-Engineer-CO-80206/1394706300/","Data Engineer","Janus Henderson Investors","Denver, CO, US","2026-05-28","","direct_data","yearly",90000.0,115000.0,"USD",False,"","","","recruiter@janushenderson.com","Why work for us?

  



A career at Janus Henderson is more than a job, it’s about investing in a brighter future together.

  



Our Mission at Janus Henderson is to help clients define and achieve superior financial outcomes through differentiated insights, disciplined investments, and world\\-class service. We will do this by protecting and growing our core business, amplifying our strengths and diversifying where we have the right.

  



Our Values are key to driving our success, and are at the heart of everything we do:

  



Clients Come First \\- Always \\| Execution Supersedes Intention \\| Together We Win \\| Diversity Improves Results \\| Truth Builds Trust

  



If our mission, values, and purpose align with your own, we would love to hear from you!

  



Your opportunity  

As a Data Engineer, you will design and deliver robust data pipelines and solutions on the Janus Henderson Data Platform. You will mentor junior engineers, contribute to technical standards, and ensure data quality and reliability across critical business processes.  


* Architect and implement scalable data pipelines using Snowflake, Databricks, and supporting technologies
* Collaborate with architects and business stakeholders to deliver integrated solutions aligned with strategic goals.
* Optimise performance and cost through query tuning, clustering, caching and storage strategies
* Implement CI/CD and observability practices to enhance reliability and performance.
* Champion data governance and compliance, ensuring security best practices.
* Mentor junior engineers and contribute to knowledge\\-sharing initiatives.
* Support production systems, troubleshoot incidents and drive root cause analysis
* Carry out other duties as assigned

  



What to expect when you join our firm  


* Hybrid working and reasonable accommodations
* Generous Holiday policies
* Paid volunteer time to step away from your desk and into the community
* Support to grow through professional development courses, tuition/qualification reimbursement and more
* Maternal/paternal leave benefits and family services
* Complimentary subscription to Headspace – the mindfulness app
* Corporate membership to ClassPass and other health and well\\-being benefits
* Unique employee events and programs including a 14er challenge
* Complimentary beverages, snacks and all employee Happy Hours

  



Must have skills  


* Proven experience in data engineering and pipeline development using Snowflake and/or Databricks
* Advanced proficiency in SQL through complex queries, optimisation and performance tuning on cloud\\-based data platforms.
* Strong Python knowledge for data processing and automation
* Solid understanding of DevOps principles, CI/CD and data reliability engineering.
* Experience with job orchestration (Autosys, Airflow/Astronomer)
* Effective communication and problem\\-solving skills.

  



Nice to have skills  


* Certifications in Snowflake or Databricks.
* Experience with dbt Core/Cloud for transformation and testing
* Familiarity with Data Mesh principles and distributed data ownership
* Experience with Microsoft Azure services (e.g., Azure Data Factory, Azure Key Vault, Azure DevOps) for CI/CD and Infrastructure.
* Knowledge of data governance frameworks and lineage tools

  



Supervisory responsibilities  


* No

  



Potential for growth  


* Mentoring
* Leadership development programs
* Regular training
* Career development services
* Continuing education courses

  



Compensation information  



The base salary range for this position is $90,000\\-$115,000\\. This range is estimated for this role. Actual pay may be different. This position will be open through June 30, 2026\\.  


**Colorado law requires an estimated closing date for job postings. Please don't be discouraged from applying if you see this date has passed.**  



At Janus Henderson Investors we’re committed to an inclusive and supportive environment. We believe diversity improves results and we welcome applications from candidates from all backgrounds. Don’t worry if you don’t think you tick every box, we still want to hear from you! We understand everyone has different commitments and while we can’t accommodate every flexible working request, we’re happy to be asked about work flexibility and our hybrid working environment. If you need any reasonable accommodations during our recruitment process, please get in touch and let us know at recruiter@janushenderson.com.

\\#LI\\-LN2 \\#LI\\-Hybrid**Annual Bonus Opportunity:** Position may be eligible to receive an annual discretionary bonus award from the profit pool. The profit pool is funded based on Company profits. Individual bonuses are determined based on Company, department, team and individual performance.

  


**Benefits:** Janus Henderson is committed to offering a comprehensive total rewards package to eligible employees that includes; competitive compensation, pension/retirement plans, and various health, wellbeing and lifestyle benefits. To learn more about our offerings please visit the Why Join Us section on the career page here.

  


**Janus Henderson Investors is an equal opportunity employer**. All qualified applicants will receive consideration for employment without regard to race, color, religion, sex, sexual orientation, gender identity, national origin, disability or veteran status. All applications are subject to background checks.

  



Janus Henderson (including its subsidiaries) will not maintain existing or sponsor new industry registrations or licenses where not supported by an employee’s job functions (as determined by Janus Henderson at its sole discretion).

  



You should be willing to adhere to the provisions of our Investment Advisory Code of Ethics related to personal securities activities and other disclosure and certification requirements, including past political contributions and political activities. Applicants’ past political contributions or activity may impact applicants’ eligibility for this position.

  



You will be expected to understand the regulatory obligations of the firm, and abide by the regulated entity requirements and JHI policies applicable for your role.","","https://www.indeed.com/cmp/Janus-Henderson-Investors","https://d2q79iu7y748jz.cloudfront.net/s/_squarelogo/256x256/9c6567d19aa095aa60f0cff68d423952","http://janushenderson.com/careers","London, England","1,001 to 5,000","Decline to state","Janus Henderson fosters and maintains an environment that values the unique talents and contributions of every individual.","","","","","",""
"in-fac3f921197a3469","indeed","https://www.indeed.com/viewjob?jk=fac3f921197a3469","https://careers.amgen.com/en/job/thousand-oaks/sr-data-engineer/87/95670104416","Sr. Data Engineer","Amgen","Thousand Oaks, CA, US","2026-05-28","fulltime","direct_data","yearly",138325.0,172744.0,"USD",True,"","","","","US \\- California \\- Thousand Oaks
JOB ID: R\\-243900 LOCATION: US \\- California \\- Thousand Oaks WORK LOCATION TYPE: Flex Commuter / Hybrid DATE POSTED: May. 28, 2026 CATEGORY: Engineering SALARY RANGE: \\-
**Join Amgen’s Mission of Serving Patients**

At Amgen, if you feel like you’re part of something bigger, it’s because you are. Our shared mission—to serve patients living with serious illnesses—drives all that we do.


Since 1980, we’ve helped pioneer the world of biotech in our fight against the world’s toughest diseases. With our focus on four therapeutic areas –Oncology, Inflammation, General Medicine, and Rare Disease– we reach millions of patients each year. As a member of the Amgen team, you’ll help make a lasting impact on the lives of patients as we research, manufacture, and deliver innovative medicines to help people live longer, fuller happier lives.


Our award\\-winning culture is collaborative, innovative, and science based. If you have a passion for challenges and the opportunities that lay within them, you’ll thrive as part of the Amgen team. Join us and transform the lives of patients while transforming your career.

**Sr Data Engineer**

**What you will do and what we expect of you**


Let’s do this. Let’s change the world. In this vital role you will:

**Duties:** Responsible for managing and optimizing the company's data infrastructure and architecture for Clinical Data Hub, including cloud\\-based distributed compute and storage; Design and implement data pipelines, develop data models, perform data integration, and ensure data quality and governance; Contributes to the effective storage, processing, and utilization of large\\-scale data sets; Work with Product Owner, Product Management, Agile Team, and Data Architects to plan and deliver prioritized Clinical Data Hub backlog items and optimize the technical environment; Ensure data requirements for applications, data scientists, and cross\\-functional use cases are met, and ensure high performance and reliability of the system; and Provide insights and actionable solutions for business clients. May Telecommute.

**Requirements:** Master’s degree (or foreign equivalent) in Computer Science, Computer Engineering, Clinical Informatics or related field and 2 years of experience in the job offered or in a Data Engineer – related occupation. The position requires 2 years of experience in the following: • Manage and tune Hadoop, MapReduce, or Spark SQL; • Build ETL pipelines to transfer data; • Optimize database for usage; • Manage data stewardship and governance; • Configure cloud services to orchestrate, monitor, and run end\\-to\\-end data warehousing solutions; and • Model data for translation, linking, and consumption from source to data warehouse.

 **Contact:** Interested candidates please apply via https://careers.amgen.com/en/search\\-jobs and search for job \\# R\\-243900\\.


Job type: Full Time position. The annual salary range for this position in the U.S. is $138,325\\.00 \\- $172,744\\.00 per year. Also, this position offers stock, retirement, medical, life and disability insurance and eligibility for an annual bonus or for sales roles, other incentive compensation. For more details visit https://careers.amgen.com/life\\-at\\-amgen/benefits/

**What you can expect of us**


As we work to develop treatments that take care of others, we also work to care for your professional and personal growth and well\\-being. From our competitive benefits to our collaborative culture, we’ll support your journey every step of the way.


The expected annual salary range for this role in the U.S. (excluding Puerto Rico) is posted. Actual salary will vary based on several factors including but not limited to, relevant skills, experience, and qualifications.


In addition to the base salary, Amgen offers a Total Rewards Plan, based on eligibility, comprising of health and welfare plans for staff and eligible dependents, financial plans with opportunities to save towards retirement or other goals, work/life balance, and career development opportunities that may include:

* A comprehensive employee benefits package, including a Retirement and Savings Plan with generous company contributions, group medical, dental and vision coverage, life and disability insurance, and flexible spending accounts
* A discretionary annual bonus program, or for field sales representatives, a sales\\-based incentive plan
* Stock\\-based long\\-term incentives
* Award\\-winning time\\-off plans
* Flexible work models, including remote and hybrid work arrangements, where possible

**and make a lasting impact with the Amgen team.**

**careers.amgen.com**


In any materials you submit, you may redact or remove age\\-identifying information such as age, date of birth, or dates of school attendance or graduation. You will not be penalized for redacting or removing this information.


Amgen does not have an application deadline for this position; we will continue accepting applications until we receive a sufficient number or select a candidate for the position.


As an organization dedicated to improving the quality of life for people around the world, Amgen fosters an inclusive environment of diverse, ethical, committed and highly accomplished people who respect each other and live the Amgen values to continue advancing science to serve patients. Together, we compete in the fight against serious disease.


Amgen is an Equal Opportunity employer and will consider all qualified applicants for employment without regard to race, color, religion, sex, sexual orientation, gender identity, national origin, protected veteran status, disability status, or any other basis protected by applicable law.


We will ensure that individuals with disabilities are provided reasonable accommodation to participate in the job application or interview process, to perform essential job functions, and to receive other benefits and privileges of employment. Please contact us to request accommodation.","","https://www.indeed.com/cmp/Amgen","https://d2q79iu7y748jz.cloudfront.net/s/_squarelogo/256x256/e858654aaf2bd361578aeac82b39bd9b","http://www.amgen.com","Thousand Oaks, CA","10,000+","more than $10B (USD)","Amgen, a biotechnology pioneer, discovers, develops and delivers innovative human therapeutics.","","","","","",""
"in-a4ef400482309e45","indeed","https://www.indeed.com/viewjob?jk=a4ef400482309e45","https://grnh.se/p7ox2nct1us","Director, Data Engineering","BBR Partners","New York, NY, US","2026-05-28","","direct_data","yearly",175000.0,225000.0,"USD",True,"","","","","BBR Partners is a boutique wealth management firm providing customized investment strategies and bespoke advice to high\\-net\\-worth individuals and families. Our clients are comprised of the brightest minds in the financial and investing worlds, entrepreneurs, business owners, leaders, and influential families who entrust us with the holistic care of their fiscal well\\-being. The firm was founded in early 2000 and for over 25 years has nurtured our culture with talented people from diverse backgrounds who care about each other, our clients, and our collective communities. In our quest for continuous improvement, we strive to develop not only world class talent, but world class humans!


**POSITION OVERVIEW**



BBR Partners is hiring a Director of Data Engineering to build the analytical data foundation that powers the firm's investment, advisory, and operational decision\\-making. This is a hands\\-on leadership role for someone who understands what it means to be embedded alongside portfolio managers, advisors, and operations teams, building the datasets and delivery mechanisms that make descriptive and predictive analytics possible across the firm.



The firm has already invested in a modern data stack (Snowflake, dbt, Airflow, Fivetran). The infrastructure is in place. What we need is someone who can build high\\-quality, business\\-ready datasets and think critically about how to get analytical capabilities into the hands of decision\\-makers, whether that means building custom tooling, evaluating vendor solutions, exposing data through APIs and to AI agents, or standing up a modern BI layer for investment and portfolio analytics. You will manage a small team, set technical direction for data delivery, collaborate with our Advisory, Portfolio and Research Teams, and be measured on outcomes, not infrastructure.


**R****ESPONSIBILITIES**


* Own the dbt project: model architecture, testing standards, documentation, and code quality
* Enable descriptive and predictive analytical capabilities for Investment, Advisory, and Operations teams by building the data layer those capabilities require
* Evaluate build\\-vs\\-buy decisions for analytical tooling, BI platforms, and data delivery mechanisms with a bias toward outcomes over custom engineering
* Execute on the modeling, design, and delivery of canonical, analytics\\-ready datasets in Snowflake
* Develop and implement patterns for exposing curated data via APIs, AI agent tooling, and modern BI platforms for investment and portfolio analytics
* Manage and mentor a team of 3\\-4 data engineers / senior DBA, including hiring for open roles.
* Design and Architect Airflow DAGs for orchestration, ensuring environment parity across prod \\& non\\-prod environments and production
* Partner directly with portfolio analysts, advisors, and operations leaders to understand analytical needs and translate them into data products
* Drive the ongoing migration from legacy data stores to Snowflake using incremental, demand\\-driven approaches
* Establish and enforce data quality standards and certification workflows so datasets are trustworthy enough to power AI applications, client\\-facing analytics, and strategic recommendations
* Integrate data from custodians, market data vendors, and third\\-party systems into the canonical layer


**QUALIFICATIONS**

* 7\\+ years of data engineering experience, with at least 2 years managing engineers
* Deep, hands\\-on experience with Snowflake and dbt in a production environment
* Strong proficiency with Airflow (or comparable orchestration) for pipeline scheduling and dependency management
* Production Python experience for data automation, pipeline tooling, and scripting
* Demonstrated experience building and maintaining a layered data architecture (bronze/silver/gold or equivalent)
* Strong SQL skills, including performance optimization and complex analytical queries
* At least 3 years working with financial services data: securities identifiers (CUSIP, ISIN, SEDOL), portfolio/position structures, fund accounting concepts, or market data
* Experience designing data access patterns beyond traditional SQL query: APIs, data services, semantic layers, or programmatic interfaces for downstream applications
* Comfort with Linux, Git, CI/CD pipelines, and infrastructure\\-as\\-code concepts
* Track record of delivering data products that directly enabled analytical or business outcomes, not just maintaining pipelines or infrastructure


**PREFERRED QUALIFICATIONS**


* Experience embedded within or supporting investment teams at a hedge fund, asset manager, or wealth management firm (e.g., strats, quantitative analytics, research data engineering)
* Experience evaluating and implementing BI platforms (Sigma, Tableau, Power BI) for investment or portfolio analytics use cases
* Familiarity with CRM data (Dynamics 365\\), portfolio management systems (APX, Geneva), or performance reporting platforms
* Experience building or contributing to AI/ML data pipelines, including preparing structured data for LLM\\-powered applications or agent frameworks
* Experience with Azure cloud services (Container Apps, APIM, Entra ID)
* Experience with Terraform or similar IaC for Snowflake resource management


**WHAT WE OFFER**


* Opportunity to collaborate with accomplished colleagues in an entrepreneurial and fast\\-paced environment.
* Competitive base salary and incentive compensation.
* Company subsidized health, dental and vision insurance for employee, partner, and dependents.
* 401K plan, Life insurance, and short \\& long\\-term disability coverage.
* One Medical membership (covered for employee and dependents), Employee assistance program (EAP), Gym reimbursement and other wellness offerings.
* Pre\\-tax transit and parking programs, Health Savings Account (HSA) and flexible spending programs for medical and dependent care.
* Personalized development and career opportunities.
* Flexible time off, paid parental leave, and opportunity for Sabbatical with company tenure.
* Hybrid remote work environment, ""Work from Anywhere"" weeks, and casual dress.
* New office space with a variety of perks and amenities including catered lunches and stocked pantry.


**ADDITIONAL INFORMATION**  

Base salary for this position will be determined during the interview process and will vary based on multiple reasons, including but not limited to prior experience, relevant expertise, current business needs, and market factors. The expected base salary for the role will generally be between $175,000 and $225,000 per year at the commencement of employment, but the final salary offered may be outside this range based on these reasons and individual circumstances. Additionally, base salary is only part of the total compensation package, which, depending on the position, may also include discretionary bonuses, alternative incentive packages and Company\\-sponsored benefit programs. This position is at\\-will, and the Company reserves the right to modify base salary (as well as any other discretionary payment or compensation program) at any time, including for reasons related to individual performance, Company or individual department/team performance, and market factors.

  

  

*We value and seek diversity of thought and equity of representation. The environment at BBR is inclusive of all, collaborative and endlessly curious. We do not discriminate based on race, religion, color, national origin, gender, sexual orientation, age, marital status, veteran status, or disability status.*","","https://www.indeed.com/cmp/Bbr-Partners","","https://www.bbrpartners.com","New York, NY","11 to 50","$1M to $5M (USD)","","","","","","",""
"in-a9fdc973174b641d","indeed","https://www.indeed.com/viewjob?jk=a9fdc973174b641d","https://careers.dana-farber.org/job/1275/senior-director-ai-operations-and-services-operations-us-ma-boston-450-brookline-ave/","Senior Director, AI Operations and Services","Dana-Farber Cancer Institute","Boston, MA, US","2026-05-28","fulltime","direct_data","yearly",243000.0,257400.0,"USD",True,"","","","","Job Ref:
JR\\-4749  

Location:
450 Brookline Ave, BOSTON, MA 02215  


Category:
Operations  

Employment Type:
Full time  

Work Location:
Remote: 100% off site  

Salary/Pay Rate:
$243,000\\.00 \\- $257,400\\.00 per year
**Overview**


Informatics \\& Analytics (I\\&A) serves patients present and future, by collaboratively building a sustainable informatics and analytics ecosystem of tools and services to support and grow the research, clinical, and business missions of Dana\\-Farber Cancer Institute (DFCI). The Senior Director of AI Operations and Data Science Services is an executive leader, serving as supervisor and mentor to 20\\-35 FTEs, who is responsible for designing and managing Artificial Intelligence (AI)\\-related tools, platforms, and services for 2000\\+ DFCI users, for partnering with other DFCI leaders to deliver high\\-impact AI solutions for clients across Research, Clinical, and Operations, and for providing leadership and expertise for the design of policies, processes, and governance for responsible and effective use of AI.
Located in Boston and the surrounding communities, Dana\\-Farber Cancer Institute is a leader in life changing breakthroughs in cancer research and patient care. We are united in our mission of conquering cancer, HIV/AIDS, and related diseases. We strive to create an inclusive, diverse, and equitable environment where we provide compassionate and comprehensive care to patients of all backgrounds, and design programs to promote public health particularly among high\\-risk and underserved populations. We conduct groundbreaking research that advances treatment, we educate tomorrow's physician/researchers, and we work with amazing partners, including other Harvard Medical School\\-affiliated hospitals.

  

* Serves as the primary subject matter expert for AI technology, platforms, and services for the of department and Institute
* Responsible for architecting, building, and configuring Dana\\-Farber’s operational AI tools and platforms
* Collaboratively develops institutional AI strategy in partnership with Research, Clinical, and Operational leaders
* Technical “horizontal” leader within I\\&A for AI and data science use cases in Operations, Clinical Practice, and Research in partnership with the 3 “vertical” client\\-facing leaders
* Manages $5M\\+ of contracts and personnel resources (e.g, Snowflake, Databricks, John Snow Labs, Informatics Core Services, Azure, Onyx)
* Core Member of the Dana\\-Farber AI Governance Committee
* Develops Institute AI policies and guidance for validation, testing, deployment, and monitoring of clinical artificial intelligence tools/models in partnership with the CIO, CQO, CDAO, General Counsel, and AI Governance Committee. Helps DFCI responds to regulatory guidelines from federal and state agencies
* Delivers $2\\-5M in annual value from AI initiatives in partnership with I\\&A client\\-facing verticals
* Responsible for building the AI infrastructure necessary to support the $40M\\+ federated AI research collaboration known as the Cancer AI Alliance, in partnership with other technical leaders and architects at Memorial Sloan Kettering, Fred Hutch Cancer Center, Sidney Kimmel Comprehensive Cancer Center at Johns Hopkins, and Dana\\-Farber
* Keeps abreast of AI \\& data science strategies in other academic medical centers. Represents Dana\\-Farber in conversations with AI leaders from other Cancer Centers and with AI/cloud vendors (e.g., Microsoft, Amazon, Google Cloud, NVIDIA)
* Responsible for developing and maintaining direct productive relationships with VPs and SVPs, including the CIO, Chief Counsel, CQO, CMIO, VP Enterprise Data \\& Analytics, and VP Research Informatics Operations
* Interacts directly with research faculty to provide AI operations and data science services through the Informatics Core. Represents all Informatics \\& Analytics capabilities to these clients
* Budget responsibility $5\\-10M. Acts as a responsible steward of DFCI and I\\&A financial resources. Responsible for managing an AI and data\\-science core services team in support of DFCI research labs, which includes negotiation of service level agreements, and careful budget management
* Helps Dana\\-Farber develop and advance our culture of measurement and learning, by partnering with the CQO, CMIO, research leaders, and others to design and implement quality\\-improvement trials, randomization within the medical record, and other real\\-world observational learning to improve the outcomes and experience of patients and providers

**KNOWLEDGE, SKILLS, AND ABILITIES REQUIRED:**

* Expert in the application of AI, data science, and machine learning in research and healthcare environments
* Machine Learning \\& Deep Learning: Expertise in supervised and unsupervised learning, neural networks, NLP and LLM models for healthcare applications like predictive analytics, imaging, pathology, and clinical decision support
* Proficient in AI Frameworks \\& Cloud Services, able to configure and deploy secure, scalable, HIPAA\\-compliant AI solutions in commercial cloud vendors (e.g., Azure, Google Cloud) and in on\\-premises high\\-performance computing environments
* MLOps: Expertise in managing the model lifecycle (training, deployment, monitoring), using Kubernetes and orchestration systems as well as tools like MLFlow for assuring the reproducibility of computational research while ensuring compliance with relevant regulation (e.g., HIPAA) and applicable policies
* Experience with software licensing, copyright law, and patents
* Experience designing and deploying scalable AI systems for healthcare, preferably including radiology, digital pathology, medical text, audio recordings, claims data
* Experience using common healthcare data standards (e.g., DICOM, OMOP, FHIR, HL7\\)
* Experience collaboratively developing AI strategy for an organization, preferably healthcare
* Experience leading multi\\-disciplinary teams (ML \\& data scientists, AI scientists \\& engineers, data engineers, prompt engineers, clinicians) to collaboratively deliver high\\-impact business initiatives
* Proven record of hiring top technical talent and ensuring growth and job satisfaction of team members. Able to build relationships with top graduate programs in the Boston area to develop talent pipelines
* Proficient in guiding and supporting career development and performance management, and developing new leaders
* Strong publication record in AI and biomedicine
* Experience developing AI policy and guidance for an institution, and ensuring deployed AI models meet scientific and safety standards, comply with healthcare regulations, and make a measurable difference
* Experience in turning AI models into consumable healthcare products and services, such as diagnostic tools or clinical decision support systems
* Clinical Collaboration: experience partnering with clinicians and other healthcare professionals to ensure AI tools address real\\-world challenges and are validated for practical use in clinical settings
* Strong client service orientation with excellent interpersonal skills; able to interact effectively with all levels of staff and external contacts
* Presents results persuasively and accurately verbally or in writing, and in delivering good or bad news
* Collaborates effectively across the enterprise. Skillfully influences stakeholders to ask better questions and sharpen focus on analyses that will have the highest and broadest impact for DFCI
* Demonstrates self\\-awareness, professionalism, agility and flexibility, a strong work ethic, appropriate humility, and the ability to lead through challenging situations. Thinks and acts consistently with a broader “we” mentality, i.e., what’s best for DFCI as a whole vs. self, “my team,” or “my group”, or “my department”

**MINIMUM JOB QUALIFICATIONS:**


The position requires a PhD in a STEM field, with 15\\+ years of relevant professional experience, including 5\\+ years in a biomedical or healthcare setting, and 10\\+ years of direct people management experience. An advanced degree may substitute for some professional experience (master’s for 1 year; PhD for 3 years).

**SUPERVISORY RESPONSIBILITIES:**


Manages a group of 20\\-35\\+ FTE or budget equivalent, which includes other people managers. The senor director manages multiple teams. May supervise up to 50 additional FTE via matrix or vendor partnerships, including outsourced and offshore resources.

**PATIENT CONTACT:** None


At Dana\\-Farber Cancer Institute, we work every day to create an innovative, caring, and inclusive environment where every patient, family, and staff member feels they belong. As relentless as we are in our mission to reduce the burden of cancer for all, we are committed to having faculty and staff who offer multifaceted experiences. Cancer knows no boundaries and when it comes to hiring the most dedicated and compassionate professionals, neither do we. If working in this kind of organization inspires you, we encourage you to .


Dana\\-Farber Cancer Institute is an equal opportunity employer and affirms the right of every qualified applicant to receive consideration for employment without regard to race, color, religion, sex, gender identity or expression, national origin, sexual orientation, genetic information, disability, age, ancestry, military service, protected veteran status, or other characteristics protected by law.


### **EEO Poster**


.
Pay Transparency Statement


The hiring range is based on market pay structures, with individual salaries determined by factors such as business needs, market conditions, internal equity, and based on the candidate’s relevant experience, skills and qualifications.


For union positions, the pay range is determined by the Collective Bargaining Agreement (CBA).


$243,000\\.00 \\- $257,400\\.00","","https://www.indeed.com/cmp/Dana--farber-Cancer-Institute","https://d2q79iu7y748jz.cloudfront.net/s/_squarelogo/256x256/735eb2e71324ff6d0e80d3d8272cbdfe","http://www.dana-farber.org","Boston, MA","1,001 to 5,000","$500M to $1B (USD)","The Dana-Farber Cancer Institute fights cancer on two fronts: It provides treatment to cancer patients, young and old, and researches new cancer diagnostics, treatments, and preventions.","","","","","",""
"in-ef974492224d6082","indeed","https://www.indeed.com/viewjob?jk=ef974492224d6082","https://career4.successfactors.com/careers?rcm_site_locale=nl-NL&career_ns=job_listing&company=colgate&selected_lang=nl-NL&career_job_req_id=173490","Data Engineer (173490)","Colgate-Palmolive","Piscataway, NJ, US","2026-05-28","","direct_data","yearly",96800.0,137000.0,"USD",False,"","","","","Requisition ID **173490** \\- Posted **05/28/2026** \\- **Information Technology** \\- **United States** \\- **New Jersey** \\- **Piscataway** \\- **Colgate\\-Palmolive** \\- **Travel \\- up to 10% of time** \\- **Hybrid**  

No Relocation Assistance Offered  

Job Number \\#173490 \\- Piscataway, New Jersey, United States  

  

**Who We Are**  

  

Colgate\\-Palmolive Company is a global consumer products company operating in over 200 countries specializing in Oral Care, Personal Care, Home Care, Skin Care, and Pet Nutrition. Our products are trusted in more households than any other brand in the world, making us a household name!  

  

Join Colgate\\-Palmolive, a caring, innovative growth company reimagining a healthier future for people, their pets, and our planet. Guided by our core values—Caring, Inclusive, and Courageous—we foster a culture that inspires our people to achieve common goals. Together, let's build a brighter, healthier future for all.  

### **Role Summary:**



We are seeking a passionate and detail\\-oriented Data Engineer to join our Digital Tech \\& Data team. In this role, you will be responsible for building and maintaining the data pipelines that support our digital ecosystem — from ingesting raw data across multiple digital touchpoints to delivering clean, robust data that business teams can trust and act on.  



You will bring engineering rigour to data — treating pipelines, models, and infrastructure as production\\-grade software — while staying closely connected to the digital business context your work enables.  


### **Responsibilities:**


* Design, build, and maintain production\\-grade data pipelines in Airflow that ingest data from digital touchpoints into Snowflake.
* Develop modular, tested, and well\\-documented dbt models that transform raw data into reliable, business\\-ready datasets — owning the full lifecycle from source definition to exposure.
* Provision and manage cloud data infrastructure (Snowflake objects, Airflow environments, supporting GCP resources) through Terraform, with everything version\\-controlled and peer\\-reviewed.
* Implement and uphold data quality, observability, and testing standards across pipelines
* Tune Snowflake performance and manage warehouse cost — clustering, query profiling, resource monitors and treat cost as a first\\-class engineering concern.
* Implement pipelines to platform standards — branching strategy, CI/CD for dbt and Airflow, code review norms, documentation, naming conventions

### **Required Qualifications:**


**Education:**
* Bachelor's degree in Computer Science, Information Systems, Engineering, Mathematics, or a related discipline.

**Experience:**
* 2–3 years of hands\\-on experience in a data engineering or analytics engineering role, ideally within a digital or e\\-commerce environment.

  


### **Preferred Qualifications:**


* Proven experience building and maintaining production\\-grade data pipelines using Apache Airflow.
* Strong working knowledge of Snowflake, including data modelling, performance tuning, clustering, and warehouse cost management.
* Demonstrated experience developing dbt projects — writing modular, tested, and well\\-documented transformation logic.
* Practical experience using Terraform to provision and manage cloud data infrastructure in a repeatable, version\\-controlled manner.
* Proficiency in Python for writing data pipelines, custom operators, and utility tooling.
* Strong SQL skills with the ability to write and optimise complex queries across large datasets.
* Fluency in driving an AI coding tool across pipeline codebase: scoping changes, providing the right files as context.
  


  

**Compensation and Benefits**  

Salary Range $96,800\\.00 \\- $137,000\\.00 USD  

  

Pay is determined based on experience, qualifications, and location. Salaried employees may also be eligible for discretionary bonuses, profit\\-sharing, and long\\-term incentives for Executive\\-level roles.  

  

Benefits: Salaried employees enjoy a comprehensive benefits package, including medical, dental, vision, basic life insurance, paid parental leave, disability coverage, and participation in the 401(k) retirement plan with company matching contributions subject to eligibility requirements. Additional benefits include a minimum of 15 vacation/PTO days (hourly employees receive a minimum of 120 hours) and 13 paid holidays (vacation days are prorated based on the employee's hire date within the calendar year). Paid sick leave is adjusted based on role and location in accordance with local laws. Detailed information regarding paid sick leave entitlements will be provided to employees upon hiring and may be subject to adjustments based on changes in legislation or company policies.  

  

**Our Commitment to Inclusion**  

Our journey begins with our people—developing strong talent with diverse backgrounds and perspectives to best serve our consumers around the world and fostering an inclusive environment where everyone feels a true sense of belonging. We are dedicated to ensuring that each individual can be their authentic self, is treated with respect, and is empowered by leadership to contribute meaningfully to our business.  

  

**Equal Opportunity Employer**  

Colgate is an equal opportunity employer and all qualified applicants will receive consideration for employment without regard to race, color, religion, gender, gender identity, sexual orientation, national origin, ethnicity, age, disability, marital status, veteran status (United States positions), or any other characteristic protected by law.  

  

Reasonable accommodation during the application process is available for persons with disabilities. Please complete this request form should you require accommodation.  

  

For additional Colgate terms and conditions, please click here.  

  

\\#LI\\-Hybrid","","https://www.indeed.com/cmp/Colgate--palmolive","https://d2q79iu7y748jz.cloudfront.net/s/_squarelogo/256x256/e4966c033cf80c6dec5d8c25988526e1","http://www.colgatepalmolive.com","New York, NY","10,000+","more than $10B (USD)","","","","","","",""
"in-129685a2247abc31","indeed","https://www.indeed.com/viewjob?jk=129685a2247abc31","https://career4.successfactors.com/careers?rcm_site_locale=nl-NL&career_ns=job_listing&company=colgate&selected_lang=nl-NL&career_job_req_id=173541","Data Engineer (173541)","Colgate-Palmolive","Piscataway, NJ, US","2026-05-28","","direct_data","yearly",96800.0,137000.0,"USD",False,"","","","","Requisition ID **173541** \\- Posted **05/28/2026** \\- **Information Technology** \\- **United States** \\- **New Jersey** \\- **Piscataway** \\- **Colgate\\-Palmolive** \\- **Travel \\- up to 10% of time** \\- **Hybrid**  

No Relocation Assistance Offered  

Job Number \\#173541 \\- Piscataway, New Jersey, United States  

  

**Who We Are**  

  

Colgate\\-Palmolive Company is a global consumer products company operating in over 200 countries specializing in Oral Care, Personal Care, Home Care, Skin Care, and Pet Nutrition. Our products are trusted in more households than any other brand in the world, making us a household name!  

  

Join Colgate\\-Palmolive, a caring, innovative growth company reimagining a healthier future for people, their pets, and our planet. Guided by our core values—Caring, Inclusive, and Courageous—we foster a culture that inspires our people to achieve common goals. Together, let's build a brighter, healthier future for all.  

### **Role Summary :**



We are seeking a passionate and detail\\-oriented Data Engineer to join our Digital Tech \\& Data team. In this role, you will be responsible for building and maintaining the data pipelines that support our digital ecosystem — from ingesting raw data across multiple digital touchpoints to delivering clean, robust data that business teams can trust and act on.  



You will bring engineering rigour to data — treating pipelines, models, and infrastructure as production\\-grade software — while staying closely connected to the digital business context your work enables.  


### **Responsibilities :**


* Design, build, and maintain production\\-grade data pipelines in Airflow that ingest data from digital touchpoints into Snowflake.
* Develop modular, tested, and well\\-documented dbt models that transform raw data into reliable, business\\-ready datasets — owning the full lifecycle from source definition to exposure.
* Provision and manage cloud data infrastructure (Snowflake objects, Airflow environments, supporting GCP resources) through Terraform, with everything version\\-controlled and peer\\-reviewed.
* Implement and uphold data quality, observability, and testing standards across pipelines
* Tune Snowflake performance and manage warehouse cost — clustering, query profiling, resource monitors and treat cost as a first\\-class engineering concern.
* Implement pipelines to platform standards — branching strategy, CI/CD for dbt and Airflow, code review norms, documentation, naming conventions

### **Required Qualifications :**


**Education:**
* Bachelor's degree in Computer Science, Information Systems, Engineering, Mathematics, or a related discipline.

**Experience:**
* 2–3 years of hands\\-on experience in a data engineering or analytics engineering role, ideally within a digital or e\\-commerce environment.

  


### **Preferred Qualifications :**


* Proven experience building and maintaining production\\-grade data pipelines using Apache Airflow.
* Strong working knowledge of Snowflake, including data modelling, performance tuning, clustering, and warehouse cost management.
* Demonstrated experience developing dbt projects — writing modular, tested, and well\\-documented transformation logic.
* Practical experience using Terraform to provision and manage cloud data infrastructure in a repeatable, version\\-controlled manner.
* Proficiency in Python for writing data pipelines, custom operators, and utility tooling.
* Strong SQL skills with the ability to write and optimise complex queries across large datasets.
* Fluency in driving an AI coding tool across pipeline codebase: scoping changes, providing the right files as context.
  


  

**Compensation and Benefits**  

Salary Range $96,800\\.00 \\- $137,000\\.00 USD  

  

Pay is determined based on experience, qualifications, and location. Salaried employees may also be eligible for discretionary bonuses, profit\\-sharing, and long\\-term incentives for Executive\\-level roles.  

  

Benefits: Salaried employees enjoy a comprehensive benefits package, including medical, dental, vision, basic life insurance, paid parental leave, disability coverage, and participation in the 401(k) retirement plan with company matching contributions subject to eligibility requirements. Additional benefits include a minimum of 15 vacation/PTO days (hourly employees receive a minimum of 120 hours) and 13 paid holidays (vacation days are prorated based on the employee's hire date within the calendar year). Paid sick leave is adjusted based on role and location in accordance with local laws. Detailed information regarding paid sick leave entitlements will be provided to employees upon hiring and may be subject to adjustments based on changes in legislation or company policies.  

  

**Our Commitment to Inclusion**  

Our journey begins with our people—developing strong talent with diverse backgrounds and perspectives to best serve our consumers around the world and fostering an inclusive environment where everyone feels a true sense of belonging. We are dedicated to ensuring that each individual can be their authentic self, is treated with respect, and is empowered by leadership to contribute meaningfully to our business.  

  

**Equal Opportunity Employer**  

Colgate is an equal opportunity employer and all qualified applicants will receive consideration for employment without regard to race, color, religion, gender, gender identity, sexual orientation, national origin, ethnicity, age, disability, marital status, veteran status (United States positions), or any other characteristic protected by law.  

  

Reasonable accommodation during the application process is available for persons with disabilities. Please complete this request form should you require accommodation.  

  

For additional Colgate terms and conditions, please click here.  

  

\\#LI\\-Hybrid","","https://www.indeed.com/cmp/Colgate--palmolive","https://d2q79iu7y748jz.cloudfront.net/s/_squarelogo/256x256/e4966c033cf80c6dec5d8c25988526e1","http://www.colgatepalmolive.com","New York, NY","10,000+","more than $10B (USD)","","","","","","",""
"in-eb0cede7ee8b6158","indeed","https://www.indeed.com/viewjob?jk=eb0cede7ee8b6158","https://FCA.contacthr.com/152260363","Senior Data Engineer – Platform Foundation","Stellantis","Auburn Hills, MI, US","2026-05-28","","","","","","",False,"","","","","The Senior Data Engineer – Platform Foundation is a hands\\-on, senior\\-level contributor embedded in the Foundations squad. You will design, build, and evolve the shared ingestion platform that underpins data delivery across the company. The platform is the product — your job is to make it reliable, extensible, and easy for other teams to adopt.  


The Foundations squad operates across three pillars: simplifying the overall data platform landscape by reducing complexity and consolidating redundant patterns; enabling structured and unstructured data ingestion at scale; and supporting the exposure of data products to consumers across the organization. You contribute to all three — making architectural decisions, writing production code, and enabling other teams through documentation and hands\\-on support.  


Key Responsibilities:  


Platform Foundation Development  


Design and implement reusable ingestion components using dlt and dbt\\-core, covering both structured and unstructured data sources, handling high\\-volume, append\\-heavy, and schema\\-drifting patterns  
Own the Airflow platform end\\-to\\-end: extend and maintain DAGs and shared operators, handle deployments and version upgrades, and provide hands\\-on support to consuming teams  
Ensure incremental loading strategies, data quality checks, and lineage metadata are first\\-class outputs of every pipeline  


Platform Simplification \\& Architecture  


Identify and eliminate redundant ingestion patterns across consuming teams, drive standardization onto shared Platform Foundation components  
Collaborate with Solution Architects to evolve the platform architecture in response to new data sources and shifting business requirements  
Support data product exposure: define and implement governed interfaces that make data reliably accessible to internal consumers  
Contribute to Terraform\\-managed infrastructure; participate in multi\\-cloud (AWS / Azure) deployment patterns  


AI Tooling \\& Developer Productivity  


Actively use and evaluate AI\\-assisted development tools (GitHub Copilot, Claude Code, etc.) to accelerate platform Foundation delivery  
Champion AI tooling adoption within the squad; share best practices and guardrails around AI\\-generated code review  
Explore AI\\-powered capabilities (RAG pipelines, LLM\\-assisted data cataloguing) for internal platform documentation and self\\-service enablement  


DevOps \\& Reliability  


Maintain and improve CI/CD pipelines (TeamCity, GitHub Actions) for platform Foundation components  
Define and enforce observability standards: DAG/Task\\-level alerting, SLA tracking  
Participate in on\\-call rotation for critical ingestion pipelines; drive post\\-incident improvements  


Team Enablement \\& Stakeholder Management  


Produce platform Foundation documentation, runbooks, and enablement materials for consuming squads  
Translate ambiguous or moving business requirements into concrete technical designs — comfortable challenging scope when needed  
Mentor mid\\-level engineers; participate in hiring and technical assessments  
Requirements:  


Basic Qualifications:  


Bachelor's degree in Business, Information Systems, Data/Analytics, Computer Science, or related field  
Minimum 5 years in data engineering roles, with at least 2 years in a senior / platform\\-level position  
Proven track record building production ingestion and transformation pipelines at scale  
Experience contributing to a shared platform or internal developer tooling consumed by multiple teams  


Core Technical Skills:  


Python: idiomatic, testable, production\\-grade code — not just scripting  
dbt\\-core: advanced modelling (custom materializations), testing, documentation, packages  
Apache Airflow: DAG design patterns, custom operators, dynamic task mapping, SLA management  
Cloud data platforms: comfortable with one or more major cloud warehouses (Snowflake, BigQuery, Databricks, Microsoft Fabric)  
SQL: complex analytical queries, window functions, query profiling  
Git, CI/CD: trunk\\-based development, automated testing gates, pipeline\\-as\\-code  


AI \\& Modern Tooling:  


Daily user of AI coding assistants (Copilot, Claude Code or equivalent)  
Understands the limits of AI\\-generated code — applies rigorous review, not blind trust  
Interest in LLM\\-powered data tooling (RAG pipelines, Cortex, semantic layers) is a plus  


Behavioral:  


Navigates ambiguity: comfortable when requirements shift mid\\-sprint; drives clarification rather than waiting. Comfortable working with global teams  
Platform mindset: builds for reuse, not one\\-off solutions  
Direct communicator: raises blockers early, documents decisions, challenges assumptions constructively  
Learner: actively tracks technology evolution","","https://www.indeed.com/cmp/Stellantis","https://d2q79iu7y748jz.cloudfront.net/s/_squarelogo/256x256/cdce24c52a8955b06ab88ef14efdeaff","http://www.stellantis.com","Amsterdam","10,000+","more than $10B (USD)","Our People Make the Difference Behind every brand, behind every product there is a team of talented people who make it possible. We are coming together with 14 iconic automotive brands. Join Us!","","","","","",""
"in-2193364af3dbfabe","indeed","https://www.indeed.com/viewjob?jk=2193364af3dbfabe","https://ia.wd3.myworkdayjobs.com/en-US/Professional_US/job/Austin-Texas/Jr-Data-Engineer_JR10026635","Jr Data Engineer","iA Groupe financier / iA Financial Group","Austin, TX, US","2026-05-28","fulltime","","","","","",True,"","","","","**Job Description**
-------------------

**Junior Data Engineer**


\\_\\_\\_\\_\\_\\_\\_\\_\\_\\_\\_\\_\\_\\_\\_\\_\\_\\_\\_\\_\\_\\_\\_\\_\\_\\_\\_\\_\\_\\_\\_\\_\\_\\_\\_\\_\\_\\_\\_\\_\\_\\_\\_\\_\\_\\_\\_\\_\\_\\_\\_\\_\\_\\_\\_\\_\\_\\_\\_\\_\\_\\_\\_\\_\\_\\_\\_\\_\\_\\_\\_\\_\\_\\_\\_\\_\\_\\_

**Build the future with us**


Are you eager to contribute to the purpose of a company that aims to help its clients feel confident and secure about their future? As a Junior Data Engineer, you will play a key role in supporting our data management team in maintaining our cloud data warehouse and business intelligence platform.


This position is a great opportunity to showcase your skills and fully realize your potential within a caring and trustworthy company. Here, people and their development are at the heart of our priorities, fostering an environment that encourages collaboration and innovation. This is a remote position with a preference to candidates in the Central and Eastern time zones.


\\_\\_\\_\\_\\_\\_\\_\\_\\_\\_\\_\\_\\_\\_\\_\\_\\_\\_\\_\\_\\_\\_\\_\\_\\_\\_\\_\\_\\_\\_\\_\\_\\_\\_\\_\\_\\_\\_\\_\\_\\_\\_\\_\\_\\_\\_\\_\\_\\_\\_\\_\\_\\_\\_\\_\\_\\_\\_\\_\\_\\_\\_\\_\\_\\_\\_\\_\\_\\_\\_\\_\\_\\_\\_\\_\\_\\_

  



**What you’ll accomplish with** **us**

  



As a Junior Data Engineer, you’ll be at the core of our mission. Here are the main responsibilities:

* Support Snowflake data warehouse (data ingestion, transformation, and modeling) and assist with performance monitoring
* Build and maintain Qlik dashboards and reports with accurate, up\\-to\\-date data for business users
* Develop and monitor ETL/ELT pipelines, troubleshooting data issues and ensuring reliable data flow
* Ensure data quality through validation checks, documentation, and support of governance processes
* Assist with SQL optimization, performance tuning, and troubleshooting across Snowflake and Qlik environments
* Collaborate with cross\\-functional teams to gather requirements and support analytics initiatives while continuously improving skills and workflows

\\_\\_\\_\\_\\_\\_\\_\\_\\_\\_\\_\\_\\_\\_\\_\\_\\_\\_\\_\\_\\_\\_\\_\\_\\_\\_\\_\\_\\_\\_\\_\\_\\_\\_\\_\\_\\_\\_\\_\\_\\_\\_\\_\\_\\_\\_\\_\\_\\_\\_\\_\\_\\_\\_\\_\\_\\_\\_\\_\\_\\_\\_\\_\\_\\_\\_\\_\\_\\_\\_\\_\\_\\_\\_\\_\\_\\_\\_


**What could accelerate your success in this role**

We’re looking for someone who:

* Is known for their proficiency in SQL and a solid understanding of relational databases and data warehousing concepts.
* Stands out for their communication, collaborative mindset, and eagerness to learn and adapt to evolving data needs
* Demonstrates strong analytical and problem\\-solving abilities
* Is recognized for their programming skills and experience with data pipeline frameworks
* Has 1 year of experience in data engineering, business intelligence or data analysis


\\_\\_\\_\\_\\_\\_\\_\\_\\_\\_\\_\\_\\_\\_\\_\\_\\_\\_\\_\\_\\_\\_\\_\\_\\_\\_\\_\\_\\_\\_\\_\\_\\_\\_\\_\\_\\_\\_\\_\\_\\_\\_\\_\\_\\_\\_\\_\\_\\_\\_\\_\\_\\_\\_\\_\\_\\_\\_\\_\\_\\_\\_\\_\\_\\_\\_\\_\\_\\_\\_\\_\\_\\_\\_\\_\\_\\_\\_


**Why you’ll love** **working with us**

  



* A work environment where learning and development merge with a collective pursuit of excellence;
* A healthy, safe, fair, and inclusive environment where potential can be freely expressed and developed;
* The opportunity to work in a hybrid environment, supported by flexibility and access to inspiring and innovative workspaces;
* Competitive benefits: Flexible Health, Dental and Vision insurance, 401(k) \\+ company match, PTO Plan, employee and family assistance program, ergonomic furniture program, performance bonus, and much more!


\\_\\_\\_\\_\\_\\_\\_\\_\\_\\_\\_\\_\\_\\_\\_\\_\\_\\_\\_\\_\\_\\_\\_\\_\\_\\_\\_\\_\\_\\_\\_\\_\\_\\_\\_\\_\\_\\_\\_\\_\\_\\_\\_\\_\\_\\_\\_\\_\\_\\_\\_\\_\\_\\_\\_\\_\\_\\_\\_\\_\\_\\_\\_\\_\\_\\_\\_\\_\\_\\_\\_\\_\\_\\_\\_\\_\\_\\_

  



**Apply now and get ahead of your career, where your talent really belongs!**

**\\_\\_\\_\\_\\_\\_\\_\\_\\_\\_\\_\\_\\_\\_\\_\\_\\_\\_\\_\\_\\_\\_\\_\\_\\_\\_\\_\\_\\_\\_\\_\\_\\_\\_\\_\\_\\_\\_\\_\\_\\_\\_\\_\\_\\_\\_\\_\\_\\_\\_\\_\\_\\_\\_\\_\\_\\_\\_\\_\\_\\_\\_\\_\\_\\_\\_\\_\\_\\_\\_\\_\\_\\_\\_\\_\\_\\_\\_**

  



**Still unsure about applying?**

  



At iA, we believe in potential and value diverse experiences. If this role inspires you, go ahead and apply – your place might be with us, and we want to get to know you!


Applicants must be authorized to work for any employer in the U.S. We are unable to support or take over sponsorship of employment visas at this time, including H\\-1B visas and participation in STEM OPT work authorizations.

**Company**
-----------


iA American Warranty, L.P.**Posting End Date**
--------------------


2026\\-07\\-31**About us**
============


iA American Warranty LP, American Amicable Group of Companies, iA American Life Insurance Company and Industrial Alliance Portfolio Management LLC are all part of iA Financial Group, one of the largest insurance and wealth management groups in North America. In the last few years, iA American has been thoughtfully built by iA Financial Group through the acquisition of several US based entities. Our suite of products and services includes automotive protection packages, reinsurance options, dealer support, direct\\-to\\-consumer products, in\\-house administration, life insurance, progressive special markets, and more!


iA Financial Group is the fourth largest life and health insurance company in Canada and offers a wide range of products for all stages of life and to meet the needs of clients across its vast sales network. Founded in 1892, iA Financial Group’s stability and solidity make it an employer of choice that invests in its employees and their development over the long term. Our CEO Denis Ricard won \\#1 Insurance CEO in Canada from Glassdoor!

**Our Commitment to Diversity and Inclusion**
=============================================

Our differences make us unique, and even stronger. That’s why, at iA Financial Group, we are committed to supporting and celebrating diversity. We are continually building a team that is as diverse as the people and communities we serve. By combining our different ways of seeing and experiencing the world, we will always be stronger than the sum of our parts! To learn more click here.","","https://www.indeed.com/cmp/Ia-Groupe-Financier-Ia-Financial-Group-1","https://d2q79iu7y748jz.cloudfront.net/s/_squarelogo/256x256/aa8036cf97467e29379a0ceba935328b","https://www.ia.ca","Quebec, QC","5,001 to 10,000","$5B to $10B (USD)","iA Financial Group is the strength of a company with a human side, with its over 8,000 employees. At iA, we're invested in you.","","","","","",""
"in-528c2154e24d1767","indeed","https://www.indeed.com/viewjob?jk=528c2154e24d1767","https://carlyle.avature.net/externalcareers/JobDetail/Data-AI-Engineer/5422","Data & AI Engineer","The Carlyle Group","Washington, DC, US","2026-05-28","","direct_data","yearly",160000.0,180000.0,"USD",False,"","","","","### **Basic information**

Job Name:
Data \\& AI Engineer
Location:
Washington, DC
Line of Business:
Global Technology \\& Solutions
Job Function:
Investor Services
Date:
Thursday, May 28, 2026
### **Position Summary**

**Fund or Department Description**The Data \\& AI Engineer sits within Carlyle’s Enterprise Technology \\& Data organization and supports firm\\-wide data and AI initiatives spanning investment platforms, portfolio operations, investor relations, and corporate functions. The role operates within a federated data operating model, partnering with domain engineering teams to implement shared platforms and reusable patterns for data and AI under the technical direction of the Senior AI \\& Data Architect.  

  

**Position Summary**The Data \\& AI Engineer is an experienced, hands\\-on engineer who turns Carlyle’s data and AI architecture into working production systems. Reporting to the Senior AI \\& Data Architect, this role is responsible for building and operating the pipelines, semantic layers, retrieval systems, and AI\\-ready data products that power analytics, automation, LLMs, agents, and generative AI applications across the firm.  

  

The role requires deep, hands\\-on expertise across modern data engineering and applied AI engineering. The Data \\& AI Engineer will implement retrieval\\-augmented generation (RAG) patterns, embedding and indexing pipelines, vector stores, and semantic models alongside core ELT, streaming, and analytical pipelines — treating LLMs, agents, and copilots as first\\-class consumers of the data platform.  

  

This is a senior individual\\-contributor engineering role that executes against architectural standards, contributes to their evolution through hands\\-on learning, and partners closely with data science, AI engineering, governance, and domain teams to deliver trusted, AI\\-consumable data at enterprise scale.  

  

**What Success Looks Like:** In the first 12 months, this role will deliver foundational AI\\-ready data pipelines and retrieval components defined in the target\\-state architecture, productionize one or more priority RAG or agent\\-grounding use cases, and establish reusable engineering patterns that other domain teams can adopt across the federated data platform.  

  

**In\\-office requirement:** 4 days per week  

  

**Location:** Washington, D.C. or New York, NY
### **Responsibilities**

**AI Data Pipelines \\& Retrieval Systems ( 35%)*** Build and operate AI\\-ready data pipelines — embedding generation, chunking, indexing, and refresh workflows — that make Carlyle’s enterprise data reliably retrievable by LLMs, agents, and generative AI applications.
* Implement retrieval\\-augmented generation (RAG) components, including vector store integrations, hybrid search, re\\-ranking, and grounding logic, against architectural patterns defined by the Senior AI \\& Data Architect.
* Develop and maintain tool and function interfaces that allow agents and copilots to query and act on enterprise data safely, with appropriate guardrails, logging, and evaluation hooks.
* Partner with Data Science and AI Engineering teams to operationalize feature stores, evaluation datasets, and reusable AI data products.
* Contribute to semantic and context engineering work that powers natural\\-language analytics, conversational reporting, and AI\\-driven insights for business users.
 **Modern Data Pipeline Engineering ( 30%)*** Design, build, and maintain production\\-grade ELT, streaming, and transformation pipelines using tools such as dbt, Fivetran and Snowflake.
* Implement ingestion, modeling, and consumption patterns that meet enterprise standards for scalability, performance, security, resiliency, and cost efficiency.
* Write clean, well\\-tested Python and SQL; apply software engineering best practices including version control, code review, CI/CD, modular design, and automated testing.
* Productionize new sources and domains under the federated operating model, partnering with domain data engineers to apply shared platform capabilities consistently.
 **Semantic Layer \\& Data Product Development ( 20%)*** Implement semantic models, data contracts, and analytical/dimensional models that enable trusted self\\-service analytics and reliable AI grounding.
* Build and maintain reusable data products with clear ownership, documented contracts, and contextual metadata suitable for both human and AI consumers.
* Collaborate with the Senior AI \\& Data Architect to refine and extend enterprise semantic standards based on what works in production.
* Support discovery and consumption tooling so that analysts, applications, and agents can find and use data products with minimal friction.
 **Data Quality, Observability \\& AI Trust ( 10%)*** Implement data quality checks, lineage capture, and pipeline observability across both data and AI workloads.
* Build logging, evaluation, and monitoring components for AI systems — including prompt and response capture, retrieval metrics, and model performance signals — in line with governance standards.
* Partner with Data Governance to operationalize metadata, stewardship, and access controls, ensuring AI systems consume enterprise data with the same rigor as human users.
* Surface issues early, propose remediations, and feed lessons learned back into architectural patterns.
 **Collaboration \\& Engineering Craft ( 5%)*** Participate in architectural design reviews and contribute hands\\-on engineering perspective to evolving patterns and standards.
* Mentor junior data engineers and analysts on modern data and AI engineering practices.
* Document patterns, write runbooks, and share knowledge across the federated organization to accelerate adoption of reusable platform capabilities.

### **Qualifications**

**Education \\& Certifications*** Bachelor’s degree, required
* Concentration in computer science, data engineering, information systems, or a related field, preferred
* Masters degree, preferred
* Relevant certifications in cloud, data engineering, analytics, or AI/ML are preferred
 **Professional Experience*** 6\\+ years of overall relevant technical experience, required
* Experience in data engineering, analytics engineering, or platform engineering, with at least 1–2 years of direct, hands\\-on experience building generative AI or AI/ML systems in production.
* Proven experience implementing retrieval, grounding, and semantic components for LLM\\- or agent\\-based applications, including RAG pipelines, vector stores, embedding workflows, and structured tool use.
* Hands\\-on experience with one or more modern AI platforms and tooling categories (e.g., AWS Bedrock, Databricks ML, Snowflake Cortex, OpenAI/Anthropic APIs, LangChain/LlamaIndex or equivalents, MLflow, and vector databases such as Databricks Vector Search, pgvector, or Pinecone).
* Strong, demonstrable expertise in Python and SQL, with working knowledge of distributed processing frameworks (e.g., Spark).
* Deep, hands\\-on experience with modern data stacks — dbt, Fivetran, Snowflake — in AWS\\-based environments.
* Track record of building data pipelines and products whose consumers include AI systems, not only BI tools and human analysts.
* Palantir experience a plus.
* Experience operating within federated data operating models and complex, regulated enterprise environments; financial services experience preferred.
 **Competencies \\& Attributes*** Demonstrated AI\\-forward instinct: defaults to asking how AI changes what gets built, rather than whether AI can be added later.
* Fluency in current AI engineering patterns (RAG, agents, tool use, evaluations, guardrails, observability) and the practical trade\\-offs involved in shipping them.
* Strong engineering craft: clean code, automated testing, thoughtful design, and a bias toward production\\-quality systems over prototypes.
* Pragmatic, delivery\\-oriented mindset with strong attention to data quality, AI trust, and long\\-term maintainability; able to distinguish durable engineering decisions from AI hype.
* Collaborative partner to architects, data scientists, AI engineers, and domain teams; comfortable operating in a matrixed, federated organization and in high\\-visibility transformational initiatives.
 **Benefits/Compensation**The compensation range for this role is specific to the applicable office location and takes into account a wide range of factors, including required and preferred skill sets; prior experience and training; and licenses and/or certifications.  

  

The anticipated base salary range for this role is $160,000 to $180,000\\.  

  

In addition to base salary, the hired professional will receive a comprehensive benefits package including retirement benefits, health insurance, life and disability insurance, paid time off, paid holidays, family planning benefits, and wellness programs. The hired professional may also be eligible for an annual discretionary incentive program based on individual and organizational performance.
### **Company Information**

The Carlyle Group (NASDAQ: CG) is a global investment firm with $475 billion of assets under management, across 678 investment vehicles as of March 31, 2026\\. Founded in 1987 in Washington, DC, Carlyle has grown into one of the world's largest and most successful investment firms, with more than 2,500 professionals operating in 28 offices in North America, Europe, the Middle East, Asia and Australia.

  

Carlyle’s purpose is to connect people, ideas, and capital to fuel growth for companies and performance for investors, which range from public and private pension funds to wealthy individuals and families to sovereign wealth funds, unions and corporations. Carlyle invests across three segments – Global Private Equity, Global Credit and Carlyle AlpInvest – and has deep expertise across industries, markets, and geographies.

  

At Carlyle, we believe that a wide spectrum of experiences and viewpoints drives performance and success. Our CEO, Harvey Schwartz, has stated that, ""To build better businesses and create value for all of our stakeholders, we are focused on assembling leadership teams with the strongest insights from a range of perspectives."" Reflecting this view, emphasis is placed on development, retention and inclusion through our internal processes and seven Employee Resource Groups (ERGs). We cultivate a culture where ideas are openly shared and challenged, connecting diverse expertise and perspectives to drive enduring value.","Banks And Financial Services","https://www.indeed.com/cmp/The-Carlyle-Group","https://d2q79iu7y748jz.cloudfront.net/s/_squarelogo/256x256/7899aaacf99fe3cdbd5c176f827a761a","https://www.carlyle.com","Washington, DC","1,001 to 5,000","$1B to $5B (USD)","","","","","","",""
"in-f6b4d9245e526c87","indeed","https://www.indeed.com/viewjob?jk=f6b4d9245e526c87","https://grnh.se/dszx07pa9us","Senior Data Engineer / Data Integration Specialist","ASSYST, Inc.","Austin, TX, US","2026-05-28","","","","","","",False,"","","","","**ASSYST** is seeking a highly skilled and experienced **Senior Data Engineer / Data Integration Specialist** to join our client's Agile development team in **Austin, Texas (Hybrid Role).**



The Data Engineer will support the Performance Management \\& Analytics System (PMAS)and will play a critical role in the Design, Development, and Implementation (DD\\&I) of the data integration hub. This includes automating data acquisition, building complex data pipelines, optimizing SQL models, and providing operational support using Agile methodologies.


**""The program will only allow candidates who are LOCAL TO THE AUSTIN AREA ONLY.""**


**Responsibilities:**


* Design, develop, and automate workflows using Informatica Power Center and IICS to pull, transform, and integrate data from varied sources (Oracle, SQL Server, Excel, Access, Adobe PDF) into a unified dimensional model.
* Write complex, high\\-performance SQL scripts. Create and maintain database views and materialized views in Oracle and Snowflake to support Tableau data visualization tools.
* Work closely with Architects and the Data Engineering Team to design optimal data structures, validation scripts, and data acquisition strategies.
* Verify, validate, and conduct performance tuning on SQL scripts, database views, and Informatica automation.
* Build automated testing tools and scripts to facilitate integration, load, and stress testing.
* Provide ongoing operations support, troubleshooting, and continuous enhancements for the data integration hub.
* Actively participate in all Sprint ceremonies, including creating Epics, User Stories, and Tasks in JIRA.
* Interpret shifting business requirements, evaluate impact, and propose system enhancements. Develop mockups to validate requirements with business customers.
* Produce and maintain comprehensive technical specifications, data mapping documents, and architectural diagrams (using Visio, Erwin, etc.).


**Minimum Requirements:**


* Preferred: Bachelor's degree in Computer Science, Information Systems, Business, or equivalent professional experience.
* 8\\+ Years of experience automating ETL processes, developing mappings, and workflows using Informatica Power Center or IICS.
* 8\\+ Years of experience integrating diverse data sources (Oracle, SQL Server, Excel, Access, Adobe PDF) via Informatica for downstream Tableau visualization.
* 8\\+ Years of experience writing complex, highly optimized, and fast Snowflake SQL scripts.
* 8\\+ Years of experience acting as a System Analyst for data warehousing, data analytics, or performance management projects.
* 8\\+ Years of proficiency with technical writing and data modeling/mapping tools (e.g., Visio, Erwin, MS Office Suite, MS Project).
* 8\\+ Years of experience planning and delivering software platforms deployed across multiple products and organizational units.
* 8\\+ Years of proven track record writing clean, testable, and efficient code adhering to software development best practices.


**Preferred Skills \\& Experience:**


* 6 Years: Strong communication skills and a proven ability to manage multiple, conflicting priorities in a fast\\-paced environment.
* 4 Years: Experience working on an Agile sprint team utilizing JIRA.
* 4 Years: Background in the Healthcare Industry (ideally with an HHS agency), with a solid understanding of healthcare data security principles, including PII and PHI data handling.
* 4 Years: Professional experience designing and developing scripts using Python.
* 2 Years: Functional or hands\\-on design experience with Web Services (REST, SOAP).
* 2 Years: Software development experience utilizing Java and JavaScript.
* 2 Years: Experience building modern CI/CD pipelines using GitHub and Git Actions.
* 2 Years: Hands\\-on experience as a Mulesoft developer.
* 2 Years: Experience leveraging cutting\\-edge AI data tools such as Snowflake Cortex/Intelligence and/or Informatica Claire.

  


*ASSYST is an Equal Opportunity Employer. Qualified applicants will receive consideration for employment without regard to race, color, religion, sex, age, disability, military status, national origin or any other characteristic protected under federal, state, or applicable local law*","","https://www.indeed.com/cmp/Assyst,-Inc.","","","","","","","","","","","",""
"in-0227bae85263e0ce","indeed","https://www.indeed.com/viewjob?jk=0227bae85263e0ce","https://ritepros.com/bde.php","Big Data Engineer","ritepros","Portland, ME, US","2026-05-28","","","","","","",False,"","","","resumes@ritepros.com","**Big Data Engineer** with Bachelor Degree in Computer Science, Computer Information Systems, Information Technology, or a combination of education and experience equating to the U.S. equivalent of a Bachelor’s degree in one of the aforementioned subjects.


**Job Duties and Responsibilities:**


* Collaborate with System Architects to design, develop, test, and implement efficient Snowflake data models aligned with enterprise data warehousing standards.
* Build and manage cloud and hybrid integrations using third\\-party ETL tools like Azure Data Factory for seamless Snowflake data pipelines.
* Maintain CI/CD pipelines in GitHub and Azure DevOps to ensure code quality, version control, and automated deployment for Snowflake solutions.
* Conduct SQL performance analysis, query optimization, and database tuning to improve efficiency and scalability in Snowflake models.
* Develop robust, scalable Snowflake integrations and data models following industry best practices.
* Perform root cause analysis on data model issues and resolve performance bottlenecks to maintain reliable Snowflake systems.
* Engage with customers and architects to refine requirements and communicate effectively for business alignment.
* Apply strong time management to prioritize concurrent tasks and deliver Snowflake projects promptly.
* Use analytical and problem\\-solving skills to address complex warehouse challenges within the Snowflake ecosystem.
**Work experience / Technologies required for the position:**


* At least 5\\+ years of experience in building and optimizing Big Data, Data pipelines, architectures and data sets.
* Experience in performing root cause analysis on internal and external data and processes to answer specific business questions and identify opportunities for improvement.
* Strong analytic skills related to working with unstructured datasets.
* Build processes supporting data transformation, data structures, meta data, dependency and workload management.
* A successful history of manipulating, processing and extracting value from large disconnected data sets.
* Working knowledge of message queuing, stream processing, and highly scalable Big Data, data stores.
* Experience in supporting and working with cross\\-functional teams in a dynamic environment.
* Experience with big data tools: Hadoop, Spark, Kafka, etc.
* Experience with relational SQL and NoSQL databases, including AzureSQL and Snowflake.
* Experience with Azure cloud services: ADLS, AzureSynapse, Azure Databricks, Delta Lake
* Experience with stream\\-processing systems: Storm, Spark\\-Streaming, etc.
* Experience with object\\-oriented/object function scripting languages: Python, Java, C\\+\\+, Scala, etc.
Work location is Portland, ME with required travel to client locations throughout USA.
  

  

Rite Pros is an equal opportunity employer (EOE).
  

  

**Please Mail Resumes to:**  

Rite Pros, Inc.
  

565 Congress St, Suite \\# 305
  

Portland, ME 04101\\.


**Email:** **resumes@ritepros.com**","","https://www.indeed.com/cmp/Ritepros","","","","","","","","","","","",""
"in-28b17aa00b0fc706","indeed","https://www.indeed.com/viewjob?jk=28b17aa00b0fc706","https://ritepros.com/sol_arc.php","Solution Architect","ritepros","Portland, ME, US","2026-05-28","","","","","","",False,"","","","resumes@ritepros.com","**Solution Architect** with Bachelor’s Degree in Computer Science, Computer Information Systems, Information Technology, or a combination of education and experience equating to the U.S. equivalent of a Bachelor’s degree in one of the aforementioned subjects.


**Job Duties and Responsibilities:**


* Architect enterprise\\-grade data solutions for financial institutions using DataBlaze’s AI\\-powered knowledge graph, enabling real\\-time query resolution across structured, semi\\-structured, and unstructured data sources.
* Lead design and implementation of cloud\\-native microservices\\-based data mesh architecture, facilitating decentralized data ownership and scalability across KYC, AML, and fraud detection systems.
* Develop data integration blueprints incorporating streaming ingestion pipelines, ETL/ELT frameworks, and no\\-code connectors, supporting rapid onboarding of regulatory and transactional datasets.
* Engineer semantic ontologies and metadata models aligned with FINRA, OCC, and Basel III requirements, enabling automated compliance reporting and lineage tracking within complex multi\\-jurisdictional environments.
* Design custom inference pipelines leveraging AI/ML models and graph traversal logic, enabling proactive detection of suspicious transaction patterns and enhancing anti\\-fraud frameworks.
* Collaborate with cross\\-functional teams—including compliance officers, data scientists, and DevOps engineers to deploy resilient, high\\-throughput data services on AWS, Azure and GCP, achieving 99\\.99% availability.
* Deliver solution architectures integrating DataBlaze with third\\-party systems (e.g., Snowflake, Databricks, Splunk, Palantir), ensuring seamless data federation and actionable insight generation across fragmented data ecosystems.
* Author comprehensive architectural artifacts—data flow diagrams, sequence diagrams, and API schemas—used by internal and client\\-side development teams across high\\-impact financial engagements.
* Maintain architecture documentation: design artifacts, data dictionaries, API specs, ontology models, and governance policies.
* Collaborate in maintaining an enterprise metadata strategy, ensuring interoperability with data catalogs and compliance tools.
* Oversee technical teams (data engineers, developers, integrators) during deployment to ensure adherence to architecture, scalability, resilience, performance, and security standards.
* Mentor and guide other architects or engineering teams on best practices around knowledge graph modeling, microservices orchestration, and cloud deployment.
* Spearhead customer architecture workshops and proof\\-of\\-concept implementations for global Tier 1 Banks/Financial Institutions, contributing to enterprise adoption of knowledge graph–driven data governance.
**Technologies / Environment involved:**


* Distributed storage: AWS Cloud Storage (S3\\), Azure HD Insight, Google Cloud (GCP)
* Database management: Mongo DB, Cassandra, Postgres, Oracle, MS SQL Server, Redshift
* Graph Processing: Neo4J
* Machine learning: Spark Machine Learning Library (MLlib), TensorFlow, Keras, Pytorch
* Data processing: Spark, Hadoop MapReduce, Kafka and Storm, Airflow, Spark\\-streaming
* Programming Languages: Java, Scala, Python \\[REST Framework], PySpark
* DevOps Tools: BitBucket, Git, Apache Maven, Selenium, Jenkins, Docker
Work location is Portland, ME with required travel to client locations throughout USA.
  

  

Rite Pros is an equal opportunity employer (EOE).
  

  

**Please Mail Resumes to:**  

Rite Pros, Inc.
  

565 Congress St, Suite \\# 305
  

Portland, ME 04101\\.


**Email:** **resumes@ritepros.com**","","https://www.indeed.com/cmp/Ritepros","","","","","","","","","","","",""
"in-c17d4cb02f0a19a5","indeed","https://www.indeed.com/viewjob?jk=c17d4cb02f0a19a5","https://ritepros.com/data_eng.php","Data Engineer","ritepros","Portland, ME, US","2026-05-28","","","","","","",False,"","","","resumes@ritepros.com","**Data Engineer** with Bachelor Degree in Computer Science, Computer Information Systems, Information Technology, or a combination of education and experience equating to the U.S. equivalent of a Bachelor’s degree in one of the aforementioned subjects.


**Job Duties and Responsibilities:**


* Design, build, and maintain scalable and efficient data pipelines using Azure\\-native services and Databricks.
* Integrate and transform structured and semi\\-structured data from various source systems into Snowflake.
* Implement data quality, governance, and cataloging standards in line with organizational data architecture.
* Collaborate closely with business analysts, power users, and executive stakeholders to understand reporting and analytics needs.
* Develop reusable data models and datasets optimized for interactive dashboards and executive level reporting.
* Work with BI teams to deliver end\\-to\\-end data visualization solutions in Tableau \\& Power BI.
* Participate in daily stand\\-ups, sprint planning, and review meetings to provide updates and support delivery timelines.
* Proactively identify and resolve data\\-related technical issues or inconsistencies.
**Work experience / Technologies required for the position:**


* Experience building and optimizing Big Data, Data pipelines, architectures and data sets.
* Experience performing root cause analysis on internal and external data and processes to answer specific business questions and identify opportunities for improvement.
* Strong analytic skills related to working with unstructured datasets.
* Build processes supporting data transformation, data structures, meta data, dependency and workload management.
* A successful history of manipulating, processing and extracting value from large disconnected data sets.
* Working knowledge of message queuing, stream processing, and highly scalable Big Data, data stores.
* Expertise in translating the existing procedures, packages into business documents and migrating them into the latest tech stack.
* Experience supporting and working with cross\\-functional teams in a dynamic environment.
* Experience with relational SQL and NoSQL databases, including AzureSQL and Snowflake.
* Experience with Azure cloud services: ADLS, AzureSynapse, Azure Databricks, Delta Lake.
* Experience with stream\\-processing systems: Spark\\-Streaming, etc.
* Experience with object\\-oriented/object function scripting languages: Python, TensorFlow, PyTorch, NLTK, NumPy, Java, C\\+\\+, Scala, etc.
**Skills and Technologies:**

* Azure Data Factory, Azure Data Lake, Azure Synapse (optional).
* Databricks (Spark, Python/SQL/Scala).
* Snowflake (data modeling, security, performance tuning).
* Tableau, Power BI, or other enterprise\\-grade BI tools.
* Git, CI/CD pipelines for data solutions (nice to have).
* Strong SQL and data wrangling skills.
Work location is Portland, ME with required travel to client locations throughout USA.
  

  

Rite Pros is an equal opportunity employer (EOE).
  

  

**Please Mail Resumes to:**  

Rite Pros, Inc.
  

565 Congress St, Suite \\# 305
  

Portland, ME 04101\\.


**Email:** **resumes@ritepros.com**","","https://www.indeed.com/cmp/Ritepros","","","","","","","","","","","",""
"in-fc03689db54b202d","indeed","https://www.indeed.com/viewjob?jk=fc03689db54b202d","https://grnh.se/nva6avdj5us","PMC: Principal Analytic Engineer","Penske Media","Los Angeles, CA, US","2026-05-28","","direct_data","yearly",150000.0,170000.0,"USD",True,"","","","","**PMC** is seeking a **Senior** **Analytic Engineer** to help shape how data is sourced, integrated, and structured within our data warehouse, ensuring it is consistent, trusted, and usable for decision\\-making across PMC. This role sits at the intersection of analytics engineering and data engineering, with responsibility for helping build and maintain the data models, transformation workflows, and quality standards that make data from CMS platforms, web analytics tools, ad tech systems, and internal applications reliable and useful.



As a senior individual contributor, you will be a hands\\-on builder who designs scalable data models, contributes to ingestion and transformation strategies, and partners with Data Engineering and analytics stakeholders to deliver well\\-structured, business\\-ready datasets. You will have a chance to work on some of the best brands in media including Variety, Billboard, Deadline, WWD, and Rolling Stone.

  


**Key Responsibilities:**


* Design, build, and maintain scalable data models that transform raw data into structured, business\\-ready datasets
* Develop and improve transformation workflows (e.g., dbt) within Snowflake and BigQuery environments, contributing hands\\-on to complex modeling efforts
* Help define how data is sourced and integrated from key systems, including CMS platforms, web analytics tools, ad tech platforms, and business applications
* Support the identification and maintenance of appropriate sources of truth across systems, with attention to data accuracy and usability
* Establish and follow standards for how data is organized, documented, and used across the data warehouse
* Implement data quality checks, validation frameworks, and monitoring to ensure reliability of critical datasets
* Partner closely with Data Engineering on ingestion patterns, pipeline performance, and upstream data quality
* Build datasets that support consistent analysis across Editorial, Product, Audience, Ad Sales, and Finance use cases
* Support BI tools such as Looker with well\\-defined, governed datasets that reduce fragmentation in reporting
* Translate analytics and reporting requirements into scalable data models and transformations
* Investigate data discrepancies, document business logic clearly, and improve consistency in metric definitions
* Contribute to best practices for modeling, transformation, and documentation across the team
* As part of a team, support break/fix scenarios when necessary and serve in an on\\-call rotation

  


**Qualifications:**



You do not need to check every box for the experience below. If you are passionate about this opportunity, we would love to hear from you.


* 6\\+ years of experience in analytics engineering, data engineering, or related roles
* Strong SQL skills and experience designing scalable data models for analytics and reporting use cases
* Experience working with modern data warehouses such as Snowflake and/or BigQuery
* Hands\\-on experience building transformation workflows using dbt or similar tools
* Experience working with complex, multi\\-source data environments, including web analytics, ad tech, and business systems
* Familiarity with Google Analytics 4 and Parse.ly analytics platforms
* Experience working with advertising data, including Google Ad Manager or related programmatic ecosystems
* Experience investigating and reconciling conflicting data sources
* Experience implementing data quality, validation, and monitoring practices
* Experience supporting BI tools such as Looker
* Familiarity with cloud environments such as AWS and/or GCP

  


**What Success Looks Like:**


* Trusted, well\\-documented datasets for audience, content, and revenue reporting are broadly used across teams
* Recurring discrepancies between key systems are reduced through thoughtful data modeling, validation, and source selection
* Teams increasingly rely on shared, well\\-structured datasets instead of one\\-off logic and fragmented reporting
* Standardized data models are adopted across core reporting use cases, reducing duplicate logic and inconsistency
* Data consumers have greater confidence in key metrics and can more easily understand how important KPIs are defined
* A more unified and usable data layer supports better decisions around content performance, audience engagement, and monetization
* Improvements to data models, documentation, and metric definitions are durable, maintainable, and shared across the Data team

  


**As PMC values in\\-person collaboration and team cohesion, employees work onsite 4 days a week and 1 day remotely with a focus on maintaining a vibrant and inclusive culture.**

  



Typical wage range: $150k \\- $170k. Factors that could be used to determine your actual salary may include your specific skills, years of experience and comparison to current employees already in this role. If you have more or less experience than specified on this job posting, please apply and list your salary expectations.



If hired, employee will be in an ""at\\-will position"" and the Company reserves the right to modify base salary (as well as any other discretionary payment or compensation program) at any time, including for reasons related to individual performance, Company or individual department/team performance, and market factors).


**It's all About You…**



PMC's comprehensive benefits package is thoughtfully designed to support every aspect of your life, empowering you to thrive both personally and professionally. **We offer PMC\\-Paid Healthcare with no employee paycheck contributions on medical, dental, and vision for you and your family.** PMC also offers Flexible Spending Accounts (Healthcare, Dependent Care \\& Commuter), an Employee Assistance Program, Life Insurance, Short\\- \\& Long\\-Term Disability, Paid Parental Leave, and a 401(k) Retirement Plan with an Employer match. Employees are also eligible to take advantage of company discounts and perks including Pet Insurance, Home \\& Auto Insurance, Mortgage discounts, and a variety of other savings on wellness, lifestyle, and financial essentials. As part of PMC's dedication to consistently meeting employees' needs, we are currently launching a new Flexible Vacation Policy.



At PMC, we believe working in a highly collaborative, office\\-first environment fosters real\\-time communication, spontaneous idea sharing, and stronger interpersonal relationships that drive innovation and team cohesion. PMC prioritizes in\\-person collaboration and does not offer remote\\-only roles.

**About PMC:**


Penske Media Corporation (PMC) is a leading global media and information services company whose award\\-winning content attracts a passionate audience of over 300 million globally. Since 2004, PMC has been a pioneer in digital media reaching viewers on all screens across its ever\\-growing constellation of iconic brands, which includes Variety, Rolling Stone, The Hollywood Reporter, Billboard, Dick Clark Productions, WWD, SHE Media, Robb Report, Deadline, TVLine, Sportico, BGR, ARTnews, Fairchild Media, Vibe, IndieWire, Artforum, Gold Derby, and Luminate, the premier data and analytics company. PMC's journalists and content creators deliver daily the most comprehensive news and information in their industries and areas of coverage, unequaled in ambition, depth, and courage. In addition, PMC owns several vital cultural events such as SXSW, LA3C, and Latin Music Week. Headquartered in New York and Los Angeles with additional offices in 14 countries worldwide, PMC believes companies should not only be profitable but also forces for good. PMC is committed to fostering a working environment that is inclusive and responsible, where we value a company culture built on all backgrounds, voices, and experiences. For more information on the company, please visit www.PMC.com","Media News And Publishing","https://www.indeed.com/cmp/Penske-Media","https://d2q79iu7y748jz.cloudfront.net/s/_squarelogo/256x256/6d8296d493d4d6faf2e349dd5f5647cd","http://www.pmc.com","Los Angeles, CA","1,001 to 5,000","$5M to $25M (USD)","Penske Media Corporation (PMC) is a leading digital media and information services company.","","","","","",""
"in-56522c8fa8b3e437","indeed","https://www.indeed.com/viewjob?jk=56522c8fa8b3e437","https://radiancetech.wd12.myworkdayjobs.com/en-US/Radiance_External/job/Huntsville-AL/Senior-Data-Engineer--SME-_HR102223","Senior Data Engineer (SME)","Radiance Technologies Inc.","Huntsville, AL, US","2026-05-28","fulltime","","","","","",False,"","","","","We are seeking a Senior Data Engineer / Subject Matter Expert (SME) to support our logistics leadership team in the areas of asset tracking, supply chain metrics, and fleet management. The ideal candidate will serve as a technical lead, leveraging advanced data engineering and business intelligence tools to optimize project office operations within a secure Microsoft 365 cloud environment.


This role is ideal for a senior commercial data engineer or business intelligence expert looking to transition their skills into a stable, long\\-term defense contracting career.

**Key Responsibilities**

* Data Engineering \\& ETL: Analyze, plan, and develop custom SQL scripts, packages, and stored procedures. Execute robust ETL processes to integrate structured vendor contract data and large\\-scale platform data files (e.g., Palantir Foundry/enterprise data mesh platforms) into the central SQL data warehouse.
* Business Intelligence: Design, build, and maintain custom Power BI dashboards and paginated reports (via Power BI Report Builder) to monitor vendor performance metrics, supply chain health, and equipment availability. Manage automated report subscriptions for executive leadership.
* Data Integrity: Perform regular data cleansing, profiling, and validation on data warehouse tables to ensure high\\-quality, trusted reporting and analytics.
* Low\\-Code Application Development: Develop and refine low\\-code business solutions using Microsoft Power Apps and Power Automate to streamline internal workflows and approval chains.
* Collaboration Infrastructure: Manage and maintain Microsoft Teams channels and SharePoint structures to ensure seamless information sharing and document management.
* Advisory: Act as a core technical advisor to the Division Chief, translating complex logistics data into actionable, data\\-driven operational strategies.

**Required Qualifications**

* Education \\& Experience: Bachelor’s degree and 9 years of relevant data engineering/analytics experience. Equivalent combinations of education and experience will be considered (e.g., Associate's degree \\+ 11 years, or High School Diploma \\+ 13 years of technical experience).
* Security Clearance: U.S. Citizenship is required. Must possess an active federal Secret Security Clearance at the time of application.
* Technical Proficiency: Demonstrated expert\\-level experience with:
	+ Microsoft SQL Server Management Studio (SSMS) \\& Data Tools (SSDT).
	+ Microsoft Power BI Desktop \\& Power BI Report Builder.
	+ Microsoft Power Platform (Power Apps, Power Automate).
	+ Microsoft 365 Apps for Enterprise.

**Technical Certification Framework**

* CompTIA Security\\+ ce: An active CompTIA Security\\+ ce (or equivalent DoD 8570/8140 IAT Level II certification) is highly preferred.
* *Commercial Candidate Grace Period*: Highly qualified corporate candidates without this certification must be willing and able to study for, test, and obtain the CompTIA Security\\+ ce credential within 45 days of their hire date (exam voucher/sponsorship provided by the company).

**Preferred Experience**

* Experience in commercial supply chain logistics, aviation/fleet asset management, heavy equipment manufacturing, or corporate inventory operations.
* Prior hands\\-on experience handling very large, disparate enterprise data sets or enterprise data fabric environments (such as Palantir Foundry).
* Strong understanding of performance\\-based metrics, vendor SLAs, and asset reliability tracking.


Radiance Technologies is an Equal Opportunity Employer. All qualified applicants will receive consideration for employment without regard to race, color, religion, sex, sexual orientation, gender identity, national origin, disability, or protected veteran status.","","https://www.indeed.com/cmp/Radiance-Technologies-Inc.","https://d2q79iu7y748jz.cloudfront.net/s/_squarelogo/256x256/6606d1b1549b120b8faf9adaa4d23d22","https://www.radiancetech.com/","310 Bob Heath Drive
Huntsville, AL 35806","1,001 to 5,000","$500M to $1B (USD)","At Radiance Technologies, we believe employees drive the success of the company.","","","","","",""
"in-993aac3d989b730c","indeed","https://www.indeed.com/viewjob?jk=993aac3d989b730c","https://jobs.smartrecruiters.com/AbbVie/3743990013354484-lead-machine-learning-engineer","Lead Machine Learning Engineer","AbbVie","San Diego, CA, US","2026-05-28","fulltime","direct_data","yearly",124500.0,236500.0,"USD",True,"","","","","**Company Description** **About AbbVie**


At Allergan Aesthetics, an AbbVie company, we develop, manufacture, and market a portfolio of leading aesthetics brands and products. Our aesthetics portfolio includes facial injectables, body contouring, plastics, skin care, and more. Our goal is to consistently provide our customers with innovation, education, exceptional service, and a commitment to excellence, all with a personal touch. For more information, visit https://global.allerganaesthetics.com/. Follow Allergan Aesthetics on LinkedIn.

 **Job Description** **Responsibilities:**

* Collaborate with cross\\-functional partners (Product Managers, Data Scientists, Data Engineers, Software Engineers, Business teams) to build data and Machine Learning products
* Take ownership of objectives and key results for your workstream, and own technical solutions in partnership with your manager
* Architect and build robust systems to train, deploy, run inference, and monitor Machine Learning and AI systems at scale
* Champion code quality, reusability, scalability, maintainability, and security, and provide input into strategic architecture decisions
* Implement processes and tools to ensure data quality, enforce data governance policies and engineering best practices
* Integrate Machine Learning and AI systems with production applications
* Innovate with new approaches, staying abreast of current research and latest technologies in the broader ML engineering community

  

**Qualifications** **Required Experience \\& Skills:**

* Completed BS, MS, or PhD in Computer Science, Mathematics, Statistics, Data Science, Engineering, Operations Research, or other quantitative field
* 7\\+ years of experience as an engineer specialized building Machine Learning systems
* 2\\+ years of technical leadership delivering machine learning solutions in partnership with engineers, scientists, and business stakeholders
* Strong programming skills in Python and understanding of core computer science principles
* Experience with frameworks and libraries for machine learning \\& AI such as scikit\\-learn, HuggingFace, PyTorch, Tensorflow/Keras, MLlib, etc.
* Ability to design, train, and evaluate machine learning and AI models while adhering to best practices including model selection, validation, bias/variance tuning, performance assessment, sensitivity analysis, dimensionality reduction, etc.
* Experience with MLOps practices such as automated model deployment, model performance monitoring, data drift detection, etc.
* Experience with building batch and streaming pipelines using complex SQL, PySpark, Pandas, and similar frameworks
* Experience with data warehouses (e.g., dimensional modeling), data lakes/Lakehouses, and other data architectures
* Experience orchestrating complex workflows and data pipelines using Airflow or similar tools
* Ability to load test deployed models at scale to identify performance bottlenecks
* Experience with Git, CI/CD pipelines, Docker, Kubernetes
* Experience with architecting solutions on AWS or equivalent public cloud platforms
* Experience with developing data APIs, Microservices and event driven systems to integrate ML systems
* Familiarity with Large Language Models (LLMs), other generative AI modalities, and how they are applied in production
* Experience in assessing and implementing new data tools to enhance the machine learning stack
* Strong interpersonal and verbal communication skills
* Technical leadership experience and the ability to mentor and guide others

**Preferred Experience \\& Skills:**

* Knowledge of data mesh concepts
* Knowledge in domains such as recommender systems, fraud detection, personalization, and marketing science
* Knowledge of vector databases, knowledge graphs, and other approaches for organizing \\& storing information
* Familiarity with Snowflake, RDS, DynamoDB, Kafka, Fivetran, dbt, Airflow, Docker, Kubernetes, EMR, Sagemaker, DataDog, PagerDuty, DataCataloging tools, Data Observability tools and Data Governance tools

  

**Additional Information**  

Applicable only to applicants applying to a position in any location with pay disclosure requirements under state or local law:


* The compensation range described below is the range of possible base pay compensation that the Company believes in good faith it will pay for this role at the time of thisposting based on the job grade for this position. Individual compensation paid within this range will depend on many factors including geographic location,and we may ultimately pay more or less than the posted range. This range may be modified in the future.
* We offer a comprehensive package of benefits including paid time off (vacation, holidays, sick), medical/dental/vision insurance and 401(k) to eligible employees.
* This job is eligible to participate in our long\\-term incentive programs.

Note: No amount of pay is considered to be wages or compensation until such amount is earned, vested, and determinable. The amount and availability of any bonus, commission,incentive, benefits, or any other form of compensation and benefits that are allocable to a particular employee remains in the Company's sole and absolute discretion unless anduntil paid and may be modified at the Company’s sole and absolute discretion, consistent with applicable law.


AbbVie is an equal opportunity employer and is committed to operating with integrity, driving innovation, transforming lives and serving our community. Equal Opportunity Employer/Veterans/Disabled.


US \\& Puerto Rico only \\- to learn more, visit https://www.abbvie.com/join\\-us/equal\\-employment\\-opportunity\\-employer.html


US \\& Puerto Rico applicants seeking a reasonable accommodation, click here to learn more:


https://www.abbvie.com/join\\-us/reasonable\\-accommodations.html","Pharmaceuticals","https://www.indeed.com/cmp/Abbvie","https://d2q79iu7y748jz.cloudfront.net/s/_squarelogo/256x256/140bdbe2ba6f25c02e0f44c4c42f72bb","https://www.abbvie.com","1 N. Waukegan Road
North Chicago, Illinois 60064","10,000+","more than $10B (USD)","","","","","","",""
"in-b1c90c2afa15db42","indeed","https://www.indeed.com/viewjob?jk=b1c90c2afa15db42","https://thejacksonlaboratory.wd503.myworkdayjobs.com/External_JAX/job/Bar-Harbor-Maine/IT-Business-Systems-Analyst-III---Remote_JR005956","IT Business Systems Analyst III - Remote","The Jackson Laboratory","Alachua, FL, US","2026-05-28","fulltime","direct_data","yearly",74772.0,125184.0,"USD",True,"","","","","**IT Business Systems Analyst III**


The Business Systems Analyst’s role is to plan, design, and launch efficient finance and enterprise data systems in support of core organizational functions and business processes. This includes gathering and analyzing data, translating financial and operational data requirements into data warehouse solutions, and documenting business processes and requirements. The Business Systems Analyst is also responsible for investigating application issues and generating and compiling reports based on the findings, complete with probable causes and possible solutions to systems issues. This individual will apply proven communication, analytical, and problem\\-solving skills to help maximize the benefit of IT system investments, with a focus on data integrity, financial reporting accuracy, and data warehouse delivery.

**Key Responsibilities \\& Essential Functions**

* Lead requirements and business process definition sessions with Finance stakeholders (Accounting, FP\\&A, Treasury, and Reporting); work with business leaders and decision makers to acquire approval for requirements and business process documentation related to financial data flows and reporting needs.
* Create system design proposals and systems models, specifications, diagrams, and charts to provide direction to data warehouse developers, BI engineers, and quality assurance staff. This includes data flow diagrams, dimensional models, and ETL/ELT pipeline specifications.
* Lead application issue investigations, document probable causes and recommendations for resolution.
* Identify and establish scope and parameters of requirements, analysis and design efforts in order to define outcome criteria and measure\\-taking actions. Oversee small to medium data warehouse and finance systems implementation projects, ensuring alignment between IT data architecture and Finance business objectives.
* Conduct research on data integration, BI, and financial systems products to justify recommendations and to support purchasing efforts. Ability to drive software selection projects including data warehouse platforms, ETL tooling, and financial reporting solutions.
* Serve as the primary liaison between the Finance department and the IT Data Warehouse team, facilitating clear communication of business requirements, data definitions, and delivery priorities.
* Collaborate with data engineers and architects to define data models, dimensional schemas, and data governance standards that support Finance reporting and analytics needs.

**Knowledge, Skills, and Abilities**

* Extensive experience with one or more core software applications, including Enterprise Resource Planning (ERP) systems (e.g., SAP, Oracle, NetSuite) and/or Data Warehouse platforms (e.g., Snowflake, Redshift, Azure Synapse, Databricks).
* Extensive experience with business and technical requirements elicitation, business process modeling / mapping and data modeling — including dimensional modeling (star/snowflake schemas), data lineage documentation, and data dictionary development in a Finance context.
* Competency and practical knowledge of information presentation tools such as spreadsheets, flow charts, office productivity software, etc. Familiarity with BI and reporting tools (e.g., Power BI, Tableau, Looker) and basic SQL proficiency for data validation and analysis.
* Experience working in a team\\-oriented, collaborative environment.
* Incumbent must have strong interpersonal, organizational and facilitation skills to work in a high\\-profile environment requiring discretion, judgment, tact and diplomacy.
* Demonstrated success at managing multiple projects with tight deadlines to successful completion.
* Demonstrated positive team player.
* Highly self\\-motivated and directed.
* Demonstrated project management and leadership skills in overseeing the design, development, and implementation of software and hardware solutions, systems, or products.
* Ability to communicate ideas in both technical and user\\-friendly language in written and oral forms — specifically, the ability to translate complex data warehouse and ETL concepts into actionable business terms for Finance audiences, and vice versa. Excellent listening and interpersonal skills.
* 5\\+ years of experience required, with at least 2 years in a data warehouse, business intelligence, or finance systems environment.
* Bachelor’s degree or equivalent is required. Degree in Information Systems, Computer Science, Finance, Accounting, or a related field preferred.
* Working knowledge of financial concepts including general ledger, chart of accounts, period\\-close processes, financial consolidation, budgeting/forecasting, and regulatory reporting.
* Experience with ETL/ELT tools and data pipeline concepts (e.g., dbt, Informatica, Talend, Azure Data Factory) is a plus.


Pay Range: $74,772 \\- $125,184


\\#CA\\-EH8

**About JAX:**


The Jackson Laboratory is an independent, nonprofit biomedical research institution with a National Cancer Institute\\-designated Cancer Center and nearly 3,000 employees in locations across the United States (Maine, Connecticut, California), Japan and China. Its mission is to discover precise genomic solutions for disease and empower the global biomedical community in the shared quest to improve human health.


Founded in 1929, JAX applies over nine decades of expertise in genetics to increase understanding of human disease, advancing treatments and cures for cancer, neurological and immune disorders, diabetes, aging and heart disease. It models and interprets genomic complexity, integrates basic research with clinical application, educates current and future scientists, and provides critical data, tools and services to the global biomedical community. For more information, please visit www.jax.org.

**EEO Statement:**

*The Jackson Laboratory provides equal employment opportunities to all employees and applicants for employment in all job classifications without regard to race, color, religion, age, mental disability, physical disability, medical condition, gender, sexual orientation, genetic information, ancestry, marital status, national origin, veteran status, and other classifications protected by applicable state and local non\\-discrimination laws.*","","https://www.indeed.com/cmp/The-Jackson-Laboratory","https://d2q79iu7y748jz.cloudfront.net/s/_squarelogo/256x256/b4486bc838e33c06e2998d47c3df86f5","http://www.jax.org","Bar Harbor, ME","1,001 to 5,000","$100M to $500M (USD)","The Jackson Laboratory (JAX) is an independent, nonprofit biomedical research institution with more than 2,400 employees.","","","","","",""
"in-3115b7bdca0e3472","indeed","https://www.indeed.com/viewjob?jk=3115b7bdca0e3472","https://thejacksonlaboratory.wd503.myworkdayjobs.com/External_JAX/job/Bar-Harbor-Maine/IT-Business-Systems-Analyst-III---Remote_JR005956","IT Business Systems Analyst III - Remote","The Jackson Laboratory","Farmington, CT, US","2026-05-28","fulltime","direct_data","yearly",74772.0,125184.0,"USD",True,"","","","","**IT Business Systems Analyst III**


The Business Systems Analyst’s role is to plan, design, and launch efficient finance and enterprise data systems in support of core organizational functions and business processes. This includes gathering and analyzing data, translating financial and operational data requirements into data warehouse solutions, and documenting business processes and requirements. The Business Systems Analyst is also responsible for investigating application issues and generating and compiling reports based on the findings, complete with probable causes and possible solutions to systems issues. This individual will apply proven communication, analytical, and problem\\-solving skills to help maximize the benefit of IT system investments, with a focus on data integrity, financial reporting accuracy, and data warehouse delivery.

**Key Responsibilities \\& Essential Functions**

* Lead requirements and business process definition sessions with Finance stakeholders (Accounting, FP\\&A, Treasury, and Reporting); work with business leaders and decision makers to acquire approval for requirements and business process documentation related to financial data flows and reporting needs.
* Create system design proposals and systems models, specifications, diagrams, and charts to provide direction to data warehouse developers, BI engineers, and quality assurance staff. This includes data flow diagrams, dimensional models, and ETL/ELT pipeline specifications.
* Lead application issue investigations, document probable causes and recommendations for resolution.
* Identify and establish scope and parameters of requirements, analysis and design efforts in order to define outcome criteria and measure\\-taking actions. Oversee small to medium data warehouse and finance systems implementation projects, ensuring alignment between IT data architecture and Finance business objectives.
* Conduct research on data integration, BI, and financial systems products to justify recommendations and to support purchasing efforts. Ability to drive software selection projects including data warehouse platforms, ETL tooling, and financial reporting solutions.
* Serve as the primary liaison between the Finance department and the IT Data Warehouse team, facilitating clear communication of business requirements, data definitions, and delivery priorities.
* Collaborate with data engineers and architects to define data models, dimensional schemas, and data governance standards that support Finance reporting and analytics needs.

**Knowledge, Skills, and Abilities**

* Extensive experience with one or more core software applications, including Enterprise Resource Planning (ERP) systems (e.g., SAP, Oracle, NetSuite) and/or Data Warehouse platforms (e.g., Snowflake, Redshift, Azure Synapse, Databricks).
* Extensive experience with business and technical requirements elicitation, business process modeling / mapping and data modeling — including dimensional modeling (star/snowflake schemas), data lineage documentation, and data dictionary development in a Finance context.
* Competency and practical knowledge of information presentation tools such as spreadsheets, flow charts, office productivity software, etc. Familiarity with BI and reporting tools (e.g., Power BI, Tableau, Looker) and basic SQL proficiency for data validation and analysis.
* Experience working in a team\\-oriented, collaborative environment.
* Incumbent must have strong interpersonal, organizational and facilitation skills to work in a high\\-profile environment requiring discretion, judgment, tact and diplomacy.
* Demonstrated success at managing multiple projects with tight deadlines to successful completion.
* Demonstrated positive team player.
* Highly self\\-motivated and directed.
* Demonstrated project management and leadership skills in overseeing the design, development, and implementation of software and hardware solutions, systems, or products.
* Ability to communicate ideas in both technical and user\\-friendly language in written and oral forms — specifically, the ability to translate complex data warehouse and ETL concepts into actionable business terms for Finance audiences, and vice versa. Excellent listening and interpersonal skills.
* 5\\+ years of experience required, with at least 2 years in a data warehouse, business intelligence, or finance systems environment.
* Bachelor’s degree or equivalent is required. Degree in Information Systems, Computer Science, Finance, Accounting, or a related field preferred.
* Working knowledge of financial concepts including general ledger, chart of accounts, period\\-close processes, financial consolidation, budgeting/forecasting, and regulatory reporting.
* Experience with ETL/ELT tools and data pipeline concepts (e.g., dbt, Informatica, Talend, Azure Data Factory) is a plus.


Pay Range: $74,772 \\- $125,184


\\#CA\\-EH8

**About JAX:**


The Jackson Laboratory is an independent, nonprofit biomedical research institution with a National Cancer Institute\\-designated Cancer Center and nearly 3,000 employees in locations across the United States (Maine, Connecticut, California), Japan and China. Its mission is to discover precise genomic solutions for disease and empower the global biomedical community in the shared quest to improve human health.


Founded in 1929, JAX applies over nine decades of expertise in genetics to increase understanding of human disease, advancing treatments and cures for cancer, neurological and immune disorders, diabetes, aging and heart disease. It models and interprets genomic complexity, integrates basic research with clinical application, educates current and future scientists, and provides critical data, tools and services to the global biomedical community. For more information, please visit www.jax.org.

**EEO Statement:**

*The Jackson Laboratory provides equal employment opportunities to all employees and applicants for employment in all job classifications without regard to race, color, religion, age, mental disability, physical disability, medical condition, gender, sexual orientation, genetic information, ancestry, marital status, national origin, veteran status, and other classifications protected by applicable state and local non\\-discrimination laws.*","","https://www.indeed.com/cmp/The-Jackson-Laboratory","https://d2q79iu7y748jz.cloudfront.net/s/_squarelogo/256x256/b4486bc838e33c06e2998d47c3df86f5","http://www.jax.org","Bar Harbor, ME","1,001 to 5,000","$100M to $500M (USD)","The Jackson Laboratory (JAX) is an independent, nonprofit biomedical research institution with more than 2,400 employees.","","","","","",""
"in-faf79e9d06453759","indeed","https://www.indeed.com/viewjob?jk=faf79e9d06453759","https://thejacksonlaboratory.wd503.myworkdayjobs.com/External_JAX/job/Bar-Harbor-Maine/IT-Business-Systems-Analyst-III---Remote_JR005956","IT Business Systems Analyst III - Remote","The Jackson Laboratory","New York, NY, US","2026-05-28","fulltime","direct_data","yearly",74772.0,125184.0,"USD",True,"","","","","**IT Business Systems Analyst III**


The Business Systems Analyst’s role is to plan, design, and launch efficient finance and enterprise data systems in support of core organizational functions and business processes. This includes gathering and analyzing data, translating financial and operational data requirements into data warehouse solutions, and documenting business processes and requirements. The Business Systems Analyst is also responsible for investigating application issues and generating and compiling reports based on the findings, complete with probable causes and possible solutions to systems issues. This individual will apply proven communication, analytical, and problem\\-solving skills to help maximize the benefit of IT system investments, with a focus on data integrity, financial reporting accuracy, and data warehouse delivery.

**Key Responsibilities \\& Essential Functions**

* Lead requirements and business process definition sessions with Finance stakeholders (Accounting, FP\\&A, Treasury, and Reporting); work with business leaders and decision makers to acquire approval for requirements and business process documentation related to financial data flows and reporting needs.
* Create system design proposals and systems models, specifications, diagrams, and charts to provide direction to data warehouse developers, BI engineers, and quality assurance staff. This includes data flow diagrams, dimensional models, and ETL/ELT pipeline specifications.
* Lead application issue investigations, document probable causes and recommendations for resolution.
* Identify and establish scope and parameters of requirements, analysis and design efforts in order to define outcome criteria and measure\\-taking actions. Oversee small to medium data warehouse and finance systems implementation projects, ensuring alignment between IT data architecture and Finance business objectives.
* Conduct research on data integration, BI, and financial systems products to justify recommendations and to support purchasing efforts. Ability to drive software selection projects including data warehouse platforms, ETL tooling, and financial reporting solutions.
* Serve as the primary liaison between the Finance department and the IT Data Warehouse team, facilitating clear communication of business requirements, data definitions, and delivery priorities.
* Collaborate with data engineers and architects to define data models, dimensional schemas, and data governance standards that support Finance reporting and analytics needs.

**Knowledge, Skills, and Abilities**

* Extensive experience with one or more core software applications, including Enterprise Resource Planning (ERP) systems (e.g., SAP, Oracle, NetSuite) and/or Data Warehouse platforms (e.g., Snowflake, Redshift, Azure Synapse, Databricks).
* Extensive experience with business and technical requirements elicitation, business process modeling / mapping and data modeling — including dimensional modeling (star/snowflake schemas), data lineage documentation, and data dictionary development in a Finance context.
* Competency and practical knowledge of information presentation tools such as spreadsheets, flow charts, office productivity software, etc. Familiarity with BI and reporting tools (e.g., Power BI, Tableau, Looker) and basic SQL proficiency for data validation and analysis.
* Experience working in a team\\-oriented, collaborative environment.
* Incumbent must have strong interpersonal, organizational and facilitation skills to work in a high\\-profile environment requiring discretion, judgment, tact and diplomacy.
* Demonstrated success at managing multiple projects with tight deadlines to successful completion.
* Demonstrated positive team player.
* Highly self\\-motivated and directed.
* Demonstrated project management and leadership skills in overseeing the design, development, and implementation of software and hardware solutions, systems, or products.
* Ability to communicate ideas in both technical and user\\-friendly language in written and oral forms — specifically, the ability to translate complex data warehouse and ETL concepts into actionable business terms for Finance audiences, and vice versa. Excellent listening and interpersonal skills.
* 5\\+ years of experience required, with at least 2 years in a data warehouse, business intelligence, or finance systems environment.
* Bachelor’s degree or equivalent is required. Degree in Information Systems, Computer Science, Finance, Accounting, or a related field preferred.
* Working knowledge of financial concepts including general ledger, chart of accounts, period\\-close processes, financial consolidation, budgeting/forecasting, and regulatory reporting.
* Experience with ETL/ELT tools and data pipeline concepts (e.g., dbt, Informatica, Talend, Azure Data Factory) is a plus.


Pay Range: $74,772 \\- $125,184


\\#CA\\-EH8

**About JAX:**


The Jackson Laboratory is an independent, nonprofit biomedical research institution with a National Cancer Institute\\-designated Cancer Center and nearly 3,000 employees in locations across the United States (Maine, Connecticut, California), Japan and China. Its mission is to discover precise genomic solutions for disease and empower the global biomedical community in the shared quest to improve human health.


Founded in 1929, JAX applies over nine decades of expertise in genetics to increase understanding of human disease, advancing treatments and cures for cancer, neurological and immune disorders, diabetes, aging and heart disease. It models and interprets genomic complexity, integrates basic research with clinical application, educates current and future scientists, and provides critical data, tools and services to the global biomedical community. For more information, please visit www.jax.org.

**EEO Statement:**

*The Jackson Laboratory provides equal employment opportunities to all employees and applicants for employment in all job classifications without regard to race, color, religion, age, mental disability, physical disability, medical condition, gender, sexual orientation, genetic information, ancestry, marital status, national origin, veteran status, and other classifications protected by applicable state and local non\\-discrimination laws.*","","https://www.indeed.com/cmp/The-Jackson-Laboratory","https://d2q79iu7y748jz.cloudfront.net/s/_squarelogo/256x256/b4486bc838e33c06e2998d47c3df86f5","http://www.jax.org","Bar Harbor, ME","1,001 to 5,000","$100M to $500M (USD)","The Jackson Laboratory (JAX) is an independent, nonprofit biomedical research institution with more than 2,400 employees.","","","","","",""
"in-7b08aeedbd73fdfc","indeed","https://www.indeed.com/viewjob?jk=7b08aeedbd73fdfc","https://thejacksonlaboratory.wd503.myworkdayjobs.com/External_JAX/job/Bar-Harbor-Maine/IT-Business-Systems-Analyst-III---Remote_JR005956","IT Business Systems Analyst III - Remote","The Jackson Laboratory","Portland, ME, US","2026-05-28","fulltime","direct_data","yearly",74772.0,125184.0,"USD",True,"","","","","**IT Business Systems Analyst III**


The Business Systems Analyst’s role is to plan, design, and launch efficient finance and enterprise data systems in support of core organizational functions and business processes. This includes gathering and analyzing data, translating financial and operational data requirements into data warehouse solutions, and documenting business processes and requirements. The Business Systems Analyst is also responsible for investigating application issues and generating and compiling reports based on the findings, complete with probable causes and possible solutions to systems issues. This individual will apply proven communication, analytical, and problem\\-solving skills to help maximize the benefit of IT system investments, with a focus on data integrity, financial reporting accuracy, and data warehouse delivery.

**Key Responsibilities \\& Essential Functions**

* Lead requirements and business process definition sessions with Finance stakeholders (Accounting, FP\\&A, Treasury, and Reporting); work with business leaders and decision makers to acquire approval for requirements and business process documentation related to financial data flows and reporting needs.
* Create system design proposals and systems models, specifications, diagrams, and charts to provide direction to data warehouse developers, BI engineers, and quality assurance staff. This includes data flow diagrams, dimensional models, and ETL/ELT pipeline specifications.
* Lead application issue investigations, document probable causes and recommendations for resolution.
* Identify and establish scope and parameters of requirements, analysis and design efforts in order to define outcome criteria and measure\\-taking actions. Oversee small to medium data warehouse and finance systems implementation projects, ensuring alignment between IT data architecture and Finance business objectives.
* Conduct research on data integration, BI, and financial systems products to justify recommendations and to support purchasing efforts. Ability to drive software selection projects including data warehouse platforms, ETL tooling, and financial reporting solutions.
* Serve as the primary liaison between the Finance department and the IT Data Warehouse team, facilitating clear communication of business requirements, data definitions, and delivery priorities.
* Collaborate with data engineers and architects to define data models, dimensional schemas, and data governance standards that support Finance reporting and analytics needs.

**Knowledge, Skills, and Abilities**

* Extensive experience with one or more core software applications, including Enterprise Resource Planning (ERP) systems (e.g., SAP, Oracle, NetSuite) and/or Data Warehouse platforms (e.g., Snowflake, Redshift, Azure Synapse, Databricks).
* Extensive experience with business and technical requirements elicitation, business process modeling / mapping and data modeling — including dimensional modeling (star/snowflake schemas), data lineage documentation, and data dictionary development in a Finance context.
* Competency and practical knowledge of information presentation tools such as spreadsheets, flow charts, office productivity software, etc. Familiarity with BI and reporting tools (e.g., Power BI, Tableau, Looker) and basic SQL proficiency for data validation and analysis.
* Experience working in a team\\-oriented, collaborative environment.
* Incumbent must have strong interpersonal, organizational and facilitation skills to work in a high\\-profile environment requiring discretion, judgment, tact and diplomacy.
* Demonstrated success at managing multiple projects with tight deadlines to successful completion.
* Demonstrated positive team player.
* Highly self\\-motivated and directed.
* Demonstrated project management and leadership skills in overseeing the design, development, and implementation of software and hardware solutions, systems, or products.
* Ability to communicate ideas in both technical and user\\-friendly language in written and oral forms — specifically, the ability to translate complex data warehouse and ETL concepts into actionable business terms for Finance audiences, and vice versa. Excellent listening and interpersonal skills.
* 5\\+ years of experience required, with at least 2 years in a data warehouse, business intelligence, or finance systems environment.
* Bachelor’s degree or equivalent is required. Degree in Information Systems, Computer Science, Finance, Accounting, or a related field preferred.
* Working knowledge of financial concepts including general ledger, chart of accounts, period\\-close processes, financial consolidation, budgeting/forecasting, and regulatory reporting.
* Experience with ETL/ELT tools and data pipeline concepts (e.g., dbt, Informatica, Talend, Azure Data Factory) is a plus.


Pay Range: $74,772 \\- $125,184


\\#CA\\-EH8

**About JAX:**


The Jackson Laboratory is an independent, nonprofit biomedical research institution with a National Cancer Institute\\-designated Cancer Center and nearly 3,000 employees in locations across the United States (Maine, Connecticut, California), Japan and China. Its mission is to discover precise genomic solutions for disease and empower the global biomedical community in the shared quest to improve human health.


Founded in 1929, JAX applies over nine decades of expertise in genetics to increase understanding of human disease, advancing treatments and cures for cancer, neurological and immune disorders, diabetes, aging and heart disease. It models and interprets genomic complexity, integrates basic research with clinical application, educates current and future scientists, and provides critical data, tools and services to the global biomedical community. For more information, please visit www.jax.org.

**EEO Statement:**

*The Jackson Laboratory provides equal employment opportunities to all employees and applicants for employment in all job classifications without regard to race, color, religion, age, mental disability, physical disability, medical condition, gender, sexual orientation, genetic information, ancestry, marital status, national origin, veteran status, and other classifications protected by applicable state and local non\\-discrimination laws.*","","https://www.indeed.com/cmp/The-Jackson-Laboratory","https://d2q79iu7y748jz.cloudfront.net/s/_squarelogo/256x256/b4486bc838e33c06e2998d47c3df86f5","http://www.jax.org","Bar Harbor, ME","1,001 to 5,000","$100M to $500M (USD)","The Jackson Laboratory (JAX) is an independent, nonprofit biomedical research institution with more than 2,400 employees.","","","","","",""
"in-d1a29960bbdae701","indeed","https://www.indeed.com/viewjob?jk=d1a29960bbdae701","https://thejacksonlaboratory.wd503.myworkdayjobs.com/External_JAX/job/Bar-Harbor-Maine/IT-Business-Systems-Analyst-III---Remote_JR005956","IT Business Systems Analyst III - Remote","The Jackson Laboratory","Sacramento, CA, US","2026-05-28","fulltime","direct_data","yearly",74772.0,125184.0,"USD",True,"","","","","**IT Business Systems Analyst III**


The Business Systems Analyst’s role is to plan, design, and launch efficient finance and enterprise data systems in support of core organizational functions and business processes. This includes gathering and analyzing data, translating financial and operational data requirements into data warehouse solutions, and documenting business processes and requirements. The Business Systems Analyst is also responsible for investigating application issues and generating and compiling reports based on the findings, complete with probable causes and possible solutions to systems issues. This individual will apply proven communication, analytical, and problem\\-solving skills to help maximize the benefit of IT system investments, with a focus on data integrity, financial reporting accuracy, and data warehouse delivery.

**Key Responsibilities \\& Essential Functions**

* Lead requirements and business process definition sessions with Finance stakeholders (Accounting, FP\\&A, Treasury, and Reporting); work with business leaders and decision makers to acquire approval for requirements and business process documentation related to financial data flows and reporting needs.
* Create system design proposals and systems models, specifications, diagrams, and charts to provide direction to data warehouse developers, BI engineers, and quality assurance staff. This includes data flow diagrams, dimensional models, and ETL/ELT pipeline specifications.
* Lead application issue investigations, document probable causes and recommendations for resolution.
* Identify and establish scope and parameters of requirements, analysis and design efforts in order to define outcome criteria and measure\\-taking actions. Oversee small to medium data warehouse and finance systems implementation projects, ensuring alignment between IT data architecture and Finance business objectives.
* Conduct research on data integration, BI, and financial systems products to justify recommendations and to support purchasing efforts. Ability to drive software selection projects including data warehouse platforms, ETL tooling, and financial reporting solutions.
* Serve as the primary liaison between the Finance department and the IT Data Warehouse team, facilitating clear communication of business requirements, data definitions, and delivery priorities.
* Collaborate with data engineers and architects to define data models, dimensional schemas, and data governance standards that support Finance reporting and analytics needs.

**Knowledge, Skills, and Abilities**

* Extensive experience with one or more core software applications, including Enterprise Resource Planning (ERP) systems (e.g., SAP, Oracle, NetSuite) and/or Data Warehouse platforms (e.g., Snowflake, Redshift, Azure Synapse, Databricks).
* Extensive experience with business and technical requirements elicitation, business process modeling / mapping and data modeling — including dimensional modeling (star/snowflake schemas), data lineage documentation, and data dictionary development in a Finance context.
* Competency and practical knowledge of information presentation tools such as spreadsheets, flow charts, office productivity software, etc. Familiarity with BI and reporting tools (e.g., Power BI, Tableau, Looker) and basic SQL proficiency for data validation and analysis.
* Experience working in a team\\-oriented, collaborative environment.
* Incumbent must have strong interpersonal, organizational and facilitation skills to work in a high\\-profile environment requiring discretion, judgment, tact and diplomacy.
* Demonstrated success at managing multiple projects with tight deadlines to successful completion.
* Demonstrated positive team player.
* Highly self\\-motivated and directed.
* Demonstrated project management and leadership skills in overseeing the design, development, and implementation of software and hardware solutions, systems, or products.
* Ability to communicate ideas in both technical and user\\-friendly language in written and oral forms — specifically, the ability to translate complex data warehouse and ETL concepts into actionable business terms for Finance audiences, and vice versa. Excellent listening and interpersonal skills.
* 5\\+ years of experience required, with at least 2 years in a data warehouse, business intelligence, or finance systems environment.
* Bachelor’s degree or equivalent is required. Degree in Information Systems, Computer Science, Finance, Accounting, or a related field preferred.
* Working knowledge of financial concepts including general ledger, chart of accounts, period\\-close processes, financial consolidation, budgeting/forecasting, and regulatory reporting.
* Experience with ETL/ELT tools and data pipeline concepts (e.g., dbt, Informatica, Talend, Azure Data Factory) is a plus.


Pay Range: $74,772 \\- $125,184


\\#CA\\-EH8

**About JAX:**


The Jackson Laboratory is an independent, nonprofit biomedical research institution with a National Cancer Institute\\-designated Cancer Center and nearly 3,000 employees in locations across the United States (Maine, Connecticut, California), Japan and China. Its mission is to discover precise genomic solutions for disease and empower the global biomedical community in the shared quest to improve human health.


Founded in 1929, JAX applies over nine decades of expertise in genetics to increase understanding of human disease, advancing treatments and cures for cancer, neurological and immune disorders, diabetes, aging and heart disease. It models and interprets genomic complexity, integrates basic research with clinical application, educates current and future scientists, and provides critical data, tools and services to the global biomedical community. For more information, please visit www.jax.org.

**EEO Statement:**

*The Jackson Laboratory provides equal employment opportunities to all employees and applicants for employment in all job classifications without regard to race, color, religion, age, mental disability, physical disability, medical condition, gender, sexual orientation, genetic information, ancestry, marital status, national origin, veteran status, and other classifications protected by applicable state and local non\\-discrimination laws.*","","https://www.indeed.com/cmp/The-Jackson-Laboratory","https://d2q79iu7y748jz.cloudfront.net/s/_squarelogo/256x256/b4486bc838e33c06e2998d47c3df86f5","http://www.jax.org","Bar Harbor, ME","1,001 to 5,000","$100M to $500M (USD)","The Jackson Laboratory (JAX) is an independent, nonprofit biomedical research institution with more than 2,400 employees.","","","","","",""
"in-8ef0693d853058a4","indeed","https://www.indeed.com/viewjob?jk=8ef0693d853058a4","https://thejacksonlaboratory.wd503.myworkdayjobs.com/External_JAX/job/Bar-Harbor-Maine/IT-Business-Systems-Analyst-III---Remote_JR005956","IT Business Systems Analyst III - Remote","The Jackson Laboratory","Bar Harbor, ME, US","2026-05-28","fulltime","direct_data","yearly",74772.0,125184.0,"USD",True,"","","","","**IT Business Systems Analyst III**


The Business Systems Analyst’s role is to plan, design, and launch efficient finance and enterprise data systems in support of core organizational functions and business processes. This includes gathering and analyzing data, translating financial and operational data requirements into data warehouse solutions, and documenting business processes and requirements. The Business Systems Analyst is also responsible for investigating application issues and generating and compiling reports based on the findings, complete with probable causes and possible solutions to systems issues. This individual will apply proven communication, analytical, and problem\\-solving skills to help maximize the benefit of IT system investments, with a focus on data integrity, financial reporting accuracy, and data warehouse delivery.

**Key Responsibilities \\& Essential Functions**

* Lead requirements and business process definition sessions with Finance stakeholders (Accounting, FP\\&A, Treasury, and Reporting); work with business leaders and decision makers to acquire approval for requirements and business process documentation related to financial data flows and reporting needs.
* Create system design proposals and systems models, specifications, diagrams, and charts to provide direction to data warehouse developers, BI engineers, and quality assurance staff. This includes data flow diagrams, dimensional models, and ETL/ELT pipeline specifications.
* Lead application issue investigations, document probable causes and recommendations for resolution.
* Identify and establish scope and parameters of requirements, analysis and design efforts in order to define outcome criteria and measure\\-taking actions. Oversee small to medium data warehouse and finance systems implementation projects, ensuring alignment between IT data architecture and Finance business objectives.
* Conduct research on data integration, BI, and financial systems products to justify recommendations and to support purchasing efforts. Ability to drive software selection projects including data warehouse platforms, ETL tooling, and financial reporting solutions.
* Serve as the primary liaison between the Finance department and the IT Data Warehouse team, facilitating clear communication of business requirements, data definitions, and delivery priorities.
* Collaborate with data engineers and architects to define data models, dimensional schemas, and data governance standards that support Finance reporting and analytics needs.

**Knowledge, Skills, and Abilities**

* Extensive experience with one or more core software applications, including Enterprise Resource Planning (ERP) systems (e.g., SAP, Oracle, NetSuite) and/or Data Warehouse platforms (e.g., Snowflake, Redshift, Azure Synapse, Databricks).
* Extensive experience with business and technical requirements elicitation, business process modeling / mapping and data modeling — including dimensional modeling (star/snowflake schemas), data lineage documentation, and data dictionary development in a Finance context.
* Competency and practical knowledge of information presentation tools such as spreadsheets, flow charts, office productivity software, etc. Familiarity with BI and reporting tools (e.g., Power BI, Tableau, Looker) and basic SQL proficiency for data validation and analysis.
* Experience working in a team\\-oriented, collaborative environment.
* Incumbent must have strong interpersonal, organizational and facilitation skills to work in a high\\-profile environment requiring discretion, judgment, tact and diplomacy.
* Demonstrated success at managing multiple projects with tight deadlines to successful completion.
* Demonstrated positive team player.
* Highly self\\-motivated and directed.
* Demonstrated project management and leadership skills in overseeing the design, development, and implementation of software and hardware solutions, systems, or products.
* Ability to communicate ideas in both technical and user\\-friendly language in written and oral forms — specifically, the ability to translate complex data warehouse and ETL concepts into actionable business terms for Finance audiences, and vice versa. Excellent listening and interpersonal skills.
* 5\\+ years of experience required, with at least 2 years in a data warehouse, business intelligence, or finance systems environment.
* Bachelor’s degree or equivalent is required. Degree in Information Systems, Computer Science, Finance, Accounting, or a related field preferred.
* Working knowledge of financial concepts including general ledger, chart of accounts, period\\-close processes, financial consolidation, budgeting/forecasting, and regulatory reporting.
* Experience with ETL/ELT tools and data pipeline concepts (e.g., dbt, Informatica, Talend, Azure Data Factory) is a plus.


Pay Range: $74,772 \\- $125,184


\\#CA\\-EH8

**About JAX:**


The Jackson Laboratory is an independent, nonprofit biomedical research institution with a National Cancer Institute\\-designated Cancer Center and nearly 3,000 employees in locations across the United States (Maine, Connecticut, California), Japan and China. Its mission is to discover precise genomic solutions for disease and empower the global biomedical community in the shared quest to improve human health.


Founded in 1929, JAX applies over nine decades of expertise in genetics to increase understanding of human disease, advancing treatments and cures for cancer, neurological and immune disorders, diabetes, aging and heart disease. It models and interprets genomic complexity, integrates basic research with clinical application, educates current and future scientists, and provides critical data, tools and services to the global biomedical community. For more information, please visit www.jax.org.

**EEO Statement:**

*The Jackson Laboratory provides equal employment opportunities to all employees and applicants for employment in all job classifications without regard to race, color, religion, age, mental disability, physical disability, medical condition, gender, sexual orientation, genetic information, ancestry, marital status, national origin, veteran status, and other classifications protected by applicable state and local non\\-discrimination laws.*","","https://www.indeed.com/cmp/The-Jackson-Laboratory","https://d2q79iu7y748jz.cloudfront.net/s/_squarelogo/256x256/b4486bc838e33c06e2998d47c3df86f5","http://www.jax.org","Bar Harbor, ME","1,001 to 5,000","$100M to $500M (USD)","The Jackson Laboratory (JAX) is an independent, nonprofit biomedical research institution with more than 2,400 employees.","","","","","",""
"in-89cac26488786d62","indeed","https://www.indeed.com/viewjob?jk=89cac26488786d62","https://crosscountrymortgage.wd1.myworkdayjobs.com/en-US/CCMCareers/job/LC10530---2160-Superior-Avenue-Cleveland-OH/Sr-Marketing-Intelligence-Analyst_JR02890","Sr. Marketing Intelligence Analyst","CrossCountry Mortgage, LLC","Cleveland, OH, US","2026-05-28","fulltime","","","","","",False,"","","","","CrossCountry Mortgage (CCM) is the nation's number one distributed retail mortgage lender with more than 9,000 employees operating over 700 branches and servicing loans across all 50 states, D.C. and Puerto Rico. Our company has been recognized ten times on the Inc. 5000 list of America's fastest\\-growing private businesses and has received many awards for our standout culture.

**A culture where you can grow!** CCM has created an exceptional culture driving employee engagement, exceeding employee expectations, and directly impacting company success. At our core, our entrepreneurial spirit empowers every employee to be who they are to help us move forward together. You’ll get unwavering support from all departments and total transparency from the top down.


CCM offers eligible employees a competitive compensation plan and a robust benefits package, including medical, dental, vision, as well as a 401K. We also offer company\\-provided short\\-term disability, an employee assistance program, and a wellness program.

**Position Overview:**  

The Senior Marketing Intelligence Analyst is the tactical data and analytical partner to the Strategic Marketing Team, keeping data at the forefront of every campaign, initiative, and business decision. This role is responsible for proactively analyzing marketing performance, strategically recommending improvements, and ensuring data accuracy from the first project idea through after\\-action reporting. Working closely with strategic marketing leadership, engineering, and external vendors, the Senior Marketing Intelligence Analyst translates complex data into clear, actionable recommendations that drive revenue, improve client experience, and sharpen how CCM markets at scale. This role leverages modern AI tools to accelerate report creation, optimize analysis, and deliver insights faster, empowering CCM to make data\\-driven decisions with confidence.

**Job Responsibilities:**

* Partner with the Strategic Marketing Team on initiatives during the planning stage to support goal setting, validate assumptions, and define success metrics.
* Analyze marketing performance across paid, owned, and earned channels (e.g., search, social media, email, display, servicing, and content) to identify trends, anomalies, and opportunities ahead of stakeholder requests.
* Strategically recommend improvements based on data, providing clear, actionable guidance to strategic marketing leadership and campaign teams.
* Evaluate ROI across marketing campaigns, channels, and strategies to identify the highest\\-returning initiatives and recommend where to concentrate investment to maximize impact.
* Ensure data accuracy and integrity from project initiation through after\\-action reporting, catching issues early and documenting data lineage across marketing datasets.
* Design, develop, and maintain self\\-service marketing dashboards in Sigma, Tableau, or Power BI, ensuring data is accurate, refreshed, and accessible to non\\-technical stakeholders.
* Deliver weekly and monthly performance reports to strategic marketing leadership with clear narrative, KPI scorecards, and recommended actions, leveraging AI tools to accelerate report drafting and executive summaries.
* Build and maintain attribution models including last touch, linear, and data driven approaches to evaluate the true contribution of each marketing channel to pipeline and revenue.
* Develop customer segmentation and cohort analyses to guide targeting, personalization, and lifecycle marketing strategies.
* Partner with vendors and data engineers to define requirements for marketing data pipelines, resolve data quality issues at the source, and document data lineage.
* Support A/B and multivariate test design, analysis, and read\\-out across campaigns and digital experiences.
* Leverage AI and machine learning tools to optimize workflows, including drafting SQL, exploring datasets, generating hypotheses, and stress\\-testing recommendations.
* Act as the analytics subject\\-matter expert for marketing operations and demand generation, answering ad\\-hoc questions and upskilling stakeholders on data and AI best practices.
* Stay current on emerging analytics platforms, AI tools, and marketing measurement best practices to drive innovation and continuous improvement.
* Ensure all analytics practices comply with industry’s best practices and legal/regulatory requirements, including CAN\\-SPAM, GDPR, and CCPA.

**Qualifications and Skills:**

* Bachelor's degree or an equivalent combination of experience and certifications in marketing analytics, business intelligence, data analytics, or a related field.
* 4\\+ years of experience in marketing analytics, business intelligence, data analyst, or marketing intelligence roles.
* Experience translating analysis into strategic recommendations that have influenced business decisions.
* Experience using analytics and AI tools (e.g., Claude, Microsoft Copilot, or similar tools) to draft reports, write and debug code, summarize findings, and build lightweight automations.
* Knowledge of Python or R for data manipulation and exploratory analysis.
* Knowledge of data privacy regulations including GDPR and CCPA, and best practices for data quality and lineage documentation.
* Familiarity with digital marketing platforms such as Google Analytics 4, Google Ads, Meta Ads Manager, and CRM systems.
* Familiarity with attribution modeling, marketing mix modeling, or incrementality testing, preferred.
* Understanding of statistical concepts including hypothesis testing, statistical significance, and regression basics.
* Understanding of customer data platforms and how event data flows between systems, preferred.
* Advanced proficiency with at least one business intelligence platform, such as Sigma, Tableau, or Power BI.
* Proficiency working in cloud data warehouses such as Snowflake, including writing strong SQL for data exploration and reporting.
* Excellent data storytelling skills, including presenting complex findings clearly and concisely to non\\-technical and executive audiences.
* Excellent critical thinking skills and attention to detail.
* Excellent collaboration and communication skills, working effectively with individuals at all levels of an organization.
* Skilled in problem\\-solving and performing effectively in deadline\\-driven environments.


This job description is intended to convey information essential to understanding the scope of the job and the general nature and level of work performed by job holders within this job. However, this job description is not intended to be an exhaustive list of qualifications, skills, efforts, duties, responsibilities or working conditions associated with the position.

  

CrossCountry Mortgage, LLC offers **MORE** than a job, we offer a career. Apply now to begin your path to success! careersatccm.com

  

CrossCountry Mortgage, LLC strives to provide employees with a robust benefit package: https://mycrosscountrybenefits.com

**California residents:** Please see CrossCountry’s privacy statement for information about how CrossCountry collects and uses personal information about California applicants.

 **CrossCountry Mortgage supports equal employment opportunity in hiring, development and advancement for all qualified persons without regard to race, color, religion, religious creed, national origin, age, physical or mental disability, ancestry, marital status, uniformed service, covered veteran status, citizenship status, sex (including pregnancy, childbirth, and related medical conditions, and lactation), sexual orientation, gender identity, gender expression, transgender status, domestic violence victim status (where applicable), protected hair style or texture, genetic information (testing or characteristics), or any other protected status of an individual or because of the individual’s association with a member of a protected group or any other characteristic protected by federal, state, or local law (“Protected Characteristics”).** **The collective sum of the individual differences, life experiences, knowledge, inventiveness, innovation, self\\-expression, unique capabilities and talent that our employees invest in their work represents a significant part of not only our culture, but our reputation. The Company is committed to fostering, cultivating and preserving a culture that welcomes diversity and inclusion.**

 **CrossCountry Mortgage, LLC (NMLS3029\\) is an FHA Approved Lending Institution and is not acting on behalf of or at the direction of HUD/FHA or the Federal government. To verify licensing, please visit** **www.NMLSConsumerAccess.org****.**","Banks And Financial Services","https://www.indeed.com/cmp/Crosscountry-Mortgage,-LLC","https://d2q79iu7y748jz.cloudfront.net/s/_squarelogo/256x256/f788519218091f5b85e7c3bef8b3a635","https://crosscountrymortgage.com","2160 Superior Ave. E., Cleveland, OH 44114
","5,001 to 10,000","","","","","","","",""
"in-bad92e6915049edc","indeed","https://www.indeed.com/viewjob?jk=bad92e6915049edc","http://www.indeed.com/job/azure-data-engineer-bad92e6915049edc","Azure Data Engineer","","Jersey City, NJ, US","2026-05-28","temporary, contract","direct_data","hourly",35.0,45.0,"USD",True,"","","","","Azure Data Engineer – Microsoft Fabric (W2 Contract)  
Job Title:

Azure Data Engineer – Microsoft Fabric

Location:

Remote / Hybrid / Onsite (USA)

Job Type:

Contract – W2 Only

Experience Required:

10\\+ Years

Work Authorization:

USC, GC, GC\\-EAD, H4\\-EAD, TN, H1B Transfer Accepted

Job Summary

We are seeking a highly skilled Azure Data Engineer with 10\\+ years of experience in designing and implementing enterprise\\-scale cloud data solutions using Microsoft Azure and Microsoft Fabric. The ideal candidate should have strong expertise in modern data engineering, big data processing, ETL/ELT frameworks, Lakehouse architecture, and real\\-time analytics platforms.

The candidate must possess hands\\-on experience with Microsoft Fabric, OneLake, Azure Databricks, Synapse Analytics, Data Factory, and scalable cloud\\-native data platforms.

Candidates with Microsoft Fabric Certifications are highly preferred.

Required Skills \\& Qualifications

* 10\\+ years of experience in Data Engineering and Cloud Data Platforms
* Strong hands\\-on expertise in:
* Microsoft Fabric
* Fabric Data Engineering
* Fabric Data Factory
* Fabric Lakehouse
* OneLake
* Azure Data Factory (ADF)
* Azure Synapse Analytics
* Azure Databricks
* Azure Data Lake Storage (ADLS Gen2\\)
* Strong experience with:
* Python
* PySpark
* SQL
* Spark SQL
* Delta Lake
* Expertise in:
* ETL/ELT Pipeline Development
* Data Warehousing
* Medallion Architecture
* Dimensional Data Modeling
* Data Migration \\& Modernization
* Experience working with:
* Real\\-time Streaming
* Kafka
* Event Hub
* Stream Analytics
* Strong knowledge of:
* Data Governance
* Microsoft Purview
* RBAC \\& Security
* Data Lineage
* Data Quality Frameworks
* Experience integrating Fabric with Power BI and enterprise reporting solutions
* Hands\\-on experience with CI/CD pipelines using:
* Azure DevOps
* GitHub Actions
* Terraform / ARM / Bicep
* Experience working in Agile/Scrum environments
* Excellent communication and stakeholder management skills

Preferred Certifications

The following certifications are highly preferred:

* Microsoft Certified: Fabric Analytics Engineer Associate (DP\\-600\\)
* Microsoft Certified: Azure Data Engineer Associate (DP\\-203\\)
* Microsoft Azure Solutions Architect Expert
* Databricks Certified Data Engineer

Roles \\& Responsibilities

* Design, build, and optimize scalable cloud\\-native data solutions using Azure and Microsoft Fabric
* Develop enterprise\\-grade Lakehouse architectures and modern analytics platforms
* Build high\\-performance ETL/ELT pipelines for structured and unstructured data
* Implement secure and governed data platforms using Microsoft best practices
* Collaborate with Architects, Data Scientists, BI Teams, and Business Stakeholders
* Optimize data processing performance, scalability, and operational cost
* Implement DevOps and Infrastructure\\-as\\-Code practices for deployment automation
* Support cloud migration and modernization initiatives
* Create reusable frameworks, standards, and best practices for data engineering teams

Nice to Have

* Experience with Snowflake or Redshift
* Exposure to AI/ML and Copilot\\-enabled analytics solutions
* Knowledge of Data Mesh architecture
* Experience in Banking, Healthcare, Retail, or Insurance domains
* Kubernetes and containerized workload exposure

Why Join Us?

* Opportunity to work on enterprise\\-scale Microsoft Fabric initiatives
* Exposure to latest Azure cloud and modern analytics technologies
* Long\\-term W2 Contract opportunity
* Collaborative and innovation\\-driven environment
* High visibility projects with Fortune 500 clients

Pay: $35\\.00 \\- $45\\.00 per hour

Work Location: In person","","https://www.indeed.comNone","","","","","","","","","","","",""
"in-5c584f61b31ffef2","indeed","https://www.indeed.com/viewjob?jk=5c584f61b31ffef2","https://careers.equifax.com/en/jobs/j00177442/senior-data-engineer/","Senior Data Engineer","Equifax","Alpharetta, GA, US","2026-05-28","fulltime","","","","","",False,"","","","","**Alpharetta** **/ Atlanta****United States of America****Data \\& Analytics****Full time****5/28/2026****J00177442**

  
To play this video, please accept Functional \\& Personalisation cookies in your cookie preferences.
**Manage Preferences**


Equifax is where you can power your possible. If you want to achieve your true potential, chart new paths, develop new skills, collaborate with bright minds, and make a meaningful impact, we want to hear from you.


Equifax is seeking a driven Senior Data Engineer to contribute to the creation of high\\-quality datasets that power our analytical capabilities. If you are a data enthusiast with a knack for databases and a talent for extracting meaningful insights from complex data, we encourage you to apply.


You will partner with internal stakeholders to design and deliver analytical solutions in an automated and mature fashion.


Strong communication skills are required, and financial industry experience is preferred. This position provides an opportunity to work with best\\-in\\-class technology and a rich big data ecosystem.


**This position is based out of our Alpharetta, Georgia office or our Midtown Atlanta office** **.**

**We are required to be in the office 3 days/week \\- Tues/Wed/Thurs.**

**This position does not offer immigration sponsorship (current or future) including F\\-1 STEM OPT extension support.**

**This position is** **not** **open to third\\-party vendors or C2C.**  



**What you will do**

* Integrate, consolidate, cleanse and structure data for use by our analysts.
* Analyze, understand and prepare complex and new data sources and incorporate them into project design.
* Use analytical insights to develop solutions, improve processes and work with counterparts in the business to implement proposed solutions.
* Create SQL and Python Pipelines that are optimized, efficient, repeatable and scalable.
* Perform design, creation, and interpretation of large and highly complex datasets.
* Utilize AI to accelerate development, optimize code, and create processing documentation for data pipelines.
* Understand best practices for data management, maintenance, and reporting and use that knowledge to implement improvements in our solutions.
* Develop and implement data quality checks and troubleshoot data anomalies.
* Stay up\\-to\\-date with the latest trends and advancements in GCP and related technologies, actively proposing and evaluating new solutions.

**What experience you will need**

* BS degree in a STEM major or equivalent discipline.
* 5 \\- 7 years of experience in data related profession, with a minimum of 2 years as a data engineer.
* Extensive experience in SQL is a must, as well as strong knowledge of Python.
* Experience authoring, scheduling, and monitoring robust data pipelines using Apache Airflow (DAGs) to automate data ingestion, transformation, and loading (ETL/ELT) processes.
* Experience building and maintaining moderately\\-complex data pipelines, troubleshooting issues, transforming and entering data into a data pipeline in order for the content to be digested and usable for future projects.

**What could set you apart**

* A master's degree in a related field is a strong plus.
* Experience developing code using AI tools such as Gemini, Chat GPT, Claude, Co \\- Pilot, etc.
* Background in credit risk or finance.
* Experience working with large datasets on a big data platform (e.g., Google Cloud, AWS, Snowflake, Hadoop).
* Intermediate level understanding and experience with Google Cloud Platforms and overall cloud computing concepts, as well as basic knowledge of other cloud environments.
* Advanced Git or equivalent usage and CI/CD integration skills.

\\#LI\\-Hybrid


\\#LI\\-KD1


We offer comprehensive compensation and healthcare packages, 401k matching, paid time off, and organizational growth potential through our online learning platform with guided career tracks.


Are you ready to power your possible? Apply today, and get started on a path toward an exciting new career at Equifax, where you can make a difference!


**Who is Equifax?**



At Equifax, we believe knowledge drives progress. As a global data, analytics and technology company, we play an essential role in the global economy by helping employers, employees, financial institutions and government agencies make critical decisions with greater confidence.


We work to help create seamless and positive experiences during life’s pivotal moments: applying for jobs or a mortgage, financing an education or buying a car. Our impact is real and to accomplish our goals we focus on nurturing our people for career advancement and their learning and development, supporting our next generation of leaders, maintaining an inclusive and diverse work environment, and regularly engaging and recognizing our employees. Regardless of location or role, the individual and collective work of our employees makes a difference and we are looking for talented team players to join us as we help people live their financial best.



Equifax is an Equal Opportunity Employer. All qualified applicants will receive consideration for employment without regard to race, color, religion, sex, sexual orientation, gender identity, national origin, disability, veteran status, and other legally protected characteristics.","","https://www.indeed.com/cmp/Equifax","https://d2q79iu7y748jz.cloudfront.net/s/_squarelogo/256x256/efbb17d048a8f4cdb03c50fa792982ce","https://careers.equifax.com/","Atlanta, GA","10,000+","$1B to $5B (USD)","Our dedicated team of 14,000 people around the world is united by a singular purpose: helping people live their financial best.","","","","","",""
"in-c539840d060e8ef9","indeed","https://www.indeed.com/viewjob?jk=c539840d060e8ef9","http://app.eightfold.ai/careers/job/687236713039?domain=eaton.com","BI Analytics Engineer","Eaton","Houston, TX, US","2026-05-28","","direct_data","yearly",113000.0,165000.0,"USD",False,"","","","","Eaton’s ES AMER NAS division is currently seeking a BI Analytics Engineer. This is a hybrid role that will be located in our Beachwood OH, Dallas TX, Glendale Heights IL, Houston TX, Littleton CO, Moon Township PA, Mountainside NJ, New York NY, or Raleigh NC facility.  



**What you’ll do:**
-------------------

We are hiring a BI Analytics Engineer to join the North American Sales Business Analytics team to execute the roadmap enabling strategic use of data at Eaton. You will join a team with the mission to empower our sales and customer support teams with tools that drive decisions grounded in insights from data. You will also contribute to efforts across the broader organization to enable access to self\\-service data, working closely with other technical (IT, Data Engineering, and Data Science teams) and business (North American Sales, Sales Reporting, Channel, and Product Management teams) stakeholders.


This is a unique opportunity to drive work on large analytics investments and build data products, which enable data driven decisions at Eaton. A successful candidate will combine their technical skills, a passion for problem solving, and a curiosity to develop a business acumen to build data products that are tailored to their users and impactful to the business.


As a BI Analytics Engineer, you will be primarily responsible for delivering and maintaining highly available self\\-service data platforms. You will be part of a community of technical data analysts, with an opportunity to work on meaningful projects ranging from developing critical data pipelines that help run the business to building tools to analyze and support storytelling using Eaton’s sales, commercial operations, and strategic planning data, which guides the North American Sales organization. Your work will drive Eaton’s initiative to make informed data\\- driven decisions that maximize efficiency and effectiveness. This role will require you to work in a consultative capacity with product owners and business users to understand how they inform decisions for their teams and develop solutions to fulfill analytical, reporting, and operational data needs across these teams.


**Job Responsibilities:**

* Work closely with product owners and business stakeholders to develop analytics solutions
* Create analyses through creative visualizations and data storytelling techniques
* Build, maintain, and evolve data products, including data pipelines, models, and dashboards, that serve as the basis for all analyses performed by our North American Sales teams
* Maximize efficiency and streamline processes in our data pipeline and dashboard development framework using agile principles
* Collaborate within and across other teams like data engineering to drive improvements in data pipeline and data warehousing components that are simple, reliant, and performant
* Consult on and resolve tier 2 \\& 3 technical support issues related to the analytics platforms
* Develop strong understanding of data domains (sales, customer support etc.) captured through operational processes and customer interactions
**Qualifications:**
-------------------

**Basic Qualifications:**

* Bachelor’s degree in Engineering, Sciences, Data Analytics / Data Science, or a related field
* Minimum 7 years of experience working in analytics, business intelligence, data
  

engineering or related STEM fields
* Minimum 7 years of working experience in relational databases and data warehouses (understand concepts of data modeling), and BI platforms/applications like Power BI, QlikView, or Tableau
* Experience reading/writing SQL queries
* Relocation is not available. Candidates must currently reside within a 50 mile radius of an Eaton facility in any of the following locations: Beachwood OH, Dallas TX, Glendale Heights IL, Houston TX, Littleton CO, Moon Township PA, Mountainside NJ, New York NY, or Raleigh NC.
Eaton will not consider applicants for employment immigration sponsorship or support for this position. This means that Eaton will not support any CPT, OPT, or STEM OPT plans, F\\-1 to H\\-1B, H\\-1B cap registration, O\\-1, E\\-3, TN status, I\\-485 job portability, etc.  
* 

  

**Preferred Qualifications:**

* Working experience with Power BI Desktop and Power BI Service
* Experience with Python with exposure to machine learning
* Familiarity with big data/cloud technologies (Azure, Snowflake, Dataiku etc.)
* Experience working in an agile development environment
* Familiarity with DevOps ideas and concepts, including exposure to working in a CICD framework (e.g. Git)
* Demonstrated leadership abilities, including coaching and mentoring team members
**Skills:**
-----------

**Position Criteria:**

* Ability to manage both up and down in the organization as the position will be working with and providing technical guidance/support to the Business Analytics Manager as well as working with business stakeholders and users and product owners
* Curiosity and willingness to learn
* Ability to work in an ambiguous environment
* Ability to think critically and solve complex problems
* Ability to manage time effectively to complete tasks and projects quickly based on prioritization and needs of the business
* Strong commitment to continuous improvement
Excellent written and verbal communication skills, and a willingness to proactively engage other team members in fostering a strong collaborative team\\-oriented environment  
* 
T he expected annual salary range for this role is $113000 \\- $165000 a year.


Please note the salary information shown above is a general guideline only. Salaries are based upon candidate skills, experience, and qualifications, as well as market and business considerations.  



We are committed to ensuring equal employment opportunities for all job applicants and employees. Employment decisions are based upon job\\-related reasons regardless of an applicant's race, color, religion, sex, sexual orientation, gender identity, age, national origin, disability, marital status, genetic information, protected veteran status, or any other status protected by law.  



Eaton believes in second chance employment. Qualified applicants with arrest or conviction history will be considered regardless of their arrest or conviction history, consistent with the Los Angeles County Fair Chance Ordinance, the California Fair Chance Act and other local laws.  



You do not need to disclose your conviction history or participate in a background check until a conditional job offer is made to you. After making a conditional offer and running a background check, if Eaton is concerned about conviction that is directly related to the job, you will be given the chance to explain the circumstances surrounding the conviction, provide mitigating evidence, or challenge the accuracy of the background report.  



To request a disability\\-related reasonable accommodation to assist you in your job search, application, or interview process, please call us at 1\\-800\\-836\\-6345 to discuss your specific need. Only accommodation requests will be accepted by this phone number.  



We know that good benefit programs are important to employees and their families. Eaton provides various Health and Welfare benefits as well as Retirement benefits, and several programs that provide for paid and unpaid time away from work. Click here for more detail: Eaton Benefits Overview. Please note that specific programs and options available to an employee may depend on eligibility factors such as geographic location, date of hire, and the applicability of collective bargaining agreements.","","https://www.indeed.com/cmp/Eaton","https://d2q79iu7y748jz.cloudfront.net/s/_squarelogo/256x256/dfdcb91595169d7f84efe086c65c7cdd","http://www.eaton.com/","Dublin, Dublin","10,000+","more than $10B (USD)","Eaton is dedicated to improving the quality of life and the environment through the use of power management technologies and services.","","","","","",""
"in-97f6dcee8e92713b","indeed","https://www.indeed.com/viewjob?jk=97f6dcee8e92713b","http://app.eightfold.ai/careers/job/687236713039?domain=eaton.com","BI Analytics Engineer","Eaton","Raleigh, NC, US","2026-05-28","","direct_data","yearly",113000.0,165000.0,"USD",False,"","","","","Eaton’s ES AMER NAS division is currently seeking a BI Analytics Engineer. This is a hybrid role that will be located in our Beachwood OH, Dallas TX, Glendale Heights IL, Houston TX, Littleton CO, Moon Township PA, Mountainside NJ, New York NY, or Raleigh NC facility.  



**What you’ll do:**
-------------------

We are hiring a BI Analytics Engineer to join the North American Sales Business Analytics team to execute the roadmap enabling strategic use of data at Eaton. You will join a team with the mission to empower our sales and customer support teams with tools that drive decisions grounded in insights from data. You will also contribute to efforts across the broader organization to enable access to self\\-service data, working closely with other technical (IT, Data Engineering, and Data Science teams) and business (North American Sales, Sales Reporting, Channel, and Product Management teams) stakeholders.


This is a unique opportunity to drive work on large analytics investments and build data products, which enable data driven decisions at Eaton. A successful candidate will combine their technical skills, a passion for problem solving, and a curiosity to develop a business acumen to build data products that are tailored to their users and impactful to the business.


As a BI Analytics Engineer, you will be primarily responsible for delivering and maintaining highly available self\\-service data platforms. You will be part of a community of technical data analysts, with an opportunity to work on meaningful projects ranging from developing critical data pipelines that help run the business to building tools to analyze and support storytelling using Eaton’s sales, commercial operations, and strategic planning data, which guides the North American Sales organization. Your work will drive Eaton’s initiative to make informed data\\- driven decisions that maximize efficiency and effectiveness. This role will require you to work in a consultative capacity with product owners and business users to understand how they inform decisions for their teams and develop solutions to fulfill analytical, reporting, and operational data needs across these teams.


**Job Responsibilities:**

* Work closely with product owners and business stakeholders to develop analytics solutions
* Create analyses through creative visualizations and data storytelling techniques
* Build, maintain, and evolve data products, including data pipelines, models, and dashboards, that serve as the basis for all analyses performed by our North American Sales teams
* Maximize efficiency and streamline processes in our data pipeline and dashboard development framework using agile principles
* Collaborate within and across other teams like data engineering to drive improvements in data pipeline and data warehousing components that are simple, reliant, and performant
* Consult on and resolve tier 2 \\& 3 technical support issues related to the analytics platforms
* Develop strong understanding of data domains (sales, customer support etc.) captured through operational processes and customer interactions
**Qualifications:**
-------------------

**Basic Qualifications:**

* Bachelor’s degree in Engineering, Sciences, Data Analytics / Data Science, or a related field
* Minimum 7 years of experience working in analytics, business intelligence, data
  

engineering or related STEM fields
* Minimum 7 years of working experience in relational databases and data warehouses (understand concepts of data modeling), and BI platforms/applications like Power BI, QlikView, or Tableau
* Experience reading/writing SQL queries
* Relocation is not available. Candidates must currently reside within a 50 mile radius of an Eaton facility in any of the following locations: Beachwood OH, Dallas TX, Glendale Heights IL, Houston TX, Littleton CO, Moon Township PA, Mountainside NJ, New York NY, or Raleigh NC.
Eaton will not consider applicants for employment immigration sponsorship or support for this position. This means that Eaton will not support any CPT, OPT, or STEM OPT plans, F\\-1 to H\\-1B, H\\-1B cap registration, O\\-1, E\\-3, TN status, I\\-485 job portability, etc.  
* 

  

**Preferred Qualifications:**

* Working experience with Power BI Desktop and Power BI Service
* Experience with Python with exposure to machine learning
* Familiarity with big data/cloud technologies (Azure, Snowflake, Dataiku etc.)
* Experience working in an agile development environment
* Familiarity with DevOps ideas and concepts, including exposure to working in a CICD framework (e.g. Git)
* Demonstrated leadership abilities, including coaching and mentoring team members
**Skills:**
-----------

**Position Criteria:**

* Ability to manage both up and down in the organization as the position will be working with and providing technical guidance/support to the Business Analytics Manager as well as working with business stakeholders and users and product owners
* Curiosity and willingness to learn
* Ability to work in an ambiguous environment
* Ability to think critically and solve complex problems
* Ability to manage time effectively to complete tasks and projects quickly based on prioritization and needs of the business
* Strong commitment to continuous improvement
Excellent written and verbal communication skills, and a willingness to proactively engage other team members in fostering a strong collaborative team\\-oriented environment  
* 
T he expected annual salary range for this role is $113000 \\- $165000 a year.


Please note the salary information shown above is a general guideline only. Salaries are based upon candidate skills, experience, and qualifications, as well as market and business considerations.  



We are committed to ensuring equal employment opportunities for all job applicants and employees. Employment decisions are based upon job\\-related reasons regardless of an applicant's race, color, religion, sex, sexual orientation, gender identity, age, national origin, disability, marital status, genetic information, protected veteran status, or any other status protected by law.  



Eaton believes in second chance employment. Qualified applicants with arrest or conviction history will be considered regardless of their arrest or conviction history, consistent with the Los Angeles County Fair Chance Ordinance, the California Fair Chance Act and other local laws.  



You do not need to disclose your conviction history or participate in a background check until a conditional job offer is made to you. After making a conditional offer and running a background check, if Eaton is concerned about conviction that is directly related to the job, you will be given the chance to explain the circumstances surrounding the conviction, provide mitigating evidence, or challenge the accuracy of the background report.  



To request a disability\\-related reasonable accommodation to assist you in your job search, application, or interview process, please call us at 1\\-800\\-836\\-6345 to discuss your specific need. Only accommodation requests will be accepted by this phone number.  



We know that good benefit programs are important to employees and their families. Eaton provides various Health and Welfare benefits as well as Retirement benefits, and several programs that provide for paid and unpaid time away from work. Click here for more detail: Eaton Benefits Overview. Please note that specific programs and options available to an employee may depend on eligibility factors such as geographic location, date of hire, and the applicability of collective bargaining agreements.","","https://www.indeed.com/cmp/Eaton","https://d2q79iu7y748jz.cloudfront.net/s/_squarelogo/256x256/dfdcb91595169d7f84efe086c65c7cdd","http://www.eaton.com/","Dublin, Dublin","10,000+","more than $10B (USD)","Eaton is dedicated to improving the quality of life and the environment through the use of power management technologies and services.","","","","","",""
"in-c90fa8db54d092e5","indeed","https://www.indeed.com/viewjob?jk=c90fa8db54d092e5","http://app.eightfold.ai/careers/job/687236713039?domain=eaton.com","BI Analytics Engineer","Eaton","Dallas, TX, US","2026-05-28","","direct_data","yearly",113000.0,165000.0,"USD",False,"","","","","Eaton’s ES AMER NAS division is currently seeking a BI Analytics Engineer. This is a hybrid role that will be located in our Beachwood OH, Dallas TX, Glendale Heights IL, Houston TX, Littleton CO, Moon Township PA, Mountainside NJ, New York NY, or Raleigh NC facility.  



**What you’ll do:**
-------------------

We are hiring a BI Analytics Engineer to join the North American Sales Business Analytics team to execute the roadmap enabling strategic use of data at Eaton. You will join a team with the mission to empower our sales and customer support teams with tools that drive decisions grounded in insights from data. You will also contribute to efforts across the broader organization to enable access to self\\-service data, working closely with other technical (IT, Data Engineering, and Data Science teams) and business (North American Sales, Sales Reporting, Channel, and Product Management teams) stakeholders.


This is a unique opportunity to drive work on large analytics investments and build data products, which enable data driven decisions at Eaton. A successful candidate will combine their technical skills, a passion for problem solving, and a curiosity to develop a business acumen to build data products that are tailored to their users and impactful to the business.


As a BI Analytics Engineer, you will be primarily responsible for delivering and maintaining highly available self\\-service data platforms. You will be part of a community of technical data analysts, with an opportunity to work on meaningful projects ranging from developing critical data pipelines that help run the business to building tools to analyze and support storytelling using Eaton’s sales, commercial operations, and strategic planning data, which guides the North American Sales organization. Your work will drive Eaton’s initiative to make informed data\\- driven decisions that maximize efficiency and effectiveness. This role will require you to work in a consultative capacity with product owners and business users to understand how they inform decisions for their teams and develop solutions to fulfill analytical, reporting, and operational data needs across these teams.


**Job Responsibilities:**

* Work closely with product owners and business stakeholders to develop analytics solutions
* Create analyses through creative visualizations and data storytelling techniques
* Build, maintain, and evolve data products, including data pipelines, models, and dashboards, that serve as the basis for all analyses performed by our North American Sales teams
* Maximize efficiency and streamline processes in our data pipeline and dashboard development framework using agile principles
* Collaborate within and across other teams like data engineering to drive improvements in data pipeline and data warehousing components that are simple, reliant, and performant
* Consult on and resolve tier 2 \\& 3 technical support issues related to the analytics platforms
* Develop strong understanding of data domains (sales, customer support etc.) captured through operational processes and customer interactions
**Qualifications:**
-------------------

**Basic Qualifications:**

* Bachelor’s degree in Engineering, Sciences, Data Analytics / Data Science, or a related field
* Minimum 7 years of experience working in analytics, business intelligence, data
  

engineering or related STEM fields
* Minimum 7 years of working experience in relational databases and data warehouses (understand concepts of data modeling), and BI platforms/applications like Power BI, QlikView, or Tableau
* Experience reading/writing SQL queries
* Relocation is not available. Candidates must currently reside within a 50 mile radius of an Eaton facility in any of the following locations: Beachwood OH, Dallas TX, Glendale Heights IL, Houston TX, Littleton CO, Moon Township PA, Mountainside NJ, New York NY, or Raleigh NC.
Eaton will not consider applicants for employment immigration sponsorship or support for this position. This means that Eaton will not support any CPT, OPT, or STEM OPT plans, F\\-1 to H\\-1B, H\\-1B cap registration, O\\-1, E\\-3, TN status, I\\-485 job portability, etc.  
* 

  

**Preferred Qualifications:**

* Working experience with Power BI Desktop and Power BI Service
* Experience with Python with exposure to machine learning
* Familiarity with big data/cloud technologies (Azure, Snowflake, Dataiku etc.)
* Experience working in an agile development environment
* Familiarity with DevOps ideas and concepts, including exposure to working in a CICD framework (e.g. Git)
* Demonstrated leadership abilities, including coaching and mentoring team members
**Skills:**
-----------

**Position Criteria:**

* Ability to manage both up and down in the organization as the position will be working with and providing technical guidance/support to the Business Analytics Manager as well as working with business stakeholders and users and product owners
* Curiosity and willingness to learn
* Ability to work in an ambiguous environment
* Ability to think critically and solve complex problems
* Ability to manage time effectively to complete tasks and projects quickly based on prioritization and needs of the business
* Strong commitment to continuous improvement
Excellent written and verbal communication skills, and a willingness to proactively engage other team members in fostering a strong collaborative team\\-oriented environment  
* 
T he expected annual salary range for this role is $113000 \\- $165000 a year.


Please note the salary information shown above is a general guideline only. Salaries are based upon candidate skills, experience, and qualifications, as well as market and business considerations.  



We are committed to ensuring equal employment opportunities for all job applicants and employees. Employment decisions are based upon job\\-related reasons regardless of an applicant's race, color, religion, sex, sexual orientation, gender identity, age, national origin, disability, marital status, genetic information, protected veteran status, or any other status protected by law.  



Eaton believes in second chance employment. Qualified applicants with arrest or conviction history will be considered regardless of their arrest or conviction history, consistent with the Los Angeles County Fair Chance Ordinance, the California Fair Chance Act and other local laws.  



You do not need to disclose your conviction history or participate in a background check until a conditional job offer is made to you. After making a conditional offer and running a background check, if Eaton is concerned about conviction that is directly related to the job, you will be given the chance to explain the circumstances surrounding the conviction, provide mitigating evidence, or challenge the accuracy of the background report.  



To request a disability\\-related reasonable accommodation to assist you in your job search, application, or interview process, please call us at 1\\-800\\-836\\-6345 to discuss your specific need. Only accommodation requests will be accepted by this phone number.  



We know that good benefit programs are important to employees and their families. Eaton provides various Health and Welfare benefits as well as Retirement benefits, and several programs that provide for paid and unpaid time away from work. Click here for more detail: Eaton Benefits Overview. Please note that specific programs and options available to an employee may depend on eligibility factors such as geographic location, date of hire, and the applicability of collective bargaining agreements.","","https://www.indeed.com/cmp/Eaton","https://d2q79iu7y748jz.cloudfront.net/s/_squarelogo/256x256/dfdcb91595169d7f84efe086c65c7cdd","http://www.eaton.com/","Dublin, Dublin","10,000+","more than $10B (USD)","Eaton is dedicated to improving the quality of life and the environment through the use of power management technologies and services.","","","","","",""
"in-315099099798af08","indeed","https://www.indeed.com/viewjob?jk=315099099798af08","http://app.eightfold.ai/careers/job/687236713039?domain=eaton.com","BI Analytics Engineer","Eaton","Glendale Heights, IL, US","2026-05-28","","direct_data","yearly",113000.0,165000.0,"USD",False,"","","","","Eaton’s ES AMER NAS division is currently seeking a BI Analytics Engineer. This is a hybrid role that will be located in our Beachwood OH, Dallas TX, Glendale Heights IL, Houston TX, Littleton CO, Moon Township PA, Mountainside NJ, New York NY, or Raleigh NC facility.  



**What you’ll do:**
-------------------

We are hiring a BI Analytics Engineer to join the North American Sales Business Analytics team to execute the roadmap enabling strategic use of data at Eaton. You will join a team with the mission to empower our sales and customer support teams with tools that drive decisions grounded in insights from data. You will also contribute to efforts across the broader organization to enable access to self\\-service data, working closely with other technical (IT, Data Engineering, and Data Science teams) and business (North American Sales, Sales Reporting, Channel, and Product Management teams) stakeholders.


This is a unique opportunity to drive work on large analytics investments and build data products, which enable data driven decisions at Eaton. A successful candidate will combine their technical skills, a passion for problem solving, and a curiosity to develop a business acumen to build data products that are tailored to their users and impactful to the business.


As a BI Analytics Engineer, you will be primarily responsible for delivering and maintaining highly available self\\-service data platforms. You will be part of a community of technical data analysts, with an opportunity to work on meaningful projects ranging from developing critical data pipelines that help run the business to building tools to analyze and support storytelling using Eaton’s sales, commercial operations, and strategic planning data, which guides the North American Sales organization. Your work will drive Eaton’s initiative to make informed data\\- driven decisions that maximize efficiency and effectiveness. This role will require you to work in a consultative capacity with product owners and business users to understand how they inform decisions for their teams and develop solutions to fulfill analytical, reporting, and operational data needs across these teams.


**Job Responsibilities:**

* Work closely with product owners and business stakeholders to develop analytics solutions
* Create analyses through creative visualizations and data storytelling techniques
* Build, maintain, and evolve data products, including data pipelines, models, and dashboards, that serve as the basis for all analyses performed by our North American Sales teams
* Maximize efficiency and streamline processes in our data pipeline and dashboard development framework using agile principles
* Collaborate within and across other teams like data engineering to drive improvements in data pipeline and data warehousing components that are simple, reliant, and performant
* Consult on and resolve tier 2 \\& 3 technical support issues related to the analytics platforms
* Develop strong understanding of data domains (sales, customer support etc.) captured through operational processes and customer interactions
**Qualifications:**
-------------------

**Basic Qualifications:**

* Bachelor’s degree in Engineering, Sciences, Data Analytics / Data Science, or a related field
* Minimum 7 years of experience working in analytics, business intelligence, data
  

engineering or related STEM fields
* Minimum 7 years of working experience in relational databases and data warehouses (understand concepts of data modeling), and BI platforms/applications like Power BI, QlikView, or Tableau
* Experience reading/writing SQL queries
* Relocation is not available. Candidates must currently reside within a 50 mile radius of an Eaton facility in any of the following locations: Beachwood OH, Dallas TX, Glendale Heights IL, Houston TX, Littleton CO, Moon Township PA, Mountainside NJ, New York NY, or Raleigh NC.
Eaton will not consider applicants for employment immigration sponsorship or support for this position. This means that Eaton will not support any CPT, OPT, or STEM OPT plans, F\\-1 to H\\-1B, H\\-1B cap registration, O\\-1, E\\-3, TN status, I\\-485 job portability, etc.  
* 

  

**Preferred Qualifications:**

* Working experience with Power BI Desktop and Power BI Service
* Experience with Python with exposure to machine learning
* Familiarity with big data/cloud technologies (Azure, Snowflake, Dataiku etc.)
* Experience working in an agile development environment
* Familiarity with DevOps ideas and concepts, including exposure to working in a CICD framework (e.g. Git)
* Demonstrated leadership abilities, including coaching and mentoring team members
**Skills:**
-----------

**Position Criteria:**

* Ability to manage both up and down in the organization as the position will be working with and providing technical guidance/support to the Business Analytics Manager as well as working with business stakeholders and users and product owners
* Curiosity and willingness to learn
* Ability to work in an ambiguous environment
* Ability to think critically and solve complex problems
* Ability to manage time effectively to complete tasks and projects quickly based on prioritization and needs of the business
* Strong commitment to continuous improvement
Excellent written and verbal communication skills, and a willingness to proactively engage other team members in fostering a strong collaborative team\\-oriented environment  
* 
T he expected annual salary range for this role is $113000 \\- $165000 a year.


Please note the salary information shown above is a general guideline only. Salaries are based upon candidate skills, experience, and qualifications, as well as market and business considerations.  



We are committed to ensuring equal employment opportunities for all job applicants and employees. Employment decisions are based upon job\\-related reasons regardless of an applicant's race, color, religion, sex, sexual orientation, gender identity, age, national origin, disability, marital status, genetic information, protected veteran status, or any other status protected by law.  



Eaton believes in second chance employment. Qualified applicants with arrest or conviction history will be considered regardless of their arrest or conviction history, consistent with the Los Angeles County Fair Chance Ordinance, the California Fair Chance Act and other local laws.  



You do not need to disclose your conviction history or participate in a background check until a conditional job offer is made to you. After making a conditional offer and running a background check, if Eaton is concerned about conviction that is directly related to the job, you will be given the chance to explain the circumstances surrounding the conviction, provide mitigating evidence, or challenge the accuracy of the background report.  



To request a disability\\-related reasonable accommodation to assist you in your job search, application, or interview process, please call us at 1\\-800\\-836\\-6345 to discuss your specific need. Only accommodation requests will be accepted by this phone number.  



We know that good benefit programs are important to employees and their families. Eaton provides various Health and Welfare benefits as well as Retirement benefits, and several programs that provide for paid and unpaid time away from work. Click here for more detail: Eaton Benefits Overview. Please note that specific programs and options available to an employee may depend on eligibility factors such as geographic location, date of hire, and the applicability of collective bargaining agreements.","","https://www.indeed.com/cmp/Eaton","https://d2q79iu7y748jz.cloudfront.net/s/_squarelogo/256x256/dfdcb91595169d7f84efe086c65c7cdd","http://www.eaton.com/","Dublin, Dublin","10,000+","more than $10B (USD)","Eaton is dedicated to improving the quality of life and the environment through the use of power management technologies and services.","","","","","",""
"in-5b15e3e21fb89af1","indeed","https://www.indeed.com/viewjob?jk=5b15e3e21fb89af1","http://app.eightfold.ai/careers/job/687236713039?domain=eaton.com","BI Analytics Engineer","Eaton","Beachwood, OH, US","2026-05-28","","direct_data","yearly",113000.0,165000.0,"USD",False,"","","","","Eaton’s ES AMER NAS division is currently seeking a BI Analytics Engineer. This is a hybrid role that will be located in our Beachwood OH, Dallas TX, Glendale Heights IL, Houston TX, Littleton CO, Moon Township PA, Mountainside NJ, New York NY, or Raleigh NC facility.  



**What you’ll do:**
-------------------

We are hiring a BI Analytics Engineer to join the North American Sales Business Analytics team to execute the roadmap enabling strategic use of data at Eaton. You will join a team with the mission to empower our sales and customer support teams with tools that drive decisions grounded in insights from data. You will also contribute to efforts across the broader organization to enable access to self\\-service data, working closely with other technical (IT, Data Engineering, and Data Science teams) and business (North American Sales, Sales Reporting, Channel, and Product Management teams) stakeholders.


This is a unique opportunity to drive work on large analytics investments and build data products, which enable data driven decisions at Eaton. A successful candidate will combine their technical skills, a passion for problem solving, and a curiosity to develop a business acumen to build data products that are tailored to their users and impactful to the business.


As a BI Analytics Engineer, you will be primarily responsible for delivering and maintaining highly available self\\-service data platforms. You will be part of a community of technical data analysts, with an opportunity to work on meaningful projects ranging from developing critical data pipelines that help run the business to building tools to analyze and support storytelling using Eaton’s sales, commercial operations, and strategic planning data, which guides the North American Sales organization. Your work will drive Eaton’s initiative to make informed data\\- driven decisions that maximize efficiency and effectiveness. This role will require you to work in a consultative capacity with product owners and business users to understand how they inform decisions for their teams and develop solutions to fulfill analytical, reporting, and operational data needs across these teams.


**Job Responsibilities:**

* Work closely with product owners and business stakeholders to develop analytics solutions
* Create analyses through creative visualizations and data storytelling techniques
* Build, maintain, and evolve data products, including data pipelines, models, and dashboards, that serve as the basis for all analyses performed by our North American Sales teams
* Maximize efficiency and streamline processes in our data pipeline and dashboard development framework using agile principles
* Collaborate within and across other teams like data engineering to drive improvements in data pipeline and data warehousing components that are simple, reliant, and performant
* Consult on and resolve tier 2 \\& 3 technical support issues related to the analytics platforms
* Develop strong understanding of data domains (sales, customer support etc.) captured through operational processes and customer interactions
**Qualifications:**
-------------------

**Basic Qualifications:**

* Bachelor’s degree in Engineering, Sciences, Data Analytics / Data Science, or a related field
* Minimum 7 years of experience working in analytics, business intelligence, data
  

engineering or related STEM fields
* Minimum 7 years of working experience in relational databases and data warehouses (understand concepts of data modeling), and BI platforms/applications like Power BI, QlikView, or Tableau
* Experience reading/writing SQL queries
* Relocation is not available. Candidates must currently reside within a 50 mile radius of an Eaton facility in any of the following locations: Beachwood OH, Dallas TX, Glendale Heights IL, Houston TX, Littleton CO, Moon Township PA, Mountainside NJ, New York NY, or Raleigh NC.
Eaton will not consider applicants for employment immigration sponsorship or support for this position. This means that Eaton will not support any CPT, OPT, or STEM OPT plans, F\\-1 to H\\-1B, H\\-1B cap registration, O\\-1, E\\-3, TN status, I\\-485 job portability, etc.  
* 

  

**Preferred Qualifications:**

* Working experience with Power BI Desktop and Power BI Service
* Experience with Python with exposure to machine learning
* Familiarity with big data/cloud technologies (Azure, Snowflake, Dataiku etc.)
* Experience working in an agile development environment
* Familiarity with DevOps ideas and concepts, including exposure to working in a CICD framework (e.g. Git)
* Demonstrated leadership abilities, including coaching and mentoring team members
**Skills:**
-----------

**Position Criteria:**

* Ability to manage both up and down in the organization as the position will be working with and providing technical guidance/support to the Business Analytics Manager as well as working with business stakeholders and users and product owners
* Curiosity and willingness to learn
* Ability to work in an ambiguous environment
* Ability to think critically and solve complex problems
* Ability to manage time effectively to complete tasks and projects quickly based on prioritization and needs of the business
* Strong commitment to continuous improvement
Excellent written and verbal communication skills, and a willingness to proactively engage other team members in fostering a strong collaborative team\\-oriented environment  
* 
T he expected annual salary range for this role is $113000 \\- $165000 a year.


Please note the salary information shown above is a general guideline only. Salaries are based upon candidate skills, experience, and qualifications, as well as market and business considerations.  



We are committed to ensuring equal employment opportunities for all job applicants and employees. Employment decisions are based upon job\\-related reasons regardless of an applicant's race, color, religion, sex, sexual orientation, gender identity, age, national origin, disability, marital status, genetic information, protected veteran status, or any other status protected by law.  



Eaton believes in second chance employment. Qualified applicants with arrest or conviction history will be considered regardless of their arrest or conviction history, consistent with the Los Angeles County Fair Chance Ordinance, the California Fair Chance Act and other local laws.  



You do not need to disclose your conviction history or participate in a background check until a conditional job offer is made to you. After making a conditional offer and running a background check, if Eaton is concerned about conviction that is directly related to the job, you will be given the chance to explain the circumstances surrounding the conviction, provide mitigating evidence, or challenge the accuracy of the background report.  



To request a disability\\-related reasonable accommodation to assist you in your job search, application, or interview process, please call us at 1\\-800\\-836\\-6345 to discuss your specific need. Only accommodation requests will be accepted by this phone number.  



We know that good benefit programs are important to employees and their families. Eaton provides various Health and Welfare benefits as well as Retirement benefits, and several programs that provide for paid and unpaid time away from work. Click here for more detail: Eaton Benefits Overview. Please note that specific programs and options available to an employee may depend on eligibility factors such as geographic location, date of hire, and the applicability of collective bargaining agreements.","","https://www.indeed.com/cmp/Eaton","https://d2q79iu7y748jz.cloudfront.net/s/_squarelogo/256x256/dfdcb91595169d7f84efe086c65c7cdd","http://www.eaton.com/","Dublin, Dublin","10,000+","more than $10B (USD)","Eaton is dedicated to improving the quality of life and the environment through the use of power management technologies and services.","","","","","",""
"in-ad2479fb7168b918","indeed","https://www.indeed.com/viewjob?jk=ad2479fb7168b918","http://app.eightfold.ai/careers/job/687236713039?domain=eaton.com","BI Analytics Engineer","Eaton","New York, NY, US","2026-05-28","","direct_data","yearly",113000.0,165000.0,"USD",False,"","","","","Eaton’s ES AMER NAS division is currently seeking a BI Analytics Engineer. This is a hybrid role that will be located in our Beachwood OH, Dallas TX, Glendale Heights IL, Houston TX, Littleton CO, Moon Township PA, Mountainside NJ, New York NY, or Raleigh NC facility.  



**What you’ll do:**
-------------------

We are hiring a BI Analytics Engineer to join the North American Sales Business Analytics team to execute the roadmap enabling strategic use of data at Eaton. You will join a team with the mission to empower our sales and customer support teams with tools that drive decisions grounded in insights from data. You will also contribute to efforts across the broader organization to enable access to self\\-service data, working closely with other technical (IT, Data Engineering, and Data Science teams) and business (North American Sales, Sales Reporting, Channel, and Product Management teams) stakeholders.


This is a unique opportunity to drive work on large analytics investments and build data products, which enable data driven decisions at Eaton. A successful candidate will combine their technical skills, a passion for problem solving, and a curiosity to develop a business acumen to build data products that are tailored to their users and impactful to the business.


As a BI Analytics Engineer, you will be primarily responsible for delivering and maintaining highly available self\\-service data platforms. You will be part of a community of technical data analysts, with an opportunity to work on meaningful projects ranging from developing critical data pipelines that help run the business to building tools to analyze and support storytelling using Eaton’s sales, commercial operations, and strategic planning data, which guides the North American Sales organization. Your work will drive Eaton’s initiative to make informed data\\- driven decisions that maximize efficiency and effectiveness. This role will require you to work in a consultative capacity with product owners and business users to understand how they inform decisions for their teams and develop solutions to fulfill analytical, reporting, and operational data needs across these teams.


**Job Responsibilities:**

* Work closely with product owners and business stakeholders to develop analytics solutions
* Create analyses through creative visualizations and data storytelling techniques
* Build, maintain, and evolve data products, including data pipelines, models, and dashboards, that serve as the basis for all analyses performed by our North American Sales teams
* Maximize efficiency and streamline processes in our data pipeline and dashboard development framework using agile principles
* Collaborate within and across other teams like data engineering to drive improvements in data pipeline and data warehousing components that are simple, reliant, and performant
* Consult on and resolve tier 2 \\& 3 technical support issues related to the analytics platforms
* Develop strong understanding of data domains (sales, customer support etc.) captured through operational processes and customer interactions
**Qualifications:**
-------------------

**Basic Qualifications:**

* Bachelor’s degree in Engineering, Sciences, Data Analytics / Data Science, or a related field
* Minimum 7 years of experience working in analytics, business intelligence, data
  

engineering or related STEM fields
* Minimum 7 years of working experience in relational databases and data warehouses (understand concepts of data modeling), and BI platforms/applications like Power BI, QlikView, or Tableau
* Experience reading/writing SQL queries
* Relocation is not available. Candidates must currently reside within a 50 mile radius of an Eaton facility in any of the following locations: Beachwood OH, Dallas TX, Glendale Heights IL, Houston TX, Littleton CO, Moon Township PA, Mountainside NJ, New York NY, or Raleigh NC.
Eaton will not consider applicants for employment immigration sponsorship or support for this position. This means that Eaton will not support any CPT, OPT, or STEM OPT plans, F\\-1 to H\\-1B, H\\-1B cap registration, O\\-1, E\\-3, TN status, I\\-485 job portability, etc.  
* 

  

**Preferred Qualifications:**

* Working experience with Power BI Desktop and Power BI Service
* Experience with Python with exposure to machine learning
* Familiarity with big data/cloud technologies (Azure, Snowflake, Dataiku etc.)
* Experience working in an agile development environment
* Familiarity with DevOps ideas and concepts, including exposure to working in a CICD framework (e.g. Git)
* Demonstrated leadership abilities, including coaching and mentoring team members
**Skills:**
-----------

**Position Criteria:**

* Ability to manage both up and down in the organization as the position will be working with and providing technical guidance/support to the Business Analytics Manager as well as working with business stakeholders and users and product owners
* Curiosity and willingness to learn
* Ability to work in an ambiguous environment
* Ability to think critically and solve complex problems
* Ability to manage time effectively to complete tasks and projects quickly based on prioritization and needs of the business
* Strong commitment to continuous improvement
Excellent written and verbal communication skills, and a willingness to proactively engage other team members in fostering a strong collaborative team\\-oriented environment  
* 
T he expected annual salary range for this role is $113000 \\- $165000 a year.


Please note the salary information shown above is a general guideline only. Salaries are based upon candidate skills, experience, and qualifications, as well as market and business considerations.  



We are committed to ensuring equal employment opportunities for all job applicants and employees. Employment decisions are based upon job\\-related reasons regardless of an applicant's race, color, religion, sex, sexual orientation, gender identity, age, national origin, disability, marital status, genetic information, protected veteran status, or any other status protected by law.  



Eaton believes in second chance employment. Qualified applicants with arrest or conviction history will be considered regardless of their arrest or conviction history, consistent with the Los Angeles County Fair Chance Ordinance, the California Fair Chance Act and other local laws.  



You do not need to disclose your conviction history or participate in a background check until a conditional job offer is made to you. After making a conditional offer and running a background check, if Eaton is concerned about conviction that is directly related to the job, you will be given the chance to explain the circumstances surrounding the conviction, provide mitigating evidence, or challenge the accuracy of the background report.  



To request a disability\\-related reasonable accommodation to assist you in your job search, application, or interview process, please call us at 1\\-800\\-836\\-6345 to discuss your specific need. Only accommodation requests will be accepted by this phone number.  



We know that good benefit programs are important to employees and their families. Eaton provides various Health and Welfare benefits as well as Retirement benefits, and several programs that provide for paid and unpaid time away from work. Click here for more detail: Eaton Benefits Overview. Please note that specific programs and options available to an employee may depend on eligibility factors such as geographic location, date of hire, and the applicability of collective bargaining agreements.","","https://www.indeed.com/cmp/Eaton","https://d2q79iu7y748jz.cloudfront.net/s/_squarelogo/256x256/dfdcb91595169d7f84efe086c65c7cdd","http://www.eaton.com/","Dublin, Dublin","10,000+","more than $10B (USD)","Eaton is dedicated to improving the quality of life and the environment through the use of power management technologies and services.","","","","","",""
"in-bac02dc6221c5fad","indeed","https://www.indeed.com/viewjob?jk=bac02dc6221c5fad","http://app.eightfold.ai/careers/job/687236713039?domain=eaton.com","BI Analytics Engineer","Eaton","Moon Township, PA, US","2026-05-28","","direct_data","yearly",113000.0,165000.0,"USD",False,"","","","","Eaton’s ES AMER NAS division is currently seeking a BI Analytics Engineer. This is a hybrid role that will be located in our Beachwood OH, Dallas TX, Glendale Heights IL, Houston TX, Littleton CO, Moon Township PA, Mountainside NJ, New York NY, or Raleigh NC facility.  



**What you’ll do:**
-------------------

We are hiring a BI Analytics Engineer to join the North American Sales Business Analytics team to execute the roadmap enabling strategic use of data at Eaton. You will join a team with the mission to empower our sales and customer support teams with tools that drive decisions grounded in insights from data. You will also contribute to efforts across the broader organization to enable access to self\\-service data, working closely with other technical (IT, Data Engineering, and Data Science teams) and business (North American Sales, Sales Reporting, Channel, and Product Management teams) stakeholders.


This is a unique opportunity to drive work on large analytics investments and build data products, which enable data driven decisions at Eaton. A successful candidate will combine their technical skills, a passion for problem solving, and a curiosity to develop a business acumen to build data products that are tailored to their users and impactful to the business.


As a BI Analytics Engineer, you will be primarily responsible for delivering and maintaining highly available self\\-service data platforms. You will be part of a community of technical data analysts, with an opportunity to work on meaningful projects ranging from developing critical data pipelines that help run the business to building tools to analyze and support storytelling using Eaton’s sales, commercial operations, and strategic planning data, which guides the North American Sales organization. Your work will drive Eaton’s initiative to make informed data\\- driven decisions that maximize efficiency and effectiveness. This role will require you to work in a consultative capacity with product owners and business users to understand how they inform decisions for their teams and develop solutions to fulfill analytical, reporting, and operational data needs across these teams.


**Job Responsibilities:**

* Work closely with product owners and business stakeholders to develop analytics solutions
* Create analyses through creative visualizations and data storytelling techniques
* Build, maintain, and evolve data products, including data pipelines, models, and dashboards, that serve as the basis for all analyses performed by our North American Sales teams
* Maximize efficiency and streamline processes in our data pipeline and dashboard development framework using agile principles
* Collaborate within and across other teams like data engineering to drive improvements in data pipeline and data warehousing components that are simple, reliant, and performant
* Consult on and resolve tier 2 \\& 3 technical support issues related to the analytics platforms
* Develop strong understanding of data domains (sales, customer support etc.) captured through operational processes and customer interactions
**Qualifications:**
-------------------

**Basic Qualifications:**

* Bachelor’s degree in Engineering, Sciences, Data Analytics / Data Science, or a related field
* Minimum 7 years of experience working in analytics, business intelligence, data
  

engineering or related STEM fields
* Minimum 7 years of working experience in relational databases and data warehouses (understand concepts of data modeling), and BI platforms/applications like Power BI, QlikView, or Tableau
* Experience reading/writing SQL queries
* Relocation is not available. Candidates must currently reside within a 50 mile radius of an Eaton facility in any of the following locations: Beachwood OH, Dallas TX, Glendale Heights IL, Houston TX, Littleton CO, Moon Township PA, Mountainside NJ, New York NY, or Raleigh NC.
Eaton will not consider applicants for employment immigration sponsorship or support for this position. This means that Eaton will not support any CPT, OPT, or STEM OPT plans, F\\-1 to H\\-1B, H\\-1B cap registration, O\\-1, E\\-3, TN status, I\\-485 job portability, etc.  
* 

  

**Preferred Qualifications:**

* Working experience with Power BI Desktop and Power BI Service
* Experience with Python with exposure to machine learning
* Familiarity with big data/cloud technologies (Azure, Snowflake, Dataiku etc.)
* Experience working in an agile development environment
* Familiarity with DevOps ideas and concepts, including exposure to working in a CICD framework (e.g. Git)
* Demonstrated leadership abilities, including coaching and mentoring team members
**Skills:**
-----------

**Position Criteria:**

* Ability to manage both up and down in the organization as the position will be working with and providing technical guidance/support to the Business Analytics Manager as well as working with business stakeholders and users and product owners
* Curiosity and willingness to learn
* Ability to work in an ambiguous environment
* Ability to think critically and solve complex problems
* Ability to manage time effectively to complete tasks and projects quickly based on prioritization and needs of the business
* Strong commitment to continuous improvement
Excellent written and verbal communication skills, and a willingness to proactively engage other team members in fostering a strong collaborative team\\-oriented environment  
* 
T he expected annual salary range for this role is $113000 \\- $165000 a year.


Please note the salary information shown above is a general guideline only. Salaries are based upon candidate skills, experience, and qualifications, as well as market and business considerations.  



We are committed to ensuring equal employment opportunities for all job applicants and employees. Employment decisions are based upon job\\-related reasons regardless of an applicant's race, color, religion, sex, sexual orientation, gender identity, age, national origin, disability, marital status, genetic information, protected veteran status, or any other status protected by law.  



Eaton believes in second chance employment. Qualified applicants with arrest or conviction history will be considered regardless of their arrest or conviction history, consistent with the Los Angeles County Fair Chance Ordinance, the California Fair Chance Act and other local laws.  



You do not need to disclose your conviction history or participate in a background check until a conditional job offer is made to you. After making a conditional offer and running a background check, if Eaton is concerned about conviction that is directly related to the job, you will be given the chance to explain the circumstances surrounding the conviction, provide mitigating evidence, or challenge the accuracy of the background report.  



To request a disability\\-related reasonable accommodation to assist you in your job search, application, or interview process, please call us at 1\\-800\\-836\\-6345 to discuss your specific need. Only accommodation requests will be accepted by this phone number.  



We know that good benefit programs are important to employees and their families. Eaton provides various Health and Welfare benefits as well as Retirement benefits, and several programs that provide for paid and unpaid time away from work. Click here for more detail: Eaton Benefits Overview. Please note that specific programs and options available to an employee may depend on eligibility factors such as geographic location, date of hire, and the applicability of collective bargaining agreements.","","https://www.indeed.com/cmp/Eaton","https://d2q79iu7y748jz.cloudfront.net/s/_squarelogo/256x256/dfdcb91595169d7f84efe086c65c7cdd","http://www.eaton.com/","Dublin, Dublin","10,000+","more than $10B (USD)","Eaton is dedicated to improving the quality of life and the environment through the use of power management technologies and services.","","","","","",""
"in-c937b4d021035440","indeed","https://www.indeed.com/viewjob?jk=c937b4d021035440","http://app.eightfold.ai/careers/job/687236713039?domain=eaton.com","BI Analytics Engineer","Eaton","Littleton, CO, US","2026-05-28","","direct_data","yearly",113000.0,165000.0,"USD",False,"","","","","Eaton’s ES AMER NAS division is currently seeking a BI Analytics Engineer. This is a hybrid role that will be located in our Beachwood OH, Dallas TX, Glendale Heights IL, Houston TX, Littleton CO, Moon Township PA, Mountainside NJ, New York NY, or Raleigh NC facility.  



**What you’ll do:**
-------------------

We are hiring a BI Analytics Engineer to join the North American Sales Business Analytics team to execute the roadmap enabling strategic use of data at Eaton. You will join a team with the mission to empower our sales and customer support teams with tools that drive decisions grounded in insights from data. You will also contribute to efforts across the broader organization to enable access to self\\-service data, working closely with other technical (IT, Data Engineering, and Data Science teams) and business (North American Sales, Sales Reporting, Channel, and Product Management teams) stakeholders.


This is a unique opportunity to drive work on large analytics investments and build data products, which enable data driven decisions at Eaton. A successful candidate will combine their technical skills, a passion for problem solving, and a curiosity to develop a business acumen to build data products that are tailored to their users and impactful to the business.


As a BI Analytics Engineer, you will be primarily responsible for delivering and maintaining highly available self\\-service data platforms. You will be part of a community of technical data analysts, with an opportunity to work on meaningful projects ranging from developing critical data pipelines that help run the business to building tools to analyze and support storytelling using Eaton’s sales, commercial operations, and strategic planning data, which guides the North American Sales organization. Your work will drive Eaton’s initiative to make informed data\\- driven decisions that maximize efficiency and effectiveness. This role will require you to work in a consultative capacity with product owners and business users to understand how they inform decisions for their teams and develop solutions to fulfill analytical, reporting, and operational data needs across these teams.


**Job Responsibilities:**

* Work closely with product owners and business stakeholders to develop analytics solutions
* Create analyses through creative visualizations and data storytelling techniques
* Build, maintain, and evolve data products, including data pipelines, models, and dashboards, that serve as the basis for all analyses performed by our North American Sales teams
* Maximize efficiency and streamline processes in our data pipeline and dashboard development framework using agile principles
* Collaborate within and across other teams like data engineering to drive improvements in data pipeline and data warehousing components that are simple, reliant, and performant
* Consult on and resolve tier 2 \\& 3 technical support issues related to the analytics platforms
* Develop strong understanding of data domains (sales, customer support etc.) captured through operational processes and customer interactions
**Qualifications:**
-------------------

**Basic Qualifications:**

* Bachelor’s degree in Engineering, Sciences, Data Analytics / Data Science, or a related field
* Minimum 7 years of experience working in analytics, business intelligence, data
  

engineering or related STEM fields
* Minimum 7 years of working experience in relational databases and data warehouses (understand concepts of data modeling), and BI platforms/applications like Power BI, QlikView, or Tableau
* Experience reading/writing SQL queries
* Relocation is not available. Candidates must currently reside within a 50 mile radius of an Eaton facility in any of the following locations: Beachwood OH, Dallas TX, Glendale Heights IL, Houston TX, Littleton CO, Moon Township PA, Mountainside NJ, New York NY, or Raleigh NC.
Eaton will not consider applicants for employment immigration sponsorship or support for this position. This means that Eaton will not support any CPT, OPT, or STEM OPT plans, F\\-1 to H\\-1B, H\\-1B cap registration, O\\-1, E\\-3, TN status, I\\-485 job portability, etc.  
* 

  

**Preferred Qualifications:**

* Working experience with Power BI Desktop and Power BI Service
* Experience with Python with exposure to machine learning
* Familiarity with big data/cloud technologies (Azure, Snowflake, Dataiku etc.)
* Experience working in an agile development environment
* Familiarity with DevOps ideas and concepts, including exposure to working in a CICD framework (e.g. Git)
* Demonstrated leadership abilities, including coaching and mentoring team members
**Skills:**
-----------

**Position Criteria:**

* Ability to manage both up and down in the organization as the position will be working with and providing technical guidance/support to the Business Analytics Manager as well as working with business stakeholders and users and product owners
* Curiosity and willingness to learn
* Ability to work in an ambiguous environment
* Ability to think critically and solve complex problems
* Ability to manage time effectively to complete tasks and projects quickly based on prioritization and needs of the business
* Strong commitment to continuous improvement
Excellent written and verbal communication skills, and a willingness to proactively engage other team members in fostering a strong collaborative team\\-oriented environment  
* 
T he expected annual salary range for this role is $113000 \\- $165000 a year.


Please note the salary information shown above is a general guideline only. Salaries are based upon candidate skills, experience, and qualifications, as well as market and business considerations.  



We are committed to ensuring equal employment opportunities for all job applicants and employees. Employment decisions are based upon job\\-related reasons regardless of an applicant's race, color, religion, sex, sexual orientation, gender identity, age, national origin, disability, marital status, genetic information, protected veteran status, or any other status protected by law.  



Eaton believes in second chance employment. Qualified applicants with arrest or conviction history will be considered regardless of their arrest or conviction history, consistent with the Los Angeles County Fair Chance Ordinance, the California Fair Chance Act and other local laws.  



You do not need to disclose your conviction history or participate in a background check until a conditional job offer is made to you. After making a conditional offer and running a background check, if Eaton is concerned about conviction that is directly related to the job, you will be given the chance to explain the circumstances surrounding the conviction, provide mitigating evidence, or challenge the accuracy of the background report.  



To request a disability\\-related reasonable accommodation to assist you in your job search, application, or interview process, please call us at 1\\-800\\-836\\-6345 to discuss your specific need. Only accommodation requests will be accepted by this phone number.  



We know that good benefit programs are important to employees and their families. Eaton provides various Health and Welfare benefits as well as Retirement benefits, and several programs that provide for paid and unpaid time away from work. Click here for more detail: Eaton Benefits Overview. Please note that specific programs and options available to an employee may depend on eligibility factors such as geographic location, date of hire, and the applicability of collective bargaining agreements.","","https://www.indeed.com/cmp/Eaton","https://d2q79iu7y748jz.cloudfront.net/s/_squarelogo/256x256/dfdcb91595169d7f84efe086c65c7cdd","http://www.eaton.com/","Dublin, Dublin","10,000+","more than $10B (USD)","Eaton is dedicated to improving the quality of life and the environment through the use of power management technologies and services.","","","","","",""
"in-3e82511abc075bfa","indeed","https://www.indeed.com/viewjob?jk=3e82511abc075bfa","http://app.eightfold.ai/careers/job/687236713039?domain=eaton.com","BI Analytics Engineer","Eaton","Mountainside, NJ, US","2026-05-28","","direct_data","yearly",113000.0,165000.0,"USD",False,"","","","","Eaton’s ES AMER NAS division is currently seeking a BI Analytics Engineer. This is a hybrid role that will be located in our Beachwood OH, Dallas TX, Glendale Heights IL, Houston TX, Littleton CO, Moon Township PA, Mountainside NJ, New York NY, or Raleigh NC facility.  



**What you’ll do:**
-------------------

We are hiring a BI Analytics Engineer to join the North American Sales Business Analytics team to execute the roadmap enabling strategic use of data at Eaton. You will join a team with the mission to empower our sales and customer support teams with tools that drive decisions grounded in insights from data. You will also contribute to efforts across the broader organization to enable access to self\\-service data, working closely with other technical (IT, Data Engineering, and Data Science teams) and business (North American Sales, Sales Reporting, Channel, and Product Management teams) stakeholders.


This is a unique opportunity to drive work on large analytics investments and build data products, which enable data driven decisions at Eaton. A successful candidate will combine their technical skills, a passion for problem solving, and a curiosity to develop a business acumen to build data products that are tailored to their users and impactful to the business.


As a BI Analytics Engineer, you will be primarily responsible for delivering and maintaining highly available self\\-service data platforms. You will be part of a community of technical data analysts, with an opportunity to work on meaningful projects ranging from developing critical data pipelines that help run the business to building tools to analyze and support storytelling using Eaton’s sales, commercial operations, and strategic planning data, which guides the North American Sales organization. Your work will drive Eaton’s initiative to make informed data\\- driven decisions that maximize efficiency and effectiveness. This role will require you to work in a consultative capacity with product owners and business users to understand how they inform decisions for their teams and develop solutions to fulfill analytical, reporting, and operational data needs across these teams.


**Job Responsibilities:**

* Work closely with product owners and business stakeholders to develop analytics solutions
* Create analyses through creative visualizations and data storytelling techniques
* Build, maintain, and evolve data products, including data pipelines, models, and dashboards, that serve as the basis for all analyses performed by our North American Sales teams
* Maximize efficiency and streamline processes in our data pipeline and dashboard development framework using agile principles
* Collaborate within and across other teams like data engineering to drive improvements in data pipeline and data warehousing components that are simple, reliant, and performant
* Consult on and resolve tier 2 \\& 3 technical support issues related to the analytics platforms
* Develop strong understanding of data domains (sales, customer support etc.) captured through operational processes and customer interactions
**Qualifications:**
-------------------

**Basic Qualifications:**

* Bachelor’s degree in Engineering, Sciences, Data Analytics / Data Science, or a related field
* Minimum 7 years of experience working in analytics, business intelligence, data
  

engineering or related STEM fields
* Minimum 7 years of working experience in relational databases and data warehouses (understand concepts of data modeling), and BI platforms/applications like Power BI, QlikView, or Tableau
* Experience reading/writing SQL queries
* Relocation is not available. Candidates must currently reside within a 50 mile radius of an Eaton facility in any of the following locations: Beachwood OH, Dallas TX, Glendale Heights IL, Houston TX, Littleton CO, Moon Township PA, Mountainside NJ, New York NY, or Raleigh NC.
Eaton will not consider applicants for employment immigration sponsorship or support for this position. This means that Eaton will not support any CPT, OPT, or STEM OPT plans, F\\-1 to H\\-1B, H\\-1B cap registration, O\\-1, E\\-3, TN status, I\\-485 job portability, etc.  
* 

  

**Preferred Qualifications:**

* Working experience with Power BI Desktop and Power BI Service
* Experience with Python with exposure to machine learning
* Familiarity with big data/cloud technologies (Azure, Snowflake, Dataiku etc.)
* Experience working in an agile development environment
* Familiarity with DevOps ideas and concepts, including exposure to working in a CICD framework (e.g. Git)
* Demonstrated leadership abilities, including coaching and mentoring team members
**Skills:**
-----------

**Position Criteria:**

* Ability to manage both up and down in the organization as the position will be working with and providing technical guidance/support to the Business Analytics Manager as well as working with business stakeholders and users and product owners
* Curiosity and willingness to learn
* Ability to work in an ambiguous environment
* Ability to think critically and solve complex problems
* Ability to manage time effectively to complete tasks and projects quickly based on prioritization and needs of the business
* Strong commitment to continuous improvement
Excellent written and verbal communication skills, and a willingness to proactively engage other team members in fostering a strong collaborative team\\-oriented environment  
* 
T he expected annual salary range for this role is $113000 \\- $165000 a year.


Please note the salary information shown above is a general guideline only. Salaries are based upon candidate skills, experience, and qualifications, as well as market and business considerations.  



We are committed to ensuring equal employment opportunities for all job applicants and employees. Employment decisions are based upon job\\-related reasons regardless of an applicant's race, color, religion, sex, sexual orientation, gender identity, age, national origin, disability, marital status, genetic information, protected veteran status, or any other status protected by law.  



Eaton believes in second chance employment. Qualified applicants with arrest or conviction history will be considered regardless of their arrest or conviction history, consistent with the Los Angeles County Fair Chance Ordinance, the California Fair Chance Act and other local laws.  



You do not need to disclose your conviction history or participate in a background check until a conditional job offer is made to you. After making a conditional offer and running a background check, if Eaton is concerned about conviction that is directly related to the job, you will be given the chance to explain the circumstances surrounding the conviction, provide mitigating evidence, or challenge the accuracy of the background report.  



To request a disability\\-related reasonable accommodation to assist you in your job search, application, or interview process, please call us at 1\\-800\\-836\\-6345 to discuss your specific need. Only accommodation requests will be accepted by this phone number.  



We know that good benefit programs are important to employees and their families. Eaton provides various Health and Welfare benefits as well as Retirement benefits, and several programs that provide for paid and unpaid time away from work. Click here for more detail: Eaton Benefits Overview. Please note that specific programs and options available to an employee may depend on eligibility factors such as geographic location, date of hire, and the applicability of collective bargaining agreements.","","https://www.indeed.com/cmp/Eaton","https://d2q79iu7y748jz.cloudfront.net/s/_squarelogo/256x256/dfdcb91595169d7f84efe086c65c7cdd","http://www.eaton.com/","Dublin, Dublin","10,000+","more than $10B (USD)","Eaton is dedicated to improving the quality of life and the environment through the use of power management technologies and services.","","","","","",""
"in-ad25009ecdb4b08c","indeed","https://www.indeed.com/viewjob?jk=ad25009ecdb4b08c","https://jobs.ashbyhq.com/Jellyfish/ade36e5f-7205-464d-ac91-bfdb4f12d194?utm_source=JOw0KGpQyd","Data Engineer","JELLYFISH","US","2026-05-28","fulltime","direct_data","yearly",165000.0,205000.0,"USD",True,"","","","","Jellyfish is the backbone for elite engineering organizations, and our data pipelines need to be as high\\-performing and reliable as the teams we serve. We are looking for a **Data Engineer** to join our data platform team and help us execute, automate, and maintain the next generation of our Jellyfish data platform. In this role, you’ll be a core builder—fully autonomous, highly proficient, and responsible for translating architectural blueprints into clean, production\\-grade pipelines. If you view manual data patches and unmonitored workflows as bugs to be squashed and want to write code that directly impacts how the world’s best engineering leaders measure their output, you’re the perfect fit.

### **What you’ll actually be doing:**

* **Core Pipeline Engineering** – You’ll write the clean, modular Python and optimized SQL that drives our daily data transformations. You will be responsible for implementing our Medallion\\-layer data models (Bronze Silver Gold), ensuring high performance and data integrity.
* **Modern Orchestration \\& Tuning** – You’ll manage and tune our workflow orchestration engines (like Prefect or Dagster). You’ll hunt down slow execution paths, optimize parameter serialization (e.g., leveraging Pydantic v2\\), and ensure our distributed processing jobs run efficiently.
* **Infrastructure as Code (IaC)** – You won't just write data scripts; you'll own your infrastructure deployment. You will use Terraform to manage and provision data warehouse schemas, permissions, and tables across securely isolated staging and production catalogs.
* **API \\& Caching Integration** – You’ll collaborate with product developers to expose data safely. You’ll help implement and maintain the application backend tiers, backend\\-for\\-frontend (BFF) layers, and Redis caching structures that protect our core data warehouse from frontend concurrency spikes.
* **On\\-Call \\& Pipeline Observability** – You’ll participate in our data platform's incident response rotation. When a pipeline breaks, you won't just fix the data; you’ll refine the Datadog dashboards and alerts to ensure we catch the issue earlier next time.

### **You’re a great fit if:**

* **Data Engineering Fluency** – You have solid, hands\\-on production experience with Python, advanced SQL, and data transformation concepts. You are comfortable building and scheduling workflows using programmatic orchestrators (such as Prefect, Dagster, or Airflow).
* **Warehouse \\& Catalog Practitioner** – You know your way around enterprise data platforms (e.g., Snowflake, Databricks, BigQuery). You understand how to navigate environment boundaries, manage access keys securely, and write performant queries.
* **Automation Mindset** – You look at a repeated data backfill, a manual schema fix, or an untracked data quality bug and immediately think about how to script a permanent, automated solution.
* **Collaborative Builder** – You love working in a team. You write readable code, value thorough documentation and clear data lineage, and enjoy collaborating with application engineers to solve complex data delivery problems.
* **Pragmatic Problem Solver** – You know when to write a perfectly optimized distributed processing job and when a simple, well\\-indexed database table or cached view is the smartest move to keep the business moving.

### **Bonus Points:**

* You’ve worked in a rapidly scaling startup handling complex, multi\\-tenant B2B SaaS data.
* You have experience with data quality testing frameworks (like Great Expectations or Soda).
* You’ve interacted with cloud cost allocation tracking or token\\-level spend for LLM/AI model integrations.


A list of job experiences and qualification requirements is great, but humility, a performance\\-driven attitude, and a team\\-player approach are most important to us. We love to have fun and win in the process. We only hire people who have a passion for building great companies in an environment where a sense of humor is a must.


Occasional travel may be required.


Applicants must be authorized to work for **any** employer in the US. **We are unable to sponsor or take over sponsorship of an employment visa at this time.**

**Let’s talk about us!**  

This is all about you, but you want to know a little about us. Jellyfish enables leaders to effectively build AI\\-integrated engineering teams, align engineering decisions with business initiatives and deliver the right software efficiently and on time. AI tools alone won’t transform your org—Jellyfish shows you what’s working, what’s not, and how to build high\\-performing teams that know how to use AI the right way.


Compensation Range: $165K \\- $205K","","https://www.indeed.com/cmp/Jellyfish","","","London","51 to 200","$5M to $25M (USD)","","","","","","",""
"in-b1deb44e3e85cb78","indeed","https://www.indeed.com/viewjob?jk=b1deb44e3e85cb78","https://jobs.ashbyhq.com/Jellyfish/a7aa0e73-e3f9-4bcd-9886-dc1081c93fcd?utm_source=JOw0KGpQyd","Staff Data Architect","JELLYFISH","US","2026-05-28","fulltime","direct_data","yearly",200000.0,260000.0,"USD",True,"","","","","Jellyfish is the backbone for elite engineering organizations, and our data infrastructure needs to be as high\\-performing and insightful as the teams we serve. We are looking for a Staff/Lead Data Architect to help us design, automate, and scale the next generation of our Jellyfish data platform. You’ll be responsible for maturing our core data models, automating environment boundaries, and driving advanced observability and cost\\-attribution deeper into our data pipeline architecture. If you view manual data intervention as a technical debt to be solved and want to work in an environment where your architectural decisions directly impact how the world’s best engineering leaders measure their productivity, you’re the perfect fit.

### **What you’ll actually be doing:**

* **Architectural Evolution \\& Blueprinting** – You’ll own the blueprint for the next\\-generation Jellyfish data platform. You'll tackle our existing data footprint, refactoring pipelines and structures into highly efficient, scalable patterns (like Medallion\\-style schemas or unified semantic layers).
* **Automated Data Governance** – You’ll design and automate strict, code\\-driven environment isolation boundaries. You'll ensure dev, staging, and production data catalogs (and their underlying cloud storage) never dangerously cohabitate, eliminating the risk of ""fat\\-finger"" data drops or PII leakage.
* **Orchestration \\& Compute Scaling** – You’ll lead the modernization of our workflow orchestration and distributed compute engines. You’ll focus on slashing engine runtime overhead, eliminating API bottlenecks, and streamlining heavy parallelized or mapped data tasks.
* **Modern Integration Middleware** – You'll partner with application teams to ensure our React frontends and backend services hit highly secure, cached API and Backend\\-for\\-Frontend (BFF) layers rather than querying raw data services directly, protecting our warehouses from concurrency spikes.
* **Proactive Data Observability \\& FinOps** – You’ll build and maintain granular data\\-quality monitors and cost\\-allocation frameworks. You won't just track overall warehouse spend; you’ll implement systems to map execution cost and token usage directly down to the tenant, team, or user level.

### **You’re a great fit if:**

* **Data Tooling Fluency** – You have deep, production\\-level experience with Python, advanced SQL, and modern data stack essentials. You are deeply familiar with programmatic orchestrators (like Prefect, Dagster, or Airflow) and modern data validation engines (like Pydantic v2\\).
* **Catalog \\& Warehouse Practitioner** – You have hands\\-on mastery of enterprise\\-scale data platforms and governance layers (e.g., Snowflake, Databricks Unity Catalog, BigQuery) and know exactly how to map environments to catalogs and data quality to schemas.
* **Automation Mindset** – You look at a manual data backfill or a clicked\\-together database permission and immediately think about how to automate it via Infrastructure\\-as\\-Code (Terraform) or programmatic workflows.
* **Collaborative Systems Thinker** – You don’t design in a vacuum. You are excellent at documenting data lineage, mentoring data engineers, and collaborating across DevOps and Product teams to align infrastructure with business goals.
* **Pragmatic Problem Solver** – You know the difference between data quality stages and software development lifecycles. You know when a ""perfect"" distributed cluster is required and when a ""good enough"" cached view keeps the business moving.

### **Bonus Points:**

* You’ve survived (and thrived in) a rapidly scaling B2B SaaS startup handling massive multi\\-tenant data sets.
* You have strong opinions on the future of Git\\-like data versioning and zero\\-copy cloning (e.g., Iceberg, Nessie).
* You’ve managed complex cloud\\-billing attributions or scaled heavy LLM/vector\\-embedding data workloads and lived to tell the tale.


A list of job experiences and qualification requirements is great, but humility, a performance\\-driven attitude, and a team\\-player approach are most important to us. We love to have fun and win in the process. We only hire people who have a passion for building great companies in an environment where a sense of humor is a must.


Occasional travel may be required.


Applicants must be authorized to work for **any** employer in the US. **We are unable to sponsor or take over sponsorship of an employment visa at this time.**

**Let’s talk about us!**  

This is all about you, but you want to know a little about us. Jellyfish enables leaders to effectively build AI\\-integrated engineering teams, align engineering decisions with business initiatives and deliver the right software efficiently and on time. AI tools alone won’t transform your org—Jellyfish shows you what’s working, what’s not, and how to build high\\-performing teams that know how to use AI the right way.


Compensation Range: $200K \\- $260K","","https://www.indeed.com/cmp/Jellyfish","","","London","51 to 200","$5M to $25M (USD)","","","","","","",""
"in-62f42ce9d9df9845","indeed","https://www.indeed.com/viewjob?jk=62f42ce9d9df9845","https://jobs.ashbyhq.com/Jellyfish/464c3e43-8532-40c8-a118-6ff657027e70?utm_source=JOw0KGpQyd","Senior Data Engineer","JELLYFISH","US","2026-05-28","fulltime","direct_data","yearly",190000.0,240000.0,"USD",True,"","","","","Jellyfish is the backbone for elite engineering organizations, and our data pipelines need to be as high\\-performing and reliable as the teams we serve. We are looking for a Senior Data Engineer to help us build, automate, and execute the next generation of our Jellyfish data platform. Working closely with our Lead Data Architect, you’ll be responsible for implementing core data models, building production\\-grade CI/CD for data pipelines, and transforming raw engineering signals into highly optimized analytical layers. If you view broken pipelines and manual data patches as a technical debt to be solved and want to write code that directly impacts how the world’s best engineering leaders measure their output, you’re the perfect fit.

### **What you’ll actually be doing:**

* **Pipeline Execution \\& Modeling** – You’ll maintain our end\\-to\\-end data pipelines, writing clean, modular Python and SQL. You will help translate the architectural blueprint into reality, structuring data across our Medallion layers (Bronze \\> Silver \\> Gold) for maximum performance and reliability.
* **Orchestration Modernization** – You’ll take the lead on migrating, optimizing, and maintaining our workflow orchestration engines. You’ll eliminate pipeline bottlenecks, leverage modern fast\\-paths (like Pydantic v2 and async database clients), and ensure distributed tasks scale seamlessly without hitting API limits.
* **Data CI/CD \\& Infrastructure Automation** – You’ll build the ""paved road"" for data deployments. You’ll use Terraform to provision data resources and write automated tests to validate schemas and data quality before code ever hits our isolated staging or production catalogs.
* **API \\& Caching Integration** – You’ll collaborate with product developers to expose data safely. You’ll help design and optimize the application backend tiers, backend\\-for\\-frontend (BFF) layers, and Redis caching structures that protect our core data warehouse from frontend concurrency spikes.
* **On\\-Call \\& Observability Triage** – You’ll participate in the data platform's incident response rotation. You won't just patch a failing pipeline; you’ll build deep observability, refine alerts to reduce noise, and write programmatic fixes to ensure the issue never happens again.

### **You’re a great fit if:**

* **Data Engineering Fluency** – You have solid, production\\-level experience with Python, advanced SQL, and data transformation frameworks (like dbt or PySpark). You are highly comfortable working with programmatic orchestrators (such as Prefect, Dagster, or Airflow).
* **Warehouse \\& Catalog Practitioner** – You know your way around enterprise data platforms (e.g., Snowflake, Databricks, BigQuery). You understand how to safely navigate environment boundaries, manage access keys securely, and write performant queries that don't balloon the cloud bill.
* **Automation Mindset** – You look at a repeated data backfill, a manual schema fix, or an untracked data quality bug and immediately think about how to script a permanent, automated solution.
* **Collaborative Builder** – You love working in a team. You write readable code, value thorough documentation and clear data lineage, and enjoy collaborating with application engineers to solve complex data delivery problems.
* **Pragmatic Problem Solver** – You know when to write a perfectly optimized distributed processing job and when a simple, well\\-indexed database table or cached view is the smartest move to keep the business moving.

### **Bonus Points:**

* You’ve survived (and thrived in) a rapidly scaling startup handling complex, multi\\-tenant B2B SaaS data.
* You have strong opinions on data quality testing frameworks (like Great Expectations or Soda) and data\\-observability patterns.
* You’ve worked extensively with cloud cost allocation or tracked token\\-level spend for LLM/AI model integrations.


A list of job experiences and qualification requirements is great, but humility, a performance\\-driven attitude, and a team\\-player approach are most important to us. We love to have fun and win in the process. We only hire people who have a passion for building great companies in an environment where a sense of humor is a must.


Occasional travel may be required.


Applicants must be authorized to work for **any** employer in the US. **We are unable to sponsor or take over sponsorship of an employment visa at this time.**

**Let’s talk about us!**  

This is all about you, but you want to know a little about us. Jellyfish enables leaders to effectively build AI\\-integrated engineering teams, align engineering decisions with business initiatives and deliver the right software efficiently and on time. AI tools alone won’t transform your org—Jellyfish shows you what’s working, what’s not, and how to build high\\-performing teams that know how to use AI the right way.


Compensation Range: $190K \\- $240K","","https://www.indeed.com/cmp/Jellyfish","","","London","51 to 200","$5M to $25M (USD)","","","","","","",""
"in-3e550aca9833d2a6","indeed","https://www.indeed.com/viewjob?jk=3e550aca9833d2a6","https://jsco.re/hg7v9","Business Intelligence (Power BI) Project Manager : W2 Role","HARAMAIN SYSTEMS INC.","Chicago, IL, US","2026-05-28","contract","direct_data","hourly",60.0,65.0,"USD",True,"","","","","**Role: Business Intelligence (BI) Project Manager**  

**Location: Dallas, TX/Chicago, IL Remote Role**

**Duration: 12 Months**

 **Position Summary**


seeking an experienced **Business Intelligence (BI) Project Manager** to lead enterprise\\-level data and analytics initiatives. The ideal candidate will manage BI projects from planning through execution, working closely with stakeholders across business units such as operations, finance, marketing, and guest analytics. This role requires strong project management skills, BI knowledge, and experience delivering data\\-driven solutions in fast\\-paced environments.

**Key Responsibilities:**

* Lead end\\-to\\-end delivery of **Business Intelligence and Analytics projects**.
* Define project scope, timelines, milestones, and deliverables.
* Collaborate with **business stakeholders** to gather requirements and translate them into technical BI solutions.
* Manage cross\\-functional teams including **BI Developers, Data Engineers, and Analysts**.
* Track project progress, risks, and dependencies using project management tools.
* Coordinate **data warehouse**, reporting, and dashboard development initiatives.
* Ensure alignment with organizational data strategy and business objectives.
* Oversee **BI reporting tools** implementation such as dashboards and performance reports.
* Facilitate Agile ceremonies such as **Sprint Planning, Stand\\-ups, and Retrospectives**.
* Communicate project status updates to leadership and stakeholders.
* Ensure data quality, governance, and compliance standards are followed.
* Support post\\-implementation reviews and continuous improvement efforts.

**Required Qualifications:**

* Bachelor’s degree in **Computer Science, Information Systems, Business Analytics**, or related field.
* **10\\+ years** of experience managing BI or Data Analytics projects.
* Strong understanding of **Data Warehousing and ETL processes**.
* ***Experience managing BI tools such as:***
	+ **Power BI**
	+ **Tableau**
	+ **Looker**
	+ **MicroStrategy**
* Hands\\-on experience with **SQL** and data analysis concepts.
* Experience working in **Agile or Scrum environments**.
* Strong communication and stakeholder management skills.
* Proven ability to manage multiple projects simultaneously.

**Preferred Qualifications:**

* Experience in **Retail, Hospitality, or Entertainment industry**.
* Familiarity with **cloud platforms**such as:
	+ **AWS**
	+ **Azure**
	+ **Google Cloud Platform**
* PMP, Scrum Master, or Agile certification preferred.
* Experience working with **large\\-scale enterprise reporting systems**.
* Knowledge of **data governance and data quality frameworks**.

**Technical Skills:**

* BI Tools: Power BI, Tableau, Looker.
* Databases: SQL Server, Oracle, Snowflake.
* ETL Tools: Informatica, Talend, SSIS.
* Project Tools: Jira, Confluence, MS Project.
* Cloud Platforms: AWS, Azure.
* Methodologies: Agile, Scrum, Waterfall.

**Soft Skills:**

* Strong leadership and team coordination.
* Excellent communication and presentation skills.
* Problem\\-solving and analytical thinking.
* Stakeholder relationship management.
* Time management and prioritization.","","https://www.indeed.com/cmp/Haramain-Systems-Inc.","","","","","","","","","","","",""
"in-a67c7449645dcdd3","indeed","https://www.indeed.com/viewjob?jk=a67c7449645dcdd3","https://jsco.re/hg7s8","Business Intelligence / Project Manager : W2 Role","HARAMAIN SYSTEMS INC.","Dallas, TX, US","2026-05-28","contract","","","","","",True,"","","","","**Role: Business Intelligence (BI) Project Manager**  

**Location: Dallas, TX/Chicago, IL Remote Role**

**Duration: 12 Months**

 **Position Summary**


seeking an experienced **Business Intelligence (BI) Project Manager** to lead enterprise\\-level data and analytics initiatives. The ideal candidate will manage BI projects from planning through execution, working closely with stakeholders across business units such as operations, finance, marketing, and guest analytics. This role requires strong project management skills, BI knowledge, and experience delivering data\\-driven solutions in fast\\-paced environments.

**Key Responsibilities:**

* Lead end\\-to\\-end delivery of **Business Intelligence and Analytics projects**.
* Define project scope, timelines, milestones, and deliverables.
* Collaborate with **business stakeholders** to gather requirements and translate them into technical BI solutions.
* Manage cross\\-functional teams including **BI Developers, Data Engineers, and Analysts**.
* Track project progress, risks, and dependencies using project management tools.
* Coordinate **data warehouse**, reporting, and dashboard development initiatives.
* Ensure alignment with organizational data strategy and business objectives.
* Oversee **BI reporting tools** implementation such as dashboards and performance reports.
* Facilitate Agile ceremonies such as **Sprint Planning, Stand\\-ups, and Retrospectives**.
* Communicate project status updates to leadership and stakeholders.
* Ensure data quality, governance, and compliance standards are followed.
* Support post\\-implementation reviews and continuous improvement efforts.

**Required Qualifications:**

* Bachelor’s degree in **Computer Science, Information Systems, Business Analytics**, or related field.
* **10\\+ years** of experience managing BI or Data Analytics projects.
* Strong understanding of **Data Warehousing and ETL processes**.
* ***Experience managing BI tools such as:***
	+ **Power BI**
	+ **Tableau**
	+ **Looker**
	+ **MicroStrategy**
* Hands\\-on experience with **SQL** and data analysis concepts.
* Experience working in **Agile or Scrum environments**.
* Strong communication and stakeholder management skills.
* Proven ability to manage multiple projects simultaneously.

**Preferred Qualifications:**

* Experience in **Retail, Hospitality, or Entertainment industry**.
* Familiarity with **cloud platforms**such as:
	+ **AWS**
	+ **Azure**
	+ **Google Cloud Platform**
* PMP, Scrum Master, or Agile certification preferred.
* Experience working with **large\\-scale enterprise reporting systems**.
* Knowledge of **data governance and data quality frameworks**.

**Technical Skills:**

* BI Tools: Power BI, Tableau, Looker.
* Databases: SQL Server, Oracle, Snowflake.
* ETL Tools: Informatica, Talend, SSIS.
* Project Tools: Jira, Confluence, MS Project.
* Cloud Platforms: AWS, Azure.
* Methodologies: Agile, Scrum, Waterfall.

**Soft Skills:**

* Strong leadership and team coordination.
* Excellent communication and presentation skills.
* Problem\\-solving and analytical thinking.
* Stakeholder relationship management.
* Time management and prioritization.","","https://www.indeed.com/cmp/Haramain-Systems-Inc.","","","","","","","","","","","",""
"in-dd4dc8fbbdbf2993","indeed","https://www.indeed.com/viewjob?jk=dd4dc8fbbdbf2993","https://oneoncology.wd1.myworkdayjobs.com/OneOncology/job/United-States/Sr-Analytics-Engineer_R-0000022565","Sr. Analytics Engineer","OneOncology","Nashville, TN, US","2026-05-28","fulltime","","","","","",False,"","","","","OneOncology is positioning community oncologists to drive the future of medical care through a patient\\-centric, physician\\-driven, and technology\\-powered model to help improve the lives of everyone living with cancer and other diseases. Our team is bringing together leaders to the market place to help drive OneOncology’s mission and vision.


Why join us? This is an exciting time to join OneOncology. Our values\\-driven culture reflects our startup enthusiasm supported by industry leaders in oncology, urology, technology, and finance. We are looking for talented and highly\\-motivated individuals who demonstrate a natural desire to improve and build new processes that support the meaningful work of independent physicians and the patients they serve.

**Job Description:**

**Role Summary****:**

  

As a Senior Analytics Engineer at Navigating Care you will contribute to the architecture, development and optimization of data pipelines related to NCs novel healthcare data assets. Acting as a conduit between engineering and analytics, you will use your expertise to work cohesively between these groups in support of upstream pipeline development and downstream analytics output. You find joy in mentoring Analytics teams and building a culture centered on software development best practices.

**Responsibilities****:**

* Build, maintain and optimize data pipelines and stores using cloud technologies including but not limited to (aws\\-glue, spark, python, snowflake, dbt, circleCI, Matillion)
* Provide technical guidance and development as it relates to NC’s clinic\\-facing analytics suite
* Form partnerships with engineers, analysts, and product managers to advance NCs initiatives
* Provide mentorship to engineers and analysts in the development of new procedures and best practices
* Additional responsibilities as assigned to help drive our mission of improving the lives of everyone living with cancer.
 **Required****or Preferred****Qualifications****:**

* Bachelor’s degree or above in quantitative or engineering fields (Computer Science, Statistics, Data Science, Mathematics or similar).
* Development experience in python/R, SQL, Git workflows and dbt. Experience developing configurable/re\\-usable pipelines (aws\\-glue, dbt, python, Matillion).
* Familiarity with the AWS cloud ecosystem for data storage and analytics
* Familiarity with interoperability standards (CCDs, HL7, FHIR)
 **Essential****Competencies:**

* Domain experience working with healthcare data paired with a passion to connect with, understand, and shape the oncology healthcare space
* Attendance is an essential job function.
*This job description does not**contain**a full listing of activities,**duties**or responsibilities required**of**this role. Duties,**responsibilities**and activities may change, or new ones may be assigned at any time with or without notice.*","Health Care","https://www.indeed.com/cmp/Oneoncology","https://d2q79iu7y748jz.cloudfront.net/s/_squarelogo/256x256/8aa09726d66c6cf281b07e85736cd03c","https://www.oneoncology.com","Nashville","1,001 to 5,000","","","","","","","",""
"in-29f8721696459280","indeed","https://www.indeed.com/viewjob?jk=29f8721696459280","http://www.indeed.com/job/senior-bi-developer-data-engineer-sql-server-ssis-remote-us-contract-29f8721696459280","Senior BI Developer / Data Engineer (SQL Server, SSIS) — Remote (US Contract)","Paramint","Remote, US","2026-05-28","fulltime, contract","direct_data","hourly",45.0,60.0,"USD",True,"","","","","**Senior BI Developer / Data Engineer (SQL Server, SSIS) — Remote (US Contract)**

**Paramint** is hiring a **Senior BI Developer / Data Engineer** with deep **Microsoft BI stack experience** to support a **New York City government agency.** This is a hands\\-on contract role focused on maintaining and extending an established SQL Server data warehouse and SSIS ETL platform in a production environment.

We are looking for someone who is comfortable stepping into a mature codebase, understanding existing architecture quickly, and making reliable improvements within a structured SDLC and change\\-control process.

**Job Details**

* **Job Type:** Contract (W\\-2\\)
* **Duration:** 1 month, with potential extension
* **Pay:** $45\\.00–$60\\.00 per hour
* **Location:** Remote within the United States
* **Schedule:** Full\\-time, Eastern Time business hours
* **Client:** NYC government agency (disclosed after initial screening)

**About Paramint**

Paramint is an NYC\\-based software and AI firm delivering data, analytics, and AI systems for government and regulated enterprise organizations. We place experienced engineers on high\\-trust engagements where reliability, documentation, and production quality matter.

**Responsibilities**

* Maintain and enhance an existing SSIS\\-based ETL framework in SQL Server.
* Support a parent\\-child SSIS package architecture handling staging, ODS, and dimensional warehouse loads.
* Develop and optimize T\\-SQL stored procedures, queries, and warehouse processes.
* Work with dimensional models including fact tables, dimension tables, and Slowly Changing Dimensions (SCD Type 1 and Type 2\\).
* Integrate and reconcile data from enterprise source systems including Dynamics 365 CRM and case\\-management platforms.
* Support and maintain SSAS Tabular models and downstream Power BI reporting.
* Use Azure DevOps and follow established SDLC and change\\-management processes.
* Produce clear technical documentation and maintain audit\\-ready standards.

**Required Qualifications**

* **5\\+ years of experience with Microsoft BI and data engineering technologies.**
* Strong hands\\-on experience with: **SQL Server / SSIS (SQL Server Integration Services) / T\\-SQL / Data warehousing and dimensional modeling**
* Experience maintaining and extending existing ETL systems and production data warehouses.
* Experience with SSAS Tabular models and Power BI.
* Understanding of star schema design and SCD Type 1 / Type 2 implementations.
* Experience integrating CRM or other enterprise operational systems.

**Preferred Qualifications**

* Experience with Power BI Report Server (on\\-premises).
* Dynamics 365 CRM integration experience.
* Azure DevOps with TFVC source control.
* Government, public sector, or regulated\\-industry experience.
* Experience with SSIS Task Factory or similar SSIS enhancement tools.

**Why This Role**

This is a strong fit for engineers who enjoy working inside stable, well\\-structured enterprise systems rather than building greenfield pipelines from scratch. The environment values reliability, maintainability, documentation, and careful production changes.

Your work will directly support operational and reporting systems used by a major public\\-sector organization.

**How to Apply**

Apply through Indeed with your resume.

Please make sure your experience with:

* **SSIS**
* **SQL Server**
* **T\\-SQL**
* **Data warehousing**
* **Dimensional modeling**

***Qualified candidates will complete a brief technical screening prior to client introduction.***

Pay: $45\\.00 \\- $60\\.00 per hour

Application Question(s):

* Are you willing to work on a full\\-time W\\-2 contract? This is NOT available for C2C, C2H or 1099, and no sponsorship.

Work Location: Remote","","https://www.indeed.com/cmp/Paramint","","","","","","","","","","","",""
"in-6bcf8472695816d4","indeed","https://www.indeed.com/viewjob?jk=6bcf8472695816d4","https://morganstanley.eightfold.ai/careers/job?domain=morganstanley.com&pid=549797899905","Lead Java Software Engineer - Backend (VP)","Morgan Stanley","New York, NY, US","2026-05-28","fulltime","direct_data","yearly",150000.0,210000.0,"USD",False,"","","","","In the Technology division, we leverage innovation to build the connections and capabilities that power our Firm, enabling our clients and colleagues to redefine markets and shape the future of our communities.


This is a Lead Software Engineering position at Vice President level, which is part of the job family responsible for developing and maintaining software solutions that support business needs.


Since 1935, Morgan Stanley is known as a global leader in financial services, always evolving and innovating to better serve our clients and our communities in more than 40 countries around the world.


**Global Security Settlements Team Profile**  

Our platform provides one of the most critical functions enabling the firm to effect security settlements in all the markets the firm conducts the business in. On peak volume days, the Firm processes up to forty million trades and effects settlements worth of hundreds of billions of dollars for activity ongoing in multiple countries and currencies across the globe.
  

Our team has significant presence in Montreal, New York, and India. We are organized into agile squads closely aligned with product owners, users, and other stakeholders, which allows us to directly observe the business benefit of the solutions we develop, deploy and support. We believe in the forward momentum and progress of technology, and our goal is to apply the best tools and practices to deliver exceptional capabilities for our business users.


**Role**

We in Securities Settlements Tech are looking for a VP (Lead Software Engineer) in New York, preferably with exposure to Cloud Architectures \\& Public Cloud offerings to join our team building a large, resilient, scalable, and secure distributed settlement platform. You will be a leader building software and managing huge volume of data to support and improve efficiency of firm’s settlement related activities. Working in an agile environment, you will have to interact directly with the users, product owners, business analysts, and other technologists across the firm. If you have a track record of leading a team and delivering large\\-scale distributed applications, preferably on Azure/Cloud, we’d like to meet you.


**What you'll do in the role:**

* Collaborate with product owners, business analysts and other teams to clarify the requirements, define milestones and backlog based on business priorities, team capability and velocity.
* Drive the definition of system architecture and design.
* Write clean, performant, scalable, testable, and reusable code.
* Review pull requests, and guide more junior developers helping them to adopt the best design, coding, and testing practices.
* Guide the team to follow the best DevOps practices and enhance observability, availability, and resiliency.
* Act as an end\\-to\\-end owner ensuring the system is developed, tested, deployed as planned and is performing as expected in production environments.
* Contribute to enhancing team standards and improving processes.

**What you'll bring to the role:**

* Hands\\-on, with 10\\+ years’ experience in building distributed systems applying agile practices.
* Experience in owning a delivery end\\-to\\-end and leading a development team comprised of Backend and/or Data Engineers
* Strong working knowledge of core Java and Spring frameworks including spring\\-boot and testing.
* Strong working knowledge of AI spec driven development and leveraging AI tools to accelerate SDLC and software development
* Proven expertise in designing, developing, and maintaining robust RESTful and/or GraphQL APIs. Demonstrated understanding of API versioning strategies, backward compatibility, documentation practices
* Strong understanding of managing and scaling high volume databases. Experience in MS SQL, Snowflake, Mongo DB preferred.
* Sound understanding of microservice architecture and design patterns, system resiliency, scalability, security, and observability.
* Experience in designing and implementing messaging\\- and rest\\- based middleware and performing databases modelling.
* Knowledge of DevOps practices and tools.
* Strong oral and written communication skills.
* Understanding of Cloud\\-based application development, preferably with Microsoft Azure Cloud.
* Familiarity with Kafka and Mongo DB.
* Experience Angular UI development framework.
* Experience coordinating and mentoring a development team.
* Prior experience in FinTech application development.
* Experience with working in a global delivery team.

We have a track record of innovation and passion for unlocking new opportunities, we help our clients raise, manage and allocate capital. We do this by offering a wide range of investment banking, securities, wealth management and asset management services.  



  

All that we do at Morgan Stanley is driven by our five core values: do the right thing, put clients first, lead with exceptional ideas, commit to diversity and inclusion, and give back. These aren’t just beliefs, they guide the decisions we make every day, ensuring we do what's best for our clients, communities and more than 80,000 employees around the world. And at the core of our success are the people who drive it \\- relentless collaborators and creative thinkers who are fueled by diverse thinking and experiences.  



  

Wherever you are in our 1,200 global offices, you’ll have the opportunity to work alongside the best and the brightest in an environment where you are empowered to achieve your full potential. We are proud to support our employees and their families at every point along their work\\-life journey, offering some of the most attractive and comprehensive employee benefits and perks in the industry.
  

Morgan Stanley's goal is to build and maintain a workforce that is diverse in experience and background but uniform in reflecting our standards of integrity and excellence. Consequently, our recruiting efforts reflect our desire to attract and retain the best and brightest from all talent pools. We want to be the first choice for prospective employees.  



  

It is the policy of the Firm to ensure equal employment opportunity without discrimination or harassment on the basis of race, color, religion, creed, age, sex, sex stereotype, gender, gender identity or expression, transgender, sexual orientation, national origin, citizenship, disability, marital and civil partnership/union status, pregnancy, veteran or military service status, genetic information, or any other characteristic protected by law.  



  

Morgan Stanley is an equal opportunity employer committed to diversifying its workforce (M/F/Disability/Vet).


**WHAT YOU CAN EXPECT FROM MORGAN STANLEY:**

At Morgan Stanley, we raise, manage and allocate capital for our clients – helping them reach their goals. We do it in a way that’s differentiated – and we’ve done that for 90 years. Our values \\- putting clients first, doing the right thing, leading with exceptional ideas, committing to diversity and inclusion, and giving back \\- aren’t just beliefs, they guide the decisions we make every day to do what's best for our clients, communities and more than 80,000 employees in 1,200 offices across 42 countries. At Morgan Stanley, you’ll find an opportunity to work alongside the best and the brightest, in an environment where you are supported and empowered. Our teams are relentless collaborators and creative thinkers, fueled by their diverse backgrounds and experiences. We are proud to support our employees and their families at every point along their work\\-life journey, offering some of the most attractive and comprehensive employee benefits and perks in the industry. There’s also ample opportunity to move about the business for those who show passion and grit in their work.


To learn more about our offices across the globe, please copy and paste https://www.morganstanley.com/about\\-us/global\\-offices into your browser.


Expected base pay rates for the role will be between $150,000 and $210,000 per year at the commencement of employment. However, base pay if hired will be determined on an individualized basis and is only part of the total compensation package, which, depending on the position, may also include commission earnings, incentive compensation, discretionary bonuses, other short and long\\-term incentive packages, and other Morgan Stanley sponsored benefit programs.


Morgan Stanley is an equal opportunity employer committed to building and maintaining a workforce that is diverse in experience and background. Our recruiting efforts reflect our strong commitment to a culture of inclusion, where individuals are hired, developed, and advanced based on their skills and talents.


Our workforce reflects a broad cross\\-section of the global communities in which we operate, bringing a variety of backgrounds, talents, perspectives, and experiences.


For more information, please visit : https://www.morganstanley.com/people\\-opportunities/eeo .","","https://www.indeed.com/cmp/Morgan-Stanley","https://d2q79iu7y748jz.cloudfront.net/s/_squarelogo/256x256/301e696f90356ab8aaba627938837745","http://www.morganstanley.com","New York, NY","10,000+","more than $10B (USD)","Morgan Stanley mobilizes capital to help governments, corporations, institutions and individuals around the world achieve their financial goals.","","","","","",""
"in-d06419a6d15ac391","indeed","https://www.indeed.com/viewjob?jk=d06419a6d15ac391","https://vsp.wd1.myworkdayjobs.com/en-US/VSPVisionCareers/job/Remote-US/Senior-Data-Engineer--Snowflake-_R-9143","Senior Data Engineer (Snowflake)","VSP Vision","Remote, US","2026-05-28","fulltime","direct_data","yearly",78750.0,133875.0,"USD",True,"","","","","The Senior Data Engineer designs, builds and optimizes data pipelines for key data and analytics capabilities in the enterprise. This position works in collaboration with analytics and data warehousing staff, DBAs and subject matter experts to create reliable processes that load targeted data with integrity and quality, enabling it for strategic use by the business.
Collaborate within an agile, multi\\-disciplinary team to deliver optimal data integration and transformation solutions


Analyze data requirements (functional and non\\-functional) to develop and design robust, scalable automated, fault\\-tolerant data pipeline solutions for business and technology initiatives


Profile data to assess the accuracy and completeness of data sources and provide feedback in data gathering sessions


Design, build, maintain, and operationalize data pipelines for high volume and complex data using appropriate tools and practices in development, test, and production environments. Design with modularity to leverage reuse of code wherever possible


Develop and design data mappings, programs, routines, and SQL to acquire data from legacy, web, cloud, and purchased package environments into the analytics environment


Understand and apply the appropriate use of ELT, ETL, data virtualization, and other methods to optimize the balance of minimal data movement against performance, and mentor others on their appropriate use


Drive automation of data pipeline preparation and integration tasks to minimize manual and error\\-prone processes and improve productivity using modern data preparation, integration, and AI\\-enabled metadata management tools and techniques


Leverage auditing facilities that will enable monitoring of data quality to detect emerging issues. Deploy transformation rules to cleanse against defined rules and standards


Participate in architecture, governance, and design reviews, identifying opportunities and making recommendations


Participate in health check assessments of the existing environment and evaluations of emerging technologies


Collaborate with architects to design and model application data structures, storage, and integration in accordance with enterprise\\-wide architecture standards across legacy, web, cloud, and purchased package environments


**Job Specifications**

*Typically has the following skills or abilities:*

Bachelor’s degree in computer science, data science, statistics, economics, or related functional area; or equivalent experience


Excellent written and verbal communication skills with the ability to gather requirements and effectively communicate technical concepts and ideas to all levels of employees and management


6\\+ years’ experience working in development team providing analytical capabilities


6\\+ years of hands\\-on experience in the data space spanning data preparation, SQL, integration tools, ETL/ELT/data pipeline design


SQL coding experience


Experience working in an agile development environment (Scrum, Kanban) with a focus on Continuous Integration and Delivery


Knowledge about various data architectures, patterns, and capabilities such as event\\-driven architecture, real\\-time data flows, non\\-relational repositories, data virtualization, cloud storage, etc.


Knowledge of and experience with multiple data integration platforms (IBM InfoSphere DataStage, Oracle Data Integrator, Informatica PowerCenter, MS SSIS, AWS Glue, Denodo), and data warehouse MPP platforms such Snowflake, Netezza, Teradata, Redshift, etc.


Familiarity with DataOps practices and their application within analytics environments as well as their ability to extend data and analytics capabilities to other operational systems and consumers


Familiarity with event store and stream processing (Apache Kafka and platforms like Confluent) and with API development and management platforms (MuleSoft, Axway) is beneficial


Capable of focusing on a specific set of tasks while also ensuring alignment to a broader strategic design


**Preferred Skills**

Snowflake Certification/Strong hands\\-on experience with Snowflake (data modeling, performance tuning, security, and optimization)


Experience with DataStage (ETL development and maintenance)


Good understanding and practical experience in Data Vault modeling (Raw Vault, Business Vault, Information Marts)


Experience with workflow orchestration tools such as Apache Airflow


Proficiency with GitHub (version control, branching strategies, code reviews, CI/CD integration)


Experience building and maintaining ETL/ELT pipelines


Strong SQL and data transformation skills


Familiarity with cloud platforms (AWS/Azure/GCP)


Understanding of data warehousing concepts, performance tuning, and best practices


Ability to provide technical leadership, mentor junior engineers, and support production issue resolution


Ability to participate in Agile ceremonies and contribute to continuous improvement initiatives


Ability to work in Agile/Scrum environments


\\#LI\\-VISIONCARE


Compensation range for the role is listed below. Applicable salary ranges may differ across markets. Actual pay will be determined based on experience and other job\\-related factors permitted by law. As a part of the compensation package, this role may include eligible bonuses and commissions. For more information regarding VSP Vision benefits, please click here .


Salary Ranges: $78,750\\.00 \\- $133,875\\.00
VSP Vision is an equal opportunity employer and gives consideration for employment to qualified applicants without regard to age, gender, race, color, religion, sex, national origin, disability or protected veteran status . We maintain a drug\\-free workplace and perform pre\\-employment substance abuse testing.


Unincorporated LA County Residents: Qualified Applicants with arrest or conviction records will be considered for employment in accordance with the Los Angeles County Fair Chance Ordinance for Employers and the California Fair Chance Act, and any other similar laws.


**Notice to Candidates: Fraud Alert \\- Fake Job Opportunity Solicitations Used to Collect Fees/Personal Information.**

  

We have been made aware that fake job opportunities are being offered by individuals posing as VSP Vision and affiliate recruiters. Click here to learn about our application process and what to watch for regarding false job opportunities.


As a regular part of doing business, VSP Vision (“VSP”) collects many different types of personal information, including protected health information, about our audiences, including members, doctors, clients, brokers, business partners, and employees. VSP Vision employees will have access to this sensitive personal information and are subject to follow Information Security and Privacy Policies.","","https://www.indeed.com/cmp/Vsp-Vision","https://d2q79iu7y748jz.cloudfront.net/s/_squarelogo/256x256/0a12756002633bebe8c63daae93b4103","https://www.vspvision.com","Rancho Cordova, CA","1,001 to 5,000","Decline to state","We Help People See Every Possibility","","","","","",""
"in-939b43b74aac8b51","indeed","https://www.indeed.com/viewjob?jk=939b43b74aac8b51","https://careers.medpace.com/jobs/12786/job?utm_source=indeed_integration&iis=Job%20Board&iisn=Indeed&indeed-apply-token=73a2d2b2a8d6d5c0a62696875eaebd669103652d3f0c2cd5445d3e66b1592b0f","Data Engineer (AI)","Medpace","Cincinnati, OH, US","2026-05-27","fulltime","","","","","",False,"","","","","Job Summary:

Our corporate activities are growing rapidly, and we are currently seeking a full\\-time, office\\-based Data Engineer to join our AI team. This position will work on a team to accomplish tasks and projects that are instrumental to the company’s success. If you want an exciting career where you use your previous expertise and can develop and grow your career even further, then this is the opportunity for you.
Responsibilities :
* Utilize skills in handling of more unconventional data such as unstructured content from web\\-based sites and varying content (documents, images etc) into different data lakes and with different software solutions (Snowflake, Azure, SQL, Python);
* Provide the handling of (and where needed training of) Large Language Models (LLMs) in the Extract, Transform, and Load (ETL) of large corpus of data into a data lake;
* Participate in the Natural Language Processing (NLP) extract of unstructured data into structured meta\\-data through the use of tools such as Semantic understanding and meaning (Python, use of REST API);
* Support ensuring the data flow of any external content coming in is handled to the latest US and EU AI Acts concerning AI which includes security, confidentiality and privacy of PHI;
* Collect, analyze and document user requirements working with AI engineers to align data sources to downstream integration within systems;
* Create software applications that support the understanding and visualization of data flows from inception to derivation whilst maintaining version control by following software development lifecycle process, which includes requirements gathering, design, development, testing, release, and maintenance;
* Participate in software validation process through development, review, and/or execution of test plan/cases/scripts;
* Communicate with team members regarding projects, development, tools, and procedures; and
* Provide end\\-user support including setup, installation, and maintenance for application


Qualifications :
* Bachelor's Degree in Computer Science, Data Science, or a related field;
* 1\\-3\\+ years of experience in Data Engineering;
* Background in working with AI tools that support areas such as data extraction and natural language processing and handling of varied unstructured content into structured meta\\-data;
* Knowledge of developing dimensional data models from unstructured content and awareness of the advantages and limitations of Star Schema and Snowflake schema designs;
* Solid ETL development, reporting knowledge based off intricate understanding of business process and measures;
* Knowledge of Snowflake cloud data warehouse and Azure cloud is preferred;
* Knowledge of REST API;
* Good knowledge of SQL Server databases and Python programming language is required;
* Knowledge of C\\# is a bonus as is working with Azure data fabric; and
* Excellent analytical, written and oral communication skills


Medpace Overview :

Medpace is a full\\-service clinical contract research organization (CRO). We provide Phase I\\-IV clinical development services to the biotechnology, pharmaceutical and medical device industries. Our mission is to accelerate the global development of safe and effective medical therapeutics through its scientific and disciplined approach. We leverage local regulatory and therapeutic expertise across all major areas including oncology, cardiology, metabolic disease, endocrinology, central nervous system, anti\\-viral and anti\\-infective. Headquartered in Cincinnati, Ohio, employing more than 6,000 people across 40\\+ countries.
Why Medpace?:

People. Purpose. Passion. Make a Difference Tomorrow. Join Us Today.  

The work we’ve done over the past 30\\+ years has positively impacted the lives of countless patients and families who face hundreds of diseases across all key therapeutic areas. The work we do today will improve the lives of people living with illness and disease in the future. **Medpace Perks**

* Flexible work environment
* Competitive compensation and benefits package
* Competitive PTO packages
* Structured career paths with opportunities for professional growth
* Company\\-sponsored employee appreciation events
* Employee health and wellness initiatives

**Awards*** Recognized by Forbes as one of America's Most Successful Midsize Companies in 2021, 2022, 2023 and 2024
* Continually recognized with CRO Leadership Awards from Life Science Leader magazine based on expertise, quality, capabilities, reliability, and compatibility

 **What to Expect Next**
A Medpace team member will review your qualifications and, if interested, you will be contacted with details for next steps.","","https://www.indeed.com/cmp/Medpace","https://d2q79iu7y748jz.cloudfront.net/s/_squarelogo/256x256/916d641c19fc2deb6440d5a284f74b00","https://www.medpace.com","Cincinnati, OH","5,001 to 10,000","$1B to $5B (USD)","Medpace is a contract research organization that manages the clinical trial process for pharmaceutical and biotechnology companies.","","","","","",""
"in-411988f38682ada9","indeed","https://www.indeed.com/viewjob?jk=411988f38682ada9","https://careers.principal.com/us/jobs/50839/job?utm_source=indeed_integration&iis=Job%20Board&iisn=Indeed&indeed-apply-token=73a2d2b2a8d6d5c0a62696875eaebd669103652d3f0c2cd5445d3e66b1592b0f","Senior Data Engineer II","Principal Financial Group","Des Moines, IA, US","2026-05-27","fulltime","direct_data","yearly",130000.0,170000.0,"USD",True,"","","","","What You'll Do:

We’re looking for a Senior Data Engineer to join our Retirement Modernization Data Enablement team. In this role, you’ll sit at the center of our retirement modernization effort, leading how critical transaction data moves from source systems to enterprise analytics, ensuring it’s trusted, well‑governed, and ready to drive insight at scale.**You’ll have the opportunity to**
----------------------------------

* Design and influence data integration and movement patterns across multiple platforms, aligning teams to shared standards and best practices
* Serve as a thought leader in data engineering and architecture, influencing decisions without direct authority in a highly collaborative, matrixed environment
* Partner closely with upstream transaction teams and downstream analytics teams to ensure data is modeled, governed, and delivered in ways that support analytics, reporting, and AI use cases
* Enable the end‑to‑end flow of retirement source and transactional data through to the Enterprise Data Platform
* Establish and promote best practices for data pipelines, orchestration, and data governance in a modernized data ecosystem
* Balance hands\\-on engineering with architectural design, stepping into pipeline development when needed while maintaining a broader solution\\-focused lens
* Play a key role in transforming how data is enabled across the Retirement technology domain


As Principal continues to modernize its systems, this role will offer you an exciting opportunity to build solutions that will directly impact our long\\-term strategy and tech stack, all while ensuring that our products are robust, scalable, and secure!  

Operating at the intersection of financial services and technology, Principal builds financial tools that help our customers live better lives. We take pride in being a purpose\\-led firm, motivated by our mission to make financial security accessible to all. Our mission, integrity, and customer focus have made us a trusted leader for more than 140 years.
Who You Are:
* Bachelor's degree plus 8\\+ years related work experience or a Master's in related field plus 4\\+ years related work experience
* Proven experience delivering large‑scale data engineering solutions, including data ingestion, transformation, modeling, and storage to support analytics, reporting, and advanced data use cases, with exposure to data mesh principles in modern data platform environments
* Demonstrated ability to shape data architecture and influence technical strategy across teams, establishing patterns, standards, and best practices while engaging hands‑on when needed
* Trusted technical leader with strong communication and collaboration skills who can influence across teams and business units, facilitate architectural discussions, and navigate ambiguity in modernizing data environments
* Experience elevating the people around you – coaching, mentoring, and helping others grow through thoughtful feedback and knowledge sharing
* Proven experience working across the full data lifecycle, from source‑aligned ingestion and foundational data preparation through to analytics‑ready datasets, with an understanding of how upstream design decisions enable downstream analytics and data products
* Strong technical foundation working hands‑on with data and data stores, including advanced SQL, data pipeline development, including programming experience in languages such as Python and Java
* Experience optimizing data pipelines and processing systems for high‑volume, complex datasets
* Experience implementing data quality management across the data lifecycle, including validation, reconciliation, and mastering, with an emphasis on observability, monitoring, and operational readiness

**Skills That Will Help You Stand Out**
---------------------------------------

* Hands\\-on experience with Snowflake
* Hands\\-on experience with Ataccama Data Quality
* Hands\\-on experience with Informatica Intelligent Data Management Cloud
* Experience with source and/or transactional data modeling, including normalized schemas (e.g., 3NF) and strong data integrity practices


Salary Range Information: Salary ranges below reflect targeted base salaries. Non\\-sales positions have the opportunity to participate in a bonus program. Sales positions are eligible for sales incentives, and in some instances a bonus plan, whereby total compensation may far exceed base salary depending on individual performance. Actual compensation for all roles will be based upon geographic location, work experience, education, licensure requirements and/or skill level and will be finalized at the time of offer. Salary Range: $130000 \\- $170000 / year Time Off Program: Flexible Time Off (FTO) is provided to salaried (exempt) employees and provides the opportunity to take time away from the office with pay for vacation, personal or short\\-term illness. Employees don’t accrue a bank of time off under FTO and there is no set number of days provided. Pension Eligible: Yes Additional Information:
**Hours**
---------


This role operates within core Central Standard Time business hours, so flexibility to work within that time frame is required.**Work Environments**
---------------------


This role offers in\\-office, hybrid (blending at least three office days in a typical workweek), and remote work arrangements (only if residing more than 30 miles from Des Moines, IA, or Charlotte, NC). You’ll work with your leader to figure out which option may align best based on several factors.**Work Authorization/Sponsorship**
----------------------------------

At this time, we're not considering applicants that need any type of immigration sponsorship (additional work authorization or permanent work authorization) now or in the future to work in the United States. This includes, but IS NOT LIMITED TO: F1\\-OPT, F1\\-CPT, H\\-1B, TN, L\\-1, J\\-1, etc. For additional information around work authorization needs please use the following links.
Nonimmigrant Workers and Green Card for Employment\\-Based Immigrants**Investment Code of Ethics**
-----------------------------

For Principal Asset Management positions, you’ll need to follow an Investment Code of Ethics related to personal and business conduct as well as personal trading activities for you and members of your household. These same requirements may also apply to other positions across the organization.**Experience Principal**
------------------------

At Principal, we value connecting on both a personal and professional level. Together, we’re imagining a more purpose\\-led future for financial services – and that starts with you. Our success depends on the unique experiences, backgrounds, and talents of our employees. And we support our employees the same way we support our customers: with comprehensive, competitive benefit offerings crafted to protect their physical, financial, and social well\\-being. Check out our careers site to learn more about our purpose, values and benefits.**Principal is an Equal Opportunity Employer**
----------------------------------------------

All qualified applicants will receive consideration for employment without regard to race, color, religion, sex, sexual orientation, gender identity, national origin, disability, or veteran status.
Posting Window: We will accept applications for 3 full days following the Original Posting Date, after which the posting may remain open or be removed based upon applications received. If we choose to post the job again, we will accept additional applications for at least 1 full day following the Most Recently Posted Date. Please submit applications in a timely manner as there is no guarantee the posting will be available beyond the applicable deadline. Date First Posted (TTF): 5/1/2026 Latest Post Date: Careers \\- US: 5/27/2026
LinkedIn Remote Hashtag


: \\#LI\\-Remote
LinkedIn Hashtag


: \\#LI\\-EW1","","https://www.indeed.com/cmp/Principal-Financial-Group","https://d2q79iu7y748jz.cloudfront.net/s/_squarelogo/256x256/42ea9026b314ff55505926176a46ea68","http://www.principal.com","Des Moines, IA","Decline to state","more than $10B (USD)","Principal Financial Group® is dedicated to improving the wealth and well-being of people and business around the world—helping more than 62 million customers plan, protect, invest, and retire.","","","","","",""
"in-c3bf18ade2bd3a95","indeed","https://www.indeed.com/viewjob?jk=c3bf18ade2bd3a95","https://jsv3.recruitics.com/redirect?rx_cid=3427&rx_jobId=200643156-0836&rx_url=https%3A%2F%2Fjobs.apple.com%2Fen-us%2Fdetails%2F200643156-0836%2Fdata-engineer%3Fboard_id%3DJB001%26rx_a%3D0%26rx_c%3D%26rx_ch%3Djobp4p%26rx_group%3D122365%26rx_id%3Da9c56d33-5b2d-11f1-baa1-bd9663f128d5%26rx_job%3D200643156-0836%26rx_medium%3Dcpc%26rx_r%3Dnone%26rx_source%3Dindeed%26rx_ts%3D20260529T140408Z%26rx_vp%3Dcpc%26team%3DSFTWR","Data Engineer","Apple","Cupertino, CA, US","2026-05-25","","direct_data","yearly",126800.0,220900.0,"USD",False,"","","","","Apple's Media, Graphics, and Compute Technologies Group (MGC) is looking for a talented and dedicated big data engineer to join our Data Engineering team. The Data Engineering team within the MGC organization plays a critical role in supporting data\\-driven analytics by providing data collection, warehousing, and analytics at big data scale. Our team provides the infrastructure to power numerous trend and operational dashboards as well as other ad\\-hoc use cases in support of services like Apple TV, Apple Music, and FaceTime. We are leveraging Generative AI and Machine Learning technologies to provide best\\-in\\-class data analytics and monitoring.  

  

This role offers the opportunity to help design, enhance, and develop our very\\-high\\-volume processing pipeline. You'll work with talented engineers within our team as well as cross\\-functional teams in an agile and dynamic environment that values engineering excellence, creativity, and innovation, and you will be a key contributor to our next generation of processing pipeline and data analytics platform.  

  

**Description**  

  

Our team leverages modern Data Engineering, Generative AI and Machine Learning technologies to deliver actionable insights. You will be:  

  

* Collaborating with data scientists across functional teams to define and enhance performance metrics that provide valuable insights for stakeholders

  

* Building and maintaining:

  

* Ingestion pipelines for real\\-time data processing

  

* Real\\-time applications driving operational monitoring

  

* Batch ETL/ELT applications populating our data warehouse

  

* Applying Generative AI and Retrieval Augmented Generation (RAG) techniques to enhance data analytics capabilities

  

* Applying Machine Learning technologies for anomaly detection"",""responsibilities"":""Tuning and scaling Apache Kafka producer/consumer, Spark Structured Streaming and Flink applications running in cloud environment

  

Managing and monitoring large scale data collection and analytics pipelines at the application level  

  

Performing capacity planning to scale infrastructure and applications running on Kubernetes  

  

Troubleshooting production issues and conducting performance analysis of distributed systems  

  

Collaborating with cross\\-functional teams to ensure high availability and reliability of data pipelines  

  

Keeping up with the latest data engineering trends and applying the corresponding technologies  

  

**Preferred Qualifications**  

  

Production experience with Apache Kafka, Spark, or Flink  

  

Working knowledge of Trino or similar distributed query engines  

  

Experience building multi\\-agent AI systems or agentic workflows  

  

Familiarity with Retrieval Augmented Generation (RAG) techniques working in conjunction with LLMs  

  

Experience with creating and consuming Model Context Protocol (MCP) services  

  

**Minimum Qualifications**  

  

Bachelor's degree in Computer Science or equivalent professional experience  

  

Experience in building large scale distributed systems in Java/Python or similar languages  

  

Proficient in SQL  

  

Experience with data warehouse architectures and dimensional modeling  

  

Demonstrated ability to conduct performance analysis and troubleshoot large scale distributed systems  

  

Strong collaboration skills with ability to understand complex architectures and work effectively across teams  

  

Hands\\-on experience with Docker and Kubernetes  

  

**Pay \\& Benefits**  

  

At Apple, base pay is one part of our total compensation package and is determined within a range. This provides the opportunity to progress as you grow and develop within a role. The base pay range for this role is between $126,800 and $220,900, and your base pay will depend on your skills, qualifications, experience, and location.  

  

Apple employees also have the opportunity to become an Apple shareholder through participation in Apple's discretionary employee stock programs. Apple employees are eligible for discretionary restricted stock unit awards, and can purchase Apple stock at a discount if voluntarily participating in Apple's Employee Stock Purchase Plan. You'll also receive benefits including: Comprehensive medical and dental coverage, retirement benefits, a range of discounted products and free services, and for formal education related to advancing your career at Apple, reimbursement for certain educational expenses \\- including tuition. Additionally, this role might be eligible for discretionary bonuses or commission payments as well as relocation. Learn more about Apple Benefits  

  

Note: Apple benefit, compensation and employee stock programs are subject to eligibility requirements and other terms of the applicable plan or program.","","https://www.indeed.com/cmp/Apple","https://d2q79iu7y748jz.cloudfront.net/s/_squarelogo/256x256/0543909b7f6029855455e1cbb6a02a7f","http://www.apple.com","Cupertino, CA","10,000+","more than $10B (USD)","This is where you can do the best work of your life.","","","","","",""
"in-385b84bfbe9d8ea5","indeed","https://www.indeed.com/viewjob?jk=385b84bfbe9d8ea5","https://careers.lippert.com/jobs/17116/job?utm_source=indeed_integration&iis=Job%20Board&iisn=Indeed&indeed-apply-token=73a2d2b2a8d6d5c0a62696875eaebd669103652d3f0c2cd5445d3e66b1592b0f","Data Engineer","Lippert","US","2026-05-22","fulltime","","","","","",True,"","","","","Overview:
**Who We Are:**


Lippert is a leading, global manufacturer and supplier of highly engineered products and customized solutions, dedicated to shaping, growing and bettering the RV, marine, automotive, commercial vehicle and building products industries. We combine our strategic manufacturing capabilities with the power of our winning team culture to deliver unrivaled customer service, award\\-winning innovation, and premium products to all of our customers.  



**Why We are Different:**


At Lippert, Everyone Matters. This is not just a tagline or empty promise; it is who we are. We have intentionally created a culture that values and celebrates our team members’ unique and varied backgrounds, perspectives, and experiences. We strive to give our team members a deeper sense of purpose at work, and we continue to build a better work environment by aligning our cultural and business strategies with the needs of our team members.


**What You will Get:*** A unique, inclusive and supportive company culture.
* Comprehensive benefit offerings including medical, dental, vision, 401k with employer match, vacation, and more!
* Fair and competitive compensation.
* Career development and mentoring and opportunities to grow.
* Holiday, personal and vacation days.

**Summary/Objective**
The Data Engineer documents, supports, and automates the cloud data warehouse for Lippert Components. The candidate should have experience with ELT/ETL and dimensional modeling. The candidate must be able to work in a dynamic and rapidly expanding environment. **Essential Functions*** Create data pipelines
* Create data models using a star or snowflake architecture
* Perform hands\\-on coaching to peers
* Excellence in communication as a liaison with vendors and other Data Services personnel to resolve issues
* Strong desire to document and automate common tasks
* Document key responsibilities
* Act as support escalation
* Troubleshoot problems and quickly resolve issues

**Supervisory Responsibility**  

This position has no supervisory responsibility.

**Physical Demands**  

While performing the duties of this job, the employee is regularly required to stand, walk, use hands to handle, feel, or reach. This position is not very active when it comes to movement and requires a lot of typing and sitting in a chair.

  



**Position Type/Expected Hours of Work**


This is a full\\-time salary position and the expected work hours are 40 hours per week, Monday through Friday.


**Travel**


There is minimal to no travel with this position.

**Competencies*** You're compassionate and trustworthy, and set high standards
* You're not afraid to ask questions and you are open to constructive criticism
* You're self\\-driven and take ownership of your work
* You're enthusiastic and adapt to change well
* Ability to communicate (written and verbal) clearly, concisely and effectively

**Requirements*** At least 2 years of experience building ELT or ETL pipelines
* At least 2 years of experience with SQL
* At least 2 years of experience with dimensional modeling
* Public cloud experience (AWS, Microsoft Azure)
* Strong customer\\-facing written and oral communication skills
* Experience troubleshooting and configuring data pipelines
* Manages daily requests from business operations
* Customer service based \\- An ability to be flexible and use different approaches in different situations
* Excellent communication \\- Being able to convey information to other employees clearly and simply
* Strong technical writing ability
* Strong attention to detail
* 3\\+ years of experience in an enterprise IT environment
* Multiple office locations \\- some travel may be required

**What'll Make you Special*** Experience with cloud data warehouses
* Experience with Dynamics365 for Finance and Operations or DynamicsAX
* Experience with Kimball or Immon data warehouse architecture
* Experience with PowerBI
* Experience with Azure DevOps
* Experience with Databricks

**Work Authorization/Security Clearance:**

* Must be legally authorized to work in the United States.
* Possession of a valid driver’s license

**Other Duties**  

Please note this job description is not designed to cover or contain a comprehensive listing of activities, duties or responsibilities that are required of the employee for this job. Duties, responsibilities and activities may change at any time with or without notice.
Pay Group : AAP/EEO Statement:

Lippert provides equal employment opportunity to all team members and applicants without regard to race, color, religion, sex, sexual orientation, gender identity, pregnancy, national origin, ancestry, age, genetic information, disability, citizen status, protected veteran status, military service, marital status or any other legally protected category as established by federal, state, or local law. This policy governs all employment decisions, including recruitment, hiring, job assignment, compensation, training, promotion, discipline, transfer, leave\\-of\\-absence, access to benefits, layoff, recall, termination and other personnel matters. All employment and personnel\\-related decisions are based solely upon legitimate, job\\-related factors, such as skill, ability, past performance, and length of service with Lippert.  

Lippert’s strong commitment to equal employment opportunity requires a commitment by each individual team member. Compliance with the letter and spirit of this policy is required of all team members. Violations of this policy should be immediately reported to your leader or to any member of leadership. Team members who violate this policy will be subject to disciplinary action, up to and including termination of employment.  

Know Your Rights","","https://www.indeed.com/cmp/Lippert-1","https://d2q79iu7y748jz.cloudfront.net/s/_squarelogo/256x256/7ee5935ff26ae782fddee51acd9d99bc","https://www.lci1.com/","3501 County Road 6 East, Elkhart Indiana 46514, United States","10,000+","$1B to $5B (USD)","Lippert® is a leading, global manufacturer and supplier of highly engineered products and customized solutions, dedicated to shaping, growing, and bettering the RV, marine and automotive industries.","","","","","",""
"in-3738c7047ade2d83","indeed","https://www.indeed.com/viewjob?jk=3738c7047ade2d83","https://careers.principal.com/us/jobs/51235/job?utm_source=indeed_integration&iis=Job%20Board&iisn=Indeed&indeed-apply-token=73a2d2b2a8d6d5c0a62696875eaebd669103652d3f0c2cd5445d3e66b1592b0f","Assistant Director-Engineering (Data Enablement)","Principal Financial Group","Des Moines, IA, US","2026-05-22","fulltime","direct_data","yearly",141000.0,170000.0,"USD",True,"","","","","What You'll Do:

We’re looking for an Assistant Director of Engineering to join our Retirement \\& Income Solutions (RIS) business, which serves participants in plan\\-sponsored retirement programs through income and advisory offerings. In this critical leadership role of data enablement capabilities, you’ll build and support high\\-performing data engineering teams, guide technical direction, and ensure the successful delivery of initiatives that strengthen customer outcomes and enable market insight.


You’ll balance strategic leadership with hands\\-on engagement—partnering closely with product, business, data \\& analytics, and technology leaders while staying connected to the realities of execution across multiple teams.

**You’ll****have the opportunity to:**

* Drive priority decisions that deliver new data and AI capabilities while enabling high quality, trusted data across the full data lifecycle.
* Partner with product, business, data \\& analytics, and technology stakeholders to prioritize work and ensure teams stay focused on the highest value outcomes.
* Lead and support data engineers with diverse skill sets across cloud\\-based platforms (AWS, Snowflake, IDMC), on\\-premises‑ technologies (Informatica PowerCenter), and mainframe DB2 environments.
* Collaborate with delivery managers to review performance metrics and foster a continuous improvement mindset.
* Serve as a people leader by mentoring and developing teams of high\\-impact data engineers.
* Work effectively with leaders and teams located both stateside and offshore in a globally distributed model.
* Execute against defined strategies while also influencing broader technical and organizational direction based on insights from your teams.
* Ensure robust data pipeline delivery, high\\-quality trusted data, and reliable deployments across multiple teams.
* Support large, cross\\-team‑ initiatives requiring strong coordination, communication, and alignment.


Act as an advocate for the responsible adoption of AI tools to improve data engineering productivity and effectiveness.


Who You Are:
* Bachelor’s degree (preferably in computer science, engineering, technology, or a related field) or equivalent professional experience.
* 8\\+ years of enterprise level technical experience demonstrating‑ increasing responsibility and impact.
* Be comfortable with flexible call times with our global staffing model.

 **Leadership Experience:**

* More than 2 years formally leading engineering teams of at least 15 team members
* Guiding engineering teams through complex technical and business challenges.
* Designing and delivering resilient, scalable solutions in large environments.
* Building alignment and consensus among diverse stakeholders.
* Navigating enterprise\\-level‑ partnerships and dependencies.

 **Leadership Qualities:**

* Strategic, forward\\-thinking‑ mindset with a bias toward action.
* Strength in operating in dynamic, evolving environments.
* Strong communication and collaboration skills across technical and non‑technical audiences.

 **Skills That Help You Stand Out**

* 4\\+ years of technology leadership experience managing and mentoring direct reports.
* Financial services industry experience.
* Strong use of data and metrics to identify issues, measure progress, and guide decisions.
* Solution architecture experience partnering closely with business leaders.
* Solid background in Agile practices and tools such as Jira.
* Experience with AWS, Snowflake, IDMC, and DB2, along with strong data modeling skills and expertise in shaping data product roadmaps, semantic layers, and scalable data solutions for analytics and consumption.


Salary Range Information: Salary ranges below reflect targeted base salaries. Non\\-sales positions have the opportunity to participate in a bonus program. Sales positions are eligible for sales incentives, and in some instances a bonus plan, whereby total compensation may far exceed base salary depending on individual performance. Actual compensation for all roles will be based upon geographic location, work experience, education, licensure requirements and/or skill level and will be finalized at the time of offer. Salary Range: $141000 \\- $170000 / year Time Off Program: Flexible Time Off (FTO) is provided to salaried (exempt) employees and provides the opportunity to take time away from the office with pay for vacation, personal or short\\-term illness. Employees don’t accrue a bank of time off under FTO and there is no set number of days provided. Pension Eligible: Yes Additional Information:
**Work Environment**  

This role offers in\\-office, hybrid (blending at least three office days in a typical workweek), and remote work arrangements (only if residing more than 30 miles from Des Moines, IA, Raleigh, NC, or Charlotte, NC). You’ll work with your leader to figure out which option may align best based on several factors. **Work Authorization/Sponsorship**  

At this time, we're not considering candidates that need any type of immigration sponsorship now or in the future or those needing work authorization for this role. (This includes, but is not limited to students on F1\\-OPT, F1\\-CPT, J\\-1, etc.)


Nonimmigrant Workers and Green Card for Employment\\-Based Immigrants

 **Investment Code of Ethics**  

For Principal Global Investors positions, you’ll need to follow an Investment Code of Ethics related to personal and business conduct as well as personal trading activities for you and members of your household. These same requirements may also apply to other positions across the organization.

 **Experience Principal**  

At Principal, we value connecting on both a personal and professional level. Together, we’re imagining a more purpose\\-led future for financial services – and that starts with you. Our success depends on the unique experiences, backgrounds, and talents of our employees. And we support our employees the same way we support our customers: with comprehensive, competitive benefit offerings crafted to protect their physical, financial, and social well\\-being. Check out our careers site to learn more about our purpose, values and benefits. **Principal is an Equal Opportunity Employer**  

All qualified applicants will receive consideration for employment without regard to race, color, religion, sex, sexual orientation, gender identity, national origin, disability, or veteran status.


Posting Window: We will accept applications for 3 full days following the Original Posting Date, after which the posting may remain open or be removed based upon applications received. If we choose to post the job again, we will accept additional applications for at least 1 full day following the Most Recently Posted Date. Please submit applications in a timely manner as there is no guarantee the posting will be available beyond the applicable deadline. Date First Posted (TTF): 5/22/2026 Latest Post Date: Careers \\- US: 5/22/2026
LinkedIn Remote Hashtag


: \\#LI\\-Remote
LinkedIn Hashtag


: \\#LI\\-EW1","","https://www.indeed.com/cmp/Principal-Financial-Group","https://d2q79iu7y748jz.cloudfront.net/s/_squarelogo/256x256/42ea9026b314ff55505926176a46ea68","http://www.principal.com","Des Moines, IA","Decline to state","more than $10B (USD)","Principal Financial Group® is dedicated to improving the wealth and well-being of people and business around the world—helping more than 62 million customers plan, protect, invest, and retire.","","","","","",""
"in-00ef03c5a2a76afa","indeed","https://www.indeed.com/viewjob?jk=00ef03c5a2a76afa","https://apply.jobappnetwork.com/clients/14459/posting/11023128/en?src=Indeed_Organic_Jobs&dt=0526&utm_source=Indeed_Organic_Jobs&utm_medium=Organic&utm_campaign=Indeed_Organic_Jobs","Director of AI & Data Analytics","DataBank","Dallas, TX, US","2026-05-22","fulltime","","","","","",False,"","","","","DataBank Holdings Ltd. is a leading provider of enterprise\\-class data center, cloud, and interconnection services, offering customers 100% uptime availability of data, applications, and infrastructure. DataBank's managed data center services are anchored in world\\-class facilities. Our customized technology solutions are designed to help customers effectively manage risk, improve technology performance, and allow focus on core business objectives. DataBank is headquartered in the historic former Federal Reserve Bank Building, in downtown Dallas, TX.

  

DataBank is proud to be an Equal Opportunity Employer. Our work culture does not discriminate based on actual or perceived race, creed, color, religion, alienage or national origin, ancestry, citizenship status, age, disability or handicap, sex, marital status, veterans' status, gender, gender identity, gender expression, genetic information, sexual orientation, or any other characteristic protected by applicable federal, state, or local law.


We're looking for a hands\\-on Director of AI \\& Data Analytics who still loves getting their hands dirty in code. This isn't a ""pure management"" role where you sit in meetings all day Youll spend roughly 50% of your time leading and mentoring your team and other engineering members, and the remaining 50% hands\\-on, writing SQL, building data pipelines, architecting solutions, and tackling complex technical challenges directly.

  

You'll be the technical architect and strategic driver of DataBank's data and AI initiatives, turning our mountain of infrastructure, operations, and customer data into actual intelligence that people use. Think: predictive analytics that prevent problems before they happen, AI models that optimize efficiency across data centers, and self\\-service analytics that make everyone's life easier. The ideal candidate blends technical depth in data architecture, AI/ML engineering, and cloud analytics with a strong business sense for driving measurable outcomes.

 **Key Responsibilities:**

  

Be the Data Whisperer: Building Business Intelligence \\& Insights


Partner with leaders across the business to understand their data challenges (and translate ""I need a report"" into ""here's the insight you actually need"")


Design and model data solutions that enable self\\-service analytics because teaching people to fish is way better than becoming the company's fish\\-delivery service


Build cross\\-functional relationships with engineering, product, finance, operations, and marketing teams who all have ""just one quick data question"" teams to quantify ROI and inform strategic decision\\-making


Measure and report key business metrics, operational efficiency, customer growth, and service quality


Mentor and align business analysts in other departments on their reporting strategies

  

AI \\& Analytics Strategy


Define and execute a company\\-wide AI and analytics roadmap aligned with DataBanks business and technology objectives


Drive the evolution from traditional BI to predictive and generative AI\\-driven insights across DataBanks data ecosystem


Champion the integration of AI into key workflows, from customer intelligence to operational automation.


Develop AI models for forecasting, anomaly detection, and intelligent automation in data center operations


Build ML pipelines that go beyond PowerPoints demos and into production

  

Fix What's Broken, Build What's Missing


Untangle and optimize data structures that have gotten ""organically complex"" over time


Optimize the existing MSSQL to Snowflake replication and data warehousing strategy to establish patterns of anti\\-fragility

  

Lead (When You're Not Coding)


Build and mentor a high\\-performing team of data engineers, scientists, and AI specialists


Define and execute an AI and analytics roadmap that aligns with business objectives (the real ones, not just buzzword bingo)


Champion the evolution from ""here's what happened"" to ""here's what's about to happen and what we should do about it""

  

Make Data Governance Not Boring


Implement data quality, security, and compliance frameworks that meet regulatory standards


Ensure AI practices align with compliance requirements where applicable

 **Qualifications:**

  

Must\\-Haves:


Bachelors degree in computer science, Data Science, Engineering, or related field (Masters preferred)


10\\+ years wrangling data, building pipelines, or developing AI/ML solutions with 3\\+ years in leadership roles


Proven experience building scalable data platforms and deploying production\\-grade AI/ML solutions.


Deep expertise in data modeling you dream in star schemas and know when to denormalize. Extra credit if you have a small shrine dedicated to Ralph Kimball.


Proven track record building scalable data platforms and deploying production\\-grade AI/ML solutions


Experience with modern AI/ML frameworks (PyTorch, TensorFlow, Hugging Face, LangChain)


Deep Expertise in cloud\\-native data technologies, you've built data transformations with:

* Data warehousing \\- 5 years. Snowflake preferred, Databricks, AWS/Azure data services are an acceptable alternative
* Enterprise BI Reporting 5 years. Sigma Computing preferred. Power BI or Tableau is an acceptable alternative
* Orchestration tools (Airflow and dbt)

 **What Makes This Role Interesting**

  

This isn't just ""build dashboards and call it analytics."" You'll be:


Designing the data foundation for one of the fastest\\-growing data center companies in the world, operating 65\\+ data centers across North America


Building AI capabilities that optimize real\\-world physical infrastructure (power, cooling, capacity planning)


Creating intelligence systems that make our customers' lives better and our operations more efficient


Working cross\\-functionally with smart people who actually care about using data well


Having the autonomy to fix technical debt while building new capabilities

 *Translation: You get to solve hard technical problems, work with interesting data, and see real business impact from your work.*

 **Why Join?**


Lead a high\\-impact AI and data analytics function at the intersection of cloud, edge, and infrastructure innovation


Collaborative, values\\-driven culture that prioritizes integrity, innovation, and operational excellence


Competitive compensation, 401(k) match, health and wellness benefits, and generous PTO

  

To be considered for this position, all candidates must be U.S. citizens or hold valid Green Card and live in the U.S.. This requirement is due to DataBanks compliance with FedRAMP and FISMA regulations.


No third\\-party recruiters.

  

  

Brand: DataBank
  

Address: 400 S Akard Street Dallas, TX \\- 75202
  

Property Description: DFW1 \\- Akard St \\- Dallas TX
  

Property Number: DFW1","","https://www.indeed.com/cmp/Databank","https://d2q79iu7y748jz.cloudfront.net/s/_squarelogo/256x256/cb7dd1082f97d5b9f66302e853d27ab0","http://www.databank.com","","501 to 1,000","$1B to $5B (USD)","Our Culture: Confidence-Inspiring, Human-Focused, Data-Centered","","","","","",""
"in-806b1ff9c68a80f4","indeed","https://www.indeed.com/viewjob?jk=806b1ff9c68a80f4","https://careers.medpace.com/jobs/12453/job?utm_source=indeed_integration&iis=Job%20Board&iisn=Indeed&indeed-apply-token=73a2d2b2a8d6d5c0a62696875eaebd669103652d3f0c2cd5445d3e66b1592b0f","Senior Data Engineer","Medpace","Cincinnati, OH, US","2026-05-14","fulltime","","","","","",False,"","","","","Job Summary:

Our corporate activities are growing rapidly, and we are currently seeking a full\\-time, office\\-based Senior Data Engineer to join our Information Technology team. This position will work on a team to accomplish tasks and projects that are instrumental to the company’s success. If you want an exciting career where you use your previous expertise and can develop and grow your career even further, then this is the opportunity for you.
Responsibilities :
* Utilize skills in development areas including data warehousing, business intelligence, and databases (Snowflake, ANSI SQL, SQL Server, T\\-SQL);
* Support programming/software development using Extract, Transform, and Load (ETL) and Extract, Load and Transform (ELT) tools, (dbt, Azure Data Factory, SSIS);
* Design, develop, enhance and support business intelligence systems primarily using Microsoft Power BI;
* Collect, analyze and document user requirements;
* Participate in software validation process through development, review, and/or execution of test plan/cases/scripts;
* Create software applications by following software development lifecycle process, which includes requirements gathering, design, development, testing, release, and maintenance;
* Communicate with team members regarding projects, development, tools, and procedures; and
* Provide end\\-user support including setup, installation, and maintenance for applications released.


Qualifications :
* Bachelor's Degree in Computer Science, Data Science, or a related field;
* 5\\+ years of experience in Data Engineering;
* Knowledge of developing dimensional data models and awareness of the advantages and limitations of Star Schema and Snowflake schema designs;
* Solid ETL development, reporting knowledge based off intricate understanding of business process and measures;
* Knowledge of Snowflake cloud data warehouse, Fivetran data integration and dbt transformations is preferred;
* Knowledge of Python is preferred;
* Knowledge of REST API;
* Basic knowledge of SQL Server databases is required;
* Knowledge of C\\#, Azure development is a bonus; and
* Excellent analytical, written and oral communication skills.


Medpace Overview :

Medpace is a full\\-service clinical contract research organization (CRO). We provide Phase I\\-IV clinical development services to the biotechnology, pharmaceutical and medical device industries. Our mission is to accelerate the global development of safe and effective medical therapeutics through its scientific and disciplined approach. We leverage local regulatory and therapeutic expertise across all major areas including oncology, cardiology, metabolic disease, endocrinology, central nervous system, anti\\-viral and anti\\-infective. Headquartered in Cincinnati, Ohio, employing more than 6,000 people across 40\\+ countries.
Why Medpace?:

People. Purpose. Passion. Make a Difference Tomorrow. Join Us Today.  

The work we’ve done over the past 30\\+ years has positively impacted the lives of countless patients and families who face hundreds of diseases across all key therapeutic areas. The work we do today will improve the lives of people living with illness and disease in the future. **Cincinnati Perks*** Cincinnati Campus Overview
* Flexible work environment
* Competitive PTO packages, starting at 20\\+ days
* Competitive compensation and benefits package
* Company\\-sponsored employee appreciation events
* Employee health and wellness initiatives
* Community involvement with local nonprofit organizations
* Discounts on local sports games, fitness gyms and attractions
* Modern, ecofriendly campus with an on\\-site fitness center
* Structured career paths with opportunities for professional growth
* Discounted tuition for UC online programs

**Awards*** Named a Top Workplace in 2024 by The Cincinnati Enquirer
* Recognized by Forbes as one of America's Most Successful Midsize Companies in 2021, 2022, 2023 and 2024
* Continually recognized with CRO Leadership Awards from Life Science Leader magazine based on expertise, quality, capabilities, reliability, and compatibility

  

**What to Expect Next**
A Medpace team member will review your qualifications and, if interested, you will be contacted with details for next steps.","","https://www.indeed.com/cmp/Medpace","https://d2q79iu7y748jz.cloudfront.net/s/_squarelogo/256x256/916d641c19fc2deb6440d5a284f74b00","https://www.medpace.com","Cincinnati, OH","5,001 to 10,000","$1B to $5B (USD)","Medpace is a contract research organization that manages the clinical trial process for pharmaceutical and biotechnology companies.","","","","","",""
"in-57cffb88c5e64e91","indeed","https://www.indeed.com/viewjob?jk=57cffb88c5e64e91","https://careers.medpace.com/jobs/12470/job?utm_source=indeed_integration&iis=Job%20Board&iisn=Indeed&indeed-apply-token=73a2d2b2a8d6d5c0a62696875eaebd669103652d3f0c2cd5445d3e66b1592b0f","Data Engineer","Medpace","Cincinnati, OH, US","2026-05-14","fulltime","","","","","",False,"","","","","Job Summary:

Our corporate activities are growing rapidly, and we are currently seeking a full\\-time, office\\-based Data Engineer to join our Information Technology team. This position will work on a team to accomplish tasks and projects that are instrumental to the company’s success. If you want an exciting career where you use your previous expertise and can develop and grow your career even further, then this is the opportunity for you.
Responsibilities :
* Utilize skills in development areas including data warehousing, business intelligence, and databases (Snowflake, ANSI SQL, SQL Server, T\\-SQL);
* Support programming/software development using Extract, Transform, and Load (ETL) and Extract, Load and Transform (ELT) tools, (dbt, Azure Data Factory, SSIS);
* Design, develop, enhance and support business intelligence systems primarily using Microsoft Power BI;
* Collect, analyze and document user requirements;
* Participate in software validation process through development, review, and/or execution of test plan/cases/scripts;
* Create software applications by following software development lifecycle process, which includes requirements gathering, design, development, testing, release, and maintenance;
* Communicate with team members regarding projects, development, tools, and procedures; and
* Provide end\\-user support including setup, installation, and maintenance for applications


Qualifications :
* Bachelor's Degree in Computer Science, Data Science, or a related field;
* 3\\+ years of experience in Data Engineering;
* Knowledge of developing dimensional data models and awareness of the advantages and limitations of Star Schema and Snowflake schema designs;
* Solid ETL development, reporting knowledge based off intricate understanding of business process and measures;
* Knowledge of Snowflake cloud data warehouse, Fivetran data integration and dbt transformations is preferred;
* Knowledge of Python is preferred;
* Knowledge of REST API;
* Basic knowledge of SQL Server databases is required;
* Knowledge of C\\#, Azure development is a bonus; and
* Excellent analytical, written and oral communication skills.


Medpace Overview :

Medpace is a full\\-service clinical contract research organization (CRO). We provide Phase I\\-IV clinical development services to the biotechnology, pharmaceutical and medical device industries. Our mission is to accelerate the global development of safe and effective medical therapeutics through its scientific and disciplined approach. We leverage local regulatory and therapeutic expertise across all major areas including oncology, cardiology, metabolic disease, endocrinology, central nervous system, anti\\-viral and anti\\-infective. Headquartered in Cincinnati, Ohio, employing more than 6,000 people across 40\\+ countries.
Why Medpace?:

People. Purpose. Passion. Make a Difference Tomorrow. Join Us Today.  

The work we’ve done over the past 30\\+ years has positively impacted the lives of countless patients and families who face hundreds of diseases across all key therapeutic areas. The work we do today will improve the lives of people living with illness and disease in the future. **Cincinnati Perks*** Cincinnati Campus Overview
* Flexible work environment
* Competitive PTO packages, starting at 20\\+ days
* Competitive compensation and benefits package
* Company\\-sponsored employee appreciation events
* Employee health and wellness initiatives
* Community involvement with local nonprofit organizations
* Discounts on local sports games, fitness gyms and attractions
* Modern, ecofriendly campus with an on\\-site fitness center
* Structured career paths with opportunities for professional growth
* Discounted tuition for UC online programs

**Awards*** Named a Top Workplace in 2024 by The Cincinnati Enquirer
* Recognized by Forbes as one of America's Most Successful Midsize Companies in 2021, 2022, 2023 and 2024
* Continually recognized with CRO Leadership Awards from Life Science Leader magazine based on expertise, quality, capabilities, reliability, and compatibility

  

**What to Expect Next**
A Medpace team member will review your qualifications and, if interested, you will be contacted with details for next steps.","","https://www.indeed.com/cmp/Medpace","https://d2q79iu7y748jz.cloudfront.net/s/_squarelogo/256x256/916d641c19fc2deb6440d5a284f74b00","https://www.medpace.com","Cincinnati, OH","5,001 to 10,000","$1B to $5B (USD)","Medpace is a contract research organization that manages the clinical trial process for pharmaceutical and biotechnology companies.","","","","","",""
"in-4e36d5f5087ee936","indeed","https://www.indeed.com/viewjob?jk=4e36d5f5087ee936","https://www.amazon.jobs/jobs/10433430/data-engineer-ww-pricing--data--analytics?cmpid=DA_INAD200785B","Data Engineer, WW Pricing - Data & Analytics","Amazon.com","Seattle, WA, US","2026-05-14","fulltime","direct_data","yearly",101300.0,160000.0,"USD",False,"","","","","**DESCRIPTION**
---------------


WW Pricing drives the success of Amazon Retail and 3P Pricing. We build software that makes billions of monthly pricing recommendations on our marketplaces. We earn our customers' trust by consistently delivering the lowest prices possible: we price and publish prices automatically for the millions of products bought worldwide every day by our customers.  

  

You will be joining WW Pricing Data \\& Analytics team which consists of several Data Engineers and Business Intelligence Engineers.  

  

As a Data Engineer, you will create data models and ML data infrastructure that power our pricing algorithms and shape both customer and seller experiences. You'll develop essential data flows that keep our systems running smoothly while uncovering valuable insights that drive customer and seller success. You'll be developing GenAI based solutions to improve the operational and reporting efficiency.  

  

This job is for you if you are passionate about working with the largest and most complex data to optimize service performance. You will own the models and processes for collecting and transforming data, and work within the Pricing software engineering teams to drive the resulting business initiatives. You will learn the customer's intentions, and support us in understanding them as we take our business to the next level.  

  

Key job responsibilities  

* SQL proficiency (Redshift, Athena, Spark SQL)
* Experience with at least one programming language (Python, Java, or Scala)
* Familiarity with distributed data processing frameworks (Spark, EMR)
* Understanding of data warehousing concepts and star/snowflake schemas
**BASIC QUALIFICATIONS**
------------------------

* 1\\+ years of data engineering experience
* Experience with data modeling, warehousing and building ETL pipelines
* Experience with one or more query language (e.g., SQL, PL/SQL, DDL, MDX, HiveQL, SparkSQL, Scala)
* Experience with one or more scripting language (e.g., Python, KornShell)

**PREFERRED QUALIFICATIONS**
----------------------------

* Experience with big data technologies such as: Hadoop, Hive, Spark, EMR

  

Amazon is an equal opportunity employer and does not discriminate on the basis of protected veteran status, disability, or other legally protected status.  

  

Our inclusive culture empowers Amazonians to deliver the best results for our customers. If you have a disability and need a workplace accommodation or adjustment during the application and hiring process, including support for the interview or onboarding process, please visit https://amazon.jobs/content/en/how\\-we\\-hire/accommodations for more information. If the country/region you’re applying in isn’t listed, please contact your Recruiting Partner.  

The base salary range for this position is listed below. Your Amazon package will include sign\\-on payments and restricted stock units (RSUs). Final compensation will be determined based on factors including experience, qualifications, and location. Amazon also offers comprehensive benefits including health insurance (medical, dental, vision, prescription, Basic Life \\& AD\\&D insurance and option for Supplemental life plans, EAP, Mental Health Support, Medical Advice Line, Flexible Spending Accounts, Adoption and Surrogacy Reimbursement coverage), 401(k) matching, paid time off, and parental leave. Learn more about our benefits at https://amazon.jobs/en/benefits.

  

USA, WA, Seattle \\- 101,300\\.00 \\- 160,000\\.00 USD annually","Internet And Software","https://www.indeed.com/cmp/Amazon.com","https://d2q79iu7y748jz.cloudfront.net/s/_squarelogo/256x256/3e9d43f5c277de169808abdcaf49ba2c","https://www.amazon.jobs","440 Terry Ave N, Seattle, WA, United States, Washington","10,000+","more than $10B (USD)","Our mission is to be Earth's most customer-centric company.","","","","","",""
"in-400cfd44beb762b9","indeed","https://www.indeed.com/viewjob?jk=400cfd44beb762b9","https://jobs.medallia.com/jobs/6176/job?utm_source=indeed_integration&iis=Job%20Board&iisn=Indeed&indeed-apply-token=73a2d2b2a8d6d5c0a62696875eaebd669103652d3f0c2cd5445d3e66b1592b0f","Senior Business Intelligence Analyst","Medallia","McLean, VA, US","2026-05-06","fulltime","direct_data","yearly",101500.0,135000.0,"USD",False,"","","","ApplicantAccessibility@medallia.com","Overview:

Medallia is the pioneer and market leader in Experience Management. Our award\\-winning SaaS platform, Medallia Experience Cloud, leads the market in the management of experiences, insights, and actions for candidates, customers, employees, patients, and residents alike.  

  

We believe that every experience is a memory that can last a lifetime. Experiences shape the way people feel about a company. And they greatly influence how likely people are to advocate, contribute, and stay. At Medallia, we are committed to creating a world where organizations are loved by their customers and their employees.  

We empower exceptional people to create extraordinary experiences together.  

Bring your whole self.  

The Role and Team
We’re looking for a Senior Business Intelligence Analyst who thrives on turning data into insights that drive business decisions. This role is a hands\\-on contributor position with a strong focus on SQL development, Tableau dashboard creation, and data model optimization. You’ll work closely with business stakeholders and data engineers to design and deliver analytical solutions that empower teams with trusted, actionable information. This role will focus on supporting customer lifecycle analytics which will include Marketing, Sales, Support, and Services.
Responsibilities:
* Develop and maintain SQL queries and views to support reporting and analysis needs.
* Design, build, and maintain Tableau dashboards that provide clear, actionable insights for business stakeholders.
* Partner with data engineering to ensure data quality, consistency, and performance across data pipelines and reporting layers.
* Collaborate with business teams (e.g., Sales, Marketing, Product, Finance) to translate business questions into analytical deliverables.
* Define and document data models, KPIs, and business logic to create alignment and standardization across reports.
* Conduct ad\\-hoc analysis and provide insights to support strategic initiatives and performance reviews.
* Drive continuous improvement in BI practices, advocating for data visualization best practices and process efficiency.
* Mentor junior analysts and contribute to team standards, governance, and tool optimization.

  

Candidates based in the Tysons vicinity will be prioritized as this role is Hybrid, 3 days per week onsite.  


Qualifications:

Minimum Qualifications* 3\\-5 years of experience in business intelligence, data analytics, or related fields.
* Proficiency in SQL (joins, CTEs, window functions, query optimization).
* Expertise in Tableau (dashboard design, calculations, data blending, performance tuning).
* Experience working with data warehouses (e.g., Snowflake) and ETL/ELT concepts.
* Strong understanding of data modeling, KPIs, and dimensional design.
* Excellent communication skills with the ability to translate technical concepts into business insights.
* Strong analytical mindset and attention to detail.


Preferred Qualifications* Experience in SaaS or subscription\\-based business models.
* Familiarity with dbt and Python is a plus.
* Background in data governance, metric standardization, or data quality frameworks.
* Bachelor’s degree in Analytics, Computer Science, Statistics, Economics, or a related field.

  

Medallia is committed to equal pay and transparency. The annual base salary range for this position is $101,500 \\- $135,000\\. Please note that the salary range information provided is a general guideline and combines all of the distinct labor markets within the US. It is uncommon for an individual to be hired at or near the top of the range for their role and compensation decisions are dependent on a variety of factors. Medallia considers factors such as (but not limited to) scope and responsibilities of the position, candidate’s work experience, candidate’s work location, education/training, key skills, internal peer equity, external market data, as well as, market and business considerations when making compensation decisions.  

Medallia also offers competitive health and wellness benefits, including but not limited to medical, dental, vision, 401(k), short\\-term and long\\-term disability, life and AD\\&D insurance, statutory leaves, paid parental leave, and paid holidays. Benefits and eligibility may vary by location and role.  

At Medallia, we celebrate diversity and recognize the value it brings to our customers and employees. Medallia is an Equal Opportunity Employer. All qualified applicants will receive consideration for employment without regard to race, color, religion, sex, sexual orientation, gender identity, national origin, age (40 and over), disability, genetic information, veteran status or military service, or any other status protected by state or local law. Individuals with a disability who need an accommodation to apply please contact us at ApplicantAccessibility@medallia.com. For information regarding how Medallia collects and uses personal information, please review our Privacy Policies. Applications will be accepted for 30 days from the date this role was posted or until the role has been filled.","","https://www.indeed.com/cmp/Medallia","https://d2q79iu7y748jz.cloudfront.net/s/_squarelogo/256x256/bfb247306b30e5232f51f9a64efa1731","http://www.medallia.com","San Mateo, CA","1,001 to 5,000","$100M to $500M (USD)","Medallia is the pioneer and market leader in Experience Management.","","","","","",""
"in-698c96cfb90c5db2","indeed","https://www.indeed.com/viewjob?jk=698c96cfb90c5db2","https://careers-captrust.icims.com/jobs/2334/job?utm_source=indeed_integration&iis=Job%20Board&iisn=Indeed&indeed-apply-token=73a2d2b2a8d6d5c0a62696875eaebd669103652d3f0c2cd5445d3e66b1592b0f","Analytics Engineer","National Louis University","Raleigh, NC, US","2026-05-01","fulltime","","","","","",True,"","","","","Overview:
**WHO are we looking for?**  

CAPTRUST is seeking an ***Analytics Engineer*** to design, build, and maintain analytics\\-ready data models that enable trusted reporting, self\\-service analytics, and downstream decision\\-making across the firm. This role owns the dbt analytics transformation layer and dbt project stewardship, and partners with Data Engineering on upstream pipelines and data shaping to ensure analytics\\-ready inputs. This role serves as the connective tissue between raw data engineering outputs and business\\-facing analytics by translating business concepts into well\\-modeled, well\\-documented dbt assets. This position is ideal for a data professional with deep dbt expertise, strong SQL skills, and a passion for data modeling who can partner closely with Data Engineers, Data Analysts, and business stakeholders to deliver reliable, scalable analytical data products.
Responsibilities:
* Owns end\\-to\\-end stewardship of the dbt project, including model organization, naming conventions, testing strategy, documentation standards, and ongoing refactoring to keep the project healthy and scalable
* Owns the analytics transformation layer and its production reliability, including build/deploy routines, dependency management, and monitoring/triage of model and test failures in partnership with Data Engineering
* Owns the definition and implementation of analytics\\-ready business logic (e.g., conformed dimensions, facts, and shared metrics) and drives upstream data shaping requirements with Data Engineers to ensure source data supports agreed analytical needs
* Design, build, and maintain analytics\\-ready data models in dbt that translate business requirements into clear, performant, and trusted analytical structures
* Collaborate with Data Quality Analysts to embed data quality rules, validation logic, and testing directly into dbt models
* Apply dimensional and analytical modeling best practices (e.g., star schemas, facts and dimensions, grain alignment) to support reporting and metrics consistency
* Work with business stakeholders and data analysts to understand reporting needs and codify logic in reusable models
* Own dbt documentation quality and completeness, including model descriptions, lineage, business context, and assumptions, to support discovery and trust
* Support the evolution of shared metric definitions in partnership with semantic and governance functions, ensuring consistency across analytics and reporting
* Participate in analytics development processes, including code reviews, testing, and deployment workflows


Qualifications:
*Minimum Qualifications:** Bachelor’s degree in data analytics, computer science, information systems, or a related field (or equivalent professional experience).
* 5\\+ years of experience in analytics engineering, business intelligence, data engineering, or a closely related role.
* Advanced proficiency in SQL, including complex transformations, aggregations, and windowing logic.
* Strong hands\\-on experience with dbt, including model development, refactoring, documentation, sources, and tests.
* Solid understanding of analytical data modeling concepts and best practices.
* Ability to translate business concepts into structured, analytics\\-ready data models.
* Strong communication skills, with the ability to explain data logic in business terms.

*Desired Qualifications/Skills:** Experience working in a modern analytics stack (e.g., cloud data warehouse, dbt, BI tools).
* Familiarity with Microsoft Fabric, Power BI semantic models, or similar analytics platforms.
* Experience partnering closely with Data Engineers and Data Quality roles in a team\\-based analytics delivery model.
* Exposure to data governance concepts such as definitions, lineage, stewardship, and certified metrics.
* Comfort operating in environments with evolving requirements and helping bring clarity through modeling standards
* High standard of professionalism, integrity, and accountability.

**WHAT can you expect from your career at CAPTRUST?**  

Our colleagues, like our clients, tend to stay with CAPTRUST for years. There’s a reason for it; it’s a great culture in which to work and grow. We all work together, each of us motivating those around us with our commitment to high standards. At CAPTRUST, expect a fully stocked break room, fun employee events, and a quality team surrounding you with opportunities for personal growth.  

Our Employee Benefits Package shows how much we value our team. Some benefits include:* Company discretionary bonus.
* Health, dental, and vision coverage, employer 401(k) plan and company match, health savings accounts, flexible spending accounts, and voluntary supplemental plans subject to plan terms
* Company\\-paid benefits such as life insurance, short\\-term disability, and long\\-term disability, subject to applicable waiting periods.
* Paid time off (PTO) or Paid Sick Leave (PSL)

**WHERE will you be working?**  

4208 Six Forks Rd \\#1700 \\| Raleigh, NC 27609  

Due to the nature of the role, this is not a remote or work from home position. \\#LI\\-Onsite **HOW do we build a world class organization one brick at a time?**  

We make it a priority to hire those who have a commitment to service, a real interest in other people, and a passion to continuously improve. Simply put: the difference at CAPTRUST is the quality of our people and depth of our bench. If you are ready to make your mark, we want to talk to you. *Are you the next brick?*  

To get it done the CAPTRUST Way, an individual should exhibit the following characteristics:* Ability to build successful, collaborative, and trusting relationships
* Instinctive aptitude for consistently creating accurate, concise, respectful, and easy\\-to\\-understand verbal and written communications conveying complex information
* A strong sense of urgency about getting work done and solving problems to achieve results that benefit our clients and colleagues, even when faced with challenges
* Inherent desire to give back to our communities and enrich the lives of those around us
* An other\\-centered mindset
* Integrity through maintaining objectivity

*EEO/Diversity Statement:*  

At CAPTRUST, we are committed to building and maintaining a diverse workforce and inclusive work environment where ALL colleagues feel authentically seen, respected, and supported.  

It is our intent to maintain a work environment that is free of harassment, discrimination, or retaliation because of sex (including pregnancy, childbirth, or other related medical conditions), gender, race (including hair texture or hairstyles associated with race), religion, color, national origin, ancestry, physical or mental disability, genetic information, age, sexual orientation, gender identity, gender expression, protected veteran status, uniformed service, or any other status protected by federal, state, or local laws.\\#mid\\-senior  

This position will remain open until filled.","Education And Schools","https://www.indeed.com/cmp/National-Louis-University","https://d2q79iu7y748jz.cloudfront.net/s/_squarelogo/256x256/47dfe68c9602cf29aa6af7ced8751ce6","https://www.nl.edu/about/","Chicago, IL","1,001 to 5,000","$25M to $100M (USD)","Why Work at NLU? At National Louis University, your work matters. We're a mission-driven community that goes beyond teaching to truly transform lives. Everything we do is grounded in our core values","","","","","",""
"in-c223e4c0ab13171b","indeed","https://www.indeed.com/viewjob?jk=c223e4c0ab13171b","https://careers-captrust.icims.com/jobs/2332/job?utm_source=indeed_integration&iis=Job%20Board&iisn=Indeed&indeed-apply-token=73a2d2b2a8d6d5c0a62696875eaebd669103652d3f0c2cd5445d3e66b1592b0f","Principal Semantic Engineer","National Louis University","Raleigh, NC, US","2026-04-30","fulltime","","","","","",True,"","","","","Overview:
**WHO are we looking for?**  

CAPTRUST is seeking a ***Principal Semantic Engineer*** to design, build, and govern the semantic and knowledge foundations that make AI trustworthy, explainable, and scalable across the firm. This role focuses on enabling high‑impact AI capabilities such as copilots, agentic analytics, and decision support by ensuring business meaning, relationships, and metadata are clearly defined, aligned, and exposed to AI systems. This position is ideal for an experienced data professional who combines strong engineering skills with deep understanding of semantics, governance, and enterprise context, partnering closely with data engineers, analytics teams, data stewards, and business owners to architect and deploy reliable AI solutions.
Responsibilities:
* Design and maintain the knowledge layer that supports priority AI use cases, including semantic models, business definitions, and entity relationship, applying ontology and semantic design where it directly enables consistent, trustworthy AI outcomes.
* Define how curated data products, metrics, and metadata are exposed to AI models (e.g., RAG, prompt context, embeddings) to ensure consistent and explainable outputs.
* Partner with data engineers and analytics engineers to integrate semantic and metadata standards into Fabric, dbt models, metrics layers, and deployment pipelines.
* Collaborate with data stewards and business owners to resolve semantic ambiguity, align definitions, and document assumptions that impact AI behavior.
* Establish AI‑readiness and usage metadata, including lineage, sensitivity, usage constraints, and trust signals that guide responsible AI consumption.
* Actively participate in AI strategy conversations, advising on model selection, grounding approaches, and guardrails from a knowledge and trust perspective.
* Promote best practices for semantic modeling, knowledge representation, and AI governance through documentation, patterns, and enablement.


Qualifications:
*Minimum Qualifications:** Bachelor’s degree in data analytics, computer science, information systems, or a related field (or equivalent professional experience).
* 6\\+ years of experience in data engineering, data architecture, or a closely related role.  

	+ Strong SQL proficiency and experience working with analytical data models
* Hands‑on experience with semantic modeling and metrics layers.
* Working knowledge of data governance concepts including definitions, metadata, lineage, stewardship, and data products.
* Strong communication skills, with the ability to explain complex technical and conceptual topics in business‑friendly terms.

*Desired Qualifications/Skills:** Experience with dbt (models, metrics, documentation, sources, and tests) as a system of record for analytics and semantics.
* Familiarity with Microsoft Fabric, Power BI semantic models, or similar analytics platforms.
* Exposure to AI or ML systems, including LLMs, RAG patterns, embeddings, or AI copilots, with an emphasis on context and grounding.
* Experience designing ontologies or knowledge graphs in a data or analytics context.
* Understanding of AI governance, principles, and risk considerations.
* Comfort operating in ambiguous problem spaces and bringing structure and alignment.
* High standard of professionalism and integrity.

**WHAT can you expect from your career at CAPTRUST?**  

Our colleagues, like our clients, tend to stay with CAPTRUST for years. There’s a reason for it; it’s a great culture in which to work and grow. We all work together, each of us motivating those around us with our commitment to high standards. At CAPTRUST, expect a fully stocked break room, fun employee events, and a quality team surrounding you with opportunities for personal growth.  

Our Employee Benefits Package shows how much we value our team. Some benefits include:* Company discretionary bonus.
* Health, dental, and vision coverage, employer 401(k) plan and company match, health savings accounts, flexible spending accounts, and voluntary supplemental plans subject to plan terms
* Company\\-paid benefits such as life insurance, short\\-term disability, and long\\-term disability, subject to applicable waiting periods.
* Paid time off (PTO) or Paid Sick Leave (PSL)

**WHERE will you be working?**

  

4208 Six Forks Rd \\#1700 \\| Raleigh, NC 27609  

Due to the nature of the role, this is not a remote or work from home position. \\#LI\\-Onsite **HOW do we build a world class organization one brick at a time?**  

We make it a priority to hire those who have a commitment to service, a real interest in other people, and a passion to continuously improve. Simply put: the difference at CAPTRUST is the quality of our people and depth of our bench. If you are ready to make your mark, we want to talk to you. *Are you the next brick?*  

To get it done the CAPTRUST Way, an individual should exhibit the following characteristics:* Ability to build successful, collaborative, and trusting relationships
* Instinctive aptitude for consistently creating accurate, concise, respectful, and easy\\-to\\-understand verbal and written communications conveying complex information
* A strong sense of urgency about getting work done and solving problems to achieve results that benefit our clients and colleagues, even when faced with challenges
* Inherent desire to give back to our communities and enrich the lives of those around us
* An other\\-centered mindset
* Integrity through maintaining objectivity

*EEO/Diversity Statement:*  

At CAPTRUST, we are committed to building and maintaining a diverse workforce and inclusive work environment where ALL colleagues feel authentically seen, respected, and supported.  

It is our intent to maintain a work environment that is free of harassment, discrimination, or retaliation because of sex (including pregnancy, childbirth, or other related medical conditions), gender, race (including hair texture or hairstyles associated with race), religion, color, national origin, ancestry, physical or mental disability, genetic information, age, sexual orientation, gender identity, gender expression, protected veteran status, uniformed service, or any other status protected by federal, state, or local laws.\\#mid\\-senior  

This position will remain open until filled.","Education And Schools","https://www.indeed.com/cmp/National-Louis-University","https://d2q79iu7y748jz.cloudfront.net/s/_squarelogo/256x256/47dfe68c9602cf29aa6af7ced8751ce6","https://www.nl.edu/about/","Chicago, IL","1,001 to 5,000","$25M to $100M (USD)","Why Work at NLU? At National Louis University, your work matters. We're a mission-driven community that goes beyond teaching to truly transform lives. Everything we do is grounded in our core values","","","","","",""
"in-6bd532a520d809a8","indeed","https://www.indeed.com/viewjob?jk=6bd532a520d809a8","https://careers.vtgdefense.com/jobs/9059/job?utm_source=indeed_integration&iis=Job%20Board&iisn=Indeed&indeed-apply-token=73a2d2b2a8d6d5c0a62696875eaebd669103652d3f0c2cd5445d3e66b1592b0f","Data Engineer","VTG Defense","Chantilly, VA, US","2026-04-13","fulltime","","","","","",False,"","","","","Overview:

We are seeking a skilled Data Engineer with at least 5 years of experience designing, building, and maintaining scalable data pipelines and architectures. The ideal candidate will have strong expertise in data integration, ETL/ELT processes, and cloud\\-based data platforms, with a focus on delivering high\\-quality, reliable data solutions that support analytics and business decision\\-making.
Responsibilities:
* Design, develop, and maintain scalable data pipelines and workflows (ETL/ELT)
* Build and optimize data architectures, including data lakes, data warehouses, and data marts
* Ingest, process, and transform large volumes of structured and unstructured data
* Ensure data quality, integrity, and reliability across systems
* Collaborate with data analysts, data scientists, and business stakeholders to define data requirements
* Implement data governance, security, and compliance best practices
* Optimize data storage, query performance, and cost efficiency in cloud environments
* Monitor and troubleshoot data pipeline performance and failures
* Maintain documentation for data flows, systems, and processes


Qualifications:
* Active TS/SCI with Polygraph required.
* Bachelor’s degree in computer science, Software Engineering, or related field.
* 5\\+ years of experience in data engineering or a related field
* Strong proficiency in SQL and experience with relational databases (e.g., PostgreSQL, MySQL, SQL Server)
* Experience with big data processing frameworks (e.g., Spark, Hadoop)
* Hands\\-on experience building ETL/ELT pipelines using tools such as Apache Airflow, Informatica, or similar
* Experience with cloud data platforms (AWS, Azure, or GCP)
* Proficiency in programming languages such as Python, Scala, or Java
* Experience with data warehousing solutions (e.g., Snowflake, Redshift, BigQuery)
* Strong understanding of data modeling concepts (star/snowflake schemas)","","https://www.indeed.com/cmp/Vtg-Defense","https://d2q79iu7y748jz.cloudfront.net/s/_squarelogo/256x256/beb1e99705a34f16a239c864121c592d","http://www.vtgdefense.com","14291 Park Meadow Drive
Suite 425
Chantilly, VA 20151","1,001 to 5,000","$100M to $500M (USD)","Check us out at www.VTGdefense.com!","","","","","",""
"in-15f9e3e8db4c59f0","indeed","https://www.indeed.com/viewjob?jk=15f9e3e8db4c59f0","https://careers-jointcommission.icims.com/jobs/7189/job?utm_source=indeed_integration&iis=Job%20Board&iisn=Indeed&indeed-apply-token=73a2d2b2a8d6d5c0a62696875eaebd669103652d3f0c2cd5445d3e66b1592b0f","BI Developer","ATI Physical Therapy","Oak Brook, IL, US","2026-04-02","","direct_data","yearly",89000.0,114000.0,"USD",False,"","","","","Overview:

The BI Developer is responsible for designing, developing, and maintaining enterprise‑grade Business Intelligence solutions using Power BI, DAX, SQL, and semantic models. This role works closely with business stakeholders, data engineers, and analysts to translate requirements into scalable data models and intuitive, high\\-performing dashboards. The ideal candidate has strong technical skills, a solid understanding of data modeling best practices, and the ability to deliver insights that support strategic decision‑making.


Responsibilities:
**Power BI Development*** Design and develop interactive dashboards and reports using Power BI.
* Build shared and certified semantic models to support self\\-service analytics and standardized reporting.
* Develop complex DAX calculations, measures, and KPIs that ensure accurate, consistent business logic.
* Optimize Power BI performance through model tuning, query reduction, and best\\-practice visualization standards.

**Data Modeling \\& Semantic Layer*** Design star schemas, dimensional models, and reusable semantic models for enterprise reporting.
* Define relationships, hierarchies, and calculation groups to ensure scalable and maintainable datasets.
* Align semantic models with enterprise data governance, naming conventions, and data definitions.

**SQL \\& Data Engineering Support*** Write advanced SQL queries to extract, transform, and validate datasets from relational and cloud data platforms.
* Collaborate with data engineering teams to refine source data structures and improve data quality.
* Troubleshoot data discrepancies, performance issues, and ETL/ELT data flow challenges.

**Requirements Gathering \\& Stakeholder Engagement*** Partner with business teams to understand reporting needs, KPIs, and functional requirements.
* Translate business needs into technical specifications and reporting solutions.
* Provide user training, documentation, and support for Power BI adoption across the organization.


Qualifications:
**Required*** Bachelor’s degree in Computer Science, Information Systems, Analytics, or related field.
* 3\\+ years of hands\\-on experience with **Power BI development**.
* Strong expertise with **DAX**, including advanced calculations and time\\-intelligence functions.
* Proficient with **SQL** (joins, CTEs, window functions, performance tuning).
* Experience building and maintaining **Power BI semantic models** (star schema, fact/dim tables).
* Knowledge of BI best practices, data modeling methodologies, and performance optimization.

**Preferred*** Experience with cloud data platforms (Azure Synapse, Fabric, Databricks, Snowflake, etc.).
* Familiarity with data governance, metadata, and enterprise reporting standards.
* Experience with version control (Git) and DevOps CI/CD for BI assets.
* Understanding of modern analytics platforms and data architecture patterns.


Equal Opportunity Field:
**We offer a comprehensive benefit package. For a complete overview of our benefits package, please visit our** **Joint Commission Career Page**  

We are an Equal Opportunity Employer. All qualified applicants will receive consideration without regard to race, color, religion, sex, sexual orientation, gender identity, national origin, age, disability, veteran status, or any other status protected by law.
Min: USD $89,000\\.00/year Max: USD $114,000\\.00/year","","https://www.indeed.com/cmp/Ati-Physical-Therapy","https://d2q79iu7y748jz.cloudfront.net/s/_squarelogo/256x256/7509a28a57ea169a3ca4dbb7918d06c9","http://www.atipt.com","Downers Grove, IL","5,001 to 10,000","Decline to state","With exceptional, patient-centered care, trusted expertise and remarkable outcomes, our goal is to exceed customers' expectations—every day.","","","","","",""
"in-23e1d9a969a2cde3","indeed","https://www.indeed.com/viewjob?jk=23e1d9a969a2cde3","https://workforcenow.adp.com/mascsr/default/mdf/recruitment/recruitment.html?cid=2af8c617-ef5e-4b9d-ab28-eca82a4eaaf3&ccId=19000101_000001&jobId=564800&source=IN&lang=en_US","IT Director","Innovations for Poverty Action","Evanston, IL, US","2026-03-11","","direct_data","yearly",90000.0,140000.0,"USD",True,"","","","","**About IPA**


Innovations for Poverty Action (IPA) generates and applies research to help people living in poverty thrive. Our global IT function supports approximately 450 staff across 20 country offices, hundreds of field\\-based data collectors, and a distributed workforce operating in varied connectivity environments. The IT team of six, supplemented by external consultants, manages a data\\-intensive, integration\\-heavy technology environment built primarily on SaaS platforms and Microsoft Azure.

**Job Summary**


The IT Director leads IPA's global IT function, setting strategy, developing and owning governance, and building a team capable of delivering reliable, secure, and user\\-centered technology services across a complex international organization.


This is a leadership and management role. The IT Director is responsible for what gets built and how, not for building it directly. Success looks like a well\\-structured team with clear ownership, a governance framework that actually gets followed, and technology decisions that hold up over time. The right person is energized by developing people, translating organizational needs into technology priorities, and creating systems of accountability, not by hands\\-on implementation.


The IT Director will also ensure that IPA’s IT policies, governance frameworks, and control mechanisms are compliant with applicable regulatory and donor requirements and remain practical, proportionate, and aligned with the organization’s evolving operational needs.

**Responsibilities**
--------------------

  

The following outlines the key duties and responsibilities of this role, to be carried out in close coordination with the Global Operations Senior Director and IPA’s Senior Management Team. **Define and steward IT strategy and governance*** Develop and maintain IPA's IT strategy, ensuring it adjusts to organizational priorities, resource constraints, compliance obligations and operational realities across a distributed, multi\\-country environment.
* Own IPA's IT governance framework — policies, standards, and controls covering security, access management, data governance, acceptable use, vendor management, and emerging technologies.
* Ensure governance is practical, compliant with regulatory and donor requirements, and proportionate to organizational risk and operational realities. Policies should be enforceable and understood across country offices, not just documented.
* Advise senior leadership on technology risks, investment decisions, and compliance obligations in clear, non\\-technical terms.
* Evaluate emerging technologies — including AI and automation — and recommend responsible, mission\\-aligned adoption pathways.

**Lead the IT function and its people**

* Manage, develop, and retain a team of six IT professionals, including systems administrators, data engineers, and support staff, providing clear direction, regular feedback, and opportunities for growth.
* Recruit for capability gaps and build toward a team structure where technical domains have clear ownership and accountability, while ensuring there are always enough redundancies on all tasks.
* Foster a culture of documentation, service orientation, and accountability — where good work is visible and standards are consistently upheld.
* Set team priorities in coordination with the Senior Director, Operations \\& Systems, and communicate clearly about trade\\-offs and capacity.
* Ensure that IT operates as a service\\-oriented function, prioritizing responsiveness, clarity, and alignment with operational and research needs.

**Ensure security, compliance, and risk management**

* Lead IPA's information security direction, ensuring controls are proportionate to organizational risk and resourced appropriately.
* Ensure compliance with donor, contractual, and regulatory requirements related to data protection and information security.
* Oversee audit readiness and coordinate responses to security or data incidents, including engagement with legal and senior leadership.

**Drive organizational alignment**

* Lead change management for significant technology transitions, ensuring staff across country offices understand and adopt new systems and practices.
* Oversee IT budget planning and financial reporting, ensuring transparency of total cost of ownership and value for money.

**Qualifications**
------------------

**Required**

* 7\\+ years in a senior IT leadership role with accountability for the reliability, security, and availability of enterprise systems in production environments.
* 5\\+ years managing IT teams, including direct oversight of senior technical staff (engineers, architects, system admins) — with a demonstrated track record of developing people and building team capability.
* 5\\+ years overseeing enterprise system integrations, SaaS platforms and cloud environments (ERP, CRM, data warehouse, or comparable).
* 5\\+ years as a senior escalation authority for technical or security incidents.
* 3\\+ years developing or managing IT governance frameworks, policies, and internal controls.
* 3\\+ years in environments with regulatory, donor, or audit compliance requirements related to data protection or information security.
* 3\\+ years overseeing IT budgeting, vendor management, and SLA accountability.
* 3\\+ years leading change management for enterprise technology implementations.
* Experience communicating technology risks and decisions to non\\-technical senior stakeholders.
* Familiarity with enterprise business intelligence environments (e.g., Power BI).

**Preferred**

* Experience leading IT in multi\\-country or distributed organizations, particularly in low\\-bandwidth or resource\\-constrained contexts.
* Background in international development, nonprofit, or donor\\-funded environments.
* Experience overseeing AI or automation initiatives in operational settings.
* Experience leading knowledge management or collaboration platform transformations.
* Professional working proficiency in Spanish or French.

**Location and Time Zone Requirements**


This is a remote position. Please note that IPA is not able to sponsor work authorizations for foreign nationals in any location.


Also, please note that the candidate must be able to maintain some overlap with teams across time zones. The working schedule should allow for at least 2–3 hours of overlap with both the East Africa Time (EAT) and U.S. Eastern Time (ET) zones for collaboration and meetings.

**Compensation**


IPA offers a competitive salary and benefits package aligned with the local market conditions of the country where the position will be based. In accordance with US pay transparency requirements, the salary range for US\\-based candidates is USD 90,000–140,000 per year; compensation for candidates in other locations will reflect local market conditions. Final offers are determined based on experience, qualifications, location, internal equity, and market considerations.

 **Reports to**


Senior Director, Operations \\& Systems

**Deadline to Apply**


22 June 2026

**Safeguarding at IPA**
-----------------------


At Innovations for Poverty Action (IPA), we are committed to creating a safe and respectful environment for all individuals, particularly children and vulnerable adults. As IPA adheres to strict safeguarding principles, selected candidates will be expected to adhere to the standards. By joining IPA, you become part of a team dedicated to ethical conduct, social responsibility, and meaningful impact in the fight against global poverty. Together, we work to create a better world where everyone has the opportunity to thrive with dignity and respect.","","https://www.indeed.com/cmp/Innovations-For-Poverty-Action","","https://www.poverty-action.org","Washington DC - 1701 Rhode Island Avenue NW, 4th Floor, Washington, DC  20036","501 to 1,000","$25M to $100M (USD)","We are a research organization dedicated to discovering and advancing what works to improve the lives of people living in poverty.","","","","","",""
"in-9671bafb7ffd4811","indeed","https://www.indeed.com/viewjob?jk=9671bafb7ffd4811","https://workforcenow.adp.com/mascsr/default/mdf/recruitment/recruitment.html?cid=2af8c617-ef5e-4b9d-ab28-eca82a4eaaf3&ccId=19000101_000001&jobId=564800&source=IN&lang=en_US","IT Director","Innovations for Poverty Action","Washington, DC, US","2026-03-11","","direct_data","yearly",90000.0,140000.0,"USD",True,"","","","","**About IPA**


Innovations for Poverty Action (IPA) generates and applies research to help people living in poverty thrive. Our global IT function supports approximately 450 staff across 20 country offices, hundreds of field\\-based data collectors, and a distributed workforce operating in varied connectivity environments. The IT team of six, supplemented by external consultants, manages a data\\-intensive, integration\\-heavy technology environment built primarily on SaaS platforms and Microsoft Azure.

**Job Summary**


The IT Director leads IPA's global IT function, setting strategy, developing and owning governance, and building a team capable of delivering reliable, secure, and user\\-centered technology services across a complex international organization.


This is a leadership and management role. The IT Director is responsible for what gets built and how, not for building it directly. Success looks like a well\\-structured team with clear ownership, a governance framework that actually gets followed, and technology decisions that hold up over time. The right person is energized by developing people, translating organizational needs into technology priorities, and creating systems of accountability, not by hands\\-on implementation.


The IT Director will also ensure that IPA’s IT policies, governance frameworks, and control mechanisms are compliant with applicable regulatory and donor requirements and remain practical, proportionate, and aligned with the organization’s evolving operational needs.

**Responsibilities**
--------------------

  

The following outlines the key duties and responsibilities of this role, to be carried out in close coordination with the Global Operations Senior Director and IPA’s Senior Management Team. **Define and steward IT strategy and governance*** Develop and maintain IPA's IT strategy, ensuring it adjusts to organizational priorities, resource constraints, compliance obligations and operational realities across a distributed, multi\\-country environment.
* Own IPA's IT governance framework — policies, standards, and controls covering security, access management, data governance, acceptable use, vendor management, and emerging technologies.
* Ensure governance is practical, compliant with regulatory and donor requirements, and proportionate to organizational risk and operational realities. Policies should be enforceable and understood across country offices, not just documented.
* Advise senior leadership on technology risks, investment decisions, and compliance obligations in clear, non\\-technical terms.
* Evaluate emerging technologies — including AI and automation — and recommend responsible, mission\\-aligned adoption pathways.

**Lead the IT function and its people**

* Manage, develop, and retain a team of six IT professionals, including systems administrators, data engineers, and support staff, providing clear direction, regular feedback, and opportunities for growth.
* Recruit for capability gaps and build toward a team structure where technical domains have clear ownership and accountability, while ensuring there are always enough redundancies on all tasks.
* Foster a culture of documentation, service orientation, and accountability — where good work is visible and standards are consistently upheld.
* Set team priorities in coordination with the Senior Director, Operations \\& Systems, and communicate clearly about trade\\-offs and capacity.
* Ensure that IT operates as a service\\-oriented function, prioritizing responsiveness, clarity, and alignment with operational and research needs.

**Ensure security, compliance, and risk management**

* Lead IPA's information security direction, ensuring controls are proportionate to organizational risk and resourced appropriately.
* Ensure compliance with donor, contractual, and regulatory requirements related to data protection and information security.
* Oversee audit readiness and coordinate responses to security or data incidents, including engagement with legal and senior leadership.

**Drive organizational alignment**

* Lead change management for significant technology transitions, ensuring staff across country offices understand and adopt new systems and practices.
* Oversee IT budget planning and financial reporting, ensuring transparency of total cost of ownership and value for money.

**Qualifications**
------------------

**Required**

* 7\\+ years in a senior IT leadership role with accountability for the reliability, security, and availability of enterprise systems in production environments.
* 5\\+ years managing IT teams, including direct oversight of senior technical staff (engineers, architects, system admins) — with a demonstrated track record of developing people and building team capability.
* 5\\+ years overseeing enterprise system integrations, SaaS platforms and cloud environments (ERP, CRM, data warehouse, or comparable).
* 5\\+ years as a senior escalation authority for technical or security incidents.
* 3\\+ years developing or managing IT governance frameworks, policies, and internal controls.
* 3\\+ years in environments with regulatory, donor, or audit compliance requirements related to data protection or information security.
* 3\\+ years overseeing IT budgeting, vendor management, and SLA accountability.
* 3\\+ years leading change management for enterprise technology implementations.
* Experience communicating technology risks and decisions to non\\-technical senior stakeholders.
* Familiarity with enterprise business intelligence environments (e.g., Power BI).

**Preferred**

* Experience leading IT in multi\\-country or distributed organizations, particularly in low\\-bandwidth or resource\\-constrained contexts.
* Background in international development, nonprofit, or donor\\-funded environments.
* Experience overseeing AI or automation initiatives in operational settings.
* Experience leading knowledge management or collaboration platform transformations.
* Professional working proficiency in Spanish or French.

**Location and Time Zone Requirements**


This is a remote position. Please note that IPA is not able to sponsor work authorizations for foreign nationals in any location.


Also, please note that the candidate must be able to maintain some overlap with teams across time zones. The working schedule should allow for at least 2–3 hours of overlap with both the East Africa Time (EAT) and U.S. Eastern Time (ET) zones for collaboration and meetings.

**Compensation**


IPA offers a competitive salary and benefits package aligned with the local market conditions of the country where the position will be based. In accordance with US pay transparency requirements, the salary range for US\\-based candidates is USD 90,000–140,000 per year; compensation for candidates in other locations will reflect local market conditions. Final offers are determined based on experience, qualifications, location, internal equity, and market considerations.

 **Reports to**


Senior Director, Operations \\& Systems

**Deadline to Apply**


22 June 2026

**Safeguarding at IPA**
-----------------------


At Innovations for Poverty Action (IPA), we are committed to creating a safe and respectful environment for all individuals, particularly children and vulnerable adults. As IPA adheres to strict safeguarding principles, selected candidates will be expected to adhere to the standards. By joining IPA, you become part of a team dedicated to ethical conduct, social responsibility, and meaningful impact in the fight against global poverty. Together, we work to create a better world where everyone has the opportunity to thrive with dignity and respect.","","https://www.indeed.com/cmp/Innovations-For-Poverty-Action","","https://www.poverty-action.org","Washington DC - 1701 Rhode Island Avenue NW, 4th Floor, Washington, DC  20036","501 to 1,000","$25M to $100M (USD)","We are a research organization dedicated to discovering and advancing what works to improve the lives of people living in poverty.","","","","","",""
"in-5bf128db2fa3a288","indeed","https://www.indeed.com/viewjob?jk=5bf128db2fa3a288","https://workforcenow.adp.com/mascsr/default/mdf/recruitment/recruitment.html?cid=2af8c617-ef5e-4b9d-ab28-eca82a4eaaf3&ccId=19000101_000001&jobId=564800&source=IN&lang=en_US","IT Director","Innovations for Poverty Action","New Haven, CT, US","2026-03-11","","direct_data","yearly",90000.0,140000.0,"USD",True,"","","","","**About IPA**


Innovations for Poverty Action (IPA) generates and applies research to help people living in poverty thrive. Our global IT function supports approximately 450 staff across 20 country offices, hundreds of field\\-based data collectors, and a distributed workforce operating in varied connectivity environments. The IT team of six, supplemented by external consultants, manages a data\\-intensive, integration\\-heavy technology environment built primarily on SaaS platforms and Microsoft Azure.

**Job Summary**


The IT Director leads IPA's global IT function, setting strategy, developing and owning governance, and building a team capable of delivering reliable, secure, and user\\-centered technology services across a complex international organization.


This is a leadership and management role. The IT Director is responsible for what gets built and how, not for building it directly. Success looks like a well\\-structured team with clear ownership, a governance framework that actually gets followed, and technology decisions that hold up over time. The right person is energized by developing people, translating organizational needs into technology priorities, and creating systems of accountability, not by hands\\-on implementation.


The IT Director will also ensure that IPA’s IT policies, governance frameworks, and control mechanisms are compliant with applicable regulatory and donor requirements and remain practical, proportionate, and aligned with the organization’s evolving operational needs.

**Responsibilities**
--------------------

  

The following outlines the key duties and responsibilities of this role, to be carried out in close coordination with the Global Operations Senior Director and IPA’s Senior Management Team. **Define and steward IT strategy and governance*** Develop and maintain IPA's IT strategy, ensuring it adjusts to organizational priorities, resource constraints, compliance obligations and operational realities across a distributed, multi\\-country environment.
* Own IPA's IT governance framework — policies, standards, and controls covering security, access management, data governance, acceptable use, vendor management, and emerging technologies.
* Ensure governance is practical, compliant with regulatory and donor requirements, and proportionate to organizational risk and operational realities. Policies should be enforceable and understood across country offices, not just documented.
* Advise senior leadership on technology risks, investment decisions, and compliance obligations in clear, non\\-technical terms.
* Evaluate emerging technologies — including AI and automation — and recommend responsible, mission\\-aligned adoption pathways.

**Lead the IT function and its people**

* Manage, develop, and retain a team of six IT professionals, including systems administrators, data engineers, and support staff, providing clear direction, regular feedback, and opportunities for growth.
* Recruit for capability gaps and build toward a team structure where technical domains have clear ownership and accountability, while ensuring there are always enough redundancies on all tasks.
* Foster a culture of documentation, service orientation, and accountability — where good work is visible and standards are consistently upheld.
* Set team priorities in coordination with the Senior Director, Operations \\& Systems, and communicate clearly about trade\\-offs and capacity.
* Ensure that IT operates as a service\\-oriented function, prioritizing responsiveness, clarity, and alignment with operational and research needs.

**Ensure security, compliance, and risk management**

* Lead IPA's information security direction, ensuring controls are proportionate to organizational risk and resourced appropriately.
* Ensure compliance with donor, contractual, and regulatory requirements related to data protection and information security.
* Oversee audit readiness and coordinate responses to security or data incidents, including engagement with legal and senior leadership.

**Drive organizational alignment**

* Lead change management for significant technology transitions, ensuring staff across country offices understand and adopt new systems and practices.
* Oversee IT budget planning and financial reporting, ensuring transparency of total cost of ownership and value for money.

**Qualifications**
------------------

**Required**

* 7\\+ years in a senior IT leadership role with accountability for the reliability, security, and availability of enterprise systems in production environments.
* 5\\+ years managing IT teams, including direct oversight of senior technical staff (engineers, architects, system admins) — with a demonstrated track record of developing people and building team capability.
* 5\\+ years overseeing enterprise system integrations, SaaS platforms and cloud environments (ERP, CRM, data warehouse, or comparable).
* 5\\+ years as a senior escalation authority for technical or security incidents.
* 3\\+ years developing or managing IT governance frameworks, policies, and internal controls.
* 3\\+ years in environments with regulatory, donor, or audit compliance requirements related to data protection or information security.
* 3\\+ years overseeing IT budgeting, vendor management, and SLA accountability.
* 3\\+ years leading change management for enterprise technology implementations.
* Experience communicating technology risks and decisions to non\\-technical senior stakeholders.
* Familiarity with enterprise business intelligence environments (e.g., Power BI).

**Preferred**

* Experience leading IT in multi\\-country or distributed organizations, particularly in low\\-bandwidth or resource\\-constrained contexts.
* Background in international development, nonprofit, or donor\\-funded environments.
* Experience overseeing AI or automation initiatives in operational settings.
* Experience leading knowledge management or collaboration platform transformations.
* Professional working proficiency in Spanish or French.

**Location and Time Zone Requirements**


This is a remote position. Please note that IPA is not able to sponsor work authorizations for foreign nationals in any location.


Also, please note that the candidate must be able to maintain some overlap with teams across time zones. The working schedule should allow for at least 2–3 hours of overlap with both the East Africa Time (EAT) and U.S. Eastern Time (ET) zones for collaboration and meetings.

**Compensation**


IPA offers a competitive salary and benefits package aligned with the local market conditions of the country where the position will be based. In accordance with US pay transparency requirements, the salary range for US\\-based candidates is USD 90,000–140,000 per year; compensation for candidates in other locations will reflect local market conditions. Final offers are determined based on experience, qualifications, location, internal equity, and market considerations.

 **Reports to**


Senior Director, Operations \\& Systems

**Deadline to Apply**


22 June 2026

**Safeguarding at IPA**
-----------------------


At Innovations for Poverty Action (IPA), we are committed to creating a safe and respectful environment for all individuals, particularly children and vulnerable adults. As IPA adheres to strict safeguarding principles, selected candidates will be expected to adhere to the standards. By joining IPA, you become part of a team dedicated to ethical conduct, social responsibility, and meaningful impact in the fight against global poverty. Together, we work to create a better world where everyone has the opportunity to thrive with dignity and respect.","","https://www.indeed.com/cmp/Innovations-For-Poverty-Action","","https://www.poverty-action.org","Washington DC - 1701 Rhode Island Avenue NW, 4th Floor, Washington, DC  20036","501 to 1,000","$25M to $100M (USD)","We are a research organization dedicated to discovering and advancing what works to improve the lives of people living in poverty.","","","","","",""
"in-1d469622a29531e5","indeed","https://www.indeed.com/viewjob?jk=1d469622a29531e5","https://workforcenow.adp.com/mascsr/default/mdf/recruitment/recruitment.html?cid=2af8c617-ef5e-4b9d-ab28-eca82a4eaaf3&ccId=19000101_000001&jobId=564800&source=IN&lang=en_US","IT Director","Innovations for Poverty Action","New York, NY, US","2026-03-11","","direct_data","yearly",90000.0,140000.0,"USD",True,"","","","","**About IPA**


Innovations for Poverty Action (IPA) generates and applies research to help people living in poverty thrive. Our global IT function supports approximately 450 staff across 20 country offices, hundreds of field\\-based data collectors, and a distributed workforce operating in varied connectivity environments. The IT team of six, supplemented by external consultants, manages a data\\-intensive, integration\\-heavy technology environment built primarily on SaaS platforms and Microsoft Azure.

**Job Summary**


The IT Director leads IPA's global IT function, setting strategy, developing and owning governance, and building a team capable of delivering reliable, secure, and user\\-centered technology services across a complex international organization.


This is a leadership and management role. The IT Director is responsible for what gets built and how, not for building it directly. Success looks like a well\\-structured team with clear ownership, a governance framework that actually gets followed, and technology decisions that hold up over time. The right person is energized by developing people, translating organizational needs into technology priorities, and creating systems of accountability, not by hands\\-on implementation.


The IT Director will also ensure that IPA’s IT policies, governance frameworks, and control mechanisms are compliant with applicable regulatory and donor requirements and remain practical, proportionate, and aligned with the organization’s evolving operational needs.

**Responsibilities**
--------------------

  

The following outlines the key duties and responsibilities of this role, to be carried out in close coordination with the Global Operations Senior Director and IPA’s Senior Management Team. **Define and steward IT strategy and governance*** Develop and maintain IPA's IT strategy, ensuring it adjusts to organizational priorities, resource constraints, compliance obligations and operational realities across a distributed, multi\\-country environment.
* Own IPA's IT governance framework — policies, standards, and controls covering security, access management, data governance, acceptable use, vendor management, and emerging technologies.
* Ensure governance is practical, compliant with regulatory and donor requirements, and proportionate to organizational risk and operational realities. Policies should be enforceable and understood across country offices, not just documented.
* Advise senior leadership on technology risks, investment decisions, and compliance obligations in clear, non\\-technical terms.
* Evaluate emerging technologies — including AI and automation — and recommend responsible, mission\\-aligned adoption pathways.

**Lead the IT function and its people**

* Manage, develop, and retain a team of six IT professionals, including systems administrators, data engineers, and support staff, providing clear direction, regular feedback, and opportunities for growth.
* Recruit for capability gaps and build toward a team structure where technical domains have clear ownership and accountability, while ensuring there are always enough redundancies on all tasks.
* Foster a culture of documentation, service orientation, and accountability — where good work is visible and standards are consistently upheld.
* Set team priorities in coordination with the Senior Director, Operations \\& Systems, and communicate clearly about trade\\-offs and capacity.
* Ensure that IT operates as a service\\-oriented function, prioritizing responsiveness, clarity, and alignment with operational and research needs.

**Ensure security, compliance, and risk management**

* Lead IPA's information security direction, ensuring controls are proportionate to organizational risk and resourced appropriately.
* Ensure compliance with donor, contractual, and regulatory requirements related to data protection and information security.
* Oversee audit readiness and coordinate responses to security or data incidents, including engagement with legal and senior leadership.

**Drive organizational alignment**

* Lead change management for significant technology transitions, ensuring staff across country offices understand and adopt new systems and practices.
* Oversee IT budget planning and financial reporting, ensuring transparency of total cost of ownership and value for money.

**Qualifications**
------------------

**Required**

* 7\\+ years in a senior IT leadership role with accountability for the reliability, security, and availability of enterprise systems in production environments.
* 5\\+ years managing IT teams, including direct oversight of senior technical staff (engineers, architects, system admins) — with a demonstrated track record of developing people and building team capability.
* 5\\+ years overseeing enterprise system integrations, SaaS platforms and cloud environments (ERP, CRM, data warehouse, or comparable).
* 5\\+ years as a senior escalation authority for technical or security incidents.
* 3\\+ years developing or managing IT governance frameworks, policies, and internal controls.
* 3\\+ years in environments with regulatory, donor, or audit compliance requirements related to data protection or information security.
* 3\\+ years overseeing IT budgeting, vendor management, and SLA accountability.
* 3\\+ years leading change management for enterprise technology implementations.
* Experience communicating technology risks and decisions to non\\-technical senior stakeholders.
* Familiarity with enterprise business intelligence environments (e.g., Power BI).

**Preferred**

* Experience leading IT in multi\\-country or distributed organizations, particularly in low\\-bandwidth or resource\\-constrained contexts.
* Background in international development, nonprofit, or donor\\-funded environments.
* Experience overseeing AI or automation initiatives in operational settings.
* Experience leading knowledge management or collaboration platform transformations.
* Professional working proficiency in Spanish or French.

**Location and Time Zone Requirements**


This is a remote position. Please note that IPA is not able to sponsor work authorizations for foreign nationals in any location.


Also, please note that the candidate must be able to maintain some overlap with teams across time zones. The working schedule should allow for at least 2–3 hours of overlap with both the East Africa Time (EAT) and U.S. Eastern Time (ET) zones for collaboration and meetings.

**Compensation**


IPA offers a competitive salary and benefits package aligned with the local market conditions of the country where the position will be based. In accordance with US pay transparency requirements, the salary range for US\\-based candidates is USD 90,000–140,000 per year; compensation for candidates in other locations will reflect local market conditions. Final offers are determined based on experience, qualifications, location, internal equity, and market considerations.

 **Reports to**


Senior Director, Operations \\& Systems

**Deadline to Apply**


22 June 2026

**Safeguarding at IPA**
-----------------------


At Innovations for Poverty Action (IPA), we are committed to creating a safe and respectful environment for all individuals, particularly children and vulnerable adults. As IPA adheres to strict safeguarding principles, selected candidates will be expected to adhere to the standards. By joining IPA, you become part of a team dedicated to ethical conduct, social responsibility, and meaningful impact in the fight against global poverty. Together, we work to create a better world where everyone has the opportunity to thrive with dignity and respect.","","https://www.indeed.com/cmp/Innovations-For-Poverty-Action","","https://www.poverty-action.org","Washington DC - 1701 Rhode Island Avenue NW, 4th Floor, Washington, DC  20036","501 to 1,000","$25M to $100M (USD)","We are a research organization dedicated to discovering and advancing what works to improve the lives of people living in poverty.","","","","","",""
"in-9f74a96c5e834c8d","indeed","https://www.indeed.com/viewjob?jk=9f74a96c5e834c8d","https://careers-bnh.icims.com/jobs/23056/job?utm_source=indeed_integration&iis=Job%20Board&iisn=Indeed&indeed-apply-token=73a2d2b2a8d6d5c0a62696875eaebd669103652d3f0c2cd5445d3e66b1592b0f","Business Systems Sr Data Engineer","BNH","Arnold AFB, TN, US","2026-02-04","parttime, fulltime","direct_data","yearly",95000.0,150000.0,"USD",False,"","","","","Overview:
**Job Title:** Business Systems Sr Data Engineer


**Location:** Arnold AFB, TN

**Job Family Code:** N – Databases \\& Data Warehousing

**Function/Branch:** IS\\&T/Business Systems Branch

**Directorate:** Engineering \\& Tech Support

**Position Type:** Regular, Full\\-Time

**Pay Type:** Exempt

**Grade****:** L08 (NA0807\\) – L09 (NA0907\\)

**Salary Range or Starting Hourly Rate** **(provided by HR):** $95,000 \\- $150,000 / year

 **Overview**


Beyond New Horizons, LLC (BNH) has an exciting opportunity for a Business Systems Sr Data Engineer, supporting TOS II, at Arnold Air Force Base, TN in Tullahoma, TN. The Business Systems Sr Data Engineer will work as a member of the Business Systems Branch to lead implementation of data\\-centered projects to improve the AEDC business systems. The person selected for this role will work closely with multidisciplinary work teams throughout the Beyond New Horizons (BNH) organization to identify opportunities for leveraging data to drive decisions and will help design and implement a data architecture while working with the Business Systems team.

 ***Open to internal and external candidates.*** The selected candidate for this requisition may be required to occasionally (e.g. application upgrades) work outside normal business hours.

 **Job Summary**


Beyond New Horizons, LLC (BNH) is the team selected by the U.S. Air Force to conduct Test and Operations Sustainment at the Arnold Engineering Development Complex (AEDC) at Arnold Air Force Base in Tennessee. AEDC operates more than 55 aerodynamic and propulsion wind tunnels, rocket and turbine engine test cells, space environmental chambers, arc heaters, ballistic ranges and other specialized units located in six states. Many of the complex's test units have capabilities unmatched elsewhere in the United States; some are unique in the world. AEDC is one of three installations which are part of the Air Force Test Center (AFTC), one of six subordinate commands of the Air Force Materiel Command organization, and an important national resource.

  

AEDC’s mission is to conduct developmental tests and evaluation for the Nation through modeling, simulation, and ground and flight tests. Execution of the mission requires a large team of highly qualified and dedicated professionals from multiple technical disciplines to effectively accomplish the objectives of our test customers.

**Job Duties:**

* Development and implement data\\-engineering strategies and programs.
* Utilize various data sources to optimize data analytics for the AEDC Business systems.
* Automate manual processes, optimizing data delivery, re\\-designing infrastructure for greater scalability.
* Responsible for defining \\& developing approaches and demonstrate abilities to mine and analyze data from Business System databases to drive optimization and improvement of data collected.
* Migrate existing Oracle Business Intelligence reporting to newer Oracle Analytic Server
* Maintain Oracle Analytics server or other alternatives for existing standard reporting
* Maintain Power BI reporting for dynamic interactive reporting
* Identify and assess the effectiveness of data engineering, data sources and data gathering techniques.
* Responsible for leading data governance efforts within the Business Systems branch
* Responsible for developing the Data quality standards and controls for the data warehouse/lake
* Coordinate with different multidisciplinary teams to implement models and monitor outcomes.
* Define \\& develop processes and tools to monitor and analyze model performance and data accuracy.
* Responsible for defining \\& developing the infrastructure required for optimal extraction, transformation, and loading (ETL) of data from a wide variety of data sources using Oracle PL/SQL and/or MS SQL.
* Identify and complete projects associated with data\\-engineering.
* Responsible for developing custom financial analytics, reports and dashboards using various tools.
* It is a condition of employment to wear PPE (Personal Protective Equipment) in accordance with supervisory direction and company policy.
* Perform other duties as required.

  



**Basic Qualifications:**

* BS degree in Computer Engineering, Science or BSBA in Management Information Systems with 7\\-10 years of progressive and relevant experience or any equivalent combination of education and progressive and relevant experience.
* Skilled with Oracle and MS SQL databases
* Experienced in software development/engineering and web development
* Must be able to obtain and maintain security clearance and the AEDC local area network.
* Current U. S. Citizenship required.

 **Preferred Qualifications**

* Skilled with Oracle PL/SQL and MS SQL T\\-SQL, triggers, indexing, procedures, replication, views, etc.
* Experience with the following:
	+ Oracle: RMAN, Toad for Oracle, Oracle OEM, Oracle DB 19c, Oracle Business Intelligence/Oracle Analytics server
	+ Microsoft: MS SQL Server 2019 or higher, SQL Server Management Studio, SSIS, SSRS, PowerBI
	+ Operating Systems: Windows 11, Windows 2019 Server OS or higher, RHEL 8 OS or higher
	+ Office products: Visio, Microsoft Office, etc.
* Knowledge of Cloud platforms and data management in cloud platforms
* Experienced with API’s
* Skilled in oral and written communication
* Skilled at building and maintaining personnel and customer relationships.
* Ability to effectively manage multiple priorities.
* Obtain and maintain Security\\+ certification
* Active DoD secret security clearance or able to obtain an Active DoD secret security clearance.

 **What We Offer*** Competitive salaries
* Continuing education assistance
* Multiple healthcare benefits packages
* 401K with employer matching
* Paid time off (PTO) along with a federally recognized holiday schedule

 **Who We Are*****U.S. Citizenship is required.*** *At this time BNH will* ***not*** *sponsor any applicants for employment authorization or offer any immigration related support for this position (i.e. H1b, F1 OPT, F\\-1 STEM OPT, F\\-1 CPT, J\\-1, E\\-2, E\\-3, L\\-1, or other forms of work authorization that require immigration support from an employer).*

 *The minimum and maximum full\\-time annual salaries for this role are listed below, by location. Please note that this salary information is solely for candidates hired to perform work within one of these locations and refers to the amount BNH is willing to pay at the time of this posting. Salaries for part\\-time jobs will be adjusted based upon the number of hours agreed to work.*

 *Arnold Airforce Base* **$****9****5,000 \\- $1****50****,000/year**

 *BNH is an Equal Employment Opportunity Employer. We provide equal employment opportunities to all employees and applicants for employment and prohibit discrimination and harassment of any type without regard to race, color, religion, age, sex, national origin, veteran status, and any other grounds for discrimination prohibited by applicable law.**This policy applies to all terms and conditions of employment, including recruiting, hiring, placement, promotion, termination, layoff, recall, transfer, leaves of absence, compensation, and training.* **Join our Team!**
*BNH is an Equal Employment Opportunity Employer. We provide equal employment opportunities to all employees and applicants for employment and prohibit discrimination and harassment of any type without regard to race, color, religion, age, sex, national origin, veteran status, and any other grounds for discrimination prohibited by applicable law.**This policy applies to all terms and conditions of employment, including recruiting, hiring, placement, promotion, termination, layoff, recall, transfer, leaves of absence, compensation, and training.*","","https://www.indeed.com/cmp/Bnh","","","","","","","","","","","",""
"in-35e60c72e365c000","indeed","https://www.indeed.com/viewjob?jk=35e60c72e365c000","https://jobs.zs.com/jobs/24210/job?utm_source=indeed_integration&iis=Job%20Board&iisn=Indeed&indeed-apply-token=73a2d2b2a8d6d5c0a62696875eaebd669103652d3f0c2cd5445d3e66b1592b0f","Engineering Specialist","ZS Associates","Princeton, NJ, US","2026-01-21","","","","","","",True,"","","","",":
**ZS** is a place where passion changes lives. As a management consulting and technology firm focused on improving life and how we live it, we transform ideas into impact by **bringing together data, science, technology** and **human ingenuity** to deliver better outcomes for all. Here you’ll work side\\-by\\-side with a powerful collective of thinkers and experts shaping life\\-changing solutions for patients, caregivers and consumers, worldwide. ZSers drive impact by bringing a **client\\-first mentality** to each and every engagement. We partner collaboratively with our clients to develop custom solutions and technology products that create value and deliver company results across critical areas of their business. Bring your curiosity for learning, bold ideas, courage and passion to drive life\\-changing impact to ZS.

  


 :
**Architecture \\& Engineering Specialist** **What** **You’ll** **Do: Engineering Specialist in the Architecture and Engieering Exerptise Center will...*** Stay current on Databricks, AWS, and modern cloud data platform capabilities, emerging technologies, industry trends, and architecture patterns, particularly as they apply to pharma and life sciences use cases
* Act as a hands\\-on technical architect, leveraging deep technical expertise to design, build, and implement scalable, production\\-grade data solutions that meet complex client objectives.
* Contribute to the development of points of view (POVs), market scans, and architecture recommendations to support strategic decision\\-making, including drafting CXO\\-level materials and guiding teams on best practices.
* Play a key role in business development pursuits, supporting solution design, estimation, and client discussions related to cloud data platforms, analytics, and architecture.
* Design and implement end\\-to\\-end data architectures, including data ingestion, transformation, orchestration, and automation pipelines using Databricks, AWS services, PySpark, DBT, and related technologies.
* Lead and guide teams of developers and data engineers, enabling effective delivery of data engineering, analytics, and reporting solutions; Snowflake experience is a strong plus.
* Ensure high\\-quality technical delivery by enforcing architecture standards, design guidelines, coding best practices, and conducting regular design and code reviews.
* Collaborate closely with clients to understand business challenges, data quality metrics, regulatory and IT standards, and deliver outcomes aligned with client expectations.
* Mentor and coach junior practitioners through hands\\-on guidance, architecture reviews, and ongoing technical leadership.Explore beyond core data platforms to support broader solution architectures, including application integration, APIs, process automation, and gradual evolution toward enterprise architecture.
* Communicate complex technical concepts clearly and effectively to both technical and non\\-technical stakeholders, serving as a trusted technical advisor to clients.

**What** **You’ll** **Bring*** Bachelor’s or Master’s degree in Computer Science, Information Technology, or a related field.
* 6–8\\+ years of relevant industry experience, with a strong focus on cloud\\-based data engineering and architecture.
* Deep expertise in Databricks and AWS, with hands\\-on experience designing and implementing scalable, production\\-grade data platforms.
* Strong architectural mindset with the ability to design end\\-to\\-end solutions, solve complex engineering problems, and guide technical decision\\-making.
* Experience delivering data solutions using platforms such as Databricks, AWS (e.g., EMR, S3, Glue, Lambda), and PySpark; Snowflake experience is a plus.
* Exposure to or interest in AI/ML\\-enabled data platforms, such as AWS Bedrock, Databricks Mosaic, Snowflake Cortex, or similar technologies.
* Prior experience in a consulting environment is strongly preferred, with the ability to balance hands\\-on delivery and client\\-facing responsibilities.
* Desirable domain experience in pharma, life sciences, or healthcare, with an understanding of industry\\-specific data challenges and regulatory considerations.
* Experience leading or mentoring small teams, reviewing deliverables, and coaching engineers to grow technically.
* Comfort working in an offshore–onshore model, collaborating across time zones with global teams and client stakeholders.
* Exposure to business development activities such as RFP responses, solution estimation, and resource planning is a plus.
* Industry\\-recognized certifications (e.g., AWS, Databricks, Snowflake, Azure, GCP) are desirable.
* Excellent communication skills and the ability to engage confidently with clients, articulate technical trade\\-offs, and translate architecture decisions into business outcomes.
* Ability to serve as a trusted advisor, helping clients define technical roadmaps and align architecture decisions to long\\-term business goals.
* Fluency in English
* Client\\-first mentality
* Intense work ethic
* Collaborative spirit and problem\\-solving approach

**Additional Skills:**

* Ability to quickly adapt new technology and be innovative in creating solutions;
* Ability to independently run POCs on new technologies and document findings to share;
* Knowledge of data modeling and data warehouse concepts;
* Travel to other global offices as needed to work with client or other internal project teams


 :
**How you’ll grow:**

* Cross\\-functional skills development \\& custom learning pathways
* Milestone training programs aligned to career progression opportunities
* Internal mobility paths that empower growth via s\\-curves, individual contribution and role expansions

 **Perks \\& Benefits:**


At ZS, your growth matters. We offer a comprehensive total rewards package that supports your health and well‑being, financial future, time away, and professional development. With robust skills‑building programs, multiple career progression paths, internal mobility, and a deeply collaborative culture, you’ll have the opportunity to do meaningful work, expand your capabilities, and thrive as part of a global community. For details on total rewards in United States, visit ZS US office locations \\| Where we work \\| ZS.  



**Hybrid working model:**


We are committed to giving our employees a flexible and connected way of working. A flexible and connected ZS allows us to combine work from home and on\\-site presence at clients/ZS offices for the majority of our week. The magic of ZS culture and innovation thrives in both planned and spontaneous face\\-to\\-face connections.

 **Travel:**


Travel is a requirement at ZS for client facing ZSers; business needs of your project and client are the priority. While some projects may be local, all client\\-facing ZSers should be prepared to travel as needed. Travel provides opportunities to strengthen client relationships, gain diverse experiences, and enhance professional growth by working in different environments and cultures.

 **Considering applying?**


At ZS, we honor the visible and invisible elements of our identities, personal experiences, and belief systems—the ones that comprise us as individuals, shape who we are, and make us unique. We believe your personal interests, identities, and desire to learn are integral to your success here. We are committed to building a team that reflects a broad variety of backgrounds, perspectives, and experiences. Learn more about our inclusion and belonging efforts and the networks ZS supports to assist our ZSers in cultivating community spaces and obtaining the resources they need to thrive.

  

If you’re eager to grow, contribute, and bring your unique self to our work, we encourage you to apply.  

  

ZS is an equal opportunity employer and is committed to providing equal employment and advancement opportunities without regard to any class protected by applicable law.  

  

To complete your application:  

Candidates must possess or be able to obtain work authorization for their intended country of employment. An on\\-line application, including a full set of transcripts (official or unofficial), is required to be considered.  

  

NO AGENCY CALLS, PLEASE.  

  

Find Out More At:  

www.zs.com","","https://www.indeed.com/cmp/Zs-Associates","https://d2q79iu7y748jz.cloudfront.net/s/_squarelogo/256x256/52d9c351f93f343241fbfc5b80c39f5c","http://www.zs.com","Evanston, IL","10,000+","Decline to state","ZS is a management consulting and technology firm focused on transforming global healthcare and beyond. We leverage leading-edge analytics, data and science to help clients make intelligent decisions.","","","","","",""
"in-d5cdfdcc7f2368f7","indeed","https://www.indeed.com/viewjob?jk=d5cdfdcc7f2368f7","https://recruiting.adp.com/srccsh/public/RTI.home?r=5001155987506&c=2204839&d=AstronauticsCareerSite&rb=INDEED&idUnique=5001155987506","Data Modeler","Astronautics Corporation of America","Oak Creek, WI, US","2025-10-24","","","","","","",False,"","","","","**What You Will Do:**  

  

We are seeking a highly skilled and detail\\-oriented Data Modeler to join our data architecture and engineering team. In this pivotal role, you will be responsible for designing, developing, and maintaining conceptual, logical, and physical data models that define how our organization's data is structured, stored, and accessed. You will act as a crucial bridge between business requirements and technical implementation, ensuring our data assets are consistent, accurate, and optimized for both operational efficiency and advanced analytics.



This hybrid on\\-site position is located at our headquarters in Oak Creek, WI. You will report directly to the Manager, Business Intelligence \\& Data Science.

  




**How You Will Do It:**

* **Data Model Design \\& Development:**
* + Create and maintain conceptual, logical, and physical data models for various data initiatives, including transactional systems, data warehouses, data lakes, and data marts.
	+ Translate complex business requirements and rules into clear, concise, and accurate data structures.
	+ Determine appropriate data modeling techniques (e.g., relational, dimensional, NoSQL) based on business needs and technical constraints.
* **Collaboration \\& Communication:**
* + Work closely with business stakeholders, data architects, data engineers, ETL developers, and data analysts to gather requirements, validate designs, and ensure alignment across data initiatives.
	+ Facilitate discussions and workshops to define data entities, attributes, relationships, and business rules.
* **Data Governance \\& Standards:**
* + Define and enforce data modeling standards, naming conventions, and best practices to ensure consistency and maintainability across the enterprise.
	+ Contribute to the development and management of data dictionaries, glossaries, and metadata repositories.
* **Optimization \\& Performance:**
* + Collaborate with database administrators and data engineers to optimize data models for performance, scalability, and cost\\-efficiency.
	+ Advise on indexing strategies, partitioning, and other physical design considerations.
* **Data Quality \\& Integrity:**
* + Ensure data models support data quality initiatives by incorporating appropriate constraints, validation rules, and integrity checks.
	+ Understand and document data lineage to track data flow from source to consumption.
* **Evaluation \\& Improvement:**
* + Review existing data models and databases for variances, discrepancies, and opportunities for optimization.
	+ Stay current with industry trends and emerging data modeling tools and methodologies.
  


  

**What We Look For:**


**Required**


* Minimum of a Bachelor's Degree in Computer Science, Information Systems, Data Science, or another related quantitative field from an accredited institution.
* Minimum three years of professional experience as a Data Modeler, Data Architect, or a similar role with a strong focus on data modeling.
* Expertise in designing and implementing conceptual, logical, and physical data models.
* Strong proficiency in SQL for data definition, manipulation, and querying.
* Proven experience with industry\\-standard **data modeling tools** (e.g., ERwin Data Modeler, SAP PowerDesigner, ER/Studio, Lucidchart).
* Solid understanding of data warehousing concepts and experience with dimensional modeling (Star Schema, Snowflake Schema).
* Familiarity with various database technologies (e.g., relational databases like PostgreSQL, MySQL, SQL Server; NoSQL databases; cloud data warehouses like BigQuery).
* Experience with data modeling in cloud environments (e.g., Google Cloud Platform, AWS, Azure).


**Preferred:**

* Master's degree in a relevant field.
* Knowledge of data governance frameworks and metadata management platforms.
* Experience working with E.R.P. Systems (SAP, MS Dynamics, Oracle, etc..) IFS ERP systems experience is preferred.
* Familiarity with ETL/ELT processes and how data models support data pipelines.
* Experience in an Agile/Scrum development environment.
* Certifications in data modeling or related data management field.

  

  

**Who We Are:**



We are a team that designs computers, displays and electronic systems for aircraft of the future! At Astronautics, you will be part of a creative group of professionals who work on the cutting\\-edge of technology. We offer competitive pay, excellent benefits and the opportunity for professional growth in a collaborative environment.





Astronautics, headquartered in Oak Creek, Wisconsin, is a global leader in the design, development and manufacture of secure avionics equipment and systems for the commercial and military aerospace industry. Key product areas include electronic primary flight and engine displays, connected aircraft and cyber solutions, electronic flight bags, and certified servers for airborne applications. Services include avionics system integration and custom software for critical applications. Since its founding in 1959, Astronautics has been providing trusted, reliable, and tailored solutions to help customers achieve mission success. Astronautics is the parent company of Kearfott Corporation, headquartered in Pine Brook, New Jersey.





***We are proud to be an equal opportunity employer. All qualified applicants will receive consideration for employment, including protected veterans and individuals with disabilities.***

  

Shift: 1st Shift","","https://www.indeed.com/cmp/Astronautics-Corporation-of-America-1","https://d2q79iu7y748jz.cloudfront.net/s/_squarelogo/256x256/1a57b76dd1bd8d037c1617706478f98d","https://www.astronautics.com/","135 W Forest Hill Ave
Oak Creek, WI 53154","201 to 500","","Astronautics Corporation of America is a global leader in the design, development, and manufacture of avionics equipment and systems for the commercial and military aerospace industry.","","","","","",""
