"id","site","job_url","job_url_direct","title","company","location","date_posted","job_type","salary_source","interval","min_amount","max_amount","currency","is_remote","job_level","job_function","listing_type","emails","description","company_industry","company_url","company_logo","company_url_direct","company_addresses","company_num_employees","company_revenue","company_description","skills","experience_range","company_rating","company_reviews_count","vacancy_count","work_from_home_type"
"in-44abc7f4d50972a9","indeed","https://www.indeed.com/viewjob?jk=44abc7f4d50972a9","https://job-boards.greenhouse.io/forgeglobal/jobs/6008397004","Senior Software Engineer II of Trading","Forge Global","New York, NY, US","2026-05-29","","direct_data","yearly",174000.0,210000.0,"USD",False,"","","","","At Forge, we know our team is our greatest asset. As technology innovators in the private market, our vision is to deliver a richer future for everyone. We live that vision through our values of being bold, accountable, and humble. We experience the value that our vision brings to the world every day, helping the teams behind the greatest innovations of our generation, from space travel to artificial intelligence, and more.



With liquidity solutions, exclusive data and insights, a custody offering, and a vibrant marketplace, Forge’s goal is to build the best\\-in\\-class technology infrastructure to power a global private market that is transparent, accessible, and seamless for companies, their employees, and investors. Through Forge, employees can sell their private shares, employers can reward shareholders with pre\\-IPO liquidity and individual and institutional investors can participate in private unicorn growth.



Forge's differentiated global marketplace addresses rising demand among individual and institutional investors for exposure to private company stocks and is building a growing network effect.



Our ability to offer these powerful financial solutions has generated incredible interest from investors, demand from customers, and a need to grow our team to meet the needs of more companies, teams, and innovators in this way.


**The Role:**



As a Senior Software Engineer II focusing on trading engineering, you will play a critical role in delivering a high\\-quality trading platform that powers trading functionality in the Forge Marketplace. You will identify opportunities to enhance trading products, including integrating modern low\\-latency technologies, and help define the direction and roadmap for trading engineering initiatives.



You will collaborate closely with Product, Design, and Engineering teams to ensure seamless integration of trading technologies into products, improving both user experience and application performance.


**Location: This role requires 2\\-3 days a week in office in Soho, NY.**



**Responsibilities:**


* Deliver software on time with accurate estimates
* Take ownership of production changes, including monitoring and maintaining runbooks
* Provide high\\-quality code reviews and help improve team engineering standards
* Design scalable and resilient trading platform architecture with a focus on performance
* Participate in design reviews and contribute to technical direction
* Serve as a technical expert for trading systems for internal teams and external partners
* Collaborate cross\\-functionally to translate business requirements into technical solutions
* Solve complex engineering challenges, particularly within code generation frameworks


**Qualifications:**


* Bachelor’s degree in Computer Science, Engineering, or equivalent experience
* 5–8 years of software engineering experience
* 5\\+ years of development experience in compiled, object\\-oriented languages (e.g., TypeScript, C\\#, Java)
* 2\\+ years of experience in dynamic scripting languages (e.g., Python, JavaScript, Ruby)
* Experience with real\\-time data processing and event\\-driven systems (e.g., WebSockets, Kafka)
* Strong SQL skills and experience with PostgreSQL and/or MySQL
* Experience building CI/CD pipelines and managing production deployments
* Familiarity with cloud platforms (AWS, Azure, GCP), proficiency with Git, GitHub, and Agile tools such as JIRA
* Experience in Private Markets or Financial Services, especially financial market data
* Strong collaboration and teamwork skills, proven ability to unblock and mentor other engineers
* Strong track record of delivery in high\\-performance engineering environments, commitment to diversity, inclusion, and building high\\-performing teams


***For residents of New York, New York the annual salary range for this role is $174,000\\-$210,000\\+ annual bonus. Final offers may vary from the amount listed based on geography, candidate experience and expertise, bonus, and other factors***



Upon offer, we conduct background checks that include employment and education verification, state, and county criminal history searches.



Forge is proud to be an equal opportunity employer committed to supporting a diverse and inclusive workplace. Our employment decisions are made without regard to race, color, religion, sex (including pregnancy, childbirth, or related medical conditions), gender, gender identity, gender expression, national origin, ancestry, age, physical or mental disability, medical condition, genetic information, marital status, sexual orientation, veteran status, or any other characteristic protected by federal, state, or local laws.","","https://www.indeed.com/cmp/Forge-Global","","","","","","","","","","","",""
"in-2b646161a6e19a4f","indeed","https://www.indeed.com/viewjob?jk=2b646161a6e19a4f","https://job-boards.greenhouse.io/forgeglobal/jobs/6008398004","Senior Software Engineer II of Trading","Forge Global","San Francisco, CA, US","2026-05-29","","direct_data","yearly",174000.0,210000.0,"USD",False,"","","","","At Forge, we know our team is our greatest asset. As technology innovators in the private market, our vision is to deliver a richer future for everyone. We live that vision through our values of being bold, accountable, and humble. We experience the value that our vision brings to the world every day, helping the teams behind the greatest innovations of our generation, from space travel to artificial intelligence, and more.



With liquidity solutions, exclusive data and insights, a custody offering, and a vibrant marketplace, Forge’s goal is to build the best\\-in\\-class technology infrastructure to power a global private market that is transparent, accessible, and seamless for companies, their employees, and investors. Through Forge, employees can sell their private shares, employers can reward shareholders with pre\\-IPO liquidity and individual and institutional investors can participate in private unicorn growth.



Forge's differentiated global marketplace addresses rising demand among individual and institutional investors for exposure to private company stocks and is building a growing network effect.



Our ability to offer these powerful financial solutions has generated incredible interest from investors, demand from customers, and a need to grow our team to meet the needs of more companies, teams, and innovators in this way.


**The Role:**



As a Senior Software Engineer II focusing on trading engineering, you will play a critical role in delivering a high\\-quality trading platform that powers trading functionality in the Forge Marketplace. You will identify opportunities to enhance trading products, including integrating modern low\\-latency technologies, and help define the direction and roadmap for trading engineering initiatives.



You will collaborate closely with Product, Design, and Engineering teams to ensure seamless integration of trading technologies into products, improving both user experience and application performance.



**Location: This role requires 2\\-3 days a week in office in San Francisco, CA.**


**Responsibilities:**


* Deliver software on time with accurate estimates
* Take ownership of production changes, including monitoring and maintaining runbooks
* Provide high\\-quality code reviews and help improve team engineering standards
* Design scalable and resilient trading platform architecture with a focus on performance
* Participate in design reviews and contribute to technical direction
* Serve as a technical expert for trading systems for internal teams and external partners
* Collaborate cross\\-functionally to translate business requirements into technical solutions
* Solve complex engineering challenges, particularly within code generation frameworks


**Qualifications:**


* Bachelor’s degree in Computer Science, Engineering, or equivalent experience
* 5–8 years of software engineering experience
* 5\\+ years of development experience in compiled, object\\-oriented languages (e.g., TypeScript, C\\#, Java)
* 2\\+ years of experience in dynamic scripting languages (e.g., Python, JavaScript, Ruby)
* Experience with real\\-time data processing and event\\-driven systems (e.g., WebSockets, Kafka)
* Strong SQL skills and experience with PostgreSQL and/or MySQL
* Experience building CI/CD pipelines and managing production deployments
* Familiarity with cloud platforms (AWS, Azure, GCP), proficiency with Git, GitHub, and Agile tools such as JIRA
* Experience in Private Markets or Financial Services, especially financial market data
* Strong collaboration and teamwork skills, proven ability to unblock and mentor other engineers
* Strong track record of delivery in high\\-performance engineering environments, commitment to diversity, inclusion, and building high\\-performing teams


***For residents of San Francisco, CA the annual salary range for this role is $174,000\\-$210,000 annual bonus. Final offers may vary from the amount listed based on geography, candidate experience and expertise, bonus, and other factors***



Upon offer, we conduct background checks that include employment and education verification, state, and county criminal history searches.



Forge is proud to be an equal opportunity employer committed to supporting a diverse and inclusive workplace. Our employment decisions are made without regard to race, color, religion, sex (including pregnancy, childbirth, or related medical conditions), gender, gender identity, gender expression, national origin, ancestry, age, physical or mental disability, medical condition, genetic information, marital status, sexual orientation, veteran status, or any other characteristic protected by federal, state, or local laws.","","https://www.indeed.com/cmp/Forge-Global","","","","","","","","","","","",""
"in-c1b8afed22b2107a","indeed","https://www.indeed.com/viewjob?jk=c1b8afed22b2107a","https://careers.nordstrom.com/senior-engineer-2-inventory-visibility/job/6A8FB437E925E422C1CE44BC12BE65DB","Senior Engineer 2, Inventory Visibility","Nordstrom","Seattle, WA, US","2026-05-29","","direct_data","yearly",166000.0,258000.0,"USD",False,"","","","","**Job Description**
-------------------

**Senior Engineer 2 — Inventory Platform**

  

The Enterprise Inventory Technology organization owns the systems that power inventory visibility, accuracy, and control across Nordstrom's Omnichannel retail network. Our platform provides a real\\-time, unified representation of inventory state, enabling stores, fulfillment centers, and enterprise stakeholders to make informed decisions about stock availability, movement, and allocation. We're also at the forefront of applying AI and agentic architectures to transform how inventory systems are built, tested, and operated.

  

As a **Senior Engineer 2** on this team, you'll work across the full stack, from high\\-throughput event processing and data infrastructure to the dashboards and operational UIs that put inventory intelligence in the hands of business users. You will also lead the next generation of AI\\-powered agents that automate the software development lifecycle and deliver intelligent capabilities directly to our end users.

 **What You'll Do**  

**Backend \\& Platform**

* Design, build, and maintain services that ingest, partition, and serve inventory state at scale using event streaming platforms, relational and NoSQL databases, and modern API frameworks.
* Evolve the platform's data architecture — including partitioning strategies and event\\-driven pipelines — to support near\\-real\\-time inventory accuracy across a broad ecosystem of upstream and downstream systems.
* Contribute to platform reliability through observability, alerting, incident response, and operational excellence practices.

**Frontend \\& UX**

* Build and enhance operational dashboards and internal tools that surface inventory state, reconciliation insights, and exception workflows to store operations, supply chain, and loss prevention teams.

**AI Agents \\& Intelligent Automation**

* Design and build AI agents that automate stages of the software development lifecycle, including design generation, code authoring, and test creation accelerating delivery velocity and scope, across the team.
* Develop user\\-facing AI agents that surface actionable inventory insights, automate exception handling, and assist operational teams in real time.

**Technical Leadership**

* Participate in design reviews, architecture discussions, and code reviews, raising the bar on engineering standards across the team.
* Mentor junior and mid\\-level engineers; contribute to a culture of learning and technical growth.
* Partner with product management and business stakeholders to translate inventory domain problems into well\\-scoped technical solutions.

 **What We're Looking For**

* 5\\+ years of professional software engineering experience with a strong full\\-stack background.
* Strong proficiency in Java and the Spring ecosystem (Spring Boot, Spring Framework, Spring Data) with experience building production\\-grade microservices.
* Expertise with event\\-driven architectures and streaming platforms (e.g., Apache Kafka).
* Solid understanding of relational and NoSQL data stores and the tradeoffs between consistency, availability, and partition tolerance in distributed systems.
* Experience building and operating production services in AWS or comparable cloud platforms.
* Demonstrated experience building applications powered by large language models or agentic AI frameworks — including prompt engineering, tool use, orchestration patterns, and evaluation strategies.
* Familiarity with AI\\-assisted development tooling and a strong point of view on how AI agents can accelerate design, coding, and testing workflows.
* Strong communication skills and a collaborative approach to problem solving.

 **Nice to Have**

* Experience in retail, supply chain, or inventory management domains.
* Hands\\-on experience with agentic frameworks such as LangGraph, AWS Bedrock Agents, or similar orchestration platforms.
* Experience building retrieval\\-augmented generation (RAG) pipelines using vector databases (e.g., OpenSearch, Pinecone).
* Familiarity with CI/CD pipelines, infrastructure\\-as\\-code, and DevOps best practices.
* Track record of contributing to open\\-source projects or publishing technical content.

**Pay Range Details**

  

The pay range(s) below has been provided in compliance with state specific laws. Pay ranges may be different for other locations.  

Pay offers are dependent on the location, as well as job\\-related knowledge, skills, and experience.


$166,000\\.00 \\- $258,000\\.00 Annual **We’ve got you covered…**

  

Our employees are our most important asset and that’s reflected in our benefits. Nordstrom is proud to offer a variety of benefits to support employees and their families, including:

* Medical/Vision, Dental, Retirement and Paid Time Away
* Life Insurance and Disability
* Merchandise Discount and EAP Resources

This position may be eligible for performance\\-based incentives/bonuses. Benefits include 401k, medical/vision/dental/life/disability insurance options, PTO accruals, Holidays, and more. Eligibility requirements may apply based on location, job level, classification, and length of employment. Learn more in the Nordstrom Benefits Overview by copying and pasting the following URL into your browser: https://careers.nordstrom.com/pdfs/Ben\\_Overview\\_17\\-19\\.pdf **A few more important points...**

  

The job posting highlights the most critical responsibilities and requirements of the job. It’s not all\\-inclusive. There may be additional duties, responsibilities and qualifications for this job.

  

For Los Angeles or San Francisco applicants: Nordstrom is required to inform you that we conduct background checks after conditional offer and consider qualified applicants with criminal histories in a manner consistent with legal requirements per Los Angeles, Cal. Muni. Code 189\\.04 and the San Francisco Fair Chance Ordinance. For additional state and location specific notices, please refer to the Legal Notices document within the FAQ section of the Nordstrom Careers site.  



  

Applicants with disabilities who require assistance or accommodation should contact the nearest Nordstrom location, which can be identified at www.nordstrom.com.

  

Please be mindful that there may be legal notices and requirements related to this job posting that are specific to your state. Review the Career Site FAQ’s for relevant information and guidelines.


Current Nordstrom employees: To apply, log into Workday, click the Careers button and then click Find Jobs.

  


Nordstrom keeps job postings open for at least one day after the posting date.  


© 2026 Nordstrom, Inc","","https://www.indeed.com/cmp/Nordstrom","https://d2q79iu7y748jz.cloudfront.net/s/_squarelogo/256x256/453eb6f8e635fa99274a5d0c7881f56f","http://www.nordstrom.com","Seattle, WA","10,000+","more than $10B (USD)","Nordstrom, Inc. is a leading fashion retailer based in the U.S.","","","","","",""
"in-c49ca48c338172b7","indeed","https://www.indeed.com/viewjob?jk=c49ca48c338172b7","http://www.indeed.com/job/network-analyst-c49ca48c338172b7","Network Analyst","Manteca Unified School District","Manteca, CA, US","2026-05-29","fulltime","direct_data","hourly",39.0,55.0,"USD",False,"","","","","SUMMARY OF POSITION:  
Under the direction of the assigned administrator, assists in the support and maintenance of the daily network activities of the Information Technology Department. Receives general direction to perform a variety of systems and network engineering duties of a mid\\-level to advanced level degree of complexity with Local Area Networks/Wide Area Networks (LAN/ WAN), and mid\\-level computing platforms. Performs other related duties as assigned.

MINIMUM QUALIFICATIONS EDUCATION AND/OR TRAINING:  
Equivalent to graduation from high school.  
Experience and or education equivalent to a Cisco Certified Network Associate (CCNA) and CompTIA Network\\+ certifications.

DESIRABLE QUALIFICATIONS \\- EDUCATION AND/OR TRAINING:  
Bachelor’s degree in Computer Science or equivalent. Advanced knowledge of communications/networking systems, and/or systems engineering, including methods and procedures relative to analysis, design, engineering, installation, configuration, deployment, operations, and management as it applies to departmental systems or assistance in supporting enterprise\\-wide systems. Bachelor’s degree in Information Technology or related field.

MINIMUM EXPERIENCE:  
Three years of experience with the day\\-to\\-day operations of enterprise network equipment and services, data center operations, and management of multiple complex logical and physical network environments.

DESIRABLE EXPERIENCE:  
Experience in supporting technology within a school district environment.  
Network Analyst

SKILLS AND ABILITIES:  
1\\. Possesses mid\\-level to advanced knowledge of communications/networking systems or systems engineering.  
2\\. Possesses in\\-depth knowledge of routing, switching, virtual LAN’s, and ability to troubleshoot mid\\-level network issues.  
3\\. Understands and follows complex oral and written instructions and completes assignments in an independent manner.  
4\\. Works safely and establishes a safe environment; reacts quickly in emergency situations to maximize safety. Analyzes situations and takes appropriate action regarding routine/emergency procedural matters without supervision.  
5\\. Communicates effectively orally and in writing.  
6\\. Possesses knowledge of District policies, rules, and regulations.  
7\\. Works with students, District personnel, and the general public in a pleasant and cooperative manner.  
8\\. Maintains professional confidentiality and works collaboratively with peers.

ESSENTIAL FUNCTIONS:  
1\\. Understands customer needs to determine specific business requirements.  
2\\. Analyzes moderate to complex systems and software requirements to determine feasibility of design.  
3\\. Evaluates interface among hardware, software, operational and performance requirements.  
4\\. Troubleshoots technology problems and coordinates resolution with appropriate groups, including vendors.  
5\\. Assists with the implementation of project plans.  
6\\. Assists with implementation of networking/communications (LAN/WAN) projects.  
7\\. Implements testing methodology; prepares and maintains documentation.  
8\\. Implements LAN/WAN systems and projects.  
9\\. Implements functional and technical specifications.  
10\\. Performs LAN/WAN upgrades, support and maintenance under supervision.  
11\\. Assumes responsibility for the quality execution of LAN/WAN task(s) and maintains schedule integrity.  
12\\. Assists in the resolution of LAN connectivity issues and maintaining LAN and Internet connections.  
13\\. Applies current technology or researches and acquires new technical knowledge to complete moderate to complex projects and receives directions on current issues and designs.  
14\\. Participates in department and interdepartmental project teams and may work cross\\-functionally to improve processes within the organization.  
15\\. Acts as a liaison with users and management.  
16\\. Understands and complies with applicable quality, environmental and safety regulatory considerations.  
17\\. Maintains timely, regular, and consistent attendance at work.

PHYSICAL REQUIREMENTS:  
1\\. Stand, walk and bend over, kneel, crouch, reach overhead, grasp, push and pull. Move, lift and/or carry up to 45 pounds to shoulder height.  
2\\. Repetitive use of hands (i.e. fine manipulation, simple grasping, and power grasping).  
3\\. Demonstrate normal depth perception.  
4\\. Sit, walk, or stand for extended periods of time.  
5\\. Dexterity of hands and fingers to operate a computer keyboard or typewriter, operates standard office equipment, and use a telephone.  
6\\. See and read a computer screen and printed matter with or without vision aids.  
7\\. Distinguish colors.  
8\\. Read and understand rules and policies, labels, and instructions.  
9\\. Verbal communications, including the ability to speak and hear at normal room levels and on the telephone, or a two\\-way radio.  
10\\. Climb steps or ladders.  
11\\. Ability to work at a computer terminal for extended periods of time.

WORK ENVIRONMENT:  
1\\. Work outdoors and indoors in a standard office environment.  
2\\. Some exposure to childhood and other diseases in a school environment.  
3\\. May be required to work outside of normal workdays and office hours. May be required to work in emergency situations.

SPECIAL REQUIREMENTS:  
1\\. Valid California driver’s license.  
2\\. Maintain District\\-insurable driving record.

Pay: $39\\.64 \\- $55\\.27 per hour

Benefits:

* Employee discount
* Paid time off
* Parental leave
* Retirement plan

Work Location: In person","Education And Schools","https://www.indeed.com/cmp/Manteca-Unified-School-District","","http://www.mantecausd.net","Manteca","1,001 to 5,000","$100M to $500M (USD)","","","","","","",""
"in-d8bf23ac2f8a2cf8","indeed","https://www.indeed.com/viewjob?jk=d8bf23ac2f8a2cf8","http://www.indeed.com/job/angular-ui-developer-d8bf23ac2f8a2cf8","Angular UI Developer","Great value staffing and technologies.inc","Rancho Cucamonga, CA, US","2026-05-29","contract","","hourly","","","USD",False,"","","","","**Job Description:**

Seeking an experienced UI Frontend Developer with strong expertise in, Angular, REST APIs, Java, Spring Boot and microservices architecture. The role involves designing, developing, and maintaining scalable enterprise applications, collaborating with cross\\-functional teams, and supporting end\\-to\\-end software development in a hybrid Rancho Cucamonga, CA environment. Experience with cloud platforms, CI/CD pipelines, and modern development tools is preferred.

**Skills Required:**

Strong experience in Angular, TypeScript, JavaScript, HTML5, and CSS3

Experience in developing responsive and reusable UI components

Knowledge of REST API integration and frontend\\-backend communication

Basic to intermediate backend development experience with Java, Spring Boot, Node.js, or similar technologies

Understanding of database concepts and API handling

Familiarity with Git, Agile/Scrum methodology, and CI/CD processes

Experience in debugging, performance optimization, and cross\\-browser compatibility

Good problem\\-solving and communication skills

Pay: From $50\\.00 per hour

Work Location: On the road","","https://www.indeed.com/cmp/Great-Value-Staffing-and-Technologies.inc","","","","","","","","","","","",""
"in-9d91d3069df1c02b","indeed","https://www.indeed.com/viewjob?jk=9d91d3069df1c02b","https://alohacare.hrmdirect.com/employment/view.php?req=3683373&jbsrc=1014&location=88febc22-64e8-6838-4a34-257c2a282842","Long Term Support Services (LTSS) Support Specialist","AlohaCare","Honolulu, HI, US","2026-05-28","fulltime","direct_data","yearly",55000.0,65000.0,"USD",True,"","","","","**Apply online at** http://www.alohacare.org/Careers/Default.aspx


**The Company:**


AlohaCare is a local, non\\-profit health plan serving Hawai\\`i’s low\\-income residents with free Medicaid and dual Medicare health insurance coverage. Our members include children, seniors and adults residing on all islands. We provide comprehensive benefits and managed care services with an emphasis on healthy living habits and preventive primary health care. Our approach is to meet the whole\\-person health and social needs of members. Through our community partnerships we offer innovative services such as connection to social service agencies, Native Hawaiian healing services and in\\-home primary care for qualified members. Our mission is to serve in the true spirit of aloha by ensuring and advocating for access to quality health care for all. We are Hawaii’s third\\-largest health plan and offer a wide network of quality primary care, specialists, hospitals, pharmacies and among many other providers across the state.


**The Culture:**


AlohaCare employees have a passion for helping Hawai\\`i’s most underserved communities. Our caring culture is fundamental to our company\\-wide team approach to providing high quality services. We support our employees with a supportive and positive work environment, healthy work\\-life balance, continuous communication, and a generous benefits package.


AlohaCare’s leadership empowers and engages its employees by recognizing outstanding job performance and collaboration. We share organization\\-wide updates during quarterly All Staff meetings. We encourage participation in volunteer and educational opportunities. We put a high value on honesty, respect, and trust\\-building. We encourage open\\-door, two\\-way, and frequent communication.


AlohaCare’s comprehensive benefits package includes low\\-cost medical, dental, drug and vision insurance, paid time\\-off, 401k employer contribution, referral bonus and pretax transportation and parking program.


**The Opportunity:**


The Long\\-Term Support Services (LTSS) Support Specialist is responsible for oversight of HCBS\\-Residential Care providers, Community Case Management Agencies (CCMA), and support other Home and Community Based Services (HCBS) efforts. Conducts quality oversight activities including case file audits and CCMA contract monitoring activities. Interacts with members, providers, and physicians to coordinate primary, acute, behavioral, and long\\-term services and supports (LTSS) for individuals having special health care needs. Interacts with members and their self\\-directed (SD) caregivers, assisting with electronic verification and validation (EVV) training and adherence, coordinating caregiver questions and concerns regarding pay for services. Job functions are performed in accordance with requirements of the QUEST Integration contract and health plan goals and quality outcome metrics.


**Primary Duties \\& Responsibilities:**


* Oversee the relationship with Community Care Foster Family Home (CCFFH) providers and Community Case Management Agencies (CCMA) to ensure compliance with contractual requirements and that members residing in HCBS Residential Care settings receive appropriate services.
* Carries the caseload of members delegated to CCMAs and ensures all assessment and service plan information in member’s records are accurate and current.
* Interact with CCFFH’s, CCMA’s, providers, and physician(s) to ensure appropriateness of services. Utilizing knowledge of LTSS and HCBS residential care, interacts with members and providers to determine and respond to appropriateness of service requests for health plan benefits and community resources.
* Interact with members, family, physicians, and other providers.
* Conduct in\\-person member assessments when CCFFH or CCMA requests for additional fees are requested.
* Apply MQD fee schedule to members' needs and make recommendations to provider requests.
* Conduct monthly multi\\-disciplinary rounds with Health Coordination, UM, Behavioral Health, Population Officer and Medical Directors on initial or revisions to CCFFH and/or CCMA agreements
* Outreach to CCFFHs and CCMAs for member placement and fee negotiation. Provides follow\\-up correspondence both telephonically and in writing.
* Coordinate with the Health Coordination and Medical Management team when member needs and acuity levels are not appropriate for CCFFH/CCMA referral or placement, and providers cannot be located.
* Ensure accuracy of electronic database records
* Facilitate access to services and service authorization.
* Monitor and resolve any concerns about service delivery or providers.
* Assist members in transitioning between hospital, nursing facility, CCFFH and other congregate settings to another community\\-based setting.
* Assist with completion of Self\\-Direction enrollment packet, assists with member and caregiver training/retraining of EVV system, monitors, and completes follow\\-up related to Self\\-Direction caregivers.
* Coordinate with members who have selected self\\-directed caregivers to provide their HCBS services to ensure understanding of requirements. Supports clarification of training and re\\-training and resolution of issues.
* Assist CCMA and CCFFH to connect members to additional social services available to them.
* Perform monthly CCMA monitoring activities and annual on\\-site CCMA reviews under the direction of Health Coordination Director or Manager.
* Conduct Care Plan or Health Action Plan reviews with members as required to monitor and document the progress of goals and services in their Care Plan or Health Action Plan.
* Connect members with Social Determinates of Health (SDoH) needs with any Community Resources in their neighborhood or area or utilizing the Unite Us tool.
* Assist with completion of eligibility forms required for Long Term Services and Supports (LTSS) services.
* Perform tasks that align with and support departmental and organizational objectives
* Perform periodic audit reviews of records as directed by the Health Coordination Director or Manager.
* Maintain accurate written documentation and records of coordination activities in computer systems according to appropriate service coordination and/or clinical guidelines.
* Ensure compliance with all state and federal regulations, including HIPAA standards of confidentiality of protected health information, reporting critical incidents and reporting of quality\\-of\\-care issues.
* All other duties assigned
* Adhere to regulatory compliance and quality guidelines as well as AlohaCare policies and procedures.
* Responsible for maintaining AlohaCare’s confidential information in accordance with AlohaCare policies, state and federal laws, rules, and regulations regarding confidentiality. Employees have access to AlohaCare data based on the data classification assigned to this job title.


**Requirements:**

* High school diploma or equivalent.
* Minimum of 1 year of experience of care coordination responsibilities.
* Ability to patiently teach technology requirements and skills to caregivers who may have very limited device knowledge.
* Achieves results, builds trust, communicate effectively, customer and quality focused.
* Strong interpersonal and facilitation skills with the ability to communicate with all levels of the organization.
* Strong, effective, and precise written and oral communication skills; speak clearly and persuasively in positive or negative situations.
* Professional telephonic etiquette skills.
* Ability to solve problems, analyze, think critically, and make good judgments.
* Strong customer service skills and be able to work in a diverse, demanding and evolving environment with strong conflict and problem resolution skills.
* Able to work independently with minimal supervision.
* Able to effectively work in a fast\\-paced and changing environment, manage multiple projects and priorities across multiple teams/projects and in a matrixed environment.
* Possesses excellent time management and organizational skills; dependable, enthusiastic, self\\-starting, and self\\-motivated. Uses time effectively, reacts professionally under pressure.
* Intermediate skills in Microsoft Programs: Word, Excel, Outlook, and PowerPoint.
* Experience in the operation of general office equipment to include PC, fax/copy machine and phone system.
* Possession of a current valid Hawaii driver’s license and access to an insured automobile.
* TB Clearance
* First Aid and CPR Certification


**Preferred Requirements:**

* Associates degree or equivalent combination of education and experience.
* Experience serving LTSS members in the community.
* Experience with Medicare / Medicaid programs.
* Experience with individuals who have special health care needs, including HIV/AIDS, developmental disabilities, medically fragile, older adults, and individuals with physical disabilities.
* Prior nursing home diversion or long\\-term care case management experience serving LTSS members in the community.
* Previous experience in utilization management, discharge planning and/or home health or rehab.


**Mental, Physical and Environmental Demands:**

* Sedentary Work: Exerting up to 20 pounds of force occasionally and/or a negligible amount of force frequently or constantly lift, carry, push, pull, or otherwise move objects. Sedentary work involves sitting most of the time but may involve walking or standing for brief periods of time. Jobs are sedentary if walking and standing are required only occasionally, and all other sedentary criteria are met.
* In office working environment.
* May require prolonged sitting\\- up to 4 hours.
* Requires prolonged operation of a computer workstation, including the ability to type for extended periods of time on a keyboard during the scheduled workday.**?**


Salary Range: $55,000 \\- $65,000 annually


***AlohaCare is committed to providing equal employment opportunities to all applicants in accordance with sound practices and federal and state laws. Our policy prohibits discrimination and harassment because of race, color, religion, sex (including gender identity or expression), pregnancy, age, national origin, ancestry, marital status, arrest and court record, disability, genetic information, sexual orientation, domestic or sexual violence victim status, credit history, citizenship status, military/veteran status, or other characteristics protected under applicable state and federal laws, regulations, and/or executive orders.***","Health Care","https://www.indeed.com/cmp/Alohacare","https://d2q79iu7y748jz.cloudfront.net/s/_squarelogo/256x256/d01abc30b7fde5fea48d86dd6e9664c0","http://AlohaCare.org","1357 Kapiolani Blvd Suite 1250
Honolulu, HI  96814","201 to 500","$5M to $25M (USD)","AlohaCare is a local, non-profit health plan founded in 1994 by HCHC and is the third-largest health plan In Hawaii","","","","","",""
"in-40199da939973328","indeed","https://www.indeed.com/viewjob?jk=40199da939973328","https://workforcenow.adp.com/mascsr/default/mdf/recruitment/recruitment.html?cid=09a14fa2-30e8-49e6-80ed-82a5812bd326&ccId=9200365399883_2&jobId=581099&source=IN&lang=en_US","Network Support II","Comtech Telecommunications Corp.","Stoughton, MA, US","2026-05-28","fulltime","direct_data","hourly",30.0,34.0,"USD",False,"","","","","**Job Title:** Network Support II

**Department:** Operations Engineering

**Reports To:** Supervisor, NOC

**Revision Date:** 5/28/2026

**FLSA:** Non **\\-** Exempt

**Location:** Stoughton, MA Preferred

**Level:** S2

**Rate of Pay:** $30\\.12 \\- $34\\.93/ Hr USD

 **Company Overview:**


Comtech Telecommunications Corp. is a leading global technology company providing terrestrial and wireless network solutions, next\\-generation 9\\-1\\-1 emergency services, satellite and space communications technologies, and cloud\\-native capabilities to commercial and government customers around the world. Our unique culture of innovation and employee empowerment unleashes a relentless passion for customer success. With multiple facilities located in technology corridors throughout the United States and around the world, Comtech leverages our global presence, technology leadership, and decades of experience to create the world’s most innovative communications solutions. For more information, please visit www.comtech.com.

**Purpose:**


Under the supervision of the NOC Management team the Network Support II monitors, maintains, and troubleshoots mission critical IP networks, Comtech applications, various computer hardware, and peripherals; provide assistance to internal and external customers and performs other duties as directed.

**Responsibilities:**

* Monitor network elements for anomalies and reports/troubleshoots issues using network management software.
* Identify, triage, resolve or escalate incidents (i.e., to Tier2 NOC).
* Monitor email for incidents and customer requests.
* Provide first\\-line technical support for customers via dedicated helpdesk phone line.
* Notify customers on incident progress or status changes.
* Keep abreast of ticket trends and alert management and support recurring issues.
* Perform more in\\-depth troubleshooting steps above Network Support I to further one\\-touch resolution of tickets within the NOC.
* Take a more active role in leveraging knowledge and business relationships to assist customers through complex or difficult issues.
* Take a more active role in sharing knowledge within Tier1, learning skills and techniques from interactions with support teams that can be incorporated within the NOC.
* This position will work a 10\\-hour shift, 4 days a week. Normal hours will be 6pm – 4am EST, Sunday night – through Wednesday night. Shift times may vary due to the needs of the business.
**Requirements:**

* Superior Customer Service skills.
* Ability to multitask and work well in a high pressure, fast paced environment is essential.
* Intermediate level knowledge of Windows Office Suite.
* Basic knowledge of Windows Server Operating Systems (2003, 2008\\).
* Basic knowledge of Unix operating system (Solaris preferred).
* Experience in using ticketing systems such as Remedy/Helix.
* At least one (1\\) year experience in a Help Desk\\-type support or Network Administration role.
* Must possess the ability to maintain confidentiality of highly sensitive data.
* Attention to detail is essential.
* Must be a quick learner.
* Must be able to grasp new concepts and complex business relationships.
* Clear and Concise written and verbal communications.
* Knowledge of 9\\-1\\-1 Public Safety Answering Point (PSAP) environments is a plus, but not essential
* Knowledge of network management tools (HP Operations Manager, Network Node Manager, SolarWinds,.) is a plus
**Education:**

* Industry recognized certifications (Network\\+, A\\+, I\\-Net\\+, MCP, Cisco) a plus
* Four\\-year college degree a plus
 **This position requires compliance with Comtech’s Drug\\-Free Workplace Program. Candidates must successfully complete a pre\\-employment drug screening as a condition of hire. Employees may be subject to random, reasonable suspicion, and post\\-incident testing. Illegal drug use — including marijuana, regardless of state law — is disqualifying under federal adjudicative guidelines and DoD DFARS requirements.**

**The pay range reflects the expected base salary for this position. Final compensation will be based on role, level, skills, experience, and geographic location.**

**Comtech Telecommunications Corp. is an Equal Opportunity Employer.****Qualified applicants will receive consideration for employment without regard to race, color, religion, sex, national origin, disability protected veteran status or other characteristics protected by law.**","Telecommunications","https://www.indeed.com/cmp/Comtech-Telecommunications-Corp.","https://d2q79iu7y748jz.cloudfront.net/s/_squarelogo/256x256/dde17bf6f6efb557ee4f3e8e4a36b2e8","http://www.comtechtel.com","2401 Elliott Ave., 2nd Floor
Seattle, WA 98121","201 to 500","$100M to $500M (USD)","Comtech is a leading global technology company that provides terrestrial and wireless network solutions, next-gen 9-1-1 emergency services, and space and satellite communications solutions.","","","","","",""
"in-e360387936af845b","indeed","https://www.indeed.com/viewjob?jk=e360387936af845b","https://www.amentumcareers.com/jobs/software-engineer-ii-remote-united-states-bae180dc-e43d-4331-bc45-4f41804893dd?source=Indeed+Feed","Software Engineer II","Amentum","Remote, US","2026-05-28","fulltime","direct_data","yearly",80000.0,100000.0,"USD",True,"","","","","*Amentum is a global leader in advanced engineering and innovative technology solutions, trusted by the United States and its allies to address their most significant and complex challenges in science, security and sustainability. Our people apply undaunted curiosity, relentless ambition and boundless imagination to challenge convention and drive progress. Our commitments are underpinned by the belief that safety, collaboration and well\\-being are integral to success. Headquartered in Chantilly, Virginia, we have approximately 50,000 employees in more than 70 countries across all 7 continents.*


The Software Engineer II will perform full stack development with C\\# program, MVC, Linq, and rest API development in NET Core platform. **This position is remote telework within the US and US Citizenship is required.**

**Essential Responsibilities:**

* Under general supervision, design, develop, troubleshoot, and analyze software programs for computer\\-based systems
* Ensure automated data feeds and system interfaces are working as intended
* Participate in software requirements review, preliminary and critical design reviews, integration readiness review, and software acceptance reviews
* Design, write, test, deploy and support software code, as assigned
* Perform software upgrades in accordance with software quality procedures
* Frequent inter\\-organizational and outside customer contacts on technical matters
* Support Continuous Improvement efforts intended to improve the quality of existing software
* Design and implement new or existing standard software application programs and reports according to project software standards and conventions
* Perform other duties as assigned

**Knowledge, Skills and Abilities:**

* Knowledge of relational database SQL language
* Strong knowledge of Model\\-View\\-Controller (MVC), Linq, and rest API development
* Ability to build robust, maintainable web applications and services
* Excellent communications and analytical skills required
* Strong Planning/organizing skills
* Ability to prioritize and adapt to dynamic changes in the environment
* Must be able to work under deadlines
* Position may require travel
  

**Minimum Education and Experience Required:**

* Bachelor’s degree in a related technical discipline (e.g., BSEE, BSCS) or equivalent in Computer Science or related field
* Three years of C\\# program experience with .NET technology
* Experience with MVC, Linq, and rest API development
* ReactJS programming experience preferred
* Position may require the ability to pass and maintain a Security Clearance
* **US Citizenship is required.**

  



**Compensation Details:**


$80k \\- $100k  



The compensation range or hourly rate listed for this position is provided as a good\\-faith estimate of what the company intends to offer for this role at the time this posting was issued. Actual compensation may vary based on factors such as job responsibilities, education, experience, skills, internal equity, market data, applicable collective bargaining agreements, and relevant laws.

 **Benefits Overview:**


Our health and welfare benefits are designed to support you and your priorities. Offerings include:

* Health, dental, and vision insurance
* Paid time off and holidays
* Retirement benefits (including 401(k) matching)
* Educational reimbursement
* Parental leave
* Employee stock purchase plan
* Tax\\-saving options
* Disability and life insurance
* Pet insurance

 *Note: Benefits may vary based on employment type, location, and applicable agreements. Positions governed by a Collective Bargaining Agreement (CBA), the McNamara\\-O'Hara Service Contract Act (SCA), or other employment contracts may include different provisions/benefits.*

  



**Original Posting:**


05/28/2026 \\- Until Filled
Amentum anticipates this job requisition will remain open for at least three days, with a closing date no earlier than three days after the original posting. This timeline may change based on business needs.

  



Amentum is proud to be an Equal Opportunity Employer. Our hiring practices provide equal opportunity for employment without regard to race, sex, sexual orientation, pregnancy (including pregnancy, childbirth, breastfeeding, or medical conditions related to pregnancy, childbirth, or breastfeeding), age, ancestry, United States military or veteran status, color, religion, creed, marital or domestic partner status, medical condition, genetic information, national origin, citizenship status, low\\-income status, or mental or physical disability so long as the essential functions of the job can be performed with or without reasonable accommodation, or any other protected category under federal, state, or local law. Learn more about your rights under Federal laws and supplemental language at Labor Laws Posters.","","https://www.indeed.com/cmp/Amentum","https://d2q79iu7y748jz.cloudfront.net/s/_squarelogo/256x256/ed4d09e508e00fb990145f2d5d38bdd5","https://www.amentum.com/","","Decline to state","Decline to state","Bringing advanced engineering and technology solutions to the most significant challenges in science, security and sustainability..","","","","","",""
"in-7271534398b5619a","indeed","https://www.indeed.com/viewjob?jk=7271534398b5619a","https://grnh.se/3697zyyw1us","Specialist, Provider Data Operations","Oscar Health","Dallas, TX, US","2026-05-28","","","hourly","","","USD",True,"","","","accommodations@hioscar.com","Hi, we're Oscar. We're hiring a Specialist, Provider Data Operations to join our Provider Operations team.



Oscar is the first health insurance company built around a full stack technology platform and a relentless focus on serving our members. We started Oscar in 2012 to create the kind of health insurance company we would want for ourselves—one that behaves like a doctor in the family.


**About the role:**



You will be responsible for the accurate management and maintenance of provider data at Oscar. Key responsibilities include processing provider and facility rosters, reformatting data, and supporting updates to provider records. This role involves regular communication with providers via email to confirm request completion, obtain additional information, and address follow\\-up inquiries. You will also collaborate with internal teams by triaging, remediating, and escalating requests as necessary to ensure timely and effective resolution.



You will report into the Provider Operations Lead.


**Work Location:** This is a remote position, open to candidates who reside in: Texas**.** While your daily work will be completed from your home office, occasional travel may be required for team meetings and company events. \\#LI\\-Remote


**Pay Transparency:** The set pay rate for this role is $24\\.00 per hour. You are also eligible for employee benefits and monthly vacation accrual at a rate of 15 days per year.


**Responsibilities:**


* Maintain existing and incoming provider demographic information to ensure accuracy and quality of the network by supporting run\\-state, repeatable issues of moderate complexity. .
* Manage ingestion of provider data while maintaining service delivery, productivity, and quality expectations
* Surface various provider issues within standard operating procedure through proactive identification, measurement, and monitoring of our operations and provide feedback to reduce errors, improve processes, and performance
* Build training materials, update workflows, and support team lead or SME in coaching
* Support driving and tracking business decisions, develop initial root cause analyses and reports for review by team leads and SMEs.
* Assist in developing and maintaining standards for quality assurance, leading corrective activities and manage communication processes with other departments regarding improvements.
* Escalate and resolve provider data issues to ensure appropriate turnaround times
* Support more junior employees through provider data escalation research and re
* solution Drive decisions within standard operating procedures
* Effectively communicate findings and resolutions with key stakeholders internally and/or externally
* Manage queue work and assigned caseload through effective dashboard management while ensuring integrity of information entered into company and/or external systems
* Compliance with all applicable laws and regulations
* Other duties as assigned


**Requirements:**


* 2\\+ years of work experience in healthcare working with provider data management
* 2\\+ years of intermediate Excel/Google Sheet proficiency
* 1\\+ years of assessing and comprehending end to end process impact
* 2\\+ years strong quantitative or analytical skills focused on proactively identifying or solving problems
* 2\\+ years previous work experience in a fast\\-paced production\\-based environment


**Bonus points:**


* Bachelor's Degree
* Lean Six Sigma or similar operations certifications
* 1 year of entry level proficiency in SQL, BigQuery or similar database language experience
* Prior work experience in tech and/or healthcare
* Proficiency in using a credentialing or provider data repository
* Experience working with large datasets, data verification, data management, data modeling
* Experience with healthcare data such as provider and/or claims data


This is an authentic Oscar Health job opportunity. Learn more about how you can safeguard yourself from recruitment fraud here.



At Oscar, being an Equal Opportunity Employer means more than upholding discrimination\\-free hiring practices. It means that we cultivate an environment where people can be their most authentic selves and find both belonging and support. We're on a mission to change health care \\- an experience made whole by our unique backgrounds and perspectives.


**Pay Transparency:** Final offer amounts, within the base pay set forth above, are determined by factors including your relevant skills, education, and experience. Full\\-time employees are eligible for benefits including: medical, dental, and vision benefits, 11 paid holidays, paid sick time, paid parental leave, 401(k) plan participation, life and disability insurance, and paid wellness time and reimbursements.


**Artificial Intelligence (AI):** Our AI Guidelines outline the acceptable use of artificial intelligence for candidates and detail how we use AI to support our recruiting efforts.


**Reasonable Accommodation:** Oscar applicants are considered solely based on their qualifications, without regard to applicant's disability or need for accommodation. Any Oscar applicant who requires reasonable accommodations during the application process should contact the Oscar Benefits Team (accommodations@hioscar.com) to make the need for an accommodation known.


**California Residents:** For information about our collection, use, and disclosure of applicants' personal information as well as applicants' rights over their personal information, please see our Privacy Policy.","","https://www.indeed.com/cmp/Oscar-Health-1","https://d2q79iu7y748jz.cloudfront.net/s/_squarelogo/256x256/4319694fce8ee268b484732775fa4c24","http://www.hioscar.com","New York, NY","1,001 to 5,000","$1B to $5B (USD)","Healthcare is broken. We’re here to fix it. Come join us!","","","","","",""
"in-7b38e688a017ae07","indeed","https://www.indeed.com/viewjob?jk=7b38e688a017ae07","https://grnh.se/g9qq7vic1us","Specialist, Provider Data Operations","Oscar Health","Miami, FL, US","2026-05-28","","","hourly","","","USD",True,"","","","accommodations@hioscar.com","Hi, we're Oscar. We're hiring a Specialist, Provider Data Operations to join our Provider Operations team.



Oscar is the first health insurance company built around a full stack technology platform and a relentless focus on serving our members. We started Oscar in 2012 to create the kind of health insurance company we would want for ourselves—one that behaves like a doctor in the family.


**About the role:**



You will be responsible for the accurate management and maintenance of provider data at Oscar. Key responsibilities include processing provider and facility rosters, reformatting data, and supporting updates to provider records. This role involves regular communication with providers via email to confirm request completion, obtain additional information, and address follow\\-up inquiries. You will also collaborate with internal teams by triaging, remediating, and escalating requests as necessary to ensure timely and effective resolution.



You will report into the Provider Operations Lead.


**Work Location:** This is a remote position, open to candidates who reside in: Florida**.** While your daily work will be completed from your home office, occasional travel may be required for team meetings and company events. \\#LI\\-Remote


**Pay Transparency:** The set pay rate for this role is $24\\.00 per hour. You are also eligible for employee benefits and monthly vacation accrual at a rate of 15 days per year.


**Responsibilities:**


* Maintain existing and incoming provider demographic information to ensure accuracy and quality of the network by supporting run\\-state, repeatable issues of moderate complexity. .
* Manage ingestion of provider data while maintaining service delivery, productivity, and quality expectations
* Surface various provider issues within standard operating procedure through proactive identification, measurement, and monitoring of our operations and provide feedback to reduce errors, improve processes, and performance
* Build training materials, update workflows, and support team lead or SME in coaching
* Support driving and tracking business decisions, develop initial root cause analyses and reports for review by team leads and SMEs.
* Assist in developing and maintaining standards for quality assurance, leading corrective activities and manage communication processes with other departments regarding improvements.
* Escalate and resolve provider data issues to ensure appropriate turnaround times
* Support more junior employees through provider data escalation research and re
* solution Drive decisions within standard operating procedures
* Effectively communicate findings and resolutions with key stakeholders internally and/or externally
* Manage queue work and assigned caseload through effective dashboard management while ensuring integrity of information entered into company and/or external systems
* Compliance with all applicable laws and regulations
* Other duties as assigned


**Requirements:**


* 2\\+ years of work experience in healthcare working with provider data management
* 2\\+ years of intermediate Excel/Google Sheet proficiency
* 1\\+ years of assessing and comprehending end to end process impact
* 2\\+ years strong quantitative or analytical skills focused on proactively identifying or solving problems
* 2\\+ years previous work experience in a fast\\-paced production\\-based environment


**Bonus points:**


* Bachelor's Degree
* Lean Six Sigma or similar operations certifications
* 1 year of entry level proficiency in SQL, BigQuery or similar database language experience
* Prior work experience in tech and/or healthcare
* Proficiency in using a credentialing or provider data repository
* Experience working with large datasets, data verification, data management, data modeling
* Experience with healthcare data such as provider and/or claims data


This is an authentic Oscar Health job opportunity. Learn more about how you can safeguard yourself from recruitment fraud here.



At Oscar, being an Equal Opportunity Employer means more than upholding discrimination\\-free hiring practices. It means that we cultivate an environment where people can be their most authentic selves and find both belonging and support. We're on a mission to change health care \\- an experience made whole by our unique backgrounds and perspectives.


**Pay Transparency:** Final offer amounts, within the base pay set forth above, are determined by factors including your relevant skills, education, and experience. Full\\-time employees are eligible for benefits including: medical, dental, and vision benefits, 11 paid holidays, paid sick time, paid parental leave, 401(k) plan participation, life and disability insurance, and paid wellness time and reimbursements.


**Artificial Intelligence (AI):** Our AI Guidelines outline the acceptable use of artificial intelligence for candidates and detail how we use AI to support our recruiting efforts.


**Reasonable Accommodation:** Oscar applicants are considered solely based on their qualifications, without regard to applicant's disability or need for accommodation. Any Oscar applicant who requires reasonable accommodations during the application process should contact the Oscar Benefits Team (accommodations@hioscar.com) to make the need for an accommodation known.


**California Residents:** For information about our collection, use, and disclosure of applicants' personal information as well as applicants' rights over their personal information, please see our Privacy Policy.","","https://www.indeed.com/cmp/Oscar-Health-1","https://d2q79iu7y748jz.cloudfront.net/s/_squarelogo/256x256/4319694fce8ee268b484732775fa4c24","http://www.hioscar.com","New York, NY","1,001 to 5,000","$1B to $5B (USD)","Healthcare is broken. We’re here to fix it. Come join us!","","","","","",""
"in-05b24632317bdcf3","indeed","https://www.indeed.com/viewjob?jk=05b24632317bdcf3","https://grnh.se/i4c207g41us","Specialist, Provider Data Operations","Oscar Health","Atlanta, GA, US","2026-05-28","","","hourly","","","USD",True,"","","","accommodations@hioscar.com","Hi, we're Oscar. We're hiring a Specialist, Provider Data Operations to join our Provider Operations team.



Oscar is the first health insurance company built around a full stack technology platform and a relentless focus on serving our members. We started Oscar in 2012 to create the kind of health insurance company we would want for ourselves—one that behaves like a doctor in the family.


**About the role:**



You will be responsible for the accurate management and maintenance of provider data at Oscar. Key responsibilities include processing provider and facility rosters, reformatting data, and supporting updates to provider records. This role involves regular communication with providers via email to confirm request completion, obtain additional information, and address follow\\-up inquiries. You will also collaborate with internal teams by triaging, remediating, and escalating requests as necessary to ensure timely and effective resolution.



You will report into the Provider Operations Lead.


**Work Location:** This is a remote position, open to candidates who reside in: Georgia**.** While your daily work will be completed from your home office, occasional travel may be required for team meetings and company events. \\#LI\\-Remote


**Pay Transparency:** The set pay rate for this role is $24\\.00 per hour. You are also eligible for employee benefits and monthly vacation accrual at a rate of 15 days per year.


**Responsibilities:**


* Maintain existing and incoming provider demographic information to ensure accuracy and quality of the network by supporting run\\-state, repeatable issues of moderate complexity. .
* Manage ingestion of provider data while maintaining service delivery, productivity, and quality expectations
* Surface various provider issues within standard operating procedure through proactive identification, measurement, and monitoring of our operations and provide feedback to reduce errors, improve processes, and performance
* Build training materials, update workflows, and support team lead or SME in coaching
* Support driving and tracking business decisions, develop initial root cause analyses and reports for review by team leads and SMEs.
* Assist in developing and maintaining standards for quality assurance, leading corrective activities and manage communication processes with other departments regarding improvements.
* Escalate and resolve provider data issues to ensure appropriate turnaround times
* Support more junior employees through provider data escalation research and re
* solution Drive decisions within standard operating procedures
* Effectively communicate findings and resolutions with key stakeholders internally and/or externally
* Manage queue work and assigned caseload through effective dashboard management while ensuring integrity of information entered into company and/or external systems
* Compliance with all applicable laws and regulations
* Other duties as assigned


**Requirements:**


* 2\\+ years of work experience in healthcare working with provider data management
* 2\\+ years of intermediate Excel/Google Sheet proficiency
* 1\\+ years of assessing and comprehending end to end process impact
* 2\\+ years strong quantitative or analytical skills focused on proactively identifying or solving problems
* 2\\+ years previous work experience in a fast\\-paced production\\-based environment


**Bonus points:**


* Bachelor's Degree
* Lean Six Sigma or similar operations certifications
* 1 year of entry level proficiency in SQL, BigQuery or similar database language experience
* Prior work experience in tech and/or healthcare
* Proficiency in using a credentialing or provider data repository
* Experience working with large datasets, data verification, data management, data modeling
* Experience with healthcare data such as provider and/or claims data


This is an authentic Oscar Health job opportunity. Learn more about how you can safeguard yourself from recruitment fraud here.



At Oscar, being an Equal Opportunity Employer means more than upholding discrimination\\-free hiring practices. It means that we cultivate an environment where people can be their most authentic selves and find both belonging and support. We're on a mission to change health care \\- an experience made whole by our unique backgrounds and perspectives.


**Pay Transparency:** Final offer amounts, within the base pay set forth above, are determined by factors including your relevant skills, education, and experience. Full\\-time employees are eligible for benefits including: medical, dental, and vision benefits, 11 paid holidays, paid sick time, paid parental leave, 401(k) plan participation, life and disability insurance, and paid wellness time and reimbursements.


**Artificial Intelligence (AI):** Our AI Guidelines outline the acceptable use of artificial intelligence for candidates and detail how we use AI to support our recruiting efforts.


**Reasonable Accommodation:** Oscar applicants are considered solely based on their qualifications, without regard to applicant's disability or need for accommodation. Any Oscar applicant who requires reasonable accommodations during the application process should contact the Oscar Benefits Team (accommodations@hioscar.com) to make the need for an accommodation known.


**California Residents:** For information about our collection, use, and disclosure of applicants' personal information as well as applicants' rights over their personal information, please see our Privacy Policy.","","https://www.indeed.com/cmp/Oscar-Health-1","https://d2q79iu7y748jz.cloudfront.net/s/_squarelogo/256x256/4319694fce8ee268b484732775fa4c24","http://www.hioscar.com","New York, NY","1,001 to 5,000","$1B to $5B (USD)","Healthcare is broken. We’re here to fix it. Come join us!","","","","","",""
"in-e2565ccdd32f1d91","indeed","https://www.indeed.com/viewjob?jk=e2565ccdd32f1d91","https://grnh.se/i13i19sk1us","Specialist, Provider Data Operations","Oscar Health","Tempe, AZ, US","2026-05-28","","","hourly","","","USD",True,"","","","accommodations@hioscar.com","Hi, we're Oscar. We're hiring a Specialist, Provider Data Operations to join our Provider Operations team.



Oscar is the first health insurance company built around a full stack technology platform and a relentless focus on serving our members. We started Oscar in 2012 to create the kind of health insurance company we would want for ourselves—one that behaves like a doctor in the family.


**About the role:**



You will be responsible for the accurate management and maintenance of provider data at Oscar. Key responsibilities include processing provider and facility rosters, reformatting data, and supporting updates to provider records. This role involves regular communication with providers via email to confirm request completion, obtain additional information, and address follow\\-up inquiries. You will also collaborate with internal teams by triaging, remediating, and escalating requests as necessary to ensure timely and effective resolution.



You will report into the Provider Operations Lead.


**Work Location:** This is a remote position, open to candidates who reside in: Arizona**.** While your daily work will be completed from your home office, occasional travel may be required for team meetings and company events. \\#LI\\-Remote


**Pay Transparency:** The set pay rate for this role is $24\\.00 per hour. You are also eligible for employee benefits and monthly vacation accrual at a rate of 15 days per year.


**Responsibilities:**


* Maintain existing and incoming provider demographic information to ensure accuracy and quality of the network by supporting run\\-state, repeatable issues of moderate complexity. .
* Manage ingestion of provider data while maintaining service delivery, productivity, and quality expectations
* Surface various provider issues within standard operating procedure through proactive identification, measurement, and monitoring of our operations and provide feedback to reduce errors, improve processes, and performance
* Build training materials, update workflows, and support team lead or SME in coaching
* Support driving and tracking business decisions, develop initial root cause analyses and reports for review by team leads and SMEs.
* Assist in developing and maintaining standards for quality assurance, leading corrective activities and manage communication processes with other departments regarding improvements.
* Escalate and resolve provider data issues to ensure appropriate turnaround times
* Support more junior employees through provider data escalation research and re
* solution Drive decisions within standard operating procedures
* Effectively communicate findings and resolutions with key stakeholders internally and/or externally
* Manage queue work and assigned caseload through effective dashboard management while ensuring integrity of information entered into company and/or external systems
* Compliance with all applicable laws and regulations
* Other duties as assigned


**Requirements:**


* 2\\+ years of work experience in healthcare working with provider data management
* 2\\+ years of intermediate Excel/Google Sheet proficiency
* 1\\+ years of assessing and comprehending end to end process impact
* 2\\+ years strong quantitative or analytical skills focused on proactively identifying or solving problems
* 2\\+ years previous work experience in a fast\\-paced production\\-based environment


**Bonus points:**


* Bachelor's Degree
* Lean Six Sigma or similar operations certifications
* 1 year of entry level proficiency in SQL, BigQuery or similar database language experience
* Prior work experience in tech and/or healthcare
* Proficiency in using a credentialing or provider data repository
* Experience working with large datasets, data verification, data management, data modeling
* Experience with healthcare data such as provider and/or claims data


This is an authentic Oscar Health job opportunity. Learn more about how you can safeguard yourself from recruitment fraud here.



At Oscar, being an Equal Opportunity Employer means more than upholding discrimination\\-free hiring practices. It means that we cultivate an environment where people can be their most authentic selves and find both belonging and support. We're on a mission to change health care \\- an experience made whole by our unique backgrounds and perspectives.


**Pay Transparency:** Final offer amounts, within the base pay set forth above, are determined by factors including your relevant skills, education, and experience. Full\\-time employees are eligible for benefits including: medical, dental, and vision benefits, 11 paid holidays, paid sick time, paid parental leave, 401(k) plan participation, life and disability insurance, and paid wellness time and reimbursements.


**Artificial Intelligence (AI):** Our AI Guidelines outline the acceptable use of artificial intelligence for candidates and detail how we use AI to support our recruiting efforts.


**Reasonable Accommodation:** Oscar applicants are considered solely based on their qualifications, without regard to applicant's disability or need for accommodation. Any Oscar applicant who requires reasonable accommodations during the application process should contact the Oscar Benefits Team (accommodations@hioscar.com) to make the need for an accommodation known.


**California Residents:** For information about our collection, use, and disclosure of applicants' personal information as well as applicants' rights over their personal information, please see our Privacy Policy.","","https://www.indeed.com/cmp/Oscar-Health-1","https://d2q79iu7y748jz.cloudfront.net/s/_squarelogo/256x256/4319694fce8ee268b484732775fa4c24","http://www.hioscar.com","New York, NY","1,001 to 5,000","$1B to $5B (USD)","Healthcare is broken. We’re here to fix it. Come join us!","","","","","",""
"in-60e0e3ac0a3d3c0c","indeed","https://www.indeed.com/viewjob?jk=60e0e3ac0a3d3c0c","https://kiewitcareers.kiewit.com/job/Lenexa-Sr-Software-Engineer-KS/1394786700/","Sr Software Engineer","Kiewit Corporation","Lenexa, KS, US","2026-05-28","fulltime","","","","","",False,"","","","","**Requisition ID:** 180959


**Job Level:** Mid Level


**Home District/Group:** DHO Kiewit Data Services


**Department:** Data Services


**Market:** Corporate Home Office


**Employment Type:** Full Time


**Position Overview**
---------------------



We are looking to hire a Sr. Software Engineer focused on building AI/ML focused applications for Kiewit’s data services products.  

Kiewit is one of North America’s largest and most respected construction and engineering organizations. Kiewit Data Services strives to become the premier data\\-driven organization in our industry.  

Do you have a passion for leveraging data to help solve interesting business problems? At Kiewit, we believe analytics can help to create an exceptional experience for our most valued resource – our people.  

At Kiewit, the scale of our operations is huge. Our construction and engineering projects span across the United States, Canada and Mexico, improving and connecting communities with every initiative. We depend on our high\\-performing operations support professionals — they’re the glue that holds multiple areas of the business together and the catalysts that make things happen. We hire only the most driven people, and we offer them diverse career opportunities, strong leadership and mentorship, rewarding, collaborative work, and responsibility they won’t find just anywhere. We’re always pushing new limits. You can too.

**District Overview**
---------------------



Kiewit Data Services’ mission is to make Kiewit the premier data\\-driven company in our industry. Our districts rely on us to deliver the correct data of the right quality, with the right level of analysis, and to make it available to them at the right time. We are a cross\\-functional organization with employees who have expertise in data, technology, support and operations. Our core functions are data Quality, Governance, Enablement, Analytics and Data Science.

**Location**
------------



This position is located in Lenexa, KS.

**Responsibilities**
--------------------


* Develop data\\-intensive applications focused on solving business problems using data analytics and data models
* Collaborate with product teams and business stakeholders to gather and interpret user requirements
* Iterate and improve team software systems and processes
* Monitor and stay informed on latest web development community technologies
* Produce well\\-documented code which is easy to understand/maintain
* Mentor others and invest in growing the team’s skillset
* Manage code repositories, work with IT operation teams to configure infrastructure and deploy applications
**Qualifications**
------------------


* Bachelor’s degree in computer science or similar technology degree or equivalent work experience
* 5\\+ years of demonstrated software development experience
* Strong track record of successfully executing complex projects and/or projects involving multiple disciplines.
* Experience collaborating with senior leaders to understand drivers of success and departmental goals
* Strong customer management skills; ability to manage more than one stakeholder
* Strong analytical, problem\\-solving, and communication skills (verbal and written)
* Proven ability to self\\-direct work efforts and lead others
* Strong interpersonal, written, and verbal communication skills
* Team player with the ability to work independently to meet deadlines, goals and objectives
* Strong organization, time management, and attention to detail



Ideal experience includes  

* Experience with Python, Dagster, React, NextJS, Postgress, Snowflake, Databricks
* Experience with Azure platform, Azure Functions and REST API services
* Experience with CI/CD and DevOps processes, Docker/containerization, cloud deployments and support

Other Requirements:


* Regular, reliable attendance
* Work productively and meet deadlines timely
* Communicate and interact effectively and professionally with supervisors, employees, and others individually or in a team environment.
* Perform work safely and effectively. Understand and follow oral and written instructions, including warning signs, equipment use, and other policies.
* Work during normal operating hours to organize and complete work within given deadlines. Work overtime and weekends as required.
* May work at various different locations and conditions may vary.

  




We offer our fulltime staff employees a comprehensive benefits package that’s among the best in our industry, including top\\-tier medical, dental and vision plans covering eligible employees and dependents, voluntary wellness and employee assistance programs, life insurance, disability, retirement plans with matching, and generous paid time off.


Equal Opportunity Employer, including disability and protected veteran status.","","https://www.indeed.com/cmp/Kiewit-Corporation-cba042a0","https://d2q79iu7y748jz.cloudfront.net/s/_squarelogo/256x256/b3c26e67842ce3fdf8c0dd91733104d9","http://www.kiewit.com","Omaha, NE","10,000+","more than $10B (USD)","Kiewit is one of North America's largest and most respected construction and engineering organizations.","","","","","",""
"in-fc58f75900c2e259","indeed","https://www.indeed.com/viewjob?jk=fc58f75900c2e259","https://workforcenow.adp.com/mascsr/default/mdf/recruitment/recruitment.html?cid=a514fa2f-d9f3-4d40-99fb-28d956698e2f&ccId=19000101_000001&jobId=578946&source=IN&lang=en_US","Software Engineer Intermediate","E-INFOSOL LLC","Washington, DC, US","2026-05-28","","direct_data","yearly",163000.0,171000.0,"USD",False,"","","","","**Salary Range: $163k\\-$171k**


PID: 26\\-17\\-09\\-000

**E\\-INFOSOL is seeking highly motivated and committed to high quality to provide innovative solutions to meet client’s mission requirements.**

 **Summary:**


As a Software Engineer Intermediate, you will collaborate with customers, often engaging directly with non\\-technical personnel, to understand their application related needs, suggest solutions, and complete work in a timely manner. This position performs activities associated with the implementation, integration, operations and support of computer systems in a mission\\-critical response operations environment.

 **Responsibilities:**

* Formulate/define specifications for complex operating software programming applications or modifies/maintains existing applications using engineering releases and utilities from the manufacture.
* Design, code, test, debug, and document those programs.
* Provide advanced mathematical/scientific software.
* Assist on all phases of software programming applications.
* Evaluate new and existing software products.
* Support operations and maintenance of legacy data processes leveraging Python, Java, MS Access, VBA, Groovy, PowerShell, Power Query, and JavaScript.
* Develop and maintain task workflow and analytic capability leveraging Groovy, Grails, React, Java, NodeJS, Python, Oracle, Elasticsearch and Dynamo DB.
* Provide operations and maintenance of proposed platform.

**Required Skills:**

* US citizenship with activeTop Secretclearance
* Bachelor's degree in Computer Science, Computer Engineering, or related degree.
* Minimum of two (2\\) years of relevant work experience
* Possess AWS Certified Solutions Architect\\-Associate orAWS CloudCertified Developer\\-Associate.
* Design, code, test, debug, and document those programs.
* Provide advanced mathematical/scientific software.
* Assist on all phases of software programming applications.
* Evaluate new and existing software products.

**Desired Skills:**

* Design, code, test, debug, and assist with the development of software as part of development team and / or independently.
* Perform O\\&M related tasks including but not limited to new feature scoping and development, reviewing usage and / or error logs to scope patches, conducting code refactoring, and producing supporting documentation.

 **About E\\-INFOSOL:**

  

E\\-INFOSOL is a Service Disabled and Veteran Owned Small Business (SDVOSB) located in the Washington, D.C. metropolitan area. We specialize in building modern and tailored solutions to support our customers’ mission. As a mission\\-first organization, we deliver Subject Matter Expertise (SME) in cloud computing, virtualization, cyber security, software development and data services. We support the Intelligence Community, Department of Defense, Federal Law Enforcement, Civilian Agencies and the Private Sector.

  

Through strategic partnerships with top industry players such as Amazon Web Services (AWS), Broadcom, Microsoft and Cisco, E\\-INFOSOL provide an array of IT products and solutions. Combined with our industry expertise, we deliver in\\-depth knowledge on Government requirements and fully understand NIST and DoD security requirements. Our expertise in the latest technologies combined with our understanding of infrastructure needs and security requirements provides the best combination for achieving innovative and secure environments for Government Agencies and Private Sector.

 **Career Growth:**


“Putting People First, Achieving our Mission Together”. E\\-INFOSOL is a people\\-first organization focusing on a positive employee culture that inspires creativity and innovation in support of our customers. With opportunities such as reimbursement and bonuses based on completion of certifications, we invest in our employees’ career growth.

 **Benefits:**


Medical – 100% company paid premiums for employees with dependent options.


Dental and Vision


Retirement Savings (401k) up to 4% match


Health Savings Account (HSA), FSA and DCFSA


Company\\-paid Short/Long\\-term disability (w/ additional supplemental options)


Company\\-paid Life and AD\\&D (w/ additional supplemental options)


Generous Paid Time Off and ALL 11 Federal Holidays


Legal and Identity Protection Services


Bonuses for certifications and reimbursement


Employee Perks:


UberOne, Company Outings (Sporting events, Happy Hours, etc.), Discounts on services including Pet Insurance

 **Company Awards:**


SBA 8(a) Certified


SDVOSB


GSA Contract Holder


Inc. 5000

 **Equal Employment Opportunity Policy:**


E\\-INFOSOL LLC provides equal employment opportunities to all employees and applicants for employment and prohibits discrimination and harassment of any type without regard to race, color, religion, age, sex, national origin, disability status, genetics, protected veteran status, sexual orientation, gender identity or expression, or any other characteristic protected by federal, state, or local laws.


This policy applies to all terms and conditions of employment, including recruiting, hiring, placement, promotion, termination, layoff, recall, transfer, leaves of absence, compensation, and training.


Website: E\\-INFOSOL.com","","https://www.indeed.com/cmp/E--infosol-LLC-1","https://d2q79iu7y748jz.cloudfront.net/s/_squarelogo/256x256/e19e6df7d3c52e45208d3990f63ce6fd","http://www.e-infosol.com","","","","E-INFOSOL LLC is a Service Disabled Veteran and Minority owned small business that provides specialized IT cloud and security services.","","","","","",""
"in-719b31545361b270","indeed","https://www.indeed.com/viewjob?jk=719b31545361b270","https://click.appcast.io/t/tYn9PSb2TL5gihiPUfqsWgIgKmrKRlGcmsOO0OHDV9I=","Security Officer - Supervisor","GardaWorld Security Services US","Tracy, CA, US","2026-05-28","fulltime","","hourly","","","USD",False,"","","","","GardaWorld Security Services is Now Hiring a Tactical Security Supervisor!

**Ready to suit up as a Tactical Security Supervisor?**


What matters most in a role like this is your ability to read the environment, anticipate risk, and act accordingly. Tell us about how your keen sense of observation is one of your greatest strengths.


As a Security Officer – Tactical, physical ability is essential as you will be moving around your entire shift, patrolling environments such as retail stores, airports, detention centers, etc.

**What’s in it for you:**

* Site Location: Tracy, CA
* **Set schedule: 40 hours per week, Thursday \\- Monday, 10:30 pm \\- 7:00 am**
* DailyPay is available for GardaWorld employees!)
* A comprehensive benefits package including medical, dental, and vision insurance plans, a 401(k) retirement savings plan with employer matching contributions, paid holidays, disability coverage, and life insurance options
* Career growth opportunities at GardaWorld
* Uniform provided at no cost

**Responsibilities of Tactical Security Supervisor**

* Patrol sensitive areas to spot any suspicious activity
* Verify identities and control access to secure areas
* React quickly to threats or incidents
* Check the proper functioning of alarms and cameras
* Document incidents and actions taken
* Respond to alarms and conduct on\\-site checks
* Collaborate with law enforcement during serious incidents
* Ensure the safety and protection of individuals and property

**Qualifications of Tactical Security Supervisor**

* Be authorized to work in the U.S.
* Be able to provide documentation of High School Diploma or GED
* **One year of security experience required**
* **One year of CCTV preferred**
* **One year of warehouse experience is required**
* **Intermediate skills in Microsoft Office Suite (Word, Excel, \\& Outlook)**
* First aid certification is an asset
* Ability to stand and walk for the entire shift
* If you have Security, Military, Law Enforcement experience – even better!
* You have a state security license (BSIS Guard Card) and an additional 32hr. BSIS security trainings (Additional security trainings can be obtained during the hiring process)


In the United States, GardaWorld Security remains the only guarding security company to be **Certified by Great Place to Work**. Apply today – this could be more than a job! 26% of our corporate employees started as frontline workers.


If you’re ambitious with an entrepreneurial spirit – someone who wants to be a GardaWorld Ambassador – a promising career awaits you!


GardaWorld Security is a global champion in sophisticated and tailored security solutions, employing and training highly skilled and dedicated professionals across the globe.


Not the job for you? Make sure to check out all our jobs! We also have concierge, surveillance, and even casual roles available.  

  

*It is the policy of GardaWorld Security Services to provide equal employment opportunities to all employees and applicants for employment without regard to race, color, religion, sex, national origin, age, veteran status, or disability in accordance with applicable federal laws. In addition, GardaWorld Security Services complies with applicable state and local laws governing nondiscrimination in employment. This policy applies to all terms and conditions of employment including, but not limited to hiring, placement, assignment, promotion, termination, layoffs, recalls, transfers, leaves of absence, compensation, and training. It is also the policy of GardaWorld Security Services not to honor requests that employees be assigned on the basis of sex or any other classification protected by law, unless such request is based on a bona fide occupational qualification for that assignment*.  

  

Whelan Security of California, Inc.  

CA Private Patrol Number 16344","","https://www.indeed.com/cmp/Gardaworld-Security-Services-US","https://d2q79iu7y748jz.cloudfront.net/s/_squarelogo/256x256/10e0acb7936aea14c535d8f9fa42d01a","https://www.garda.com/security-services","Saint Louis, MO","1,001 to 5,000","$1B to $5B (USD)","GardaWorld is a global leader in the security industry, offering a wealth of opportunity to individuals looking to gain experience and develop professionally in a growing industry.","","","","","",""
"in-e09f1c88f96ee5aa","indeed","https://www.indeed.com/viewjob?jk=e09f1c88f96ee5aa","https://careers.turing.com/job/6007382004","Fullstack Product Engineer","turing","New York, NY, US","2026-05-28","","direct_data","yearly",180000.0,220000.0,"USD",False,"","","","","Location: New York, New York, United States

**About Turing**
================



Based in San Francisco, California, Turing is the world’s leading research accelerator for frontier AI labs and a trusted partner for global enterprises looking to deploy advanced AI systems. Turing accelerates frontier research with high\\-quality data, specialized talent, and training pipelines that advance thinking, reasoning, coding, multimodality, and STEM. For enterprises, Turing builds proprietary intelligence systems that integrate AI into mission\\-critical workflows, unlock transformative outcomes, and drive lasting competitive advantage.



Recognized by Forbes, The Information, and Fast Company among the world’s top innovators, Turing’s leadership team includes AI technologists from Meta, Google, Microsoft, Apple, Amazon, McKinsey, Bain, Stanford, Caltech, and MIT. Learn more at www.turing.com

**Position Overview**



We’re looking for a Senior Product Engineer—a single, broad role that combines domain understanding, technical fluency, and architectural judgment, leveraging AI tools to deliver end\\-to\\-end across the stack. Product Engineers own features from concept through production: shaping requirements with business partners, designing the architecture, building the UI and backend, and integrating data and services.



This isn’t a traditional “full\\-stack developer” role. It’s a role for engineers who want to own outcomes, not just tickets—who can sit with a business user, understand the problem, make sound architectural decisions, and deliver a working solution that’s production\\-ready and maintainable.


**What You’ll Do**


* Own features end\\-to\\-end: from discovery and requirements shaping through architecture, implementation, testing, and production deployment.
* Partner directly with business stakeholders to understand workflows, pain points, and desired outcomes—then translate that into well\\-scoped, deliverable solutions.
* Make sound architectural decisions: choose the right patterns, data models, and integration approaches based on business context and technical tradeoffs.
* Build across the stack: backend services (Java/Spring), frontend components (Vue.js), API contracts, and data integrations.
* Leverage modern AI development tools (Claude Code, MCP, LLM APIs) to accelerate delivery—prototyping, code generation, analysis, and testing—while maintaining strong engineering judgment and validation.
* Contribute to platform quality: code reviews, testing discipline, observability, and documentation where it adds leverage.
* Mentor mid\\-level engineers through design conversations, pairing, and code review—raising the team’s ability to deliver independently.
* Navigate ambiguity: make pragmatic decisions with incomplete information and adjust course as understanding deepens.


**What We’re Looking For**


* 8\\+ years of software engineering experience with demonstrated ability to deliver features end\\-to\\-end across backend and frontend.
* Strong proficiency in Python and Java, with sound architectural instincts (when to build vs. reuse, how to decompose services, when to simplify).
* Fluency with modern AI development tools (Claude Code, MCP servers, LLM APIs) and an ability to use them productively while maintaining quality and correctness.
* Experience working directly with business stakeholders—not just taking tickets, but shaping requirements and validating solutions.
* The business context to make the right tradeoffs: you understand that technical decisions have business consequences and vice versa.
* Strong communication skills: you can explain technical decisions to non\\-technical partners and advocate for engineering quality without creating friction.
* A builder’s mindset: you prefer shipping working software over perfecting designs, while maintaining the quality bar for production systems.
* Experience in financial services, investment management


**Nice to Have**


* Familiarity with Vue.js or a modern frontend framework (React acceptable if you can ramp quickly on Vue).
* Experience with event\\-driven architecture, workflow orchestration, or data pipeline design.
* A track record of building internal tools or platforms that make other teams more productive.


**Location: New York, New York**


**Salary: 180k \\- 220k \\+ equity**

**Values**
----------


* **We are client first**: We put our clients at the center of everything we do, because their success is the ultimate measure of our value.
* **We work at Start\\-Up Speed:** We move fast, stay agile and favor action because momentum is the foundation of perfection
* **We are AI forward:** We help our clients build the future of Al and implement it in our own roles and workflow to amplify productivity.

**Advantages of joining Turing**
--------------------------------



* Amazing work culture (Super collaborative \\& supportive work environment; 5 days a week)
* Awesome colleagues (Surround yourself with top talent from Meta, Google, LinkedIn etc. as well as people with deep startup experience)
* Competitive compensation
* Flexible working hours

**Don’t meet every single requirement?** Studies have shown that women and people of color are less likely to apply to jobs unless they meet every single qualification. Turing is proud to be an equal opportunity employer. We do not discriminate on the basis of race, religion, color, national origin, gender, gender identity, sexual orientation, age, marital status, disability, protected veteran status, or any other legally protected characteristics. At Turing we are dedicated to building a diverse, inclusive and authentic workplace and celebrate authenticity, so if you’re excited about this role but your past experience doesn’t align perfectly with every qualification in the job description, we encourage you to apply anyways. You may be just the right candidate for this or other roles.","","https://www.indeed.com/cmp/Turing","https://d2q79iu7y748jz.cloudfront.net/s/_squarelogo/256x256/4d78744604e08e4a5f3f0c91eb9e78b1","https://turing.com/","1900 Embarcadero Road, Palo Alto - 94303","51 to 200","","","","","","","",""
"in-f3ac3d525e19a0f8","indeed","https://www.indeed.com/viewjob?jk=f3ac3d525e19a0f8","https://rr.jobsyn.org/A2F05128F06643AC95BB7455090BB6E11554","Staff Software Engineer","Penske Truck Leasing","Beachwood, OH, US","2026-05-28","","","","","","",False,"","","","","**Staff Software Engineer**


**Location: Beachwood, OH.**


**Shift: Monday \\- Friday 8am \\- 5pm (Onsite 4 days a week)**


**Summary Statement:**


As a senior member of the Software Engineering team, you will lead diverse development teams on large complex projects by defining and implementing architectures and strategies that will create our next generation of innovative solutions for our customers.

  

**What You Will Be Doing:**


As a staff software engineer, you will take on a leadership role in defining IT process \\& technology strategies with senior management. By incorporating new emerging technologies and trends, and taking into consideration our existing architecture and strategies you will create, enhance, and optimize our customer solutions roadmaps. Providing cross\\-functional leadership and working with business leaders, architects and software engineers you will design and build high performing and scalable systems.

  

**Penske Responsibilities:**


* Leadership role in defining IT Process and Technology strategies, familiarity with emerging technology trends, defining a roadmap and building consensus with Senior IT Leadership.


* Meeting with Senior \\& Mid\\-Level Management to align business process initiatives and strategies with current and planned Penske Technology Architecture.


* Team leadership in the evaluation of Application Development Tools/Techniques/ Approaches, determine impact on strategic objectives, and manage overall implementation.


* Lead team to resolve complex technical problems (that may consist of multiple tiers of technology and/or communications/integration layers) and develop/implement corrective measures.


* As part of recommending a technical solution, evaluate and research third\\-party packages and recommend customization and deployment opportunities.


* Participate as a senior member of the Technology team with a diverse set of skills to help make technology decisions, mentor and supervise other developers, to make technical decisions and contribute to technical future of the company.


* Assist with the architectural design of projects, provide expertise to project teams and ensure adherence to established architectural standards and principles.


* Evaluate and champion the integration of AI/ML capabilities into existing and new solutions, identifying opportunities to leverage large language models, generative AI tools, and intelligent automation to enhance customer and business outcomes.


* Champion DevOps culture and practices, driving CI/CD pipeline strategy, infrastructure as code, automated testing, and continuous improvement across the software delivery lifecycle using Azure DevOps.


* Develop training curriculum to keep developers up to date on techniques, processes \\& technology.


* Interact with both business and technical stakeholders to deliver high quality products and services that meet business requirements and expectations while applying the latest available tools and technology


**Penske Qualifications:**


* Bachelor’s Degree in Computer Science/Computer Engineering.


* 12\\+ years’ experience of appropriate programming languages (C\\#, .NET/ASP.NET Core) and core frameworks/technologies


* 5\\+ years defining application architecture and system integration requirements on multi\\-tiered application systems.


* 5\\+ years of experience with distributed database environments and related database concepts.


* 5\\+ years leading multiple large software projects using the Agile development methodology.


* Diverse experience in architecting solutions for on premise and cloud deployments


* Full stack development experience in technologies such as React, Angular, jQuery, JavaScript, \\*\\*.NET Core, ASP.NET MVC, Entity Framework, RESTful API's.


* Familiarity with AI/ML frameworks, tools, and platforms (e.g., Azure OpenAI Service, Azure Machine Learning, Azure Cognitive Services) and experience integrating AI\\-driven features into enterprise applications.


* 3\\+ years of hands\\-on experience with Azure DevOps, including CI/CD pipeline development, release management, and infrastructure as code using tools such as Bicep or Terraform.


* Experience in working with the testing team on automation and load testing.


* Broad exposure to enterprise technologies and systems.


* Able to communicate highly technical concepts in clear/concise manner to non\\-technical individuals.


* Experience prioritizing technology needs within set budget requirements.


* Excellent interpersonal and decision\\-making skills.


* Regular, predictable, full attendance is an essential function of the job.


* Willingness to travel as necessary, work the required schedule, work at the specific location required, complete Penske employment application, submit to a background investigation (to include past employment, education, and criminal history) and drug screening are required.

  

**Physical Requirements:**


* The physical demands described here are representative of those that must be met by an associate to successfully perform the essential functions of this job. Reasonable accommodations may be made to enable individuals with disabilities to perform the essential functions.


* The associate must regularly lift and /or move up to 25lbs/12kg.


* Specific vision abilities required by this job include Close vision, Distance vision, Peripheral vision, Depth perception and Ability to adjust focus.


* While performing the duties of this Job, the associate is regularly required to stand; walk; sit and talk or hear. The associate is frequently required to use hands to finger, handle, or feel and reach with hands and arms.

  

**Physical Requirements:**


* The physical and mental demands described here are representative of those that must be met by an associate to successfully perform the essential functions of this job. Reasonable accommodations may be made to enable individuals with disabilities to perform the essential functions.


* The associate will be required to: read; communicate verbally and/or in written form; remember and analyze certain information; and remember and understand certain instructions or guidelines.


* While performing the duties of this job, the associate may be required to stand, walk, and sit. The associate is frequently required to use hands to touch, handle, and feel, and to reach with hands and arms. The associate must be able to occasionally lift and/or move up to 25lbs/12kg.


* Specific vision abilities required by this job include close vision, distance vision, peripheral vision, depth perception and the ability to adjust focus.

  

**Penske is an Equal Opportunity Employer.**


**About Penske Logistics**


Penske Logistics engineers state\\-of\\-the\\-art transportation, warehousing and freight management solutions that deliver powerful business results for market\\-leading companies. With operations in North America, South America, Europe and Asia, Penske and its associates help businesses move forward by increasing visibility and driving down supply\\-chain costs. Visit Penske Logistics to learn more.


Job Category: Information Technology


Job Function: Software Engineering


Job Family: Information Technology


Address: 3000 Auburn Dr


Primary Location: US\\-OH\\-Beachwood


Employer: Penske Logistics LLC


Req ID: 2605918","","https://www.indeed.com/cmp/Penske-Truck-Leasing","https://d2q79iu7y748jz.cloudfront.net/s/_squarelogo/256x256/5574679bd83584dcacf0d5abf0b4a491","http://www.gopenske.com","Reading, PA","10,000+","$5B to $10B (USD)","Penske Truck Leasing Co. is a leading global transportation services provider that operates approximately 400,000+ vehicles.","","","","","",""
"in-11e4e0117bee0db0","indeed","https://www.indeed.com/viewjob?jk=11e4e0117bee0db0","https://trevity.jobs.agile-ats.com/jobs/details/136","Mid Software Engineer","Trevity LLC","St. Louis, MO, US","2026-05-28","fulltime","","","","","",True,"","","","","Job Description
  
  

Trevity LLC is seeking Mid\\-Level Software Engineers to support advanced imagery exploitation and geospatial software modernization efforts across the IC and DoD enterprise. This role involves full stack software development, enterprise API integration, cloud\\-native application development, and scalable geospatial processing workflows designed to improve analyst efficiency and operational decision\\-making.
  
Candidates will work within Agile teams developing modern enterprise applications leveraging microservices, cloud technologies, geospatial platforms, and advanced data processing techniques.
  
,
  
Required Skills
  
  

Education \\& Experience
  
* Master’s degree and minimum 2 years of experience in software engineering or full stack development; OR
* Bachelor’s degree and minimum 4 years of experience in software engineering or full stack development; OR
* Minimum 6 years of equivalent professional experience in software engineering or related field.


Technical Skills
  
* Demonstrated firsthand experience in at least twoof the following:
* Java, JavaScript, or Python enterprise application development\\-Web services architecture, design, and development
* Relational database design
* Spatial database design
* NoSQL database design
* Microservice architecture and development
* Containerization and orchestration
* API development
* Cloud\\-native development in AWS, Azure, or Google Cloud
* Experience with relational database development and SQL.
* Experience working within Agile development environments.
* Strong understanding of software engineering best practices and SDLC methodologies.
* Experience using Git\\-based source control systems.


,
  
Desired Skills
  
  

* Experience developing customized geospatial analysis tools or automation scripts using Python, JavaScript, Java, or similar languages.
* Experience integrating and tailoring geospatial COTS applications.
* Experience with imagery products including SAR or RADAR technologies.
* Experience developing or maintaining GIS applications and geospatial services.
* Familiarity with tools such as ArcGIS, PostGIS, GeoServer, Oracle Spatial, or Image Server.
* Experience with geospatial data formats including KML, KMZ, NITF, TIFF, JPEG, or GeoPDF.
* Experience abstracting legacy systems through standards\\-based APIs or OGC\\-compliant web services.
* Experience developing terrain analysis visualizations or automated detection algorithms.


,
  
About Trevity LLC
  
  

Trevity is a Minority\\-Service\\-Disabled Veteran\\-Owned small business built on talent, teamwork, and trust. We are headquartered in the VA/MD/DC metropolitan area providing expertise in science and analytical services to the US Government.
  
  

Our promise to both customer and employee is to achieve a positive working relationship by establishing trust while committing to growing as a team. To achieve our vision of staying at the forefront of an ever\\-evolving environment, we will stay devoted to ensuring Trevity’s workforce has the proper training, tools, and skills needed to support the customer.","","https://www.indeed.com/cmp/Trevity-LLC","","","","","","","","","","","",""
"in-39d650baa8e65ffc","indeed","https://www.indeed.com/viewjob?jk=39d650baa8e65ffc","https://grnh.se/d8k8hp013us","Full Stack Developer - AI - Focused (6623)","Metrostar Systems","Washington, DC, US","2026-05-28","fulltime","direct_data","yearly",130000.0,140000.0,"USD",False,"","","","","MetroStar is seeking a motivated **Full Stack Developer** with hands\\-on AI tooling experience to support a fast\\-paced federal program delivering high\\-visibility mission outcomes. This role is ideal for a mid\\-level developer who thrives in collaborative environments and contributes across full stack development, AI\\-assisted engineering workflows, and operational support activities.  

You will work alongside senior developers and technical leads to build, maintain, and enhance applications built on Microsoft and modern web technologies — while leveraging AI\\-powered developer tools to accelerate delivery and improve code quality.



We know that you can't have great technology services without amazing people. At MetroStar, we are **obsessed** withour people and have led a two\\-decade legacy of building the best and brightest teams. Because we know our future relies on our deep understanding and relentless focus on our people, we live by our mission: A passion for our people. Value for our customers.



If you think you can see yourself delivering our mission and pursuing our goals with us, then check out the job description below!


**What you'll do:**


* Design, develop, and maintain full stack applications using .NET (C\\#/ASP.NET) on the backend and React on the frontend
* Build and consume REST APIs and integrate them with React\\-based user interfaces
* Develop scalable Node.js services and middleware to support application workflows
* Leverage AI\\-powered developer tools — including GitHub Copilot, OpenAI Codex, and similar assistants — to accelerate coding, code review, and documentation
* Integrate and evaluate LLM\\-based features and AI APIs (e.g., OpenAI, Azure OpenAI) into application workflows where applicable
* Design and build Power Apps (canvas and model\\-driven) to automate business processes and extend enterprise workflows
* Configure and manage Microsoft Dataverse as a data platform — including table design, relationships, business rules, and security roles
* Develop Power Automate flows to integrate Power Platform solutions with Microsoft 365, SharePoint, Teams, and external APIs
* Support and modernize legacy SharePoint\\-backed systems as part of ongoing migration and modernization efforts
* Perform operational support (O\\&M), bug fixes, and minor enhancements across the application stack
* Assist with deploying code changes and supporting frequent releases in a CI/CD environment
* Collaborate closely with technical leads and team members to meet delivery timelines
* Troubleshoot, debug, and test applications across frontend and backend layers to ensure stability and performance
* Work onsite with the team to support rapid collaboration and delivery


**What you'll need to succeed:**


* Active Secret Clearance
* Bachelor's degree in Computer Science, Information Technology, or related field (or equivalent experience)
* 3–6 years of experience in .NET development (C\\#, ASP.NET MVC, ASP.NET Core)
* Proficiency in React — including hooks, component design, state management, and building responsive UIs
* Experience developing server\\-side applications or APIs with Node.js
* Demonstrated use of AI\\-powered developer tools such as GitHub Copilot, OpenAI Codex, or similar code\\-generation assistants in a professional setting
* Hands\\-on experience with Microsoft Power Platform — including Power Apps (canvas and/or model\\-driven), Power Automate, and Power BI
* Working knowledge of Microsoft Dataverse — including data modeling, table configuration, relationships, and security roles
* Familiarity with Microsoft 365 / Office suite — including SharePoint Online, Teams, Outlook, Excel, Word, and OneDrive — in a collaborative enterprise environment
* Experience with MS SQL, Entity Framework, and RESTful API design and consumption
* Familiarity with full stack deployment workflows and CI/CD concepts
* Experience using Git for source control and collaborative development
* Basic understanding of Active Directory and application security concepts
* Ability to work onsite in a federal environment (occasional Saturday hours may be required for deployment activities)


SALARY RANGE: $130,000 \\- $140,000



The salary range for this position is determined based on qualifications, skills, and relevant experience. The final salary offered will be determined based on several factors including:


* The candidate's professional background and relevant work experience
* The specific responsibilities of the role and organizational needs
* Internal equity and alignment with current team compensation
* This role is also eligible for additional compensation, subject to the terms and policies of MetroStar, which may include:
* + Performance\\-based bonuses
	+ Company\\-paid training and/or certifications
	+ Referral bonuses

*To apply for this position, please submit your resume via the form below or through our careers page:* *https://www.metrostar.com/jobs/*


**Application Deadline:** Applications will be accepted on a rolling basis until the position is filled; candidates are encouraged to apply as early as possible for full consideration.


**Additional Compensation**: This role may also be eligible for bonuses and/or additional incentives based on individual and company performance.


**Benefits**: All full\\-time employees are eligible to participate in our benefits programs:


* Health, dental, and vision insurance
* 401(k) retirement plan with company match
* Paid time off (PTO) and holidays
* Parental Leave and dependent care
* Flexible work arrangements
* Professional development opportunities
* Employee assistance and wellness programs


Like we said, **we are** big fans of our people. That's why **we offer** a generous benefits package, professional growth, and valuable time to recharge. Learn more about our company culture code and benefits. Plus, check out our accolades.


**Commitment to Non\\-Discrimination**  

All qualified applicants will receive consideration for employment based on merit and without regard to sex, race, ethnicity, age, national origin, citizenship, religion, physical or mental disability, medical condition, genetic information, pregnancy, family structure, marital status, ancestry, domestic partner status, sexual orientation, gender identity or expression, veteran or military status, status as a protected veteran, or any other status protected by applicable federal, state, local, or international law.



**What we want you to know:**



In compliance with federal law, all persons hired will be required to verify identity and eligibility to work in the United States and to complete the required employment eligibility verification form upon hire.



**Not ready to apply now?**



Sign up to join our newsletter here.","","https://www.indeed.com/cmp/Metrostar-Systems","https://d2q79iu7y748jz.cloudfront.net/s/_squarelogo/256x256/94007e719ab0f90b0fd1a9413e52f462","http://www.metrostarsystems.com","1856 Old Reston Avenue, Reston, VA","201 to 500","","A passion for technology. Value for our customers.","","","","","",""
"in-584845dcc4cc96f2","indeed","https://www.indeed.com/viewjob?jk=584845dcc4cc96f2","https://www.thedenovo.com/careers/?gnk=job&gni=8a78839e9e46f651019e474aa48a147d&gns=Indeed+Free","Full Stack Software Engineer (Team Lead)","DeNovo Solutions","Aurora, CO, US","2026-05-28","","direct_data","yearly",145000.0,195000.0,"USD",False,"","","","","**Lead Software Engineer**
**Location:** Hybrid in the Aurora, CO area  

**Clearance:** Ability to Obtain and Maintain a U.S. Government Security Clearance Preferred
**Lead the Development of Mission\\-Critical Applications at DeNOVO Solutions**
DeNOVO Solutions is seeking a highly capable **Lead Software Engineer** to drive system architecture, technical direction, and development standards across mission\\-focused applications supporting defense and intelligence programs. This role is ideal for a technical leader who thrives on designing scalable and secure systems, guiding engineering teams, and solving complex technical challenges in high\\-impact environments.
You’ll serve as the primary technical authority for the team, helping shape long\\-term architecture decisions, enforcing engineering best practices, and ensuring the delivery of maintainable, high\\-quality software solutions across backend, frontend, and integrated systems.
**Why You’ll Love This Role**
**You’ll Shape Technical Direction**
* Lead architectural decisions and define technical standards that influence mission\\-critical systems and long\\-term platform strategy.

**You’ll Solve Complex Engineering Challenges**
* Work across distributed systems, authentication frameworks, APIs, and modern frontend technologies to deliver scalable and secure applications.

**You’ll Mentor and Elevate Teams**
* Guide and mentor engineers through technical leadership, code reviews, architecture discussions, and development best practices.

**You’ll Build for Long\\-Term Mission Success**
* Design maintainable, secure, and scalable systems that can evolve alongside operational mission requirements.

**A Day in the Life**
* Lead system architecture and technical direction across multiple applications and services.
* Design scalable, resilient, and secure software solutions supporting mission and operational requirements.
* Serve as the primary technical authority for development teams and engineering initiatives.
* Establish and maintain development standards, coding practices, and software engineering best practices.
* Lead architecture discussions and make key technology decisions across backend, frontend, and infrastructure components.
* Design and develop backend services and APIs using Python\\-based frameworks and technologies.
* Develop and maintain secure authentication and authorization solutions using OAuth2, Keycloak, and related identity management technologies.
* Guide API strategy, interface design, and integration standards across distributed systems.
* Collaborate with engineers, architects, DevSecOps teams, and mission stakeholders to align technical execution with operational needs.
* Conduct code reviews and ensure high standards for code quality, maintainability, security, and performance.
* Troubleshoot and help resolve complex technical issues across applications and environments.
* Mentor junior and mid\\-level engineers through coaching, technical guidance, and collaborative development practices.
* Support modernization efforts involving cloud\\-native, containerized, and microservice\\-based architectures where applicable.

**Required Qualifications**
* Bachelor’s degree in Computer Science, Software Engineering, Information Systems, or related technical discipline, or equivalent professional experience.
* 15 years of progressive experience in similar roles.
* Experience leading software engineering teams or serving as a senior technical lead.
* Strong experience developing backend applications and services using Python.
* Experience designing and securing APIs and distributed application architectures.
* Experience implementing authentication and authorization solutions using OAuth2, Keycloak, or similar technologies.
* Experience with modern frontend frameworks such as Vue, Angular, or React.
* Strong understanding of scalable system design, software architecture, and application security principles.
* Experience conducting code reviews and enforcing software development best practices.
* Ability to work collaboratively across engineering, operations, and stakeholder teams.


**Preferred Qualifications**
* Experience supporting cloud\\-native or hybrid application environments.
* Experience with containerization and orchestration technologies such as Docker and Kubernetes.
* Familiarity with DevSecOps methodologies and CI/CD pipelines.
* Experience supporting Department of Defense, Intelligence Community, or other federal mission environments.
* Familiarity with microservices architectures and distributed systems.
* Active U.S. Security Clearance preferred.


**What Success Looks Like**
* Applications are scalable, secure, maintainable, and aligned with mission requirements.
* Engineering teams follow consistent development standards and best practices.
* Complex technical challenges are resolved efficiently and strategically.
* APIs and authentication systems are reliable, secure, and well\\-documented.
* Engineers are mentored effectively and technical collaboration across teams is strengthened.


**About DeNOVO Solutions**
DeNOVO Solutions delivers mission\\-focused engineering, software development, AI/ML, SIGINT, cyber, infrastructure, and data solutions supporting national security customers across the defense and intelligence communities. We thrive on solving complex operational challenges through innovation, agility, and technical excellence.
**Mission Focused. Success Driven.**
**Salary Range**
Salary Range: **$145,000 – $195,000 annually** for candidates in the Denver/Aurora, CO market. Compensation may vary based on experience, technical expertise, certifications, clearance status, leadership background, and mission requirements. Candidates with advanced architecture expertise, cloud\\-native development experience, or active security clearances may be considered above the listed range.","","https://www.indeed.com/cmp/Denovo-Solutions-3","","","","","","","","","","","",""
"in-96a5253c3aa8a99e","indeed","https://www.indeed.com/viewjob?jk=96a5253c3aa8a99e","https://jobs.empower.com/job/greenwood-village/marketing-copywriting-manager/42743/92734209296","Marketing Copywriting Manager","Empower","Greenwood Village, CO, US","2026-05-28","","","","","","",True,"","","","","**Job ID** R.0058502 **Primary location** Bengaluru, Karnataka **Date posted** 05/05/2026 **Worker type** Regular **Workplace flexibility** Remote \\- Nationwide
Our vision for the future is based on the idea that transforming financial lives starts by giving our people the freedom to transform their own. We have a flexible work environment, and fluid career paths. We not only encourage but celebrate internal mobility. We also recognize the importance of purpose, well\\-being, and work\\-life balance. Within Empower and our communities, we work hard to create a welcoming and inclusive environment, and our associates dedicate thousands of hours to volunteering for causes that matter most to them.


Chart your own path and grow your career while helping more customers achieve financial freedom. Empower Yourself.


We are currently seeking a Principal Software Engineer to oversee the software design process for products we are developing. In this position, you will develop and test software to ensure it meets the needs of our clients, performing code reviews and providing feedback to junior developers and engineers. Applicants should have a postsecondary degree as well as a significant amount of experience developing software using Java or C\\+\\+.


Job Duties:


* Lead and oversee the software design process
* Develop and test software to ensure it meets the needs of end\\-users
* Contribute to the improvement of development processes and software architecture
* Investigate and resolve complex technical issues and bottlenecks
* Collaborate with cross functional teams to debug and improve products
* Facilitate new software implementation
* Participate in code reviews and enforce standard practices within the team
* Continuously learn and adapt to modern technologies and development practices
* Mentor junior and mid\\-level engineers and provide technical guidance
* Provide technical support

Qualifications:
* Should have designed, developed, maintained a complex software solution involving multiple stakeholders.
* 5\\+ years of hands on experience in either Java or C\\+\\+
* Experience with Scrum and other Agile methodologies
* Solid Expertise on one or more Relational databases (MySQL, PostgreSQL etc.) , NoSQL databases (DynamoDB, Cassandra, Couchbase etc.) and distributed cache technologies such as Redis
* Proven experience in designing critical applications that interact with several other systems internally and externally.
* Experience on RESTful / gRPC micro services
* Strong documentation, problem\\-solving, and debugging skills
* Experienced in working in a Full stack environment
* Experience with one or more Cloud platforms AWS(Preferred), GCP
* Excellent communication and technical influencing skills
* Proven team player who can mentor other technical members of the team.

Preferred Qualifications:
* Bachelor’s or master’s degree in computer science, software engineering, or a related field (doctorate a plus)
* Experience in Finance, Wealth Management or similar


We are an equal opportunity employer with a commitment to diversity. All individuals, regardless of personal characteristics, are encouraged to apply. All qualified applicants will receive consideration for employment without regard to age, race, color, national origin, ancestry, sex, sexual orientation, gender, gender identity, gender expression, marital status, pregnancy, religion, physical or mental disability, military or veteran status, genetic information, or any other status protected by applicable state or local law.","","https://www.indeed.com/cmp/Empower-2d201365","","","","","","","","","","","",""
"in-b227b0dccfa40d5a","indeed","https://www.indeed.com/viewjob?jk=b227b0dccfa40d5a","https://jobs.smartrecruiters.com/JackLinksProteinSnacks/744000129009492-safety-specialists-full-time-30-hrs-per-week","Safety Specialists - Full-time 30 hrs per week","Jack Link's Protein Snacks","Weston, WI, US","2026-05-28","fulltime","direct_data","hourly",24.0,30.0,"USD",False,"","","","","**Company Description**  

At **Link Snacks**, we show up hungry, roll up our sleeves, plaid or otherwise, and dive straight into the hard work. We don’t hide from challenges; we hunt them down. We push harder, move faster, and take the kinds of big swings that built this business in the North Woods of Wisconsin four decades ago.


We’re everyday people who deliver extraordinary results. Innovation, creativity, and urgency aren’t buzzwords, they’re expectations. And just like the real protein snacks we make across our global house of brands—Jack Link’s®*,* Lorissa’s Kitchen®*,* Golden Island®*,* BiFi®*, and* Peperami® *and* KOOEE!® to name a few—there’s nothing artificial about us. What you see is exactly what you get: humble, gritty, passionate people who show up every day ready to not just be a participate in the meat snack industry that the Link Family created, but to move faster, innovate harder and keep raising the bar so high, the rest of the world needs a ladder just to see it.


Dominating this space across the world takes a team. A team that runs together, succeeds together, and celebrates together. A team that’s full of relentless energy and spirit that can only be fueled by one thing: a fist full of our delicious meat snacks.


Real Meat Protein. Real People. Real Results. THAT is Link Snacks.

 **Job Description** **Summary**

Responsible for administering, implementing, and continuously improving the company’s environmental, health, and safety programs to ensure compliance with OSHA and company standards while promoting a culture of safety.

**Duties and Responsibilities**

* Develops and implements safety programs such as lockout/tagout, machine guarding, fire protection, and other OSHA safety compliance programs.
* Advises the Company on safety protocols and procedures to ensure regulatory compliance as mandated by local, state, and federal agencies, including the Occupational Safety and Health Administration (OSHA), Environmental Protection Agency (EPA).
* Maintains OSHA logs and other required regulatory documentation.
* Conducts routine and follow\\-up safety and hazard inspections.
* Facilitating safety committee meetings (developing agenda, providing subject matter expertise, and ensuring compliance with regulations
* Coordinates and facilitates plant safety committee activities. Promote Safety Awareness through communication, education, and participation in safety initiatives.
* Identifies “toolbox” topics and frequency of training.
* Conducts accident, injury, and near\\-miss investigations; identifies root causes; recommends corrective actions; and tracks completion of corrective measures.
* Work with the Safety Director, Risk Management, and Human Resources on work\\-related injuries and illnesses and workers compensation coordination.
* Works with maintenance to ensure all machines and equipment are operating in a safe and efficient manner.
* Maintains and reports Safety/KPI metrics
	+ TRIR
	+ DART
	+ Near misses
	+ Training completion
	+ Audit scores
* Evaluates, recommends, and administers personal protective equipment (PPE) programs.
* Visitor and Coordinates contractor safety orientation and compliance.
* Performs other duties as assigned.

**Leadership**

* Ensures accuracy and integrity of all safety inspections, training records, and compliance documentation.
* Holds employees accountable for compliance with established safety procedures.
* Supports a culture which values employee safety and food safety.
* Supports a culture of openness and accountability.
* Sets an example by demonstrating professionalism; encourages and insists positive attitudes and behaviors from team members.
* Encourages employee initiative and innovation while recognizing effort and achievement.
* Creates and cultivates positive working relationships at all levels of the organization.
* Adhere to all company personnel policies.

**Knowledge, Skills \\& Abilities**

* Skilled in performing safety inspections ensuring compliance with OSHA safety standards.
* Able to communicate technical information to non\\-technical personnel.
* Able to gather data, compile information, and prepare reports.
* Able to develop, implement, and enforce safety programs and protocols.
* Knowledge of federal, state and local safety regulations, protocols, and/or procedures.
* Ability to react calmly and effectively in emergency situations.
* Skilled in developing safety procedures and protocols.
* Ability to investigate and analyze information and draw conclusions.
* Ability to work effectively with diverse populations.

  

**Qualifications** **Education and/or Experience**

Associates degree or equivalent from a two\\-year college or technical school; or one to three years related experience and/or training; or equivalent combination of education and experience. Trained in AED, First\\-Aid/CPR, OSHA 30, Forklift Trainer Certification, a plus preferred but not required. Prior experience in the Food industry, preferred. preferred but not required

**Computer Skills**

Working knowledge of computers and intermediate knowledge of Microsoft Excel.

 **Additional Information** *The pay range for this role is* $24 \\- $30 *(Hourly). Actual wage will vary based on several factors, including but not limited to external market data, internal equity, location, and candidate skill set and experience. Base pay is just one component of Jack Link’s Total Rewards package for Team Members. Other rewards may include annual incentive and program\\-specific awards. Jack Link’s provides a variety of benefits to eligible Team Members, including medical, dental and vision benefits, life and disability insurance, 401k participation, paid holidays, and paid time off.*

**PHYSICAL DEMANDS**:  

The physical demands described here are representative of those that must be met by an employee to be successfully perform the essential functions of this job. Reasonable accommodations may be made to enable individuals with disabilities to perform the essential functions.


While performing the duties of this job the employee is regularly required to stand, walk, use hands to finger, handle, or feel, lift and/or move up to 25 pounds, and talk or hear. The employee is occasionally required to sit, and reach with hands and arms. The employee must occasionally lift and/or move up to 50 pounds. Specific vision abilities required by this job include close vision.

**WORK ENVIRONMENT**:  

The work environment characteristics described here are representative of those an employee encounters while performing the essential functions of this job. The work environment is a plant / office setting with varying degrees of temperatures and noise levels. Exposure to manufacturing equipment movement and wet / slippery floors. Travel may be required.

**Equal Employment Opportunity Employer**  

Jack Link's is an equal opportunity employer and all qualified applicants will receive consideration for employment without regard to race, color, religion, sex, sexual orientation and gender identity, national origin, disability status, protected veteran status, or any other characteristic protected by law.

**E\\-Verify**  

Jack Link's provides the Social Security Administration (SSA) and, if necessary, the Department of Homeland Security (DHS), with information from each new Team Member’s Form I\\-9 to confirm work authorization. IMPORTANT: If the Government cannot confirm that you are authorized to work, we are required to provide you written instructions and an opportunity to contact SSA and/or DHS before taking adverse action against you, including terminating your employment. We do not use E\\-Verify to pre\\-screen job applicants or to re\\-verify current employees and may not limit or influence the choice of documents presented for use on the Form I\\-9\\. In order to determine whether Form I\\-9 documentation is valid, we use E\\-Verify’s photo screening tool to match the photograph appearing on some permanent resident and employment authorization cards with the official U.S. Citizenship and Immigration Services’ (USCIS) photograph. If you believe that Jack Link’s has violated our responsibilities under this program or has discriminated against you during the verification process based upon your national origin or citizenship status, please call the Office of Special Counsel at 1\\-800\\-255\\-7688 (TDD: 1\\-800\\-237\\-2515\\).


All your information will be kept confidential according to EEO guidelines.","","https://www.indeed.com/cmp/Jack-Link's-Protein-Snacks","https://d2q79iu7y748jz.cloudfront.net/s/_squarelogo/256x256/033c4f9d7a30e617a927b0ca3a9f07f5","http://www.jacklinks.com","","1,001 to 5,000","Decline to state","Jack Link's Protein Snacks is a family-owned and operated global leader in snacking and the No. 1 meat snack manufacturer worldwide.We have over 4,000 team members across 11 countries with 5 brands.","","","","","",""
"in-3e4e14e60d0d6ef3","indeed","https://www.indeed.com/viewjob?jk=3e4e14e60d0d6ef3","https://grnh.se/cqdn34ck1us","Software Development Engineer II, Engagement","CarGurus","Boston, MA, US","2026-05-28","","direct_data","yearly",112000.0,141000.0,"USD",False,"","","","","**Who we are**



At CarGurus (NASDAQ: CARG), our mission is to give people the power to reach their destination. We started as a small team of developers determined to bring trust and transparency to car shopping. Since then, our history of innovation and go\\-to\\-market acceleration has driven industry\\-leading growth. In fact, we're the largest and fastest\\-growing automotive marketplace, and we've been profitable for over 15 years.


**What we do**



The market is evolving, and we are too, moving the entire automotive journey online and guiding our customers through every step. That includes everything from the sale of an old car to the financing, purchase, and delivery of a new one. Today, tens of millions of consumers visit CarGurus.com each month, and \\~30,000 dealerships use our products. But they're not the only ones who love CarGurus—our employees do, too. We have a people\\-first culture that fosters kindness, collaboration, and innovation, and empowers our Gurus with tools to fuel their career growth. Disrupting a trillion\\-dollar industry requires fresh and diverse perspectives. Come join us for the ride!

**Role overview**



The Engagement team is looking for a full\\-stack or front\\-end Software Engineer II to build new consumer\\-facing experiences, leveraging AI and personalization data to drive increased user engagement on site, collect user feedback on dealers, and deliver content via existing and new marketing channels to help users on their car\\-buying journey. This team focuses on building the core experiences that keep shoppers informed, engaged, and coming back through notifications and on\\-site touchpoints. Whether it's helping a shopper stay on top of their saved searches or building confidence with dealership reviews, your work will shape how millions of users interact with the CarGurus marketplace.



To succeed in this role, this person must be able to learn and adapt quickly and collaborate well with both technical and non\\-technical collaborators. The job requires understanding of HTML and CSS for the e\\-mail domain, or a willingness to learn.


**What you'll do**


* Develop crisp e\\-mail UIs that increase on\\-site engagement
* Build and work with agentic tools to create new e\\-mail UI designs and manage governance of asset libraries and code
* Partner with back\\-end engineers in developing new data feeds and re\\-imagining the user subscription and consent experience
* Collaborate with Marketing, Product, and UX teams to ideate on new e\\-mail designs and streamline our brand experience
* Collaborate with cross\\-functional teams, including data analysts and product managers, to guide projects from concept through technical design, implementation, quality testing, and performance measurement, including design migrations
* Specify, handoff, and review work from external contractors
* Perform design and implementation review of proposed campaigns


**What you'll bring**


* Attention to detail and an eye for patterns in order to create reusable partials
* A creative mindset for overcoming the constraints of e\\-mail focused CSS
* Growth mindset and a willingness to experiment


**Nice to have**


* Experience with Iterable or other ESPs
* Experience with Litmus or other proofing tools
* Prior experience working with marketing stakeholders

  

**Working at CarGurus**



We reward our Gurus' curiosity and passion with best\\-in\\-class benefits and compensation, including equity for all employees, both when they start and as they continue to grow with us. Our career development and corporate giving programs, as well as our employee resource groups (ERGs) and communities, help people build connections while making an impact in personally meaningful ways. A flexible hybrid model and robust time off policies encourage work\\-life balance and individual well\\-being. Thoughtful perks like daily free lunch, a new car discount, meditation and fitness apps, commuting cost coverage, and more help our people create space for what matters most in their personal and professional lives.


**We welcome all**



CarGurus strives to be a place to which people can bring the ultimate expression of themselves and their potential—starting with our hiring process. We do not discriminate based on race, color, religion, national origin, age, sex, marital status, ancestry, physical or mental disability, veteran status, gender identity, or sexual orientation. We foster an inclusive environment that values people for their skills, experiences, and unique perspectives. That's why we hope you'll apply even if you don't check every box listed in the job description. We also encourage you to tell your recruiter if you require accommodations to participate in our hiring process due to a disability so we can provide the appropriate support. We want to know what only you can bring to CarGurus. \\#LI\\-Hybrid","","https://www.indeed.com/cmp/Cargurus","https://d2q79iu7y748jz.cloudfront.net/s/_squarelogo/256x256/825dfe5a0d53173e06d4f52d41092838","https://careers.cargurus.com/","Boston, MA","1,001 to 5,000","$500M to $1B (USD)","We give people the power to reach their destination. Join us for the ride!","","","","","",""
"in-d5c5b6d67f54ca85","indeed","https://www.indeed.com/viewjob?jk=d5c5b6d67f54ca85","https://pm.healthcaresource.com/CS/westpark/#/job/3241","EMT BASIC or INTERMEDIATE-CODY (FT)","Cody Regional Health","Cody, WY, US","2026-05-28","fulltime","","","","","",False,"","","","","Req \\# 5108

  

  

**DEPARTMENT:** Emergency Medical Services \\- CODY  

**REPORTS TO:** Emergency Medical Services Director


**JOB SUMMARY**  

*The Emergency Medical Technician \\- Basic (EMT\\-B)* provides direct and indirect care through the Policies, Protocols, and Guidelines set by Cody Regional Health (CRH), Cody Regional Health Emergency Medical Services (CRH\\-EMS), and the State of Wyoming Office of EMS (OEMS); and is accountable for and provides care within the set standards of practice. The Emergency Medical Technician – Basic is a member of the Emergency Medical Services (EMS) team and must work with Fire Department Personnel, Law Enforcement, and other healthcare providers to deliver care to ill and injured patients in the out\\-of\\-hospital as well as hospital setting.


*The Emergency Medical Technician – Intermediate (EMT\\-I)* provides direct and indirect care through the Policies, Protocols, and Guidelines set by Cody Regional Health (CRH), Cody Regional Health Emergency Medical Services (CRH\\-EMS), and the State of Wyoming Office of EMS (OEMS); and is accountable for and provides care within the set standards of practice. The Emergency Medical Technician – Basic is a member of the Emergency Medical Services (EMS) team and must with Fire Department Personnel, Law Enforcement, and other healthcare providers to deliver care to ill and injured patients in the out\\-of\\-hospital as well as hospital setting.


**JOB REQUIREMENTS**  

Minimum age 21 years old.


*EMT BASIC or NREMT\\-BASIC*: Currently licensed as a Wyoming EMT\\-Basic (with National Registry preferred).


*EMT\\-INTERMEDIATE*: currently licensed as Wyoming Full Module EMT Intermediate.


**EXPERIENCE**  

*EMT BASIC:* None required, entry level position.


*EMT INTERMEDIATE:* One year as an EMT\\-Basic.


**SKILLS**


* Good driving skills are essential.
* Must have ability to quickly and calmly react to life threatening situations.
* Able to perform effectively in highly stressful situations.
* Ability to communicate with a variety of people of different cultural backgrounds and educational levels.
* Must possess a high degree of confidentiality in all matters with the ability to manage sensitive and confidential situations with tact, professionalism, and diplomacy.
* Knowledge of aseptic technique and infection control principles.
* Excellent communication skills.
* Effective computer and keyboarding skills.
* Well\\-developed written and oral communication skills and interpersonal skills are necessary.
* Must have ability to learn and use Microsoft Office Suite products including Word and Outlook.
* Ability to learn new computer software applications.
* Ability to assess and treat patients to the US DOT and State of Wyoming OEMS EMT\\- Basic Level or OEMS EMT\\-Intermediate Level.


**REQUIRED CERTIFICATIONS**  

*EMT BASIC:* BLS (AHA), Valid Wyoming Driver’s License.


*EMT INTERMEDIATE:* BLS (AHA), ACLS (AHA); PALS (AHA). Clean valid Wyoming Driver’s License.","","https://www.indeed.com/cmp/Cody-Regional-Health","https://d2q79iu7y748jz.cloudfront.net/s/_squarelogo/256x256/08abd505ba39eeaddf922f76137482c5","https://www.codyregionalhealth.org/","","","","","","","","","",""
"in-00c961c73abf2cbd","indeed","https://www.indeed.com/viewjob?jk=00c961c73abf2cbd","https://careers.bigbear.ai/jobs/4439/job?utm_source=indeed_integration&iis=Job%20Board&iisn=Indeed&indeed-apply-token=73a2d2b2a8d6d5c0a62696875eaebd669103652d3f0c2cd5445d3e66b1592b0f","Sr. Application Developer","BigBear.ai","Washington, DC, US","2026-05-27","fulltime","","","","","",True,"","","","","Overview:
**BigBear.ai** is seeking a Mid\\-Level **Application Developer** to support the Defense Intelligence Agency (DIA).

**This position will be based out of Washington, D.C. and will offer remote flexibility.**


You will be joining our amazing BigBear.ai team to provide development for legacy and existing systems whether it’s building out new features, enhancements, or bug fixes and adding features that will allow our successor system to integrate with older legacy systems so that both systems can co\\-exist. This position will require 2 days of onsite support with remaining days providing developer support remotely.
What you will do:

As a Senior\\-Level Application Developer, some of your duties will require you to independently manage multiple complex work assignments with minimal oversight and review. Assignments may be broad in nature, requiring originality and innovation in determining how to accomplish tasks. Operates with appreciable latitude in developing methodology and presenting solutions to problems. Contributes to deliverables and performance metrics where applicable. Applies a comprehensive knowledge across key tasks and high impact assignments. Plans and leads major technology assignments. Evaluates performance results and recommends major changes affecting short\\-term project growth and success. Functions as a technical expert across multiple project assignments. May supervise others.  


What you need to have:
* Must maintain an active TS/SCI clearance with poly or eligible for a poly
* Master’s degree and 8\\+ years of experience with application or software development with least a portion of the experience within the last 2 years or Bachelor’s degree and 10\\+ years of experience with application or software development as a substitute to a Master’s degree.
* Experience using Node.js with Typescript, SQL, PostgreSQL, Redis, and Elasticsearch
* Experience with Angular and NestJS, JSON, Java, JavaScript, SharePoint, XML, VBAs, Oracle, MongoDB, Solr, SQL, Open AI, or other AI technologies
* Experience with Docker containers and/or Red Hat Openshift.
* Experience creating solutions to complex problems within a collaborative, cross\\-functional team
* Ability to work with automated testing tools to perform testing and maintenance


What we'd like you to have:
* Experience with Python
* Familiarity with Piwik/Matomo
* Experience creating solutions to complex problems within a collaborative, cross\\-functional team
* Ability to work with automated testing tools to perform testing and maintenance


About BigBear.ai:

BigBear.ai is a leading provider of AI\\-powered decision intelligence solutions for national security, supply chain management, and digital identity. Customers and partners rely on Bigbear.ai’s predictive analytics capabilities in highly complex, distributed, mission\\-based operating environments. Headquartered in McLean, Virginia, BigBear.ai is a public company traded on the NYSE under the symbol BBAI. For more information, visit https://bigbear.ai/ and follow BigBear.ai on LinkedIn: @BigBear.ai and X: @BigBearai.  

BigBear.ai is an Equal opportunity employer all protected groups, including protected veterans and individuals with disabilities.","","https://www.indeed.com/cmp/Bigbear.ai","https://d2q79iu7y748jz.cloudfront.net/s/_squarelogo/256x256/90bbf616d5b14617436293133af7973e","https://bigbear.ai","7950 Jones Branch 
Drive McLean VA 22102","501 to 1,000","$100M to $500M (USD)","BigBear.ai fuses artificial intelligence with deep mission expertise, empowering decision-makers and operators to act with speed, precision, and confidence.","","","","","",""
"in-feb7f83fca19e937","indeed","https://www.indeed.com/viewjob?jk=feb7f83fca19e937","https://recruiting.paylocity.com/Recruiting/Jobs/Details/4195148/Cumberland-Heights-Foundation-Inc/Clinical-Coordinator?source=Indeed_Feed","Clinical Coordinator","Cumberland Heights Foundation","Nashville, TN, US","2026-05-22","fulltime","","","","","",False,"","","","","Description:  



We are looking for you! Do you want to be a part of the team that transforms lives? Cumberland Heights is more than a campus on 177 acres, it’s a community. Our mission is providing the highest quality care possible for persons and families who are at risk for or who are suffering from the disease of chemical dependency. Treatment encompasses the physical, mental, emotional, and spiritual dimensions of recovery by offering a safe, loving and healing environment, combining professional excellence and the principles of the Twelve Steps.

**Cumberland Heights Foundation offers a comprehensive benefits program, which includes:**

* Medical, Dental and Vision effective 1st day of month following 28 days of employment
* Employer Contribution for Health Saving Account or Health Reimbursement Account
* 401K with Company match and eligibility after 90 days of employment
* Paid Time Off (PTO) accrual beginning day (1\\) one and up to 20 days of PTO the first year

**POSITION SUMMARY**


The Clinical Coordinator is responsible for the clinical operations and resource management of an assigned clinical population or area. This position works with the Program Director and direct care staff members to ensure that all services provided are of the highest quality, meet applicable law and regulatory body standards, and carry out the organizational mission.

 **PRIMARY DUTIES AND RESPONSIBILITIES** include the following:

* In conjunction with Chief Clinical Officer and/or Program Director, develops, implements, supervises, and evaluates appropriate age/population specific clinical services including continuum of care.
* Directs day to day human resources management for the assigned area, consulting with the Program Director in the areas of recruiting, hiring, disciplinary action, and terminations.
* Provides ongoing training, feedback, and daily clinical supervision of staff, directly and indirectly, as defined by licensure and clinical privileges, consulting with the Program Director as needed.
* Implements policies and procedures related to age/population specific program services, reviewing them with staff members at regular staff meetings and as needed.
* Works with the Program Director to design and evaluates work processes to increase quality and efficiency in caring for assigned patient population and/or area.
* Works with the Program Director to provide feedback for the budget process and to manage the financial resources of the assigned area.
* Conducts and supervises quality improvement activities, including participation in process improvement teams, data collection, resolution of customer complaints, and other projects as assigned by the Program Director.
* Participates in public relations and marketing activities for the organization as needed
* Provides direct care services as needed within scope of practice defined by licensure and clinical privileges.
* Performs CPR and First Aid as needed.
* Ensures that a welcoming, safe and healing environment is maintained for each patient and family throughout the continuum of care.
* Recommends ways to improve the quality and delivery of services.
* Ensures proper handling and distribution of company funds.
* Maintains confidentiality of company and patient information.
* Reacts productively to change.
* Performs other duties as assigned.

 **SUPERVISORY RESPONSIBILITIES**


Supervises department staff in conjunction with the Program Director. Carries out supervisory responsibilities in accordance with the organization’s policies and applicable laws. Responsibilities include interviewing, hiring, and training employees; planning, assigning, and directing work; appraising performance; rewarding and disciplining employees; addressing complaints and resolving problems, in conjunction with the Program Director.


Requirements:
* Master’s Degree in Counseling or related field or LADAC II required; LPC, MSHP, LCSW or equivalency preferred.
* Minimum of five (5\\) years clinical experience with two (2\\) years supervisory experience with ability to provide clinical supervision to counselors and therapists, preferred.
* Experience with financial management and decision making skills preferred.
* Intermediate computer skills including Microsoft (Outlook, Work and Excel).
* Ability to learn and effectively utilize clinical (EMR) software programs.
* Thorough familiarity with substance use disorder treatment, co\\-occurring mental health disorders, evidence\\-based practice(s) of the Cumberland Heights Model of Care, and Twelve Step treatment philosophy as well as ability to teach and model same.
* Knowledge of and ability to apply information regarding cultural/age/population specific characteristics to patient care in assigned area(s).
* Knowledge of state of the art drug/alcohol treatment options.
* Excellent ability to problem\\-solve, analyze, and interpret information.
* Excellent organizational skills for managing and prioritizing multiple tasks and assignments,
* Ability to adapt to changing circumstances and patient needs in a fast\\-paced environment.
* Ability to be open and culturally sensitive to a wide variety of patients’ experiences.
* Ability to deescalate a person in crisis in a calm and supportive manner and to teach same.
* Excellent written and oral communication skills with the ability to effectively speak, read and write in English.
* Ability to interact with all levels of personnel, interact with co\\-workers and lead a team in a collaborative and courteous manner while providing guidance, instruction, and training.
* If recovering, one year of verifiable abstinence is required with five years preferred.

**WORK ENVIRONMENT:**

* Position is on a campus with multiple buildings (including rough or uneven terrain) that involves the ability to move from one location to another rapidly when crisis occurs.
* Position requires frequent contact with people in crisis, including those who are emotionally volatile and may require additional safety precautions.
* May perform CPR/First Aid as needed (being certified or eligible is required)
* Position is subject to long hours and some travel with rotating on\\-call responsibilities as well as staying overnight for inclement weather as part of critical staffing.
* Ability to lift up to 20 pounds and/or push pull up to 50 lbs
* Ability to speak, hear, see, sit, walk, stand, reach, and use fine/gross motor skills.","","https://www.indeed.com/cmp/Cumberland-Heights-Foundation","https://d2q79iu7y748jz.cloudfront.net/s/_squarelogo/256x256/1359c6d1c8f517fb1d50bff800fd536a","https://cumberlandheights.org/","Nashville, TN","201 to 500","$25M to $100M (USD)","Cumberland Heights' mission is to transform lives, giving hope and healing to those affected by alcohol or drug addiction.
","","","","","",""
"in-17022e7690a40e94","indeed","https://www.indeed.com/viewjob?jk=17022e7690a40e94","https://careers-uti.icims.com/jobs/10515/job?utm_source=indeed_integration&iis=Job%20Board&iisn=Indeed&indeed-apply-token=73a2d2b2a8d6d5c0a62696875eaebd669103652d3f0c2cd5445d3e66b1592b0f","Benefits Manager","Universal Technical Institute","Phoenix, AZ, US","2026-05-19","","","","","","",True,"","","","","Overview:

The Benefits Manager oversees the employee benefits program and manages the Benefits Team. Under the direction of, and in collaboration with the, VP of Total Rewards, this position develops and implements a comprehensive benefits package that meets the needs of the company and its employees. The Benefits Manager monitors plans and policies to ensure compliance with legal requirements and company objectives. This position is accountable for staying informed of industry changes, regulatory requirements, and best practices. **What We Offer:*** **Tuition Waiver**: Enjoy a tuition waiver after 6 months of employment for you AND your immediate family offered at UTI and Concorde campuses
* **Paid Time Off**: Competitive paid time off programs for employees (Vacation, Sick, Flexible)
* **Retirement Matching**: 50% match on the first 6% of your contributions after 90 days
* **Paid Parental Leave**: 4 weeks of paid leave for both birthing and non\\-birthing parents to bond with a new baby
* **Competitive Insurance**: Health, vision, and dental coverage for you and your dependents
* **Pet Insurance**: Competitive coverage for your furry family members through ASPCA
* **Health Plan Enrollment**: Eligibility starts first of the month following completing one full month of employment


Responsibilities:
**Principal Accountabilities \\& Deliverables*** Administer health, welfare, and retirement benefits programs, handling processes, billing, deductions, and leave management
* Ensure compliance with regulations (e.g. ERISA, the Affordable Care Act, etc.) and mandatory notices
* Provide clear communication to employees and management about benefit program features, plans, and options
* Oversee relationships with vendors, including insurance and pension brokers and consultants
* Resolve benefit\\-related issues and respond to queries and requests in a timely manner
* Evaluate the efficiency and value of current benefit programs and make recommendations for improvement
* Collaborate with payroll and ensure that employer contributions and payroll deductions are processed accurately and in a timely manner
* Maintain and create records, reports, and documentation in accordance with federal, state, and provider regulations
* Ensures plan documents are current and accurate for each plan and filed/communicated appropriately throughout the year
* Monitor compliance with laws and regulations related to benefits
* Establish/maintain a high performance team of professional, motivated and engaged staff utilizing effective training, performance management and career\\-development activities while leading them to achieve established business results and performance metrics.
* Recognizes and rewards employee contributions and achievements.
* Other duties as assigned.

  


Qualifications:
**Education / Experience*** HS Diploma or GED (required); Bachelor's degree in Business, Human Resources, or related field (preferred)
* Minimum of five (5\\) years progressive benefits experience (required)
* Specific experience in education, or other highly regulated field, and multi\\-site, multi\\-state environments (highly preferred)
* Strong working knowledge of:
	+ Federal, state, and local regulations related to health and welfare benefit plans and 401(k) retirement plans (especially ACA, ERISA, and state specific leave/disability regulations)
	+ Investigatory protocols, procedures, and best practices (e.g. Harassment, discrimination, etc.)
	+ Principles and procedures for benefits administration, organizational change management, project management, benefit platforms (PlanSource), and HRIS Systems (UKG)
	+ Auditing processes and procedures
	+ Record keeping, versioning, document retention and other administrative processes and procedures

**Skills*** Actively look for ways to assist with employee's needs
* Understand the implications of new information for both current and future problem\\-solving and decision\\-making
* Be aware of others' reactions and understanding why they react as they do
* Identify complex problems and reviewing related information to develop and evaluate options and implement solutions
* Present ideas in a clear and compelling manner, both verbally and in written format
* Exceptional listening and conflict resolution skills
* Intermediate level presentation communication skills
* Drive, and be accountable for, results in a fast\\-paced environment
* Intermediate level proficiency with productivity software (MS Office), HRIS (UKG), benefits platforms (PlanSource), and other enterprise\\-level software (Adobe DC, SharePoint, etc.)
* Ability and willingness to test own and other’s work
* Ability to identify and resolve system problems or defects
* Ability to use good judgment, problem\\-solving and decision\\-making skills
* Ability to maintain confidentiality and manage sensitive information with discretion
* Ability to work in a fast\\-paced environment where deadlines are essential and multiple projects are worked simultaneously
* Ability to gain, understand and apply information and data as it relates essential functions of the position
* Ability to foster long\\-term relationships with stakeholders

 **Work Environment*** Work is performed indoors in a climate\\-controlled environment.
* Role is eligible for Remote work","","https://www.indeed.com/cmp/Universal-Technical-Institute","https://d2q79iu7y748jz.cloudfront.net/s/_squarelogo/256x256/0b36842af94fb3276d255af1a5c75c5d","https://www.uti.edu","Phoenix, AZ","1,001 to 5,000","$100M to $500M (USD)","UTI is the premier technician training school for the transportation industry.","","","","","",""
"in-2eca2614dcb7e608","indeed","https://www.indeed.com/viewjob?jk=2eca2614dcb7e608","https://careers.bigbear.ai/jobs/4438/job?utm_source=indeed_integration&iis=Job%20Board&iisn=Indeed&indeed-apply-token=73a2d2b2a8d6d5c0a62696875eaebd669103652d3f0c2cd5445d3e66b1592b0f","Application Developer - Mid Level","BigBear.ai","Washington, DC, US","2026-05-18","fulltime","","","","","",True,"","","","","Overview:
**BigBear.ai** is seeking a Mid\\-Level **Application Developer** to support the Defense Intelligence Agency (DIA).

**This position will be based out of Washington, D.C. and will offer remote flexibility.**

You will be joining our amazing BigBear.ai team to provide development for legacy and existing systems whether it’s building out new features, enhancements, or bug fixes and adding features that will allow our successor system to integrate with older legacy systems so that both systems can co\\-exist. This position will require \\~2 days of onsite support with remaining days providing developer support remotely.


What you will do:

As a Mid\\-Level Application Developer, some of your duties will require you to independently manage multiple complex work assignments with minimal oversight and review. Assignments may be broad in nature, requiring originality and innovation in determining how to accomplish tasks. Operates with appreciable latitude in developing methodology and presenting solutions to problems. Contributes to deliverables and performance metrics where applicable.
What you need to have:
* **TS/SCI clearance with a polygraph is required**
* Bachelors degree and 6\\+ years of experience with application or software development with least a portion of the experience within the last 2 years or Master's degree and 4\\+ years of experience with application or software development
* Experience using Node.js with Typescript, SQL, PostgreSQL, Redis, and Elasticsearch
* Experience with Angular and NestJS, JSON, Java, JavaScript, SharePoint, XML, VBAs, Oracle, MongoDB, Solr, SQL, Open AI, or other AI technologies
* Experience with Docker containers and/or Red Hat Openshift.


What we'd like you to have:
* Experience with Python
* Familiarity with Piwik/Matomo
* Experience creating solutions to complex problems within a collaborative, cross\\-functional team
* Ability to work with automated testing tools to perform testing and maintenance


About BigBear.ai:

BigBear.ai is a leading provider of AI\\-powered decision intelligence solutions for national security, supply chain management, and digital identity. Customers and partners rely on Bigbear.ai’s predictive analytics capabilities in highly complex, distributed, mission\\-based operating environments. Headquartered in McLean, Virginia, BigBear.ai is a public company traded on the NYSE under the symbol BBAI. For more information, visit https://bigbear.ai/ and follow BigBear.ai on LinkedIn: @BigBear.ai and X: @BigBearai.  

BigBear.ai is an Equal opportunity employer all protected groups, including protected veterans and individuals with disabilities.","","https://www.indeed.com/cmp/Bigbear.ai","https://d2q79iu7y748jz.cloudfront.net/s/_squarelogo/256x256/90bbf616d5b14617436293133af7973e","https://bigbear.ai","7950 Jones Branch 
Drive McLean VA 22102","501 to 1,000","$100M to $500M (USD)","BigBear.ai fuses artificial intelligence with deep mission expertise, empowering decision-makers and operators to act with speed, precision, and confidence.","","","","","",""
"in-6192b86fa6dd23bb","indeed","https://www.indeed.com/viewjob?jk=6192b86fa6dd23bb","https://careers.astrion.us/jobs/23930/job?utm_source=indeed_integration&iis=Job%20Board&iisn=Indeed&indeed-apply-token=73a2d2b2a8d6d5c0a62696875eaebd669103652d3f0c2cd5445d3e66b1592b0f","Basic Flight Test Engineer","Astrion","Redstone Arsenal, AL, US","2026-05-14","fulltime","","","","","",False,"","","","","Overview:
**Flight Test Engineer**

**LOCATION:** Huntsville, Alabama

**JOB STATUS:** Full Time

**CLEARANCE:** Secret

**TRAVEL:** As Needed

  

Astrion is seeking a basic level Flight Test Engineer to support Missile Defense Agency's (MDA) Director of Test (DT) Flight Test Directorate (DTF). At Astrion, we are at the forefront of new missile defense technologies and support MDA’s rigorous operational and developmental testing. This exciting, rewarding work helps guarantee the security of the United States and our Allies. Join a professional team of highly qualified engineers, analysts, scientists, and technicians supporting the research, development, testing, and evaluation of the missile defense system whose purpose is to detect, track, engage, and destroy adversary missiles.

 **Your typical day** – Our MDA engineers work in modern, well\\-appointed government facilities on Redstone Arsenal located in Huntsville, Alabama. Huntsville, known as Rocket City, USA, is the hub of missile and space operations, research and development. You will collaborate with other missile defense experts – military, government civilians, and contractors from Astrion and other companies. Our team of experts helps the Government manage planning, development, analysis and delivery of state\\-of\\-the art sensors, weapons, communications, and command/control systems. You will be part of the team that conducts successful intercepts of target missiles by one of our Missile Defense System (MDS) weapon systems.

 **REQUIRED QUALIFICATIONS / SKILLS*** BS in Engineering or technical field pertinent to the position being filled. 5 years relevant experience may be substituted for the BA/BS degree requirement. No direct experience required.
* Eligibility to obtain and maintain at least a Secret security clearance
* Motivated self\\-starter
* Possess strong oral and written communication skills, and have the ability to work effectively in a dynamic fast paced, professional team environment with the ability to adjust/react to short notice requirements; ability to speak in meetings and to MDA leadership
* Demonstrated skills in a high tempo work environment
* Ability to follow established processes and procedures to solve routine test planning, integration, execution, and analysis problems
* Proficient with the MS Office suite of tools

 **PREFERRED QUALIFICATIONS / SKILLS**

* Knowledge of MDA test planning, processes and execution
* Knowledge of Missile Defense System components and system\\-level topics
* Capable of working as a team member to solve engineering problems to solve test planning, integration, execution, and analysis problems

**RESPONSIBILITIES**
The Flight Test Engineer will provide programmatic, technical, and analytical support to the Missile Defense Agency, Director for Flight Test Integrated Execution (DTFI). The position requires a quick learner who can support Advanced and Intermediate Analysts and Engineers by developing and coordinating mission support documentation, executive/technical briefings and other administrative tasks. Travel is required (20\\+ % of travel is required and may include overseas locations).

  



Key responsibilities will include:

* Assist with coordination, integration, and execution across all phases of mission flight test events.
* Assist in product development of mission planning, readiness and execution support documentation.
* Prepare decision\\-quality materials such as executive level briefings and supporting documentation (white papers, fact sheets, status reports, progress reports, and information papers) for senior level reviews and mission milestone decision meetings.
* Assist with the development of planning meetings, MDA technical reviews, and other meetings, as directed.
* Provide on\\-site support to System Mission Managers (SMM) or Mission Test Directors (MTD) at deployed locations for assigned flight test missions.
* Provide input for weekly test community meetings and working groups to include briefing charts and meeting attendance.
* Assist in the development of flight test / mission checklists that provide real time flight execution activities for various stakeholders
* Support all phases of test planning, training and execution of Tier 1/2/3 test environments.
* Produce test procedures, (checklist) detailing time critical events supporting the Mission Countdown Events (CDE) and update mission documentation as calendar adjustments are scheduled


\\#CJ","","https://www.indeed.com/cmp/Astrion","https://d2q79iu7y748jz.cloudfront.net/s/_squarelogo/256x256/bdafd7331c0250e9293bf76dac73e9bf","https://www.oasissystems.com/","Burlington, NC","1,001 to 5,000","$100M to $500M (USD)","Deliver results with impact.
This is how we do it. We deliver concrete, measurable results that create real impact on our customers’ missions.","","","","","",""
"in-47bff2c29435a63c","indeed","https://www.indeed.com/viewjob?jk=47bff2c29435a63c","https://careers.astrion.us/jobs/23869/job?utm_source=indeed_integration&iis=Job%20Board&iisn=Indeed&indeed-apply-token=73a2d2b2a8d6d5c0a62696875eaebd669103652d3f0c2cd5445d3e66b1592b0f","Flight Test Engineer","Astrion","Redstone Arsenal, AL, US","2026-05-06","fulltime","","","","","",False,"","","","","Overview:
**Flight Test Engineer**

**JOB LOCATION:** Huntsville, AL**STATUS:** Full Time**CLEARANCE:** Ability to Obtain SecretAstrion is seeking an intermediate level Flight Test Engineer to support Missile Defense Agency's (MDA) Director of Test (DT) Flight Test Directorate (DTF). At Astrion, we are at the forefront of new missile defense technologies and support MDA’s rigorous operational and developmental testing. This exciting, rewarding work helps guarantee the security of the United States and our Allies. Join a professional team of highly qualified engineers, analysts, scientists, and technicians supporting the research, development, testing, and evaluation of the missile defense system whose purpose is to detect, track, engage, and destroy adversary missiles.

 **Your typical day** – Our MDA engineers work in modern, well\\-appointed government facilities on Redstone Arsenal located in Huntsville, Alabama. Huntsville, known as Rocket City, USA is the hub of missile and space operations, research and development. You will collaborate with other missile defense experts – military, government civilians, and contractors from Astrion and other companies. Our team of experts helps the Government manage planning, development, analysis and delivery of state\\-of\\-the art sensors, weapons, communications, and command/control systems. You will be part of the team that conducts successful intercepts of target missiles by one of our Missile Defense System (MDS) weapon systems.

 **REQUIRED QUALIFICATIONS / SKILLS*** Bachelor of Science degree in an engineering field
* 7 years of recent relevant experience
* Eligibility to obtain and maintain at least a Secret security clearance
* Knowledge of Missile Defense System components and system\\-level topics
* Experience working in a fast paced, professional environment with the ability to adjust/react to short notice requirements
* Capable of working as a team member to solve engineering problems to solve test planning, integration, execution, and analysis problems
* Must be willing to travel up to 25% of the time
* Proficient with the MS Office suite of tools

 **PREFERRED QUALIFICATIONS / SKILLS**

* In depth knowledge of the Missile Defense System (MDS) capability
* In depth knowledge of MDA test planning, processes and execution
* Experience in developing standardized plans, processes, and checklists
* Self\\-motivated; possess strong oral and written communication skills, and have the ability to work effectively in a dynamic team environment
* Proficient with Windows\\-based PC software (e.g. Word, PowerPoint, Excel, MS Teams)

**RESPONSIBILITIES**  

The Flight Test Engineer is essential for coordinating plans and processes, training personnel, and supporting flight test execution. This role is responsible for supporting the government customer in designing, developing, and implementing comprehensive training programs for MDA flight test personnel. The primary objective is to ensure the test training program runs efficiently, on schedule, and in accordance with established procedures, providing the backbone for successful mission execution. Key responsibilities will include:

* Support execution and management of on\\-console and classroom training schedules for all personnel across MDA and its partners. Identify, generate, and manage schedules, course requirements, and resource allocation to ensure operational readiness.
* Develop and implement standardized plans, processes, and checklists to enhance program efficiency. Manage essential documentation to support mission execution and post\\-test activities.
* Provide leadership with clear reports and tools to assess the certification and readiness status of the Mission Execution Team. Ensure all personnel and resources are aligned and prepared for assigned flight test missions.
* Provide on\\-site support at deployed locations, acting as a key coordinator for Test Directors and Chief Evaluators.
* Develop and implement robust evaluation strategies to measure the effectiveness of training programs. Analyze feedback and performance data to continuously improve training


\\#CJ","","https://www.indeed.com/cmp/Astrion","https://d2q79iu7y748jz.cloudfront.net/s/_squarelogo/256x256/bdafd7331c0250e9293bf76dac73e9bf","https://www.oasissystems.com/","Burlington, NC","1,001 to 5,000","$100M to $500M (USD)","Deliver results with impact.
This is how we do it. We deliver concrete, measurable results that create real impact on our customers’ missions.","","","","","",""
"in-176a8eb66c65e8f9","indeed","https://www.indeed.com/viewjob?jk=176a8eb66c65e8f9","https://careers.footlocker.com/jobs/68435/job?utm_source=indeed_integration&iis=Job%20Board&iisn=Indeed&indeed-apply-token=73a2d2b2a8d6d5c0a62696875eaebd669103652d3f0c2cd5445d3e66b1592b0f","Sr. Planner, Merchandising - WSS (Hybrid)","Foot Locker","Gardena, CA, US","2026-04-29","fulltime","direct_data","yearly",100000.0,135000.0,"USD",False,"","","","","Overview:
**This hybrid position will be located at our WSS Corporate Office in Gardena, CA. Expectations for hybrid in\\-office schedule is three days a week, typically Tuesday, Wednesday, and Thursday.**  

WSS is hiring a Sr. Merchandise Planner to join our team! The Sr. Planner is responsible for developing and maintaining strategic plans by brand or category that drive sales for a particular area of the business. By partnering with the Buyer, producing meaningful analysis, and accurately forecasting, the Sr. Merchandise Planner’s goal is to maximize opportunities and minimize risks. In addition, the Sr. Merchandise Planner will lead special projects and mentor junior teammates in the department. **Corporate Office \\- WSS**  

879 W 190th St  

Gardena, CA 90248 *Applicants must be currently authorized to work in the United States on a full\\-time basis. At this time, Foot Locker will not sponsor a new applicant for employment authorization, or offer any immigration related support for this position (i.e. H1B, F\\-1 OPT, F\\-1 STEM OPT, F\\-1 CPT, J\\-1, TN, or another type of work authorization.*
Responsibilities:
* Develop and communicate pre\\-season sales, stock, and margin plans by brand or category based on historical data and current trends that support total company objectives.
* Manage area Open\\-to\\-Buy (OTB) to maintain appropriate stock levels, capitalize on emerging sales trends, and guide receipt flow to ensure volume driving product is received in timely manner.
* Re\\-forecast (sales, margin, and turn) OTB on a weekly basis and conduct weekly meetings with buyers and allocators to discuss current business and plans of action as a team.
* Manage Ladder Plans for key items within area of responsibility to ensure appropriate stock levels are met throughout the year.
* Leverage Business Intelligence tools to develop relevant reporting and meaningful ad\\-hoc analysis to support buying team during pre\\-season and in\\-season time periods.
* Analyze size selling by market in order to determine appropriate size runs for orders shipped to distribution center.
* Present category performance and go\\-forward strategies to management and entire Merchandising department with concise recaps and sound action plans.
* Partner with Buyer and develop seasonal business plans that lay groundwork to achieve plan results through identifying growth, maintain, and down\\-trending brands or categories.
* Use experience and creativity to address business issues or opportunities; recommend thorough plans of action.
* Work closely with Buyers and Allocators to react to any opportunities or risks uncovered at the store level.
* Take ownership of special projects and relay conclusions or strategies to management.


Qualifications:
**EDUCATION and/or EXPERIENCE REQUIREMENTS:*** Minimum of 5 years retail planning experience.
* High School diploma or equivalent required; 4\\-year college degree (bachelor’s degree) in Apparel, Merchandising, Design, Finance/Economics, Retail Management or other business degrees preferred
* Strong computer skills; particularly Excel, PPT, Word.
	+ Intermediate Excel skills with formulas, pivot tables, vlookups and charts \\& graphs.
* Experience with Power BI is a plus.

**COMMUNICATION SKILLS:*** Must be comfortable leading presentations and meetings pertaining to area of responsibility.
* Excellent interpersonal skills and ability to lead.

**MATHEMATICAL SKILLS:*** Strong Retail Math knowledge is a must.
* Candidate must understand all elements of Open\\-to\\-Buy.
* Understand calculations for all metrics (sell\\-through, turnover, margin, AUR, etc.).

**REASONING ABILITY:*** Ability to define problems and recommend plans of action using factual information.
* Strong analytical skills.

**OTHER SKILLS and ABILITIES:*** Ability to remain flexible, prioritize, and respond to changing requests from management and cross functional team.
* Ability to effectively communicate with all levels of staff and management.
* Be an independent and self\\-motivated team player.

 *To uphold the security and fairness of our hiring process, we ask that candidates refrain from using AI tools, including ChatGPT, during interviews and assessments. To ensure a smooth and secure experience, please review the following guidelines:** *Cameras must be on for all virtual interviews.*
* *AI tools are strictly prohibited during interviews or assessments.*

*We appreciate your understanding and cooperation as we work together to create a transparent and equitable hiring experience.*
Benefits:

The annual base salary range is $100000 – $135000 / year. This range represents the anticipated low and high end of the salary for this position. This role is also eligible to receive short term incentives that align with team and company performance. Salary will be determined by the education, experience, knowledge, skills, and abilities of the applicant, internal equity, and alignment with market data. Salary is one component of the Foot Locker, Inc. total compensation package, which includes the below.* Paid Time Off, Paid Parental Leave
* Life, Medical, Dental, and Vision Coverage – Individual and Family Plans
* Self\\-Development \\& Recognition Programs
* Advancement Opportunities
* 401k Retirement Plan and HSA Contributions
* 30%\\-50% Employee Discount \\- Friend \\& Family Events
* Community Engagement Opportunities


The above statements are intended to describe the general nature and level of work being performed by people assigned to this job. They are not intended to be construed as an exhaustive list of all responsibilities, duties and skills required.  

WSS is the premier footwear retailer in the U.S. doing business in neighborhood\\-based stores. Consumers trust WSS for the best brands, greatest values and largest selection of athletic, dress, fashion, and casual footwear for the entire family. Our large store format enables us to showcase thousands of styles from top brands like Nike, Jordan, Vans, Converse, Adidas, Puma, Skechers, etc. In addition, WSS carries high quality private brands augmenting the breadth of selection to deliver amazing value to our customers.  

Founded in Southern California in 1984 by entrepreneur Eric Alon, all WSS stores feature a unique retail format that displays every style and size. This allows customers to browse on their terms, in a hassle\\-free environment, engaging the friendly and knowledgeable sales staff when they choose. The success of this business model has allowed WSS to continue its rapid expansion into new markets.  

WSS is committed to giving back to the communities we serve, sponsoring or participating in over 350 local events each year. Stay connected to us via Facebook, Instagram and Twitter and at www.shopwss.com.","Retail","https://www.indeed.com/cmp/Foot-Locker","https://d2q79iu7y748jz.cloudfront.net/s/_squarelogo/256x256/ac190ab0b72cbe77b8cebdbfff5b12de","https://www.footlocker.com/","1 Pennsylvania Plaza
New York, NY 10119","10,000+","$5B to $10B (USD)","Headquartered in New York, New York, Foot Locker is a leading retailer of athletic shoes and apparel, serving customers around the world.","","","","","",""
"in-3fd2f44a72faeaab","indeed","https://www.indeed.com/viewjob?jk=3fd2f44a72faeaab","https://joinus.ies-co.com/jobs/22692/job?utm_source=indeed_integration&iis=Job%20Board&iisn=Indeed&indeed-apply-token=73a2d2b2a8d6d5c0a62696875eaebd669103652d3f0c2cd5445d3e66b1592b0f","FULLSTACK .NET Developer 4 years experience remote - MUST BE LOCAL TO THE CONTINENTIAL UNITED STATES","IES Communications","Tempe, AZ, US","2026-04-20","fulltime","direct_data","yearly",80000.0,105000.0,"USD",False,"","","","","Job Description:
**MUST BE LOCAL TO THE CONINENTIAL UNITED STATES**

**DIRECT HIRE OPPORTUNITY**

**This is a Junior Role with at least 4 years experience.**

  

.NET Developer
Category General  


Pay Type Salary  


  


Apprenticeship No  


Description**Job Summary:****Must have .NET Framework****Nice to have C\\# and MVC****This will be for a mid\\-level developer**  

The Programmer/Developer will be primarily responsible for building and maintaining desktop and web applications using the .NET Framework/C\\# language. The Programmer is also responsible for Database design including indexes and data integrity. Must be able to work well with others in a team setting. **General Job Duties and Responsibilities:*** Works directly with end users to translate business requirements into functional applications.
* Designs, codes, and tests a variety of custom business applications.
* Develops ASP.NET MVC applications.
* Database design including indexes and data integrity.
* Acts as the Company liaison for interface with customer representative(s).
* Creates, develops and implements process improvement(s).
* Other responsibilities as assigned.
  


Min: USD $80,000\\.00/Yr. Max: USD $105,000\\.00/Yr. Qualifications:
**Physical and Mental Requirements:*** The Programmer/Developer must be self\\-motivated, positive in approach, professional, develop and implement project process improvement(s).
* Must promote the Company culture and mission to all employees, vendors, clients and business partners.
* Must have proven problem\\-solving skills, critical thinking skills and the ability to effectively read, write and give oral presentation(s).
* Must be able to travel within branch territory and/or regional territory as needed.
* Must have the ability to learn Company and customer project management systems.
* Regular attendance is mandatory

 **Education, Certification, License, and Skill Requirements:*** Must have at least a bachelor’s degree in Computer Science.
* Must have 5 years utilizing the skills listed below.
* Proficiency with the client\\-side framework jQuery.
* Proficiency in C\\#
* Proficiency using .NET 4\\.5\\+
* Proficiency using Entity Framework 6
* Experience with Azure Web Apps.
* Proficiency in developing ASP.NET MVC applications
* Proficiency using SQL and LINQ
* Proficient with Razor, HTML, JS, and CSS
* Must have experience in customer interface, such as liaison between the customer and the Company.
* Must be proficient with Microsoft Office (Word, Excel and MS Project).
* Familiarity with SharePoint
* Familiarity with PowerApps and Power Bi
* Must meet Company minimum driving standards.
* Must be able to manage multiple tasks/projects simultaneously.


Minimum Years of Experience: 6\\+ License Required: No Minimum Education: High School Overview:

IES is a national provider of industrial products and infrastructure services to a variety of end markets, including electrical, mechanical and communications contracting solutions for the commercial, industrial, residential and renewable energy markets. IES is publicly traded on NASDAQ under the symbol IESC. As of the end of IES’s 2025 fiscal year ending September 30, 2025, IES produced over $3\\.3 billion in revenue and employed over 9,400 employees at over 174 domestic locations across the United States. IES is an Equal Employment Opportunity Employer: Minorities, Females, Gender Identity, Sexual Orientation, Individuals with Disabilities, Protected Veterans Encouraged to Apply.  

From office buildings to wind farms, industrial complexes to housing developments, our employees and design professionals design, build, and maintain the systems that empower lives.  

Our commitment to our employees is reflected by our actions:* Safety is Priority One – and our record shows it
* Competitive Pay
* Company 401K plan with Employer Contribution Match
* Company Paid Time Off
* Company Paid Life Insurance
* Choice of Medical Coverage including Prescription and Short Term Disability Plans
* Choice of Dental and Vision Coverage
* Optional Long\\-term Disability, Critical Illness, Accident, Legal and Pet Coverage
* Auto and Home Insurance Discount Programs


EEO Statement:
**PLEASE NO AGENCY CALLS.**  

NOTE TO ALL AGENCIES: Any unsolicited agency resumes or agency represented candidates that are presented to any IES employee without first having a signed contract between that agency and the IES Talent Acquisition organization will become the property of IES and no fees will be paid. **EEO \\& Affirmative Action**
The IES policy on equal employment opportunity prohibits discrimination based on race, color, religion, national origin, sex, age, gender identity, sexual orientation, individuals with disabilities, protected veterans, or any other protected status or characteristic. This policy applies to recruiting, hiring, transfers, promotions, terminations, compensation, benefits, and all other terms and conditions of employment, and also states that retaliation against any employee who files a complaint regarding possible violations of this policy will not be tolerated. IES is also committed to taking affirmative steps to promote the employment of minorities, women, individuals with disabilities, and protected veterans. IES develops affirmative action programs to support its commitment to equal employment opportunity, consistent with company policy and the company’s obligations as a contractor to the United States government.  

View Your Equal Employment Opportunity rights under the law. ""Know Your Rights: Workplace Discrimination is Illegal; Conozca sus Derechos: La Discriminación en el Lugar de Trabajo es Ilegal **Disability Accommodation**
IES is an Equal Opportunity/Affirmative Action Employer. IES provides reasonable accommodation for individuals protected by Section 503 of the Rehabilitation Act of 1973, the Vietnam Era Veterans' Readjustment Assistance Act of 1974 and Title I of the Americans with Disabilities Act of 1990\\. Applicants who need accommodation in the job application process should contact the IES corporate office at (713\\) 860\\-1500 or any IES office to request assistance. **IES Participates in E\\-Verify/IES participa en el programa E\\-Verify**  

E\\-Verify Information/ Información sobre E\\-Verify
English/Español  

Right to Work/Ley de Derecho al Trabajo  

English/Español","Consulting And Business Services","https://www.indeed.com/cmp/Ies-Communications","https://d2q79iu7y748jz.cloudfront.net/s/_squarelogo/256x256/25893a4d477b7b6856fb9a530d768cb1","https://www.iescomm.com","Tempe","51 to 200","","","","","","","",""
