"id","site","job_url","job_url_direct","title","company","location","date_posted","job_type","salary_source","interval","min_amount","max_amount","currency","is_remote","job_level","job_function","listing_type","emails","description","company_industry","company_url","company_logo","company_url_direct","company_addresses","company_num_employees","company_revenue","company_description","skills","experience_range","company_rating","company_reviews_count","vacancy_count","work_from_home_type"
"in-48849b2dd1e91260","indeed","https://www.indeed.com/viewjob?jk=48849b2dd1e91260","https://www.sparton.com/careers/search-jobs/?gnk=job&gni=8a7885a89e235a1d019e371a597c4812&gns=Indeed+Free","Applications Developer I","Sparton","De Leon Springs, FL, US","2026-05-29","","","","","","",False,"","","","Accessibility@Sparton.com","Sparton is an innovative defense contractor headquartered in DeLeon Springs, Florida, with a rich heritage dating back to 1900\\. Renowned for our exceptional manufacturing capabilities, we specialize in producing high\\-quality sonobuoys critical to the United States’ undersea warfare arsenal, enhancing national security against current and future adversaries. But we are more than manufacturers; we are problem solvers. Our team of dedicated engineers and skilled professionals tackles some of the most challenging issues in defense technology. Our expertise includes advanced research systems, maritime solutions, sophisticated sensor technologies and payload delivery capabilities.
**Job Summary**  

The Applications Developer I develops software applications under the supervision of more senior personnel. The ADI is expected to be learning about the product and proper software development techniques and processes. Performs coding, debugging, testing and troubleshooting throughout the application development process. The ADI with work with other engineering and functional areas to obtain optimum utilization of equipment, machinery and resources.  

  

**Responsibilities and Tasks**
* Develop software modules using a variety of languages and frameworks for business applications. This includes, but is not limited to Python, C\\#, and Node.JS
* Develop test software modules using Python, C\\#, and/or Selenium.
* Prepare and participate in software design reviews.
* File bug reports for defects noticed during testing.
* Correct software bugs and resolve software bug reports.
* Support other software engineers in the software development process.
* Generate software design documentation and report data from tests.
* Keep accurate and complete records of development activities.
* May provide training and/or direction to users, admins, and team members.


  

**Education, Experience, Licenses and Certifications**
* 4\\-year degree from an accredited university in Computer Science, Engineering, or related field OR a combination of education and relevant experience.
* (Optional) Desktop and network software development experience a plus.


  

**Skills and Abilities**
* Familiarity of software tools (requirements tracking, compilers, debuggers, test environments, etc.)
* Ability to use original thinking and ingenuity to solve problems.
* Ability to write technical reports and contribute to presentations.
* Proficiency in MS Office Suite including Word, Excel, PowerPoint and Teams.
* Must show initiative and motivation and have the ability to act independently to resolve technical issues.
* U.S. Citizenship is required.

**Travel and Physical Requirements**
====================================


* The physical demands describe here are representative of those that must be met by an employee to successfully perform the essential functions of the job. The work environment characteristics described are representative of those an employee may encounter while performing the essential functions of this job. This job operates in a professional office environment and a manufacturing environment. The employee may be exposed to fumes or airborne particles, moving mechanical parts and vibration. The employee is occasionally exposed to a variety of extreme conditions in the plant. The noise level in the work environment may be loud.
* While performing the duties of this job, the employee is frequently required to sit, stand, talk, and communicate, use hands/finger, feel, and reach with arms. This position requires the ability to lift, bend or stoop as necessary up to 20lbs.


**Benefits Highlights**
**Healthcare**
* Robust medical, dental, vision, \\& disability coverage.
* Healthcare concierge to help you navigate your benefit selections.
* Virtual health solutions for physical therapy, menopause, and diabetes.
* Company paid Basic Life Insurance. Additional Life \\& AD\\&D Insurances are available.
* On\\-site wellness clinic.

**Paid Benefits**
* Competitive compensation.
* 401k program to plan for your future with company match 75% up to 8% plus 1% Employer contribution.
* Company Paid Time Off (Vacation and Sick).
* Paid parental leave.
* Adoption assistance.
* Fertility and family building assistance.

**Additional Benefits**
* Flexible work schedules available based on position:
	+ 9/80 schedule providing every other Friday off
	+ 5/8s
	+ 4/10s
	+ 3/12s
* Lifestyle spending account.
* Perks at work.
* Generous employee referral program.
* Tuition reimbursement.
* Voluntary benefits available: longer term care, legal, identity theft, pet Insurance, and many more options

*These are highlights of Elbit America benefits. If there is a conflict with these highlights, company policy or benefits plan documents shall govern. Benefits are subject to change.*
**Equal Opportunity Employer/Veterans/Disabled**
**Accessibility**
Sparton DeLeon Springs, LLC is committed to working with and providing reasonable accommodation to individuals with physical and mental disabilities. If you need special assistance or an accommodation while seeking employment, please email us at Accessibility@Sparton.com
**Disclaimer:**
*This job description does not list all the duties of the job. You may be asked by your supervisors or managers to perform other duties. The employer has the right to revise this job description at any time. The job description is not a contract for employment. Reasonable accommodations may be made to enable individuals with disabilities to perform the essential functions of this position.*

  

\\#LI\\-PC1","","https://www.indeed.com/cmp/Sparton","https://d2q79iu7y748jz.cloudfront.net/s/_squarelogo/256x256/2aac773424f64061b8a76e0d677ba39a","https://www.sparton.com","De Leon Springs, FL","501 to 1,000","$100M to $500M (USD)","Leader in the design, development, and manufacture of sonobuoy systems for the U.S. NAVY & the 1st choice for Anti-Submarine Warfare and submarine deployed products supporting Undersea Warfare.","","","","","",""
"in-877c72db60cf5b39","indeed","https://www.indeed.com/viewjob?jk=877c72db60cf5b39","https://grnh.se/fzjuv73f7us","Senior React Developer","Freedom Technology Solutions Group","Annapolis Junction, MD, US","2026-05-29","","direct_data","yearly",200000.0,275000.0,"USD",False,"","","","recruiting@goftsg.com","We are seeking an application developer for one of our **PRIME CONTRACTS** and offers exciting opportunities to support essential services and mission critical activities across the enterprise. **Potential to telework up to one day a week!** Our mission supports the Government Corporate Management Services (CMS) by providing full life cycle support services through the sustainment, modernization, and transformation of the enterprise corporate applications. These applications are used across the government enterprise and are critical to the daily functions of thousands of users across acquisition, business, finance, HR, training, recruitment, program management, security, logistics and more. Come join our diverse and growing team with lots of opportunities!



We are seeking a Full Stack Software Engineer with strong experience in React and Java to support the development and delivery of a modernized application. This role will play a key part in building a new capability while supporting the migration of a legacy system to a hybrid architecture leveraging Camunda and Pega workflow platforms. The ideal candidate is a hands\\-on developer who thrives in a fast\\-paced environment, can quickly understand existing systems, and is comfortable contributing across the full stack to deliver high\\-quality, scalable solutions.


* Contribute to the development of a full\\-stack application using React (frontend) and Java/Spring Boot (backend), with a primary focus on delivering high\\-quality, scalable functionality.
* Build modern, responsive user interfaces in React and integrate them with robust backend services and APIs developed in Java.
* Support the migration of a legacy application to a modern architecture, refactoring existing functionality into React and Java\\-based services.
* Integrate application components with Camunda workflow services and interface with Pega\\-based workflows to enable end\\-to\\-end business process orchestration.
* Develop and optimize data interactions with an Oracle database, ensuring performance, reliability, and data integrity.
* Collaborate with cross\\-functional teams to translate requirements into technical solutions and ensure alignment across development, integration, and migration efforts.
* Participate in code reviews, testing, and debugging to deliver secure, maintainable, and high\\-quality code.
* Support deployments, troubleshoot issues, and contribute to improving system performance and stability across environments.


**Required:**


* **TS/SCI with Full Scope Polygraph**
* A bachelor's degree in a technical discipline and twelve (12\\) years' experience as a developer in programs and contracts of similar scope, type, and complexity is required. Sixteen (16\\) years' development experience may be substituted for a bachelor's degree
* Strong proficiency in React and modern JavaScript frameworks
* Strong experience with Java and Spring Boot
* Experience developing and integrating RESTful APIs
* Familiarity with Oracle databases and SQL
* Experience working in fast\\-paced, agile development environments
* Must be able to work during core hours of Monday\\-Friday 10am\\-2pm. Exceptions will be considered on a case\\-by\\-case basis


**Desired:**


* A strong willingness to learn about COTS products and integrations, particularly with PEGA services.
* Enthusiasm for tackling new challenges while working in a collaborative, fast\\-paced environment.
* Experience working in an Agile Development environment
* Willingness to get relevant PEGA certification


The estimated salary range for this position is between $200,000\\-$275,000 (annualized USD). This range reflects the typical pay for the role and is one part of the company's comprehensive compensation package. Actual salaries are influenced by several factors, such as location, the individual's education, skills, experience, and competencies, as well as contract affordability and organizational needs.

  

**What's in It for You?**
Flexible work environment
A team mentality – work with friendly, like\\-minded professionals
Work with innovative, cutting edge technologies
Enjoy extremely competitive compensation and benefits
A work\\-life balance you can count on
Opportunities to grow and advance your career on our dime

**The Benefits You Get with Freedom**
Amazing benefits including matching 401k, fully paid medical, and more
Generous paid time off – including paid site closure days
Competitive salary offerings
Paid training and tuition reimbursement
Referral bonuses
Fully paid life and disability
Annual logo wear allowance
Company sponsored events (game nights, holiday party, summer party, happy hours)
Interested in learning more about Freedom and our culture? Contact us today! We're constantly hosting hiring events in our office and elsewhere, to help you get a sense of what life is like at Freedom before joining the team.

As an Equal Opportunity Employer, we do not discriminate on the basis of race, color, religion, sex, age, marital status, disability or veteran status
Applicant Federal \\& E\\-Verify Postings
VEVRAA Federal Contractor

**Accessibility: If you need an accommodation as part of the employment process, please contact Human Resources at**
**Phone: 410\\-290\\-9035**
**Email: recruiting@goftsg.com**

**Equal Opportunity Employer, including disabled and veterans.**

**If you want to view the EEO Law poster, please choose your language:** English \\- Spanish \\- Arabic \\- Chinese

**If you want to view the EEO Law Supplement poster, please choose your language:** English \\- Spanish \\- Chinese

**If you want to view the Pay Transparency Policy Statement, please click the link:** English","","https://www.indeed.com/cmp/Freedom-Technology-Solutions-Group","","","","","","","","","","","",""
"in-6ec9e2fffeab4a00","indeed","https://www.indeed.com/viewjob?jk=6ec9e2fffeab4a00","http://www.indeed.com/job/full-stack-developer-web-6ec9e2fffeab4a00","Full Stack Developer - Web","TEZ MARBLE","Burlingame, CA, US","2026-05-29","fulltime","","hourly","","","USD",False,"","","","","**Job Summary**  
We are looking for a full time, IN PERSON, web developer.

Monday \\- Friday, 8:30 Am \\- 5:00 Pm, in office.

Basic understanding of web development and design are required.

Pay: $30\\.00 per hour

Benefits:

* Dental insurance
* Health insurance

Work Location: In person","","https://www.indeed.com/cmp/Tez-Marble","","https://www.tezmarble.com","Oakland","11 to 50","$1M to $5M (USD)","","","","","","",""
"in-66a24f562008028e","indeed","https://www.indeed.com/viewjob?jk=66a24f562008028e","http://www.indeed.com/job/senior-full-stack-developer-66a24f562008028e","Senior Full Stack Developer","Integration Resolve, Inc.","Remote, US","2026-05-29","fulltime","direct_data","yearly",120000.0,175000.0,"USD",True,"","","","","Please do ***\\*not\\**** respond if you are not a **U.S. citizen** or do not meet other Minimum Requirements since we will not be able to consider you for the position.

**Position Overview**  
Are you a Senior Developer looking to build modern, cloud\\-native applications that impact global operations? We are seeking a self\\-driven **Senior Full Stack Application Developer** to drive the large\\-scale Agile development of a next\\-generation medical supply chain and logistics suite.

In this role, you will be a key pillar of our Agile DevOps team, modernizing a global platform by building supply\\-chain functionality (front\\-end and back\\-end microservices) within an AWS cloud environment. You will actively collaborate with functional experts to build, deploy, and sustain applications via a fully automated CI/CD pipeline.

**What You Will Do (Responsibilities)**

* **Develop \\& Modernize:** Design and code resilient backend microservices (**Java**) and dynamic frontend interfaces (**Angular/JavaScript**).
* **Architect Cloud Solutions:** Build and deploy scalable solutions within an AWS ecosystem using containerization (Docker/Kubernetes/Gitlab).
* **Data Integration:** Integrate complex relational and NoSQL databases, processing streams via Kafka, MongoDB, and PostgreSQL.
* **DevOps Collaboration:** Participate actively in a mature Scrum environment, leveraging CI/CD pipelines for automated deployment and collaboration (Jira/Confluence).
* **Innovate:** Utilize AI\\-assisted development models to optimize code delivery and automate routine tasks (GenAI, Amazon Bedrock, Gemini).

**Minimum Qualifications (Required)**

* **Citizenship/Clearance:** Must be a U.S. Citizen capable of obtaining a U.S. Government Public Trust clearance (T3/NAC\\-LC).
* **Experience:** 12\\+ years of total IT experience, including at least 7 years focused on Full Stack Application Development.
* **Backend Mastery:** Strong Java development skills with experience in Java EE/Jakarta EE frameworks, such as Spring Boot.
* **Frontend Expertise:** Proven experience building responsive user interfaces using Angular (TypeScript) and JavaScript.
* **APIs \\& Architecture:** Deep understanding of microservices architecture and hands\\-on experience implementing/consuming RESTful APIs.
* **Database \\& Messaging:** Experience working with relational databases (PostgreSQL) and NoSQL/Stream systems (MongoDB, Elasticsearch, or Kafka).
* **Education:** BS in Computer Science, Information Systems, or a related technical discipline.

**Preferred Qualifications (Desired)**

* **Modern Tools:** Familiarity with AI\\-assisted software development tools and prompt engineering.
* **Cloud \\& Containers:** Hands\\-on engineering support for databases and apps in AWS or Azure, utilizing Docker and Kubernetes.
* **Domain Expertise:** Prior experience working with Department of Defense (DoD), Veterans Affairs (VA), or commercial logistics, supply\\-chain, or financial systems.
* **Automation:** Scripting fluency in Python, Bash, Powershell, or Java to automate development tasks.
* **Certification:** CompTIA Security\\+ or AWS Certified Developer/Solutions Architect.

Please do ***\\*not\\**** respond if you are not a U.S. citizen or do not meet other Minimum Requirements since we will not be able to consider you for the position.

**Why Join the IntegrationResolve Team?**  
When you join IntegrationResolve, you enter a forward\\-thinking, high\\-trust environment where advanced technical expertise is celebrated, and autonomous thinking is the norm. We don't micromanage—we trust our professionals to drive solutions and get the job done.

**What We Offer:**

* **True Autonomy:** Deliver large\\-scale integration projects your way, backed by a team of smart, analytical peers.
* **Premium Compensation:** Enjoy above\\-market salaries and **company\\-paid benefits including a profit\\-sharing bonus**.
* **Career Mobility:** Expand your skills and advance your career within a massive, modern IT development ecosystem.

If you are a self\\-motivated, seasoned professional ready to make a global impact on complex supply chain systems, we want to hear from you. **Apply today to elevate your career.**

Job Type: Full\\-time

Pay: $120,000\\.00 \\- $175,000\\.00 per year

Application Question(s):

* Are you a U.S. citizen? (Do not apply if you are not a U.S. citizen)

Experience:

* Java development: 7 years (Required)

Work Location: Remote","","https://www.indeed.com/cmp/Integration-Resolve,-Inc.","","","","","","","","","","","",""
"in-e20f2ac6883e9cc9","indeed","https://www.indeed.com/viewjob?jk=e20f2ac6883e9cc9","https://careers.govcio.com/careers-home/jobs/8207/job?utm_source=indeed_integration&iis=Job%20Board&iisn=Indeed&indeed-apply-token=73a2d2b2a8d6d5c0a62696875eaebd669103652d3f0c2cd5445d3e66b1592b0f","Senior Network Automations Engineer","GovCIO","Fort Bragg, NC, US","2026-05-28","fulltime","direct_data","yearly",165000.0,175000.0,"USD",True,"","","","","Overview:

GovCIO is currently hiring for a Senior Network Automation Engineer to determine and support Kubernetes platform service requirements for Platform as a Service architecture. This position will be located in Fort Bragg, NC, and is an on\\-site position.
Responsibilities:

The Senior Network Automation Engineer serves as a hybrid Network \\& Systems Engineer and Tactical Communications SME, responsible for leading the collaboration of cross\\-functional stakeholders in designing, building, automating, testing, and sustaining mission\\-critical network infrastructure in support of deployed and enterprise operations. This role integrates hands\\-on engineering, automation development, and operational support to deliver secure, scalable, and rapidly deployable network solutions **Key Responsibilities*** **Network \\& Systems Engineer / Tactical Communications SME / Testing \\& Development**
* + Maintains subject matter expert\\-level awareness of current and emerging technologies through continuous research of technical manuals, vendor documentation, security advisories, and open\\-source resources.
	+ Leads evaluations and recommends hardware and software versions by validating:
	+ - Minimum installation requirements
		- Known defects and bugs
		- Security bulletins and patches
		- Compatibility with legacy systems
		- Power constraints (including PoE considerations)
		- Environmental and thermal limitations
		- End‑user interoperability (notably SFP module compatibility)
	+ Collaborates with the JEDI team to enable bare‑metal provisioning of RHEL servers, leveraging Kickstart\\-based automation for PXE‑style rapid deployments
	+ Oversees the building of secure, mission‑ready network nodes from bare metal, including firmware/software upgrades, secure configuration baselines, tunnel establishment, and performance optimization.
	+ Conducts in\\-depth network connectivity testing, end‑user behavior analysis, and troubleshooting to ensure optimal throughput and reliability.
	+ Coordinates with multiple J6 functional areas when deploying new sites.
	+ Works directly with customers to ensure installations are plug‑and‑play, enabling rapid deployment within constrained logistical timelines.
	+ Developed the initial MFS Medium v2 configuration and influenced the MFS Heavy baseline.
	+ Rapidly identifies and resolves network configuration errors; provides validated solutions to the network automation team for integration and code deployment.
	+ Possesses deep operational knowledge of network architectures, protocols, and failure modes, allowing for expedited fault isolation and resolution.

**Encryption Subject Matter Expert (SME)*** + Holds strong working knowledge of encryptor configuration, firmware management, operational requirements, version enforcement, best practices, and troubleshooting.
	+ Diagnoses encryption issues based on customer‑reported symptoms and operational context.
	+ Identified and resolved a critical encryption key failure affecting a forward‑deployed Tier tactical node after multiple unsuccessful remediation attempts.
	+ Proficient with GemOne and Chimera management platforms.

**Additional Operational Support*** + Performs off‑site communications checks and equipment upgrades, including installation and airflow optimization to prevent overheating and equipment degradation
	+ Delivers expedited remote support to traveling customers, providing Cisco CLI commands to rapidly restore communications for senior leadership
	+ Detects and communicates probable hardware failures at distant ends during outage scenarios
	+ Assists with baselining and testing MFS kits under tight timelines or suspected hardware/software issues
	+ Collaborates with customers, ECS, and Tier units to troubleshoot connectivity issues and deliver targeted technical training
	+ Daily operational use of:
	+ - Nautobot (IPAM and device management)
		- AWX (administration and automation)
		- Active Directory
		- Forward Networks (topology and fault analysis)
		- Splunk (detailed network/server logging)
		- ServiceNow (ticketing and technical order tracking)
	+ Provides on‑site support for emergent taskings, including after‑hours operations


Qualifications:

High School with 10\\+ years (or commensurate experience)  

  

  

Required Skills and Experience* Clearance Required: TS/SCI
* DoD 8570 IAT Level II Certification
* Cisco Certified Network Professional (CCNP)
* Experience with Google Cloud Platform and Microsoft Azure
* Experience with Containerization technologies
* Experience with microservice network architecture
* Experience with troubleshooting and resolving technical problems with both on\\-site and remote administrators
* Ability to communicate technical ideas and deliver briefings with cross\\-functional teams, work in a high\\-demand environment, and provide technical expertise on all phases of system engineering activities
* Active and current U.S. Driver's License


Preferred Skills and Experience* Supporting U.S. Special Operations organizations
* Cisco DevNet Associate
* Red Hat Certified Specialist in Ansible Network Automation
* Aviatrix Certified Engineer Multicloud Network Automation Specialty
* Linux Essentials LPI
* Certified Kubernetes Administrator
* Certified Kubernetes Application Developer
* Experience with Terraform
* Experience with Cloud Native networking technologies and concepts
* Experience with Amazon Web Services
* Experience with developing tactical, expeditionary cross\\-domain solutions to deliver FMV across different environments, enclaves, and networks
* Experience with designing, installing, configuring, and troubleshooting expeditionary, global, regional, and disconnected networks, including internal LAN traffic, WAN, Satellite communications, commercial leased lines, long haul circuits, distributed packet processing, data compression, encryption, and various data transport systems
* Experience with evaluating projected network usage and reviewing utilization reports
* Experience with Agile development methodologies and working with Agile teams using collaboration tools such as Gitlab.
* Experience with working with CM tools, including Gitlab, Git\\-centric, and CI/CD workflows
* Knowledge of network engineering in cloud and disconnected edge environments
* Knowledge of Python scripting, writing Ansible playbooks, rudimentary APIs, or automation scripts
* Knowledge of Infrastructure as Code


\\#NSS \\#SSG \\#TMK \\#TM


Posted Salary Range: USD $165,000\\.00 \\- USD $175,000\\.00 /Yr.","","https://www.indeed.com/cmp/Govcio","https://d2q79iu7y748jz.cloudfront.net/s/_squarelogo/256x256/a6320391792d3ce90b9f57b2ef448b07","https://govcio.com/","","","","","","","","","",""
"in-6d28449538beae5b","indeed","https://www.indeed.com/viewjob?jk=6d28449538beae5b","https://talent.goldbelt.com/jobs/19721/job?utm_source=indeed_integration&iis=Job%20Board&iisn=Indeed&indeed-apply-token=73a2d2b2a8d6d5c0a62696875eaebd669103652d3f0c2cd5445d3e66b1592b0f","Web Developer","Goldbelt","Remote, US","2026-05-28","temporary, fulltime","direct_data","hourly",45.0,55.0,"USD",True,"","","","","Overview:

Global in service but local in approach, Nisga'a Tek is committed to high\\-quality service to those who defend us. Nisga'a Tek ensures mission assurance and execution for customers and warfighters. Providing intelligence, IT, cyber security, training, logistics, administrative, acquisition, and background investigation services.  

**Summary:**
The Nisga’a Group is looking for a Web Developer.  

This is a Full\\-Time temporary position to complete a short\\-term website project.
Responsibilities:
**Essential Job Functions:*** Represent and serve mid\\-level Web Developer
* Build, update, and maintain responsive websites, custom user interface components, and cross\\-browser compatible layouts
* Design basic data models and write SQL scripts to handle backend data storage and schema management (frequently using Oracle, PostgreSQL, or SQL Server)
* Design and implement RESTful APIs and microservices to enable clean communication between internal and external software application components.
* Write unit and integration tests, debug application defects, and execute continuous integration pipelines.
* Ensure all deployed code and digital layouts comply with industry standards such as W3C, WCAG, and Section 508 accessibility guidelines
* Participate in Agile DevSecOps sprint planning, daily stand\\-ups, and peer code reviews
* Collaborate with stakeholders to determine needs, design plans and content.
* Ensure system meets the requirements of Subchapter II of Chapter 35 of Title 44, United States Code, ""Federal Information Security Modernization Act of 2014"" (FISMA) and Section 11331 of Title 40, United States Code.
* Support the RMF Certification and Accreditation team and coordinate directly with all necessary stakeholders.
* Develop, edit and provide applicable deliverables to all applicable stakeholders.
* Maintain change and configuration records and documentation by tracking all applicable system requests (including Requests for Change) and system requests for information from initial request to closure.
* Provide documentation support to include development of technical software documentation and development of non\\-technical project documentation deliverables.


Qualifications:
**Necessary Skills and Knowledge:*** Excellent problem\\-solving skills.
* Excellent written and verbal communication skills
* Solid organizational skills including attention to detail and multi\\-tasking skills.
* Strong working knowledge of Microsoft Office
* Knowledgeable in change management for both public and private Web applications to include:
	+ Windows Server
	+ Internet Information Servies (IIS)
	+ AJAX
	+ JQUERY
	+ C\\#
	+ NET
	+ .NET
	+ net CORE

**Minimum Qualifications:*** 3 to 5 years of professional web development experience.
* A Bachelor’s degree in Computer Science, Software Engineering, Information Technology, or a closely related technical field is standard (equivalent professional experience is sometimes accepted).
* Experience with government contracting within the US DOD and intelligence communities.
* Experience in DOD acquisitions
* Experience in website development and maintenance.
* Knowledge of web development technologies including HTML, CSS, and JavaScript.
* Understanding of database concepts, SQL, and data management principles.
* Familiarity with responsive design and accessibility standards.

**Preferred Qualifications:*** At least 5 (five) years of experience working with complex federal government contracts.
* Security\\+ Certification


The salary range for this position is $45\\.00 \\- $55\\.00 per hour.","","https://www.indeed.com/cmp/Goldbelt-4","https://d2q79iu7y748jz.cloudfront.net/s/_squarelogo/256x256/f8ff4c6d87720ae806ddf73039407d87","https://www.goldbelt.com/careers/","","Decline to state","Decline to state","Strong Roots. Bright Futures.","","","","","",""
"in-48ebd74969093dcd","indeed","https://www.indeed.com/viewjob?jk=48ebd74969093dcd","https://workforcenow.adp.com/mascsr/default/mdf/recruitment/recruitment.html?cid=67d8f5c8-14d4-43e1-a1df-5059f22af175&ccId=19000101_000001&jobId=551418&source=IN&lang=en_US","Hedge Fund Software Developer","Carlson Capital","Dallas, TX, US","2026-05-28","fulltime","","","","","",False,"","","","","**Front Office Application Developer (Mid/Senior Level)**
=========================================================

**Overview**
------------


We are seeking a highly motivated Front Office Application Developer to join our investment technology team supporting a long/short equity relative value investment platform. This individual will work closely with senior investment professionals, including the CIO, sector specialists, risk, operations, and technology teams to design, develop, and support critical front\\-office systems used in daily investment and portfolio management workflows.


This is a highly visible role with direct exposure to the investment process and significant ownership opportunities across architecture, application development, integrations, analytics infrastructure, and business\\-critical tooling.


The ideal candidate combines strong software engineering skills with practical experience supporting front\\-office investment workflows in a fast\\-paced buy\\-side or sell\\-side environment.

**Responsibilities**
====================


You will be expected to work closely with development, investment, trading, risk, middle office, and operations teams.


Key responsibilities include:

* Design, develop, maintain, and support the firm’s front\\-office portfolio management and analytics systems
* Build scalable applications and services supporting portfolio construction, idea generation, exposure analysis, risk management, and investment workflows
* Work directly with senior investment professionals to gather requirements and deliver solutions aligned with business needs
* Architect and implement integrations between in\\-house systems and third\\-party platforms, market data providers, and research systems
* Develop and maintain APIs and distributed services supporting internal applications and analytics infrastructure
* Support near real\\-time portfolio analytics and investment monitoring workflows
* Participate in system architecture decisions and contribute to the long\\-term evolution of the firm’s technology platform
* Troubleshoot and resolve production issues across application, database, and data integration layers
* Optimize SQL queries, application performance, and data processing workflows
* Collaborate with risk and analytics teams supporting Python\\-based analytics infrastructure
* Contribute to operational stability during trading hours and respond to critical production incidents when required
* Lead or independently execute technology projects from requirements gathering through deployment and support
* Mentor junior developers and contribute to engineering best practices where appropriate

**Required Qualifications**
===========================

* Degree in Computer Science, Engineering, or related technical discipline (or equivalent practical experience)
* 5\\+ years of professional software development experience in financial services or investment technology environments
* Strong understanding of equities markets and front\\-office investment workflows
* Experience working with portfolio management systems (PMS), OMS/EOMS platforms, risk systems, or similar front\\-office platforms
* Experience interacting directly with front\\-office users including portfolio managers, analysts, traders, or risk teams
* Strong understanding of trade lifecycle, portfolio analytics, exposure management, and investment operations concepts

**Technical Skills**
====================


Required:

* Strong C\\# /.NET development experience
* Strong SQL development skills with experience in SQL Server
* Experience designing and consuming RESTful APIs
* Experience building distributed or event\\-driven applications
* Experience troubleshooting and supporting production systems in business\\-critical environments
* Strong understanding of application architecture and software design principles


Preferred:

* Angular or modern web application development experience
* Experience with Redis or similar messaging/caching technologies
* Experience supporting near real\\-time analytics or portfolio monitoring systems
* Familiarity with Python\\-based analytics environments
* Experience integrating with market data providers and third\\-party financial systems such as CapIQ, S\\&P, Eze, broker research platforms, or similar vendors
* Experience in buy\\-side or sell\\-side front\\-office technology environments

**Candidate Profile**
=====================


The successful candidate will demonstrate:

* Strong ownership mentality and accountability
* Pragmatic problem\\-solving skills
* Maturity and professionalism in high\\-pressure environments
* Ability to communicate effectively with both technical and non\\-technical stakeholders
* Comfort operating independently in a lean, fast\\-moving organization
* Strong attention to detail and operational reliability
* Desire to work closely with investment professionals and understand the investment process

**Working Environment**
=======================

* Fully in\\-office role
* High visibility and direct interaction with senior investment professionals
* Hands\\-on engineering environment with significant autonomy and responsibility
* Competitive compensation and benefits package","","https://www.indeed.com/cmp/Carlson-Capital","","https://www.carlsoncapital.com","Dallas, TX","51 to 200","$5M to $25M (USD)","","","","","","",""
"in-4204d00c3422ebab","indeed","https://www.indeed.com/viewjob?jk=4204d00c3422ebab","https://jobs.lever.co/synergyecp/4a2269f5-4a82-4df2-9333-7bcdd2349db8?lever-source=Indeed","Senior Web Application Developer","Synergy ECP","Washington, DC, US","2026-05-28","fulltime","direct_data","yearly",115000.0,145000.0,"USD",False,"","","","","NetServices (NSI) is an IT services firm with a long\\-standing reputation for delivering high\\-quality, cost\\-effective solutions to drive lasting results. Now operating as a subsidiary of Synergy ECP, NSI continues to stand out in a crowded contracting landscape through its agility, strong customer focus, and commitment to retaining exceptional talent. By taking on challenging IT initiatives, we cultivate our talent and are continually evolving through our partnerships with clients. Our close\\-knot team of highly cleared engineers, analysts, and program managers represent some of the best talent locally available.  

**Key Responsibilities:**

* Design, develop, and maintain advanced solutions using Power Apps (Canvas and Model\\-Driven), Power Automate, Dataverse, and Power BI



* Lead architectural design sessions and translate business requirements into scalable, well\\-structured Power Platform solutions



* Implement robust data models, relationships, and business rule using Dataverse and other connected data sources



* Build custom connectors, integrate external systems, and optimize API\\-based integrations across the M365 and Azure ecosystems.



* Develop and deploy Power Apps Component Framework (PCF) controls and other extensibility components using JavaScript/TypeScript.



* Establish and enforce Power Platform governance, including environment strategy, ALM processes, and security best practices.



* Manage solution lifecycle through source control, DevOps pipelines, and automated deployment processes.



* Perform code reviews, troubleshoot complex issues, and ensure high\\-quality, maintainable solutions.



* Lead workshops, discovery sessions, and technical discussions with business stakeholders and cross\\-functional teams.



* Provide mentorship and technical guidance to junior developers and citizen developers.



* Collaborate with architects, product owners, and business analysts to refine requirements and shape platform strategy.



* Create and maintain technical documentation, design specifications, and solution diagrams.

  



**Mandatory Qualifications:**

* 5\\-8 years experience (expert\\-level) building solutions using Power Apps (Canvas \\& Model\\-Driven), and Power Automate



* Strong proficiency with Dataverse, data modeling, and relational data structures



* Experience developing Power Apps Component Framework (PCF) controls



* Experience in creating and consuming custom connectors and integrating external systems



* Experience with JavaScript, HTML, CSS



* Experience with modern JavaScript frameworks, such as React, Angular, or Vue, and Node.js



* Experience with developing, packaging, and deploying C\\# plugins for extending business logic in Power Apps applications



* Solid understanding of solution layering, ALM, and managed/unmanaged solution strategies



* Experience implementing role\\-based security, environment strategies, and governance best practices



* Strong skills designing and optimizing Power Automate flows



* Experience integrating Power Platform with Azure services (e.g. Functions, Logic Apps, API Management, Key Vault)



* Ability to design scalable, enterprise\\-grade Power Platform architectures



* Experience setting standards, patterns, and governance best practices for low\\-code development



* Ability to evaluate business requirements, perform gap analyses, and propose modern solution architectures



* Experience with DevOps pipelines, Git\\-based deployments, and automated solution deployment strategies



* Ability to mentor junior developers and guide teams on best practices



* Strong communication skills to work effectively with business stakeholders, product owners, and technical teams



* Design intuitive and aesthetically pleasing interfaces that enhance user experience



* Conduct user research and usability testing to gather feedback and make improvements



* Develop dashboards and reports using Power BI to provide insights and data visualization



* Bachelor’s Degree (additional 4 years of experience may be considered in lieu of the Degree)



* 1\\+ year of experience with Power BI and SharePoint



* Active Top Secret required with ability to obtain SCI

  



**Preferred Qualifications**

* Microsoft Power Platform certifications (e.g., PL\\-100, PL\\-200, PL\\-400\\)



* Experience Dynamics 365, and Azure services



* Understanding of Agile development methodologies



* Experience with version control systems such as Git

  



**Security Clearance requirement:**
Must possess active **TS/SCI clearance** to be considered for this role.

**Other Requirements:**
U.S. Citizenship

**Compensation Spotlight:**
For this role, our typical salary range starts at $115,000 and stretches up to $145,000\\. But here's the deal – we're not about capping your potential. We're committed to snapping up the best and brightest, and we're ready to put our money where our mouth is. So, if you're one of the rare exceptions to the status quo with the education, experience, and that extra something special, we're not afraid to go above and beyond to secure your talent. Because for us, it's not just about a salary. It's about the complete rewards package, the culture, and the opportunity to make a real impact.

**Taking Care of the People Who Take Care of The Nation**  

Compensation: We offer highly competitive compensation that is consistently recognized by our employees as being generous!  

Health \\& Retirement: We offer a comprehensive Health Benefits package and 401K Retirement plan so you can take care of yourself and your family... both now and in the future. Other health\\-related benefits include People Partners who will help you navigate both personal and professional worlds, as well as strong wellness related resources offered through our healthcare provider.  

Education: Individual growth is a priority at NSI/Synergy ECP. Employees are encouraged to take advantage of our company\\-sponsored continuing education program so they can get their degree or that next certification needed to propel them towards the next level. Not sure what's best for your career plans, we'll help you navigate it all!  

Work/Life Balance: A healthy work/life balance is essential for building and executing your work effectively at NSI/Synergy ECP, but it’s also necessary to allow you the room to pursue everything you want to develop in your personal life. We offer a generous Paid Time Off benefit and 10 paid holidays a year. NSI/Synergy ECP also provides flexible work options that work with your schedule and lifestyle.  

Philanthropy: With the help of our amazing employees, NSI/Synergy ECP participates annually in building awareness, volunteering and contributing to dozens of organizations. We believe that giving back creates a sense of purpose, engagement, and fulfillment. Have a cause you are passionate about? We bet you'll find others here that care about it just as much!  

NSI/Synergy ECP is committed to providing equal employment opportunities to all qualified individuals. Employment decisions are based on merit, qualifications, and business needs. We do not discriminate on the basis of race, color, sex, national origin, religion, age, disability, or any other status protected by applicable law.","","https://www.indeed.com/cmp/Synergy-Ecp","https://d2q79iu7y748jz.cloudfront.net/s/_squarelogo/256x256/8bfd7c0e481f5441d5188a8f29b5384c","","","","","","","","","","",""
"in-120ea1c0e3dec80f","indeed","https://www.indeed.com/viewjob?jk=120ea1c0e3dec80f","https://careers.brillio.com/job-details?job-id=21163","Associate Director, Analytics – Construction, Virginia Beach","Brillio LLC","Virginia Beach, VA, US","2026-05-28","","direct_data","yearly",144000.0,198000.0,"USD",False,"","","","","**Associate Director, Analytics \\- Construction, Virginia Beach**
=================================================================


**About Brillio:**  

Brillio is one of the fastest growing digital technology service providers and a partner of choice for many Fortune 1000 companies seeking to turn disruption into a competitive advantage through innovative digital adoption. Brillio, renowned for its world\\-class professionals, referred to as ""Brillians"", distinguishes itself through their capacity to seamlessly integrate cutting\\-edge digital and design thinking skills with an unwavering dedication to client satisfaction.
Brillio takes pride in its status as an employer of choice, consistently attracting the most exceptional and talented individuals due to its unwavering emphasis on contemporary, groundbreaking technologies, and exclusive digital projects. Brillio's relentless commitment to providing an exceptional experience to its Brillians and nurturing their full potential consistently garners them the Great Place to Work® certification year after year. **Role Brief**:

We are looking for a highly consultative and technically versatile **Associate Director, Analytics** to lead strategic client engagements within the **construction and built\\-environment domain**. This individual will act as the primary face of our organization for the client, driving stakeholder engagement, analytics consulting, solution strategy, and delivery governance.

The ideal candidate is someone who started their career as a hands\\-on software engineer or developer and has evolved into a client\\-facing consulting and engagement leadership role with strong expertise across analytics, data engineering, BI, backend APIs, and modern application architectures.

This role requires a unique blend of business consulting and stakeholder management, analytics and data strategy, technical architecture understanding, delivery leadership, strong communication and executive presence. The person should be comfortable operating across both boardroom discussions and deep technical conversations with engineering teams.###### **Responsibilities:**


* Serve as the primary engagement lead and trusted advisor for construction domain clients.
* Build strong relationships with client stakeholders across business, operations, analytics, and technology teams.
* Lead discovery workshops, requirement gathering sessions, and solution discussions.
* Translate business challenges into scalable analytics and technology solutions.
* Drive strategic conversations around data modernization, reporting transformation, operational analytics, and digital enablement.
* Facilitate executive presentations, steering committee updates, and roadmap discussions.
* Lead consulting initiatives across Business Intelligence and reporting, Operational analytics, KPI and metrics framework definition, Data modernization initiatives, Data quality and governance programs, Workflow and process optimization.
* Identify opportunities to improve operational efficiency through data\\-driven insights and automation.
* Work closely with business users to define analytical requirements and success metrics.
* Provide architectural and technical guidance across: Data Engineering, Backend/API integrations, Full\\-stack application ecosystems, BI and visualization platforms
* Collaborate with engineering teams on solution design, integration patterns, and scalability considerations.
* Review technical approaches and ensure alignment with business objectives and enterprise standards.
* Bridge communication between business stakeholders and technical delivery teams.
* Lead end\\-to\\-end engagement governance including planning, prioritization, risk management, and stakeholder communication.
* Ensure predictable delivery through structured execution and proactive issue resolution.
* Coordinate cross\\-functional teams including data engineers, BI developers, architects, analysts, and application developers.
* Drive program tracking, status reporting, and milestone management.
###### **Requirements:**

* 10–15\\+ years of experience in analytics consulting, data engineering, BI, or enterprise technology delivery.
* Strong client\\-facing consulting and engagement management experience.
* Proven experience leading large\\-scale analytics or digital transformation programs.
* Prior hands\\-on software development or coding experience during early career is mandatory.
* Experience working with construction, engineering, infrastructure, manufacturing, or industrial clients is highly preferred.
* Knowledge of Snowflake \\& Power BI.
* Strong understanding of data warehousing and data lakes, ETL/ELT pipelines, data modelling, SQL and enterprise analytics ecosystems, reporting and dashboarding platforms
* Experience defining enterprise KPI frameworks and operational reporting solutions.
* Hands\\-on understanding of modern BI platforms and reporting ecosystems.
* Experience driving executive dashboards and business performance reporting.
* Strong understanding of backend systems and API\\-driven architectures.
* Experience working with REST APIs, microservices, and enterprise integrations.
* Working knowledge of modern application architecture and full\\-stack ecosystems.
* Ability to collaborate effectively with engineering and product teams.
* Familiarity with cloud ecosystems such as AWS, Azure, or GCP.
* Understanding of scalable enterprise data and analytics architectures.
###### **Desired Candidate Profile:**

* Has strong executive presence and communication skills.
* Can confidently represent the organization in front of senior client stakeholders.
* Combines consulting mindset with technical credibility.
* Is capable of translating business needs into technical execution plans.
* Has strong ownership and problem\\-solving capabilities.
* Is comfortable working in ambiguity and driving alignment.
* Can influence both client stakeholders and internal delivery teams.
* Understands both strategic consulting and hands\\-on technology delivery.
###### **Preferred Domain Experience:**

* Construction analytics
* Project management analytics
* Estimation and procurement workflows
* Operational reporting for construction projects
* Document or blueprint\\-driven workflows
* ERP/field operations reporting
* Industrial or manufacturing analytics

###### **Education:**


* Bachelor’s or Master’s degree in Engineering, Computer Science, Information Systems, Analytics, or related field.
* MBA or consulting experience is a plus.
###### **Benefits:**

Brillio offers a comprehensive benefits program for this position, subject to applicable eligibility requirements:


* Medical, Dental, and Vision Insurance with multiple plan options
* Health Savings Account (HSA) with Brillio employer contributions and Flexible Spending Accounts (FSA)
* Company\\-paid Life Insurance and Accidental Death \\& Dismemberment (AD\\&D) coverage
* Short\\-Term and Long\\-Term Disability coverage
* 401(k) retirement savings plan
* Flexible Paid Time Off (Flexi\\-PTO) and paid company holidays
* Paid Parental Leave including maternity, parental bonding, adoption, and surrogacy benefits
* Employee Assistance Program (EAP) and wellness resources
* Learning and Development programs including training and certification support
* Student Loan Contribution Program for eligible employees
* Employee discount and wellness programs including fitness, lifestyle, and family support benefits
* Backup care support for children, elder care, and pets
* Additional voluntary benefits including legal services, accident coverage, critical illness coverage, and pet insurance
  


Know what it’s like to work and grow at Brillio: Click here  

**Salary: 144,000\\-198,000 USD per year salary**","Consulting And Business Services","https://www.indeed.com/cmp/Brillio-LLC","https://d2q79iu7y748jz.cloudfront.net/s/_squarelogo/256x256/3cc68cea876232ac8a6829881ecafa81","https://www.brillio.com/","5201 Great America Parkway Suite 100 Santa Clara, CA 95054","1,001 to 5,000","$100M to $500M (USD)","A global technology company developing disruptive solutions to drive digital transformation for our customers.","","","","","",""
"in-0080b092805d67b5","indeed","https://www.indeed.com/viewjob?jk=0080b092805d67b5","https://zulaykitchen.applytojob.com/apply/R3UDpKVIkd/CRO-Web-Developer?source=INDE&~","CRO / Web Developer","Zulay Kitchen","Clearwater, FL, US","2026-05-28","fulltime","","","","","",False,"","","","talent@zulay.net","We’re looking for a highly skilled CRO/Web Developer who can move fast, think strategically, and execute without constant oversight. This role sits at the intersection of development, design, marketing, and performance—ideal for someone who understands how to build and optimize web experiences that drive conversions, improve user experience, and support rapid campaign execution.

**Location:** Clearwater, FL (In\\-Office)  

**Hours:** Monday–Friday, 9:00 AM – 6:00 PM (1\\-hour lunch)

### **What You’ll Do**

* Develop, customize, and maintain Shopify storefronts and landing pages
* Build high\\-converting landing pages, advertorials, and listicle\\-style pages
* Collaborate closely with the marketing team to launch and optimize campaigns
* Implement UX/UI improvements across the website to improve conversion rates and user experience
* Troubleshoot and resolve frontend and backend Shopify issues
* Customize Shopify themes and work within Liquid, HTML, CSS, JavaScript, and app integrations
* Optimize website speed, performance, and responsiveness across devices
* Improve SEO performance through technical and on\\-page optimizations
* Work quickly and efficiently while maintaining clean, scalable, high\\-quality code

### **What We’re Looking For**

* Proven experience developing and managing Shopify stores (frontend \\+ backend)
* Strong understanding of Shopify theme architecture and Liquid templating
* Proficiency in HTML, CSS, JavaScript, and responsive web development
* Experience building:
	+ Landing pages
	+ Advertorials
	+ Listicle\\-style content
	+ Conversion\\-focused ecommerce experiences
* Familiarity with UX/UI best practices and CRO (conversion rate optimization)
* Solid understanding of SEO and website performance optimization
* Ability to execute quickly (ideal: landing pages completed within 48 hours)
* Strong problem\\-solving and debugging skills
* Strong communication skills and ability to collaborate with marketing teams
* Detail\\-oriented with a high standard for quality, accuracy, and organization

### **Bonus Points**

* Experience with Shopify Plus
* Familiarity with Klaviyo, Rebuy, Recharge, or other ecommerce apps
* Experience with A/B testing tools and analytics platforms
* Basic graphic design or Figma experience

### **How to Apply**


Send your resume and examples of relevant work (portfolio required) to talent@zulay.net




R3UDpKVIkd","","https://www.indeed.com/cmp/Zulay-Kitchen","","","","","","","","","","","",""
"in-d53979b043d977ac","indeed","https://www.indeed.com/viewjob?jk=d53979b043d977ac","https://grnh.se/c7ajkm888us","Senior Web Developer","XLA","Washington, DC, US","2026-05-28","","","yearly","","","USD",False,"","","","humanresources@xla.com","XLA is looking for a **Senior Web Developer** to support a federal agency in Arlington, VA. This position requires the candidate to be eligible to obtain a U.S. secret security clearance and is **onsite position Monday\\-Friday.**


**Salary: $140,000**

  


**Required Skills:**


* .NET (web frameworks, libraries, unit testing frames, and design best practices)
* Vue3 (or similar front end framework like React or Angular \\- Vue is preferred)
* JavaScript
* HTML
* CSS/CSS Framework like Bootstrap
* SQL/data modeling and experience working with relational database for data persistence.
* Familiarity with Git and common code branching strategies
* Involved in all phases of the application development process from requirements, design, implementation, operations, and maintenance
* Responsible for full stack web application development using Microsoft .NET technology and Oracle RDBM
* Strong skills in frontend frameworks like Vue, React, or Angular (preferably Vue) and have strong knowledge of .NET web application development frameworks and libraries. This includes front end Single Page Application (SPA) development, well\\-structured middle tier API/Services, and data model design/implementation.
  


Preferred Skills:



* Experience working with accounting systems like CGI Momentum software or other COTS product.
* Experience development applications to Financial Management controls/business processes.
* Experience using AWS Kiro for AI assisted code generation.
* AWS certifications (developer, architect, AI, etc).
* Experience with Oracle PLSQL or Oracle DBA experience

  


**EEO Statement**



XLA is committed to the full inclusion of all qualified individuals and is an equal opportunity employer committed to supporting equality and integrity in the workplace, professional development and education, and an entrepreneurial atmosphere.

We encourage qualified individuals with disabilities to apply. If a reasonable accommodation is needed to participate in the job application or interview process or to perform essential job functions, please contact our HR team by phone at 703\\-584\\-8317 or via email at humanresources@xla.com. For persons who are deaf, hard of hearing, deafblind, or deaf\\-disabled, XLA will provide an American Sign Language (ASL) interpreter where needed as a reasonable accommodation for the hiring processes.



We are proud to be an EEO/VETERAN EMPLOYER.  

  

All qualified applicants will receive consideration for employment without regard to their protected veteran or disabled status and will not be discriminated against for self\\-identifying with either category","Human Resources And Staffing","https://www.indeed.com/cmp/Xla","https://d2q79iu7y748jz.cloudfront.net/s/_squarelogo/256x256/f6ce348b0f95f82e2d05784ed749817a","","","","","","","","","","",""
"in-8372037d5116e2b0","indeed","https://www.indeed.com/viewjob?jk=8372037d5116e2b0","https://www.applicantpro.com/openings/globalinformation/jobs/4101136-33887","Application Developer","Global Information Technology","Southfield, MI, US","2026-05-28","fulltime","","","","","",True,"","","","","**Job Description**

**Job Title: Application Developer**  

**Job Location: Remote**  

**Job Type: Full Time** **Job Description:*** Design, develop, test, and support enterprise applications
* Build and maintain backend services using Java, Spring Boot, and Jakarta EE
* Develop responsive user interfaces using Angular or React
* Create and integrate RESTful APIs and microservices
* Participate in full software development lifecycle (SDLC)
* Support CI/CD pipelines and containerized deployments
* Implement secure coding practices and application security standards
* Analyze business requirements and provide technical solutions
* Collaborate with cross\\-functional teams and provide technical guidance
* Support testing, troubleshooting, deployment, and production issues

**Requirement:*** 5\\+ years of backend development experience with Java, Spring Boot, and Jakarta EE
* Strong experience with REST APIs, SQL databases, and Git
* 3\\+ years of frontend experience with Angular or React, TypeScript, HTML5, and CSS3
* Experience with CI/CD tools, Jenkins, GitHub, Docker, or Podman
* Knowledge of Spring Security, OAuth2, JWT, and secure coding practices
* Experience with DevSecOps and vulnerability management
* Familiarity with AI\\-assisted development tools such as GitHub Copilot
* Strong understanding of enterprise application architecture and SDLC
* Excellent analytical, troubleshooting, and communication skills

### **Preferred Skills**

* Experience in healthcare or health insurance industry
* Knowledge of microservices and enterprise integrations
* Experience leading projects or mentoring developers
* Understanding of software delivery lifecycle and testing processes
* Ability to present technical solutions to leadership teams

### **Education \\& Certifications**

* Bachelor's degree in Computer Science, Business Systems, or related field required
* Master's degree preferred
* Certifications in Java, Oracle, or Project Management preferred


  

**Interested candidates can send their updated resumes at jobs@global\\-itech.com**","","https://www.indeed.com/cmp/Global-Information-Technology","https://d2q79iu7y748jz.cloudfront.net/s/_squarelogo/256x256/b2fd9a492e683388cdf44865e56488e6","http://www.git-org.com","Tampa","51 to 200","$1M to $5M (USD)","","","","","","",""
"in-fd5315fc3f6282ee","indeed","https://www.indeed.com/viewjob?jk=fd5315fc3f6282ee","http://www.indeed.com/job/application-developer-fd5315fc3f6282ee","Application Developer","Knight Federal Solutions","Bolling AFB, DC, US","2026-05-28","fulltime, contract","direct_data","yearly",120000.0,130000.0,"USD",True,"","","","","**Job Overview**  
We are seeking a dynamic and detail\\-oriented Application Developer to join our innovative technology team. In this role, you will be instrumental in designing, developing, and maintaining robust software applications that drive business success. Your expertise will help translate complex requirements into scalable solutions, ensuring seamless integration across various platforms and systems. This position offers an exciting opportunity to work with cutting\\-edge technologies and contribute to impactful projects that shape the future of our organization.

**Clearance Required**: TS/SCI \\& CI Polygraph (Active)

**Location**: DIA HQ (Bolling AFB) Washington, D.C.

**Shift**: 2 days on site, 3 days remote

**Position Description**: The SITE III EPD Application Development and Sustainment Task Order will be a hybrid application developer to support sustainment of two critical operating systems on JWICs. The Application Developer is a critical position on our contract. The individual must have a TS/SCI CI Poly and work will take place at DIA HQ.

**Basic Requirements**: Experience using Node.js with Typescript, SQL, PostgreSQL, Redis, and Elasticsearch Experience creating solutions to complex problems within a collaborative, cross functional team Ability to work with automated testing tools to perform testing and maintenance TS/SCI clearance with a polygraph Bachelor's degree and 10\\+ years of experience with application or software development, or Master's degree and 8\\+ years of experience with application or software development Experience with JSON, Java, JavaScript, SharePoint, XML, VBAs, Oracle, MongoDB, Solr, SQL, Open AI, or other AI technologies

Pay: $120,000\\.00 \\- $130,000\\.00 per year

Benefits:

* 401(k)
* 401(k) matching
* Dental insurance
* Health insurance
* Health savings account
* Life insurance
* Paid time off
* Vision insurance

Security clearance:

* Top Secret (Required)

Work Location: Hybrid remote in Bolling AFB, DC","","https://www.indeed.com/cmp/Knight-Federal-Solutions","https://d2q79iu7y748jz.cloudfront.net/s/_squarelogo/256x256/26d313cbd8103c0146d29c36acbbdf3a","http://www.knightfederal.com","Orlando","51 to 200","","","","","","","",""
"in-0ea584c419d6351f","indeed","https://www.indeed.com/viewjob?jk=0ea584c419d6351f","http://www.indeed.com/job/java-application-developer-0ea584c419d6351f","Java Application Developer","Global KTech","New York, NY, US","2026-05-28","contract","direct_data","hourly",45.0,50.0,"USD",True,"","","","","**Overview**  
We are seeking a dynamic and highly skilled Java Application Developer to join our innovative technology team. In this role, you will be at the forefront of designing, developing, and maintaining robust Java\\-based applications that drive our core business functions. Your expertise will contribute to building scalable, efficient, and secure software solutions that meet evolving client needs. This is an exciting opportunity for passionate developers eager to work in a fast\\-paced environment where creativity and technical excellence are celebrated.

**Responsibilities**

* Java DeveloperApplication Description These are home grown and maintained business applications that service the overpayment recovery business. The apps have about 2K users made up of about 1K internal and 1K external users. They research insurance claims for overpayments by payers, i.e. insurance companies. Once we identify overpayments we work with payers (UHC, as well as hundreds of other insurance companies which we call payers.)The app that we support is based in Angular front\\-end and C\\# backend with just a few Java based APIs. We are hosted on Azure Public Cloud. Backend DB is SQL Server. As most other app dev groups within Optum/UHG are devs are true full stack developers. They do CICD, deployments, Infrastructure as Code, security vulnerability remediation, unit tests, regression testing, app support, etc.Role OverviewDevelop, test, deploy, monitor, maintain, and continuously improve softwareTranslate product concepts into project commitments that results in delivery of incremental value to our customers frequently and with high quality in 2\\-week\\-sprintsParticipate and attend Scrum Ceremonies with meaningful contributions to discussionsEngage in continuous learning related to the software development process.Required Qualifications 2\\+ years of coding experience with one or more of the following languages Java, C\\#, Javascript, or C/C\\+\\+, and the eagerness to learn new languages and frameworks.Solid understanding of engineering fundamentals Unit Testing, Agile Methodologies, and DevOps.Preferred Qualifications Experience working with CICD (Continuous Integration/Continuous Delivery) toolsExperience in incident management and end user supportBachelor's degree in related field (Software Engineering) or equivalent work experienceRequired AI Skills \\- All contractor resources are expected to demonstrate baseline proficiency in enterprise\\-approved AI tools as part of their day\\-to\\-day responsibilities. This includes, but is not limited to \\-Consistent Use Maintain a minimum of 90% weekly usage of AI tools such as GitHub Copilot, Microsoft 365 Copilot, and other GenAI platforms approved by the enterprise. \\-Applied Productivity Leverage AI tools to enhance coding, documentation, data analysis, and decision\\-making workflows. \\-Continuous Learning Stay current with evolving AI capabilities and features, and apply them to improve delivery quality and velocity.

**Job Title : Senior Software Engineer**

**Primary Skill : Java**

**Experience : 5 years**

Pay: $45\\.00 \\- $50\\.00 per hour

Experience:

* Java: 5 years (Required)
* CI/CD: 5 years (Required)
* AI: 3 years (Required)

Work Location: Hybrid remote in New York, NY 10114","","https://www.indeed.com/cmp/Global-Ktech-1","","","","","","","","","","","",""
"in-00c961c73abf2cbd","indeed","https://www.indeed.com/viewjob?jk=00c961c73abf2cbd","https://careers.bigbear.ai/jobs/4439/job?utm_source=indeed_integration&iis=Job%20Board&iisn=Indeed&indeed-apply-token=73a2d2b2a8d6d5c0a62696875eaebd669103652d3f0c2cd5445d3e66b1592b0f","Sr. Application Developer","BigBear.ai","Washington, DC, US","2026-05-27","fulltime","","","","","",True,"","","","","Overview:
**BigBear.ai** is seeking a Mid\\-Level **Application Developer** to support the Defense Intelligence Agency (DIA).

**This position will be based out of Washington, D.C. and will offer remote flexibility.**


You will be joining our amazing BigBear.ai team to provide development for legacy and existing systems whether it’s building out new features, enhancements, or bug fixes and adding features that will allow our successor system to integrate with older legacy systems so that both systems can co\\-exist. This position will require 2 days of onsite support with remaining days providing developer support remotely.
What you will do:

As a Senior\\-Level Application Developer, some of your duties will require you to independently manage multiple complex work assignments with minimal oversight and review. Assignments may be broad in nature, requiring originality and innovation in determining how to accomplish tasks. Operates with appreciable latitude in developing methodology and presenting solutions to problems. Contributes to deliverables and performance metrics where applicable. Applies a comprehensive knowledge across key tasks and high impact assignments. Plans and leads major technology assignments. Evaluates performance results and recommends major changes affecting short\\-term project growth and success. Functions as a technical expert across multiple project assignments. May supervise others.  


What you need to have:
* Must maintain an active TS/SCI clearance with poly or eligible for a poly
* Master’s degree and 8\\+ years of experience with application or software development with least a portion of the experience within the last 2 years or Bachelor’s degree and 10\\+ years of experience with application or software development as a substitute to a Master’s degree.
* Experience using Node.js with Typescript, SQL, PostgreSQL, Redis, and Elasticsearch
* Experience with Angular and NestJS, JSON, Java, JavaScript, SharePoint, XML, VBAs, Oracle, MongoDB, Solr, SQL, Open AI, or other AI technologies
* Experience with Docker containers and/or Red Hat Openshift.
* Experience creating solutions to complex problems within a collaborative, cross\\-functional team
* Ability to work with automated testing tools to perform testing and maintenance


What we'd like you to have:
* Experience with Python
* Familiarity with Piwik/Matomo
* Experience creating solutions to complex problems within a collaborative, cross\\-functional team
* Ability to work with automated testing tools to perform testing and maintenance


About BigBear.ai:

BigBear.ai is a leading provider of AI\\-powered decision intelligence solutions for national security, supply chain management, and digital identity. Customers and partners rely on Bigbear.ai’s predictive analytics capabilities in highly complex, distributed, mission\\-based operating environments. Headquartered in McLean, Virginia, BigBear.ai is a public company traded on the NYSE under the symbol BBAI. For more information, visit https://bigbear.ai/ and follow BigBear.ai on LinkedIn: @BigBear.ai and X: @BigBearai.  

BigBear.ai is an Equal opportunity employer all protected groups, including protected veterans and individuals with disabilities.","","https://www.indeed.com/cmp/Bigbear.ai","https://d2q79iu7y748jz.cloudfront.net/s/_squarelogo/256x256/90bbf616d5b14617436293133af7973e","https://bigbear.ai","7950 Jones Branch 
Drive McLean VA 22102","501 to 1,000","$100M to $500M (USD)","BigBear.ai fuses artificial intelligence with deep mission expertise, empowering decision-makers and operators to act with speed, precision, and confidence.","","","","","",""
"in-8616688d840c6ab5","indeed","https://www.indeed.com/viewjob?jk=8616688d840c6ab5","https://talent.goldbelt.com/jobs/19663/job?utm_source=indeed_integration&iis=Job%20Board&iisn=Indeed&indeed-apply-token=73a2d2b2a8d6d5c0a62696875eaebd669103652d3f0c2cd5445d3e66b1592b0f","Senior Web Developer","Goldbelt","Mechanicsburg, PA, US","2026-05-21","fulltime","","","","","",False,"","","","","Overview:

Please note that this position is contingent upon the successful award of a contract currently under bid.  

A leader in cutting\\-edge research and technology in the cyber arena, CPMG focuses on using business drivers to guide cybersecurity activities and manage risk. CPMG offers flexible, integrative solutions for Department of Defense (DoD) contractors, among others, and specializes in cybersecurity, information and operational technology, electronic security surveillance, and support services. **Summary:**
The Senior Web Developer designs, develops, deploys, and maintains enterprise websites and dynamic database\\-driven web applications supporting organizational and mission requirements.
Responsibilities:
**Essential Job Functions:*** Design, develop, test, deploy, and maintain enterprise web applications and websites.
* Develop dynamic, database\\-driven applications utilizing modern web technologies and Oracle databases.
* Collaborate with customers, business analysts, and project teams to implement functional and technical requirements.
* Develop web interfaces, forms, reports, dashboards, and navigation structures using UI/UX best practices.


Qualifications:
**Necessary Skills and Knowledge:*** Strong knowledge of full\\-stack web development principles and enterprise application development.
* Proficiency with HTML, CSS, JavaScript, responsive design, and accessibility standards.

**Minimum Qualifications:*** Minimum of 6 years of experience in web development or application development.
* Experience developing enterprise web applications and websites.
* Each contractor employee must be a US citizen and have a favorably completed T3, T3R, or equivalent investigation to obtain a favorable determination for assignment. The investigation consists of a standard National Agency Check and an FBI fingerprint check plus law enforcement checks and credit check.

**Preferred Qualifications:*** Bachelor’s degree in Computer Science, Information Technology, Software Engineering, or related field.

**Pay and Benefits**  

At Goldbelt, we value and reward our team's dedication and hard work. We provide a competitive base salary commensurate with your qualifications and experience. As an employee, you'll enjoy a comprehensive benefits package, including medical, dental, and vision insurance, a 401(k) plan with company matching, tax\\-deferred savings options, supplementary benefits, paid time off, and professional development opportunities.","","https://www.indeed.com/cmp/Goldbelt-4","https://d2q79iu7y748jz.cloudfront.net/s/_squarelogo/256x256/f8ff4c6d87720ae806ddf73039407d87","https://www.goldbelt.com/careers/","","Decline to state","Decline to state","Strong Roots. Bright Futures.","","","","","",""
"in-21fa666d31b78b6e","indeed","https://www.indeed.com/viewjob?jk=21fa666d31b78b6e","https://talent.goldbelt.com/jobs/19665/job?utm_source=indeed_integration&iis=Job%20Board&iisn=Indeed&indeed-apply-token=73a2d2b2a8d6d5c0a62696875eaebd669103652d3f0c2cd5445d3e66b1592b0f","SME Web Developer","Goldbelt","Mechanicsburg, PA, US","2026-05-21","fulltime","","","","","",False,"","","","","Overview:

Please note that this position is contingent upon the successful award of a contract currently under bid.  

A leader in cutting\\-edge research and technology in the cyber arena, CPMG focuses on using business drivers to guide cybersecurity activities and manage risk. CPMG offers flexible, integrative solutions for Department of Defense (DoD) contractors, among others, and specializes in cybersecurity, information and operational technology, electronic security surveillance, and support services. **Summary:**
The SME Web Developer serves as the senior technical authority for enterprise web development, application modernization, and web portfolio management initiatives.
Responsibilities:
**Essential Job Functions:*** Lead the design, development, deployment, and maintenance of enterprise web applications, websites, and dynamic database\\-driven solutions.
* Serve as the technical lead and subject matter expert for multiple concurrent web application modules and enterprise initiatives.
* Collaborate with customers, stakeholders, project managers, business analysts, and content owners to gather, refine, and implement business and technical requirements.
* Architect scalable web solutions utilizing modern UI/UX principles, responsive design, accessibility standards, and secure coding practices.
* Oversee development and maintenance of Oracle database schemas, data models, and SQL scripts supporting enterprise web applications.
* Ensure all websites, applications, and prototypes comply with W3C, WCAG, Section 508, and organizational cybersecurity requirements.


Qualifications:
**Necessary Skills and Knowledge:*** Expert knowledge of web application architecture, enterprise web technologies, and full\\-stack development methodologies.

**Minimum Qualifications:*** Minimum 7 years of experience in web development, application development, or enterprise web architecture.
* Experience leading development teams or serving in a technical leadership role.
* Experience developing and maintaining enterprise\\-level web applications and websites.
* Experience with Oracle databases, SQL development, and data modeling.
* Each contractor employee must be a US citizen and have a favorably completed T3, T3R, or equivalent investigation to obtain a favorable determination for assignment. The investigation consists of a standard National Agency Check and an FBI fingerprint check plus law enforcement checks and credit check.

**Preferred Qualifications:*** Bachelor’s degree in Computer Science, Information Technology, Software Engineering, or related field.

**Pay and Benefits**  

At Goldbelt, we value and reward our team's dedication and hard work. We provide a competitive base salary commensurate with your qualifications and experience. As an employee, you'll enjoy a comprehensive benefits package, including medical, dental, and vision insurance, a 401(k) plan with company matching, tax\\-deferred savings options, supplementary benefits, paid time off, and professional development opportunities.","","https://www.indeed.com/cmp/Goldbelt-4","https://d2q79iu7y748jz.cloudfront.net/s/_squarelogo/256x256/f8ff4c6d87720ae806ddf73039407d87","https://www.goldbelt.com/careers/","","Decline to state","Decline to state","Strong Roots. Bright Futures.","","","","","",""
"in-2eca2614dcb7e608","indeed","https://www.indeed.com/viewjob?jk=2eca2614dcb7e608","https://careers.bigbear.ai/jobs/4438/job?utm_source=indeed_integration&iis=Job%20Board&iisn=Indeed&indeed-apply-token=73a2d2b2a8d6d5c0a62696875eaebd669103652d3f0c2cd5445d3e66b1592b0f","Application Developer - Mid Level","BigBear.ai","Washington, DC, US","2026-05-18","fulltime","","","","","",True,"","","","","Overview:
**BigBear.ai** is seeking a Mid\\-Level **Application Developer** to support the Defense Intelligence Agency (DIA).

**This position will be based out of Washington, D.C. and will offer remote flexibility.**

You will be joining our amazing BigBear.ai team to provide development for legacy and existing systems whether it’s building out new features, enhancements, or bug fixes and adding features that will allow our successor system to integrate with older legacy systems so that both systems can co\\-exist. This position will require \\~2 days of onsite support with remaining days providing developer support remotely.


What you will do:

As a Mid\\-Level Application Developer, some of your duties will require you to independently manage multiple complex work assignments with minimal oversight and review. Assignments may be broad in nature, requiring originality and innovation in determining how to accomplish tasks. Operates with appreciable latitude in developing methodology and presenting solutions to problems. Contributes to deliverables and performance metrics where applicable.
What you need to have:
* **TS/SCI clearance with a polygraph is required**
* Bachelors degree and 6\\+ years of experience with application or software development with least a portion of the experience within the last 2 years or Master's degree and 4\\+ years of experience with application or software development
* Experience using Node.js with Typescript, SQL, PostgreSQL, Redis, and Elasticsearch
* Experience with Angular and NestJS, JSON, Java, JavaScript, SharePoint, XML, VBAs, Oracle, MongoDB, Solr, SQL, Open AI, or other AI technologies
* Experience with Docker containers and/or Red Hat Openshift.


What we'd like you to have:
* Experience with Python
* Familiarity with Piwik/Matomo
* Experience creating solutions to complex problems within a collaborative, cross\\-functional team
* Ability to work with automated testing tools to perform testing and maintenance


About BigBear.ai:

BigBear.ai is a leading provider of AI\\-powered decision intelligence solutions for national security, supply chain management, and digital identity. Customers and partners rely on Bigbear.ai’s predictive analytics capabilities in highly complex, distributed, mission\\-based operating environments. Headquartered in McLean, Virginia, BigBear.ai is a public company traded on the NYSE under the symbol BBAI. For more information, visit https://bigbear.ai/ and follow BigBear.ai on LinkedIn: @BigBear.ai and X: @BigBearai.  

BigBear.ai is an Equal opportunity employer all protected groups, including protected veterans and individuals with disabilities.","","https://www.indeed.com/cmp/Bigbear.ai","https://d2q79iu7y748jz.cloudfront.net/s/_squarelogo/256x256/90bbf616d5b14617436293133af7973e","https://bigbear.ai","7950 Jones Branch 
Drive McLean VA 22102","501 to 1,000","$100M to $500M (USD)","BigBear.ai fuses artificial intelligence with deep mission expertise, empowering decision-makers and operators to act with speed, precision, and confidence.","","","","","",""
"in-ae62344a6cf8462a","indeed","https://www.indeed.com/viewjob?jk=ae62344a6cf8462a","https://careers.noblis.org/jobs/27004/job?utm_source=indeed_integration&iis=Job%20Board&iisn=Indeed&indeed-apply-token=73a2d2b2a8d6d5c0a62696875eaebd669103652d3f0c2cd5445d3e66b1592b0f","Web Application Developer III","Noblis","Chantilly, VA, US","2026-04-30","fulltime","direct_data","yearly",90700.0,141775.0,"USD",True,"","","","","Responsibilities:

Noblis is seeking an experienced **Web Application Developer III** to design, build, and maintain high\\-quality web\\-based applications that support the forensic and investigative mission space.

  

In this role, you will develop scalable, secure, and user\\-focused solutions across multiple enterprise systems operating in a multi\\-enclave environment. You will collaborate with cross\\-functional teams to deliver efficient, testable code aligned with modern development standards and user requirements.

 **Job Responsibilities**

* Design, develop, test, and deploy robust web\\-based applications using industry best practices.
* Translate UI/UX wireframes into responsive, functional, and maintainable code.
* Perform ongoing maintenance, testing, and troubleshooting to ensure optimal system performance.
* Document applications, services, and environments to support long\\-term sustainability and knowledge sharing.
* Configure, administer, and manage web application tools and platforms.
* Develop and maintain content for enterprise web applications that support critical decision\\-making.
* Create and enhance search capabilities, reports, and dashboards.
* Recommend and implement software enhancements and upgrades.
* Ensure compliance with Section 508 accessibility standards.
* Apply security best practices to safeguard applications against vulnerabilities.
* Optimize applications for performance, scalability, and reliability.
* Participate in Agile ceremonies, including Program Increments (PIs) and Agile Release Train (ART) events.
* Provide mentorship and technical guidance to junior developers.


Required Qualifications:
* Active Top Secret (TS) clearance with SCI eligibility and ability to obtain a CI Polygraph
* Bachelor's degree or master's degree with 8 years of experience of experience OR associate degree with 11 years of experience OR High School/Diploma with 14 years of experience.
* Experience working within the SAFe Agile framework.
* Strong knowledge of web application security principles.
* Proven experience developing complex web applications in government or similarly regulated environments.
* Proficiency with modern frontend frameworks such as Angular or React
* Strong experience with JavaScript/TypeScript and HTML5/CSS3
* Experience designing and implementing RESTful APIs
* Familiarity with Bootstrap and other CSS frameworks
* Experience with frontend build tools and package managers
* Backend development experience with technologies such as .NET (C\\#), Python, or Node.js
* Database integration experience (MySQL, PostgreSQL, Microsoft SQL Server)
* Experience implementing Section 508 accessibility requirements
* Knowledge of web application security best practices and performance optimization techniques
* US Citizenship is required
* Willing and able to work onsite one day per week, plus two days per quarter in Reston


\\#FundedPosition
Desired Qualifications:
* GraphQL for API development
* Elasticsearch for search and analytics integration
* Messaging technologies such as RabbitMQ, Redis, or similar brokers
* Containerization and orchestration tools (e.g., Docker, Kubernetes)
* Building and maintaining CI/CD pipelines for web applications
* Cloud environments, including AWS GovCloud, SC2S, or C2S
* DevSecOps tools and best practices
* Operating within classified or secure environments
* Active TS/SCI clearance with a CI Polygraph


Overview:
**Overview**
Noblis and our wholly owned subsidiaries, Noblis ESI and Noblis MSD, take on some of the nation’s toughest challenges, delivering advanced solutions to our customers’ most critical missions. We bring together leading scientific, engineering, and management expertise in a culture grounded in objectivity and collaboration, ensuring our work creates lasting impact across federal missions.  

We work with a broad range of government agencies in the defense, intelligence, and federal civilian sectors. Learn more and find opportunities at careers.noblis.org **Why Work at Noblis**  

At Noblis, we share a passion for excellence and innovation, and we create an environment where people can do meaningful work while maintaining the balance that keeps them energized and fulfilled. We seek out individuals with a natural curiosity and desire to collaborate and learn. We believe our people are our greatest strength, and we consistently seek exceptionally skilled, mission‑driven professionals who care deeply about doing work that enriches lives and makes our nation safer.  

Noblis has earned numerous workplace awards for our culture, our commitment to employee well‑being, and our dedication to meaningful, impactful work. We also maintain a drug‑free workplace. *Remote/hybrid status is subject to change based on Noblis and/or government requirements.*
Commitment to Non\\-Discrimination:

All qualified applicants will receive consideration for employment without regard to race, color, ethnicity, sex, age, national origin, religion, physical or mental disability, pregnancy/childbirth and related medical conditions, veteran or military status, or any other characteristics protected by applicable federal, state, or local law.  

If reasonable accommodation is needed to participate in the job application or interview process, to perform essential job functions, and/or to receive other benefits and privileges of employment, please contact us.
EEO is the Law \\| E\\-Verify \\| Right to Work  

  

Total Rewards:

At Noblis we recognize and reward your contributions, provide you with growth opportunities, and support your total well\\-being. Our offerings include health, life, disability, financial, and retirement benefits, as well as paid leave, professional development, tuition assistance, and work\\-life programs. Our award programs acknowledge employees for exceptional performance and superior demonstration of our service standards. Full\\-time and part\\-time employees working at least 20 hours a week on a regular basis are eligible to participate in our benefit programs. Other offerings may be provided for employees not within this category. We encourage you to learn more about our total benefits by visiting the Benefits page on our Careers site.  

Compensation at Noblis is determined by various factors, including but not limited to, the combination of education, certifications, knowledge, skills, competencies, and experience, internal and external equity, location, clearance level, as well as contract\\-specific affordability, organizational requirements and applicable employment laws. The projected compensation range for this position is based on full time status. For part time or on\\-call staff, compensation is proportionately adjusted based on hours worked. While monetary compensation is important, it's just one component of Noblis’ total compensation package.  

  

Posted Salary Range: USD $90,700\\.00 \\- USD $141,775\\.00 /Yr.","","https://www.indeed.com/cmp/Noblis","https://d2q79iu7y748jz.cloudfront.net/s/_squarelogo/256x256/749ac379d9bb78bf9536ec1f3107094f","http://www.noblis.org","Reston, VA","1,001 to 5,000","$100M to $500M (USD)","For 3 decades, Noblis has been an innovator within the federal government, committed to enriching lives and making our nation safer while investing in the missions of tomorrow.","","","","","",""
"in-0b4b8d16f875e583","indeed","https://www.indeed.com/viewjob?jk=0b4b8d16f875e583","https://careers.vtgdefense.com/jobs/9102/job?utm_source=indeed_integration&iis=Job%20Board&iisn=Indeed&indeed-apply-token=73a2d2b2a8d6d5c0a62696875eaebd669103652d3f0c2cd5445d3e66b1592b0f","Application Developer - Expert","VTG Defense","Herndon, VA, US","2026-04-24","fulltime","","","","","",False,"","","","","Overview:

VTG is currently seeking a Full Stack Web Application Developer (Expert) in Herndon VA to work on a suite of services that will supply users with tools to automate a wide range of enterprise\\-wide applications and data centric mission management applications. The ideal candidate will be willing to apply their talents across the entire Technical Team to meet the customer needs. The candidate will be part of a team of Software Developers, ETL Developers, and Data Scientists to enhance existing production applications and build out new web services on a routinized production cadence to meet the evolving needs of users. This is an exciting opportunity for Software Developers wanting to broaden their credentials in the realm of artificial intelligence and machine learning (AI/ML). This is also an exciting opportunity for the Software Developers to develop hands\\-on experience with new technical tools/applications. Development will take place in an iterative fashion using Agile development methodology with input from all levels of stakeholders.
Responsibilities:
* Integrating AI/ML technology into a production web application.
* Participation with iterative software development teams with adherence to all reporting requirements.
* Designing, developing and unit testing code for a production system and demonstration capabilities.
* Developing rapid prototypes to drive out requirements and design.
* Providing demonstrations and detailed walk through of features to a variety of technical and non\\-technical audiences.
* Meeting with stakeholders, analyzing requirements, developing user stories, and translating these into software development tasks.
* Development of technical documentation and briefing materials to support program status reviews, control gates, and other presentations as directed.


Qualifications:

Active TS/SCI With Polygraph Required.
The ability to work individually as well as the ability to work in project teams. Proven ability in decomposing concepts to discrete development tasks and managing your work to a deadline.  

* Minimum 4\\-6 years of demonstrated ability to design, develop, test and implement new applications based on project requirements.
* Minimum 5\\-7 years building web applications and UI/UX frameworks using Angular, React or JavaScript with specific examples. Java Spring framework is a plus.
* Minimum 5\\-7 years’ experience working with Linux Operating systems
* Minimum 4\\-6 years of demonstrated experience with development and deployment of applications in the Commercial Cloud Services (C2S) environment or an Amazon Web Services (AWS) cloud environment.
* Minimum 4\\-6 year of demonstrated experience with search \\& analytic tools. Examples to include ElasticSearch, Solr, OpenSearch.
* Minimum 4\\-6 years of microservices up to and including docker, podman, and or containerization services.
* Strong development experience is required. Minimum 4\\-6 years of Object Orientated software development experience is required. Python is preferred but would consider Java, CSharp, HTML, or SQL.
* Fundamental understanding of Extract, Transform, Load (ETL) processing with large structured and unstructured raw data sets. This can be demonstrated through education or OJT experience.","","https://www.indeed.com/cmp/Vtg-Defense","https://d2q79iu7y748jz.cloudfront.net/s/_squarelogo/256x256/beb1e99705a34f16a239c864121c592d","http://www.vtgdefense.com","14291 Park Meadow Drive
Suite 425
Chantilly, VA 20151","1,001 to 5,000","$100M to $500M (USD)","Check us out at www.VTGdefense.com!","","","","","",""
"in-110c2b4db319844f","indeed","https://www.indeed.com/viewjob?jk=110c2b4db319844f","https://careers.vtgdefense.com/jobs/9104/job?utm_source=indeed_integration&iis=Job%20Board&iisn=Indeed&indeed-apply-token=73a2d2b2a8d6d5c0a62696875eaebd669103652d3f0c2cd5445d3e66b1592b0f","Jr. Application Developer","VTG Defense","Herndon, VA, US","2026-04-20","fulltime","","","","","",False,"","","","","Overview:

VTG is currently seeking a JR. Full Stack Web Application Developer in Herndon VA to work on a suite of services that will supply users with tools to automate a wide range of enterprise\\-wide applications and data centric mission management applications. The candidate will be part of a team of Software Developers, ETL Developers, and Data Scientists to enhance existing production applications and build out new web services on a routinized production cadence to meet the evolving needs of users. This is an exciting opportunity for Software Developers wanting to broaden their credentials in the realm of artificial intelligence and machine learning (AI/ML). This is also an exciting opportunity for the Software Developers to develop hands\\-on experience with new technical tools/applications.
Responsibilities:

Fundamental understanding of analytic tools and capabilities.  

* Integrating AI/ML technology into a production web application.
* Participation with iterative software development teams with adherence to all reporting requirements.
* Designing, developing and unit testing code for a production system and demonstration capabilities.
* Developing rapid prototypes to drive out requirements and design.
* Providing demonstrations and detailed walk through of features to a variety of technical and non\\-technical audiences.
* Meeting with stakeholders, analyzing requirements, developing user stories, and translating these into software development tasks.
* Development of technical documentation and briefing materials to support program status reviews, control gates, and other presentations as directed.

Qualifications:

Must possess an active TS/SCI clearance with Poly on day one of employment* Experience in Agile team and software development methodologies.
* Minimum 4\\-6 years building web applications using Angular, React or JavaScript with specific examples. Java Spring framework is a plus.
* Solid understanding around UI/UX fundamentals.
* Minimum 2\\-4 years of work experience using a Linux Operating system.
* Minimum 2\\-4 years of demonstrated experience with development and deployment of applications in cloud services; such as: AWS, C2S, Azure, Oracle Cloud.
* Minimum 2\\-3 years of demonstrated ability to design, develop, test and implement new applications based on project requirements.
* The ability to work individually as well as the ability to work in project teams. Proven ability in decomposing concepts to discrete development tasks and managing your work to a deadline.
* Familiarity of microservices up to include: docker, podman, and or containerization services.
* Minimum 3\\-4 years of demonstrated experience using coding language: Java, Python, JavaScript, CSharp. Python preferred. Other areas of object orientated programming will be considered.","","https://www.indeed.com/cmp/Vtg-Defense","https://d2q79iu7y748jz.cloudfront.net/s/_squarelogo/256x256/beb1e99705a34f16a239c864121c592d","http://www.vtgdefense.com","14291 Park Meadow Drive
Suite 425
Chantilly, VA 20151","1,001 to 5,000","$100M to $500M (USD)","Check us out at www.VTGdefense.com!","","","","","",""
"in-61bd1dc919b6027a","indeed","https://www.indeed.com/viewjob?jk=61bd1dc919b6027a","https://careers.vtgdefense.com/jobs/8980/job?utm_source=indeed_integration&iis=Job%20Board&iisn=Indeed&indeed-apply-token=73a2d2b2a8d6d5c0a62696875eaebd669103652d3f0c2cd5445d3e66b1592b0f","Web Developer","VTG Defense","Chantilly, VA, US","2026-04-02","fulltime","","","","","",False,"","","","","Overview:

We are seeking a **Web Developer** located in **Chantilly, VA**.
Responsibilities:

The primary duties are to develop, test, and deploy web solutions using custom scripts, web parts and other advanced tool applications. We are looking for a motivated and self\\-driven individual with a background in information technology. Applicant needs to have strong customer service and communication skills and the ability to learn new concepts quickly.  

**Responsibilities**:* Perform administration and design of government web\\-pages and knowledge repositories across multiple classified and unclassified domains
* Manage site permissions, groups, user attributes, and pages/portals
* Develop and implement content management workflows, including task management, product review and approval, and posting activity
* Perform spot\\-checks and quality assurance of posted content
* Participate in website and portal design projects to maximize discoverability, readership, and access, within established government policies
* Research and implement modern web technologies to create innovative user interfaces and improve workflow efficiency.
* Create visual concepts by using JavaScript and other browser\\-based technologies such as, Asynchronous JavaScript and Extensible Markup (AJAX), jQuery, and Bootstrap.
* Demonstrate visual expertise including gathering raw data from various sources and developing comprehensive and visually engaging designs.
* Consult with customer to define the strategy needed to expand and enhance the website in both scope of content and technical features.

Qualifications:
**Qualifications:**

* Active TS/SCI w/CI poly
* Bachelor of Science degree in Information Systems, Computer Science or another applicable field with 9 years of experience. Relevant years of experience can be substituted in lieu of degree.
* Client\\-side development experience using JavaScript frameworks/libraries and other relevant front\\-end web technologies.
* Experience using InfoPath and SharePoint designer to develop workflows and data view web parts.
* Experienced in enforcing site standards, including security policies, to ensure the governance policies and processes are maintained
* Ability to handle a fast\\-paced environment and to work collaboratively with personnel from multiple functions and at all levels of the customer organization to deliver results; strong networking, interpersonal, customer service skills, team building and problem solving skills with an ability to be effective in a government/contractor team environment

**Desired Skills:*** Experience with other client\\-side technologies such as jQuery, CAML, XSLT, Rest API/ Web Services to be able to use the SharePoint client object model (CSOM) to query lists, manipulate list items and create on\\-demand reports and mashup of data to deliver content in an easy to understand manner.
* Familiarity with MVC/MVVM frameworks such as AngularJS, React, and .NET MVC is a plus.
* Experience with HTML, CSS, XSLT and Master Pages to deliver a user\\-friendly experience to the client
* Experience implementing solutions using SharePoint content types, lists, columns, web parts, features, page layouts, managed metadata keywords and other enterprise management features to provide collaboration solutions
* Experience developing PowerShell scripts","","https://www.indeed.com/cmp/Vtg-Defense","https://d2q79iu7y748jz.cloudfront.net/s/_squarelogo/256x256/beb1e99705a34f16a239c864121c592d","http://www.vtgdefense.com","14291 Park Meadow Drive
Suite 425
Chantilly, VA 20151","1,001 to 5,000","$100M to $500M (USD)","Check us out at www.VTGdefense.com!","","","","","",""
