"id","site","job_url","job_url_direct","title","company","location","date_posted","job_type","salary_source","interval","min_amount","max_amount","currency","is_remote","job_level","job_function","listing_type","emails","description","company_industry","company_url","company_logo","company_url_direct","company_addresses","company_num_employees","company_revenue","company_description","skills","experience_range","company_rating","company_reviews_count","vacancy_count","work_from_home_type"
"in-ae7f48b20fef2c69","indeed","https://www.indeed.com/viewjob?jk=ae7f48b20fef2c69","https://grnh.se/s07nbfz53us","Data Engineer (5313)","SMX","Arlington, VA, US","2026-05-29","","direct_data","yearly",100000.0,150000.0,"USD",False,"","","","","cBEYONData \\+ SMX is seeking a Data Engineer to support a federal customer's data modernization initiatives. This role will focus on designing, developing, and delivering scalable data solutions that help transform business needs into effective technical capabilities.



The ideal candidate will have hands\\-on experience building production data pipelines, data models, and analytics solutions using modern data platforms such as Palantir Foundry, Databricks, or similar tools. This position requires strong data engineering skills, the ability to collaborate with business and technical stakeholders, and experience supporting complex technology environments.



This is an opportunity to join a high\\-performing team supporting meaningful modernization work with room for professional growth.

  


### **Essential Duties \\& Responsibilities**


* Design and build new data solutions using enterprise data platforms.
* Develop, maintain, and optimize production data pipelines, data models, reports, and analytics solutions.
* Analyze business requirements and translate them into scalable technical solutions.
* Assess and design modifications to existing data models and platform solutions as needed.
* Build data models and reporting solutions using datasets from ERPs, legacy systems, and other enterprise data sources.
* Define test cases and validate test results to ensure solutions function as designed.
* Participate in requirements elicitation, analysis, documentation, and business process improvement activities.
* Work cross\\-functionally with technical teams, business stakeholders, and Federal customer representatives.
* Support knowledge sharing through code reviews, documentation, and mentoring.

### **Required Skills/Experience**


* Security Clearance: U.S. citizenship and an active DoD Secret security clearance are required.
* Education: Bachelor's degree in Computer Science or a related field.
* Experience: 4 years of related work experience.
* Hands\\-on development experience with proficiency inPython and PySpark.
* Hands\\-on experience building production data pipelines, data models, and analytics solutions using modern platforms
* Prior experience leading junior developers to deliver software or data capabilities on 2 or more projects.
* Knowledge of commercial cloud architecture, including AWS and/or Azure.
* Competence with software engineering tools and processes, including estimation, issue tracking, version control, and debugging.
* Strong analytical, problem\\-solving, and decision\\-making skills.
* Ability to work cross\\-functionally and participate in technical and business discussions.
* Proven ability to work independently on assigned tasks with minimal supervision.
* Proven experience with knowledge sharing, including code reviews and clear documentation.
* Driven, self\\-directed personality with a strong sense of mission and commitment to making a difference.

### **Desired Skills/Experience**


* Exceptional communication skills and the ability to foster positive outcomes across diverse people, teams, and priorities.
* Experience working with the DoD.
* Experience using ERP platforms


**Application Deadline:** 7/31/26



\\# LI\\-SA1

  



At SMX®, we are a team of technical and domain experts dedicated to enabling your mission. From priority national security initiatives for the DoD to highly assured and compliant solutions for healthcare, we understand that digital transformation is key to your future success.



We share your vision for the future and strive to accelerate your impact on the world. We bring both cutting edge technology and an expansive view of what's possible to every engagement. Our delivery model and unique approaches harness our deep technical and domain knowledge, providing forward\\-looking insights and practical solutions to power secure mission acceleration.



SMX is an Equal Opportunity employer including disabilities and veterans.



Selected applicant may be subject to a background investigation and/or education verification.



SMX does not sponsor a new applicant for employment authorization or immigration related support for this position (i.e. H1B, F\\-1 OPT, F\\-1 STEM OPT, F\\-1 CPT, J\\-1, TN, E\\-2, E\\-3, L\\-1 and O\\-1, or any EADs or other forms of work authorization that require immigration support from an employer).","","https://www.indeed.com/cmp/Smx-7bff1ba1","https://d2q79iu7y748jz.cloudfront.net/s/_squarelogo/256x256/998a0c18328fc9ea7ef4090fc6aecd49","http://www.smxtech.com","Hollywood, MD","501 to 1,000","$500M to $1B (USD)","","","","","","",""
"in-27e5574b31ba635e","indeed","https://www.indeed.com/viewjob?jk=27e5574b31ba635e","https://grnh.se/fx90fabb3us","Data Engineer (5313)","","Arlington, VA, US","2026-05-29","","direct_data","yearly",100000.0,150000.0,"USD",False,"","","","","cBEYONData \\+ SMX is seeking a Data Engineer to support a federal customer's data modernization initiatives. This role will focus on designing, developing, and delivering scalable data solutions that help transform business needs into effective technical capabilities.



The ideal candidate will have hands\\-on experience building production data pipelines, data models, and analytics solutions using modern data platforms such as Palantir Foundry, Databricks, or similar tools. This position requires strong data engineering skills, the ability to collaborate with business and technical stakeholders, and experience supporting complex technology environments.



This is an opportunity to join a high\\-performing team supporting meaningful modernization work with room for professional growth.

  


### **Essential Duties \\& Responsibilities**


* Design and build new data solutions using enterprise data platforms.
* Develop, maintain, and optimize production data pipelines, data models, reports, and analytics solutions.
* Analyze business requirements and translate them into scalable technical solutions.
* Assess and design modifications to existing data models and platform solutions as needed.
* Build data models and reporting solutions using datasets from ERPs, legacy systems, and other enterprise data sources.
* Define test cases and validate test results to ensure solutions function as designed.
* Participate in requirements elicitation, analysis, documentation, and business process improvement activities.
* Work cross\\-functionally with technical teams, business stakeholders, and Federal customer representatives.
* Support knowledge sharing through code reviews, documentation, and mentoring.

### **Required Skills/Experience**


* Security Clearance: U.S. citizenship and an active DoD Secret security clearance are required.
* Education: Bachelor's degree in Computer Science or a related field.
* Experience: 4 years of related work experience.
* Hands\\-on development experience with proficiency inPython and PySpark.
* Hands\\-on experience building production data pipelines, data models, and analytics solutions using modern platforms
* Prior experience leading junior developers to deliver software or data capabilities on 2 or more projects.
* Knowledge of commercial cloud architecture, including AWS and/or Azure.
* Competence with software engineering tools and processes, including estimation, issue tracking, version control, and debugging.
* Strong analytical, problem\\-solving, and decision\\-making skills.
* Ability to work cross\\-functionally and participate in technical and business discussions.
* Proven ability to work independently on assigned tasks with minimal supervision.
* Proven experience with knowledge sharing, including code reviews and clear documentation.
* Driven, self\\-directed personality with a strong sense of mission and commitment to making a difference.

### **Desired Skills/Experience**


* Exceptional communication skills and the ability to foster positive outcomes across diverse people, teams, and priorities.
* Experience working with the DoD.
* Experience using ERP platforms


**Application Deadline:** 7/31/26



\\# LI\\-SA1

  





SMX is an Equal Opportunity employer including disabilities and veterans.

Selected applicant may be subject to a background investigation and/or education verification.



SMX does not sponsor a new applicant for employment authorization or immigration related support for this position (i.e. H1B, F\\-1 OPT, F\\-1 STEM OPT, F\\-1 CPT, J\\-1, TN, E\\-2, E\\-3, L\\-1 and O\\-1, or any EADs or other forms of work authorization that require immigration support from an employer).","","","","","","","","","","","","","",""
"in-0d0e54e0e9e5d117","indeed","https://www.indeed.com/viewjob?jk=0d0e54e0e9e5d117","https://job-boards.greenhouse.io/tvscientificpoweredbypinterest/jobs/7871313","Software Engineer II, Big Data","tvScientific","San Francisco, CA, US","2026-05-29","","direct_data","yearly",123696.0,254667.0,"USD",True,"","","","","**About tvScientific**



tvScientific is the first and only CTV advertising platform purpose\\-built for performance marketers. We leverage massive data and cutting\\-edge science to automate and optimize TV advertising to drive business outcomes. Our solution combines media buying, optimization, measurement, and attribution in one, efficient platform. Our platform is built by industry leaders with a long history in programmatic advertising, digital media, and ad verification who have now purpose\\-built a CTV performance platform advertisers can trust to grow their business.

  



As a Data Engineer at tvScientific, you will be a key player in implementing the robust data infrastructure to power our data\\-heavy company. You will collaborate with our cross\\-functional teams to evolve our core data pipelines, design for efficiency as we scale, and store data in optimal engines and formats. This is an individual contributor role, where you will work to define and implement a strategic vision for data engineering within the organization.

  

**What you'll do:**


* Design and implement robust data infrastructure in AWS, using Spark with Scala
* Evolve our core data pipelines to efficiently scale for our massive growth
* Store data in optimal engines and formats, matching your designs to our performance needs and cost factors
* Collaborate with our cross\\-functional teams to design data solutions that meet business needs
* Design and implement knowledge graphs, exposing their functionality both via Batch Processing and APIs
* Leverage and optimize AWS resources while designing for scale
* Collaborate closely with our Data Science and Product teams
* **How we'll define success:**
	+ Successful design and implementation of scalable and efficient data infrastructure
	+ Timely delivery and optimization of data assets and APIs
	+ High attention to detail in implementation of automated data quality checks
	+ Effective collaboration with cross\\-functional teams

  

**What we're looking for:**


* Production data engineering experience
* Proficiency in Spark and Scala, with proven experience building data infrastructure in Spark using Scala is preferred
* Experience in delivering significant technical initiatives and building reliable, large scale services
* Experience in delivering APIs backed by relationship\\-heavy datasets
* Familiarity with data lakes, cloud warehouses, and storage formats
* Strong proficiency in AWS services
* Expertise in SQL for data manipulation and extraction
* Excellent written and verbal communication skills
* Bachelor's degree in Computer Science or a related field
* Demonstrated ability to use AI to improve speed and quality in your day\\-to\\-day workflow for relevant outputs
* Strong track record of critical evaluation and verification of AI\\-assisted work (e.g., testing, source\\-checking, data validation, peer review)
* High integrity and ownership: you protect sensitive data, avoid over\\-reliance on AI, and remain accountable for final decisions and deliverables
* **Nice\\-to\\-haves:**
	+ Experience in adtech
	+ Experience implementing data governance practices, including data quality, metadata management, and access controls
	+ Strong understanding of privacy\\-by\\-design principles and handling of sensitive or regulated data
	+ Familiarity with data table formats like Apache Iceberg, Delta
	+ Previous experience building out a Data Engineering function
	+ Proven experience working closely with Data Science teams on machine learning pipelines
  


**In\\-Office Requirement Statement:**


* We recognize that the ideal environment for work is situational and may differ across departments. What this looks like day\\-to\\-day can vary based on the needs of each organization or role.

  

  

**Relocation Statement:**


* This position is not eligible for relocation assistance.

  



\\#LI\\-SM4



\\#LI\\-REMOTE


At Pinterest we believe the workplace should be equitable, inclusive, and inspiring for every employee. In an effort to provide greater transparency, we are sharing the base salary range for this position. The position is also eligible for equity. Final salary is based on a number of factors including location, travel, relevant prior experience, or particular skills and expertise.

  

US based applicants only


$123,696 \\- $254,667 USD","","https://www.indeed.com/cmp/Tvscientific","","","","","","","","","","","",""
"in-fc3130fd4a42b451","indeed","https://www.indeed.com/viewjob?jk=fc3130fd4a42b451","https://jobs.sap.com/job/Palo-Alto-Forward-Deployed-Data-Engineer-CA-94304/1398497033/?feedId=118200&utm_source=Indeed&utm_campaign=SAP_Indeed","Forward Deployed Data Engineer","SAP","Palo Alto, CA, US","2026-05-29","fulltime","direct_data","yearly",198200.0,420000.0,"USD",False,"","","","Careers@sap.com","**We help the world run better**  

At SAP, we keep it simple: you bring your best to us, and we'll bring out the best in you. We're builders touching over 20 industries and 80% of global commerce, and we need your unique talents to help shape what's next. The work is challenging – but it matters. You'll find a place where you can be yourself, prioritize your wellbeing, and truly belong. What's in it for you? Constant learning, skill growth, great benefits, and a team that wants you to grow and succeed. **What you'll build:**

  

In this role, you design, build, and operate scalable data pipelines and platforms that enable analytics, reporting, and advanced data driven use cases embedded directly within customer environments and fast\\-moving delivery teams. You translate business and analytical requirements into robust, maintainable data solutions and ensure that data is reliable, secure, and accessible across the organization. You work closely with customers and combine cloud native software engineering, enterprise data engineering, and production grade AI capabilities to solve complex real world business problems at speed.

  

You are accountable for the technical quality, scalability, and business impact of delivered solutions within customer engagements. You operate at the intersection of engineering, data, AI, and customer delivery, collaborating closely with product, architecture, ML, and customer teams to accelerate adoption of AI driven enterprise solutions while maintaining alignment with SAP engineering and security standards.In this role, you will:

  

* Design, develop, and maintain scalable data pipelines and data models that support analytics, reporting, and AI use cases.
* Integrate data from multiple internal and external sources, ensuring data quality, consistency, and reliability across the data landscape.
* Build and optimize data processing workflows using modern data platforms and cloud based technologies.
* Ensure data solutions meet enterprise requirements for performance, security, governance, and compliance.
* Embed directly into customer projects and fast moving cross functional teams to rapidly understand business processes, technical landscapes, and operational challenges.
* Collaborate with data scientists, analysts, and product teams to translate analytical requirements into efficient data engineering designs.
* Monitor, troubleshoot, and improve data pipelines and platforms to ensure operational stability and continuous improvement.
* Capture reusable patterns, accelerators, and product improvement opportunities from customer engagements, contributing back to engineering standards, frameworks, and best practices across teams.
* Contribute to engineering standards, best practices, and reusable components to increase efficiency and maintainability

 **What you bring:**

  

* Strong experience in data engineering, including the design and implementation of scalable data pipelines and data models.
* Ability to operate effectively in an Agentic AI context, contributing to the design, application, and responsible use of AI agents within complex business processes.
* Proficiency in SQL and at least one programming language commonly used in data engineering (e.g. Python).
* Experience working with modern data platforms and cloud‑based data technologies (e.g. data warehouses, data lakes, distributed processing frameworks).
* Solid understanding of data quality, data governance, and data lifecycle management in enterprise environments.
* Ability to translate business and analytical needs into robust technical data solutions.
* Strong collaboration and communication skills, with the ability to work effectively across technical and non‑technical teams.
* Design and develop scalable end\\-to\\-end data pipelines and ETL/ELT solutions
* Expertise in enterprise data modelling, orchestration, and system integration
* Strong proficiency in Python and SQL for data engineering and transformation
* Hands\\-on experience with PySpark, Databricks, and big data processing frameworks
* Experience with workflow orchestration tools such as Airflow
* Strong working knowledge of SAP HANA and enterprise data platforms
* Experience with lakehouse and columnar storage formats including Parquet and Delta Lake
* Build and manage real\\-time streaming pipelines using Kafka or similar technologies
* Ensure data quality, governance, compliance, and PII protection standards
* Apply CI/CD, Docker, and Git best practices within data engineering workflows

 **Where you belong:**

  

You will be part of a **growing AI and industry expert team** dedicated to serving customers across the region (Americas, Europe, Asia). We are building a collaborative, high\\-impact environment that brings together deep AI expertise, strong industry knowledge, and regional understanding to help customers innovate, transform, and lead in their markets.

  

This team thrives on working together to turn complex business challenges into practical, scalable solutions. You will find an environment that values **curiosity, ownership, and continuous learning**, where new ideas are encouraged and real\\-world impact matters. This is a place for people who enjoy building something new. You will thrive here if you are **customer\\-centric, motivated by meaningful outcomes, and comfortable navigating ambiguity** in a fast\\-evolving AI landscape.

  

We work closely with decision\\-makers, challenge assumptions with data, and give data scientists room to influence strategy—not just produce analysis. We value sharp thinking, business curiosity, and clear communication.

 **Bring out your best**  

SAP innovations help more than four hundred thousand customers worldwide work together more efficiently and use business insight more effectively. Originally known for leadership in enterprise resource planning (ERP) software, SAP has evolved to become a market leader in end\\-to\\-end business application software and related services for database, analytics, intelligent technologies, and experience management. As a cloud company with two hundred million users and more than one hundred thousand employees worldwide, we are purpose\\-driven and future\\-focused, with a highly collaborative team ethic and commitment to personal development. Whether connecting global industries, people, or platforms, we help ensure every challenge gets the solution it deserves. At SAP, you can bring out your best.
  

  

**We win with inclusion**  

SAP’s culture of inclusion, focus on health and well\\-being, and flexible working models help ensure that everyone – regardless of background – feels included and can run at their best. At SAP, we believe we are made stronger by the unique capabilities and qualities that each person brings to our company, and we invest in our employees to inspire confidence and help everyone realize their full potential. We ultimately believe in unleashing all talent and creating a better world.  

  

SAP is committed to the values of Equal Employment Opportunity and provides accessibility accommodations to applicants with physical and/or mental disabilities. If you are interested in applying for employment with SAP and are in need of accommodation or special assistance to navigate our website or to complete your application, please send an e\\-mail with your request to Recruiting Operations Team: Careers@sap.com.  

  

For SAP employees: Only permanent roles are eligible for the SAP Employee Referral Program, according to the eligibility rules set in the SAP Referral Policy. Specific conditions may apply for roles in Vocational Training.  

Qualified applicants will receive consideration for employment without regard to their age, race, religion, national origin, ethnicity, age, gender (including pregnancy, childbirth, et al), sexual orientation, gender identity or expression, protected veteran status, or disability. **Compensation Range Transparency**: SAP believes the value of pay transparency contributes towards an honest and supportive culture and is a significant step toward demonstrating SAP’s commitment to pay equity. SAP provides the annualized compensation range inclusive of base salary and variable incentive target for the career level applicable to the posted role. The targeted annual combined range for this position is 198200\\-420000USD. The actual amount to be offered to the successful candidate will be within that range, dependent upon the key aspects of each case which may include education, skills, experience, scope of the role, location, etc. as determined through the selection process. Any SAP variable incentive includes a targeted dollar amount and any actual payout amount is dependent on company and personal performance. Please reference this link for a summary of SAP benefits and eligibility requirements: SAP North America Benefits. **AI Usage in the Recruitment Process**
For information on the responsible use of AI in our recruitment process, please refer to our Guidelines for Ethical Usage of AI in the Recruiting Process.
Please note that any violation of these guidelines may result in disqualification from the hiring process.  

  

Requisition ID: 453995 \\| Work Area: Software\\-Design and Development \\| Expected Travel: 0 \\- 10% \\| Career Status: Professional \\| Employment Type: Regular Full Time \\| Additional Locations: \\#LI\\-Hybrid","Internet And Software","https://www.indeed.com/cmp/SAP","https://d2q79iu7y748jz.cloudfront.net/s/_squarelogo/256x256/d17f7c102a43b1dce3ba341c8dbad2b0","http://jobs.sap.com","Dietmar-Hopp-Allee 16
Walldorf, 69190
Germany","10,000+","more than $10B (USD)","SAP's purpose is to help the world run better and improve people's lives with sustainability at the core.","","","","","",""
"in-d302d169ae8b0aab","indeed","https://www.indeed.com/viewjob?jk=d302d169ae8b0aab","https://careers.t-mobile.com/sr-engineer-data/job/0B53380D8A557DAE3BE28D0C0E0BDD0A?source=Indeed","Sr Engineer, Data","T-Mobile","Bothell, WA, US","2026-05-29","fulltime","direct_data","yearly",105100.0,189600.0,"USD",False,"","","","","At T\\-Mobile, we invest in YOU! Our Total Rewards Package ensures that employees get the same big love we give our customers. All team members receive a competitive base salary and compensation package \\- this is Total Rewards. Employees enjoy multiple wealth\\-building opportunities through our annual stock grant, employee stock purchase plan, 401(k), and access to free, year\\-round money coaches. That’s how we’re UNSTOPPABLE for our employees!


Job Overview  

Are you ready to join the Un\\-carrier movement?  

This role is essential for designing and developing data architectures across on\\-premise, cloud, and hybrid platforms to support organizational data needs. It primarily involves collaborating with data engineers to analyze, architect, design, and develop data warehouse and business analytics solutions.  

  

This role supports the Customer Information domain, which enables trusted customer data across digital, retail, care, partner, individual, and business channels. The Sr. Engineer, Data helps design, build, and operate reliable, scalable data pipelines, reusable data models, standardized schemas, and approved self\\-service data products that support analytics, marketing, customer experience, fraud detection, and AI/ML use cases.  

  

The role includes mentoring team members to enhance their data engineering skills and capabilities. Success is measured by the effectiveness, reliability, quality, and scalability of data engineering solutions, team skill development, and contribution to data architecture innovation. The work impacts the organization by enabling data\\-driven decision\\-making and advancing data infrastructure capabilities for business insights.  

We are a team that encourages innovation and advocate an agile and open approach, truly working and playing in the Un\\-carrier way!**Job Responsibilities**:

* Develop data engineering solutions that enable data pipelines, visualization, and analytical tools to support business requirements.
* Design and develop data architectures across on\\-premise, cloud, and hybrid platforms to ensure scalable data infrastructure.
* Architect, build, and maintain reliable data pipelines that ingest, transform, and deliver data from diverse customer and business data sources into enterprise data lake, warehouse, and analytics platforms.
* Design reusable data models and standardized schemas, including Customer 360 and customer behavioral data structures, to support consistent metric definitions and trusted downstream use by analytics, marketing, and AI/ML teams.
* Perform data wrangling, exploration, and discovery of heterogeneous data to generate new business insights.
* Embed data quality practices into pipeline development, including automated checks for completeness, accuracy, timeliness, and governance alignment.
* Build and curate self\\-service data products, metadata, and documentation that improve data discoverability and enable approved users to access trusted datasets efficiently.
* Partner with analytics, marketing, AI/ML, and business stakeholders to understand data needs, define data contracts, and support scalable customer data use cases.
* Contribute to team knowledge sharing and drive the advancement of new data engineering capabilities.
* Mentor team members to build and enhance their data engineering skillsets and professional growth.
* Assist management in project definition, including estimating, planning, and scoping work to meet objectives.
* Also responsible for other duties/projects as assigned by business management as needed.

### **Education and Work Experience**

* Bachelor's Degree plus 5 years of related work experience OR Advanced degree with 3 years of related experience (Required)
* Acceptable areas of study include Computer Engineering, Computer Science, a related subject area (Required)
* 4\\-7 years Developing cloud solutions using data series; experience with cloud platforms (Amazon Web Services, Azure, or Google Cloud) (Required)
* 4\\-7 years Hands\\-on development using and migrating data to cloud platforms (Required)
* 4\\-7 years Experience in SQL, NoSQL, and/or relational database design and development (Required)
* 4\\-7 years Advanced knowledge and experience in building complex data pipelines with Python, Experience in languages such as SQL, DAX Python, Java, Scala, and/or Go (Required)

### **Knowledge, Skills and Abilities**

* Cloud Computing (Required)
* Collaboration (Required)
* Data Analysis (Required)
* Data Engineering (Required)
* Data Lake (Required)
* Data Management (Required)
* Data Modeling (Required)
* Data Warehousing (DW) (Required)
* Databricks DBRX (Required)

### **Preferred Qualifications**

* 4\\+ years of experience delivering and operating large\\-scale Oracle relational database platforms, including performance optimization and database change management on RDBMS and/or NoSQL platforms.
* 5\\+ years of hands\\-on experience designing and operating large\\-scale data pipelines and ETL/ELT workflows in cloud\\-native environments, such as Databricks, Snowflake, Apache Spark, Kafka, or similar technologies.
* Experience building and maintaining data models and schemas, such as dimensional models, Data Vault, or one big table models, that serve multiple downstream consumers including BI, marketing, analytics, and AI/ML teams.
* Experience with customer data, Customer 360, customer identity, segmentation, eligibility, fraud detection, or customer experience data products.
* Proficiency with PL/SQL and at least one scripting or data engineering language such as Python or Scala.
* Experience with pipeline orchestration, transformation, and automated data quality practices using tools such as Airflow, dbt, or similar technologies.
* Experience with data cataloging, metadata management, governance workflows, and self\\-service tooling such as Collibra or similar platforms.
* Experience using database change management tools such as Liquibase or similar technologies.
* Experience developing and managing cloud data solutions using AWS services such as RDS, Redshift, Glue, or comparable cloud\\-native data services.

### **Licenses and Certifications**

* Cloud platform certification(s) i.e. AWS Certified Solutions Architect, AWS Certified Cloud Practitioner or Microsoft Certified Solutions Associate (MCSA) (Preferred)

* At least 18 years of age
* Legally authorized to work in the United States

  

**Travel**:  

Travel Required (Yes/No): Yes  

  

**DOT Regulated**:  

DOT Regulated Position (Yes/No): No  

Safety Sensitive Position (Yes/No): No  


Base Pay Range: $105,100 \\- $189,600
Corporate Bonus Target: 15%
The pay range above is the general base pay range for a successful candidate in the role. The successful candidate’s actual pay will be based on various factors, such as work location, qualifications, and experience, so the actual starting pay will vary within this range.


At T\\-Mobile, employees in regular, non\\-temporary roles are eligible for an annual bonus or periodic sales incentive or bonus, based on their role. Most Corporate employees are eligible for a year\\-end bonus based on company and/or individual performance and which is set at a percentage of the employee’s eligible earnings in the prior year. Certain positions in Customer Care are eligible for monthly bonuses based on individual and/or team performance. To find the pay range for this role based on hiring location, click here.
At T\\-Mobile, our benefits exemplify the spirit of One Team, Together! A big part of how we care for one another is working to ensure our benefits evolve to meet the needs of our team members. Full and part\\-time employees have access to the same benefits when eligible. We cover all of the bases, offering medical, dental and vision insurance, a flexible spending account, 401(k), employee stock grants, employee stock purchase plan, paid time off and up to 12 paid holidays \\- which total about 4 weeks for new full\\-time employees and about 2\\.5 weeks for new part\\-time employees annually \\- paid parental and family leave, family building benefits, back\\-up care, enhanced family support, childcare subsidy, tuition assistance, college coaching, short\\- and long\\-term disability, voluntary AD\\&D coverage, voluntary accident coverage, voluntary life insurance, voluntary disability insurance, and voluntary long\\-term care insurance. We don't stop there \\- eligible employees can also receive mobile service \\& home internet discounts, pet insurance, and access to commuter and transit programs! To learn about T\\-Mobile’s amazing benefits, check out *www.t\\-mobilebenefits.com**.*


Never stop growing!  

As part of the T\\-Mobile team, you know the Un\\-carrier doesn’t have a corporate ladder–it’s more like a jungle gym of possibilities! We love helping our employees grow in their careers, because it’s that shared drive to aim high that drives our business and our culture forward. By applying for this career opportunity, you’re living our values while investing in your career growth–and we applaud it. You’re unstoppable!  

  

T\\-Mobile USA, Inc. is an Equal Opportunity Employer. All decisions concerning the employment relationship will be made without regard to age, race, ethnicity, color, religion, creed, sex, sexual orientation, gender identity or expression, national origin, religious affiliation, marital status, citizenship status, veteran status, the presence of any physical or mental disability, or any other status or characteristic protected by federal, state, or local law. Discrimination, retaliation or harassment based upon any of these factors is wholly inconsistent with how we do business and will not be tolerated.  

  

Talent comes in all forms at the Un\\-carrier. If you are an individual with a disability and need reasonable accommodation at any point in the application or interview process, please let us know by emailing ApplicantAccommodation@t\\-mobile.com or calling 1\\-844\\-873\\-9500\\. Please note, this contact channel is not a means to apply for or inquire about a position and we are unable to respond to non\\-accommodation related requests.","","https://www.indeed.com/cmp/T--Mobile","https://d2q79iu7y748jz.cloudfront.net/s/_squarelogo/256x256/874c3b5391e0500976a6b98cd5895136","https://careers.t-mobile.com/","Bellevue, WA","10,000+","more than $10B (USD)","T-Mobile US, Inc. (NASDAQ: TMUS) is America’s supercharged Un-carrier, delivering an advanced 4G LTE and transformative nationwide 5G network that will offer reliable connectivity for all. ","","","","","",""
"in-99e4227fa5413fb6","indeed","https://www.indeed.com/viewjob?jk=99e4227fa5413fb6","https://jobs.bayer.com/job/St_-Louis-Sr_-Data-Scientist-Miss/1398469533/","Sr. Data Scientist","Bayer","St. Louis, MO, US","2026-05-29","","direct_data","yearly",120000.0,150000.0,"USD",False,"","","","_us@bayer.com, _us@bayer.com","Sr. Data Scientist for St. Louis, MO to develop predictive agronomic models to address scientific challenges in precision agriculture; manage data preparation and cleansing for multi\\-source agronomic data; ensure quality standards \\& build reliable pipelines for integration and analysis; lead implementation of research projects using statistical, machine learning \\& optimization techniques; review \\& revise code to ensure quality and reproducibility; provide mentorship and technical guidance to junior data scientists; provide coaching \\& training in agile framework and methodologies; coordinate sprints, retrospective meetings \\& stand\\-ups. Requires Master's in Data Science, Statistics, Applied Mathematics, or closely\\-related quantitative field \\& 4 yrs experience building predictive machine learning, statistical models, and optimization algorithms for research applications; deploying code to AWS; writing code in Python with data science packages, including Pandas, Numpy \\& Geopandas for data aggregation; using Matplotlib \\& Seaborn for data analysis \\& visualization; using PyMC for Bayesian statistical modeling \\& inference; using Sklearn \\& XGboost for machine learning and modeling; using TensorFlow and Keras for deep learning modeling; working with large, complex datasets across agronomic, genetics, environmental \\& weather domains using SQL, PySpark and Google BigQuery; designing \\& analyzing agronomic trial data, including experimental protocols and hypothesis testing to evaluate outcomes; using version control systems, including GitLab, to track code history \\& perform code review; creating \\& deploying CI/CD pipelines, applying MLOps best practices, including code documentation, merge/pull requests, unit testing, and code modularization; using JIRA \\& Agile methodologies for task prioritization and project management; communicating with technical \\& non\\-technical stakeholders at all levels of the organization, including business stakeholders, agronomists, data engineers, and data scientists. Telecommuting permitted from home office location anywhere in the U.S.Salary Range: Employees can expect to be paid a salary between $120,000\\.00 to $150,000\\.00\\.Additional compensation may include a bonus or commission (if relevant). Additional benefits include health care, vision, dental, retirement, PTO, sick leave, etc. The offered salary may vary within this range based on an applicant’s location, market data/ranges, an applicant’s skills and prior relevant experience, certain degrees and certifications, and other relevant factors. Mail resume to Cascinda Fischbeck, Bayer Research \\& Development Services LLC, 800 N. Lindbergh Blvd., E2NE, St. Louis, MO, 63167 or email resume to careers\\_us@bayer.com. Include reference code below with resume.  

  

Bayer Research \\& Development Services LLC is an Equal Opportunity Employer/Disabled/Veterans  


  

Bayer Research \\& Development Services LLC is committed to providing access and reasonable accommodations in its application process for individuals with disabilities and encourages applicants with disabilities to request any needed accommodation(s) using the contact information below.  


  

  

If you meet the requirements of this unique opportunity, and want to impact our mission Science for a better life, we encourage you to apply now. Job postings will remain open for a minimum of ten business days and are subject to immediate closure thereafter without additional notice.

  

  

Equal Opportunity Employer Statement: Notice for U.S. Visitors: All information on this site is subject to compliance with local rule and regulations as they may vary from time to time and across different geographies, including, without limitation, U.S. Executive Orders.

  

  

**Division:** CropScience **Reference Code** 863349
  

**Functional Area:** CDFS **Location:** St. Louis, MO
  

**Employment Type:** Regular **Position Grade:**  



  

  

  

**Contact Us**
  

  

Address Telephone
  

**Creve Coeur, MO**
  

**63167**
   

OR
  

   

careers\\_us@bayer.com","","https://www.indeed.com/cmp/Bayer","https://d2q79iu7y748jz.cloudfront.net/s/_squarelogo/256x256/c50d3a7d907f4910c1ec2d028d13bf23","https://www.bayer.com/en/career","Leverkusen","10,000+","more than $10B (USD)","Bayer is a global enterprise with core competencies in the life science fields of healthcare & agriculture. Explore how you can impact our mission: Health for all, Hunger for none at career.bayer.com.","","","","","",""
"in-f812f1d587b911e8","indeed","https://www.indeed.com/viewjob?jk=f812f1d587b911e8","http://www.indeed.com/job/enterprise-ai-automation-analyst-f812f1d587b911e8","Enterprise AI & Automation Analyst","St. Petersburg College","Clearwater, FL, US","2026-05-29","fulltime","direct_data","yearly",76296.0,92509.0,"USD",False,"","","","","Salary Range: $76,296\\.54 \\- $92,509\\.56

Pay Grade: 117

FLSA Status: Exempt

Salary Admin Plan: A\\&P (annual contract)

Veterans' Preference Eligible: No

Hybrid: 1\\-2 days on\\-site in Clearwater, FL

**JOB SUMMARY**

The Enterprise AI \\& Automation Analyst is a hands\\-on technical role responsible for designing, building, and deploying AI\\-powered automation, analytics, and agent\\-based solutions across St. Petersburg College's enterprise systems and data platforms.

This role works at the intersection of Microsoft Fabric, local AI infrastructure, and institutional business processes. Core responsibilities include building and maintaining the College's Fabric IQ Ontology as a governed semantic foundation for AI\\-driven analytics; designing and deploying Fabric Data Agents that enable conversational, natural\\-language access to institutional data; and participating in the build\\-out and operation of a local, on\\-premise AI environment using Ollama and open\\-source models. The analyst also serves as the primary point of contact for connecting the college community with AI capabilities and identifying use cases, building purpose\\-built agents, and helping departments adopt AI tools effectively.

The analyst works closely with enterprise application teams, data engineers, and business stakeholders to deliver production\\-grade AI solutions that improve operational efficiency, data quality, and decision\\-making. As SPC transitions from PeopleSoft to Workday, this role will also contribute to modeling Workday\\-centric data entities within the Fabric IQ Ontology and developing AI agents that surface insights from the College's evolving enterprise ecosystem.

Success in this role is defined by building working systems that integrate with enterprise platforms, enabling broader institutional access to AI, and generating measurable operational outcomes.

**Department Overview: Enterprise Applications \\& Business Intelligence**

Enterprise Applications \\& Business Intelligence oversees the College's critical software systems and data platforms, unifying student, financial, and administrative systems to support SPC's core operations and strategic goals. The team manages and optimizes enterprise platforms such as PeopleSoft (Campus Solutions, HCM, FSCM) and supports enterprise analytics and reporting on Microsoft Fabric. The department also manages SharePoint\\-based business processes, Power Automate workflows, enterprise system integrations, and data governance frameworks that enable secure, reliable, and scalable digital services across the institution.

**IT Vision \\& Values**

**Vision:** SPC's IT department provides strategic, innovative solutions for College stakeholders using industry best practices, delivered by an empowered, growth\\-minded team committed to partnerships and excellent customer service.

**Values:** Accountability, Continuous Improvement, Customer\\-Centric Solutioning, Empowerment, Excellence, Fiscal Responsibility, Industry Best Practices \\& Standards, Innovation, Integrity, Nimbleness, Partnership, Passion for the Work, Professional Growth \\& Development, and Transparency.

**Position Impact:** This position accelerates SPC's ability to embed artificial intelligence into enterprise operations by delivering secure, production\\-grade automation and analytics solutions. The Enterprise AI \\& Automation Analyst improves staff productivity, reduces processing time and rework, strengthens data\\-driven decision\\-making through conversational analytics and AI\\-powered agents, and expands access to trusted institutional insights across the college community. As SPC's enterprise landscape evolves toward Workday, this role ensures the College's AI and ontology investments are architected for the future state.

**ESSENTIAL JOB FUNCTIONS**

Fabric AI \\& Ontology

* Build and maintain the College's Fabric IQ Ontology, defining entity types, relationships, properties, and business rules that establish a shared semantic foundation across institutional data domains.
* Evolve the ontology to reflect SPC's transition from PeopleSoft to Workday, modeling Workday\\-centric HCM, Finance, and Student entities as the new ERP ecosystem comes online.
* Design, build, and deploy Microsoft Fabric Data Agents that provide conversational, natural\\-language access to governed datasets stored in OneLake, including lakehouses, warehouses, and Power BI semantic models.
* Develop and refine prompt engineering strategies, agent instructions, and contextual grounding to ensure Data Agents return accurate, institution\\-specific responses aligned with SPC's data governance standards.
* Embed AI\\-driven narratives, anomaly detection, and decision\\-support features into Power BI reports aligned with institutional priorities.

On\\-Premise AI Infrastructure

* Participate in the design, deployment, and administration of a local on\\-premise AI environment based on Ollama and open\\-source language models.
* Evaluate, test, and recommend local models for specific institutional use cases, balancing performance, privacy, cost, and compliance requirements.
* Develop and maintain Python\\-based services, notebooks, and pipelines that integrate local AI capabilities with enterprise systems and workflows using software engineering best practices (version control, testing, documentation).

AI Enablement \\& Community Engagement

* Serve as the primary liaison between the Enterprise Applications \\& BI team and the broader college community for AI adoption.
* Identify, evaluate, and prioritize high\\-impact AI use cases across academic and administrative departments.
* Build purpose\\-built agents and automated workflows tailored to departmental needs, including service request handling, document processing, onboarding workflows, and data analysis.
* Design and implement AI\\-enhanced workflows using SharePoint and Power Automate for service intake, onboarding, and business process automation.
* Integrate AI capabilities into SharePoint\\-based forms and Power Automate flows to classify requests, extract structured data, route cases, and trigger enterprise actions.
* Provide guidance, training, and hands\\-on support to help staff and faculty effectively utilize local and cloud\\-based AI tools.

Governance, Security \\& Documentation

* Ensure all AI solutions comply with FERPA, data governance standards, accessibility requirements, and institutional security policies.
* Document data flows, AI configurations, ontology definitions, agent instructions, access controls, and operational procedures for each deployed solution.
* Collaborate with Information Security and Infrastructure teams on risk reviews, approvals, and operational readiness.
* Partner with Enterprise Applications and Data Engineering teams to ensure solutions meet production standards for performance, reliability, and maintainability.

**MINIMUM EDUCATION AND EXPERIENCE REQUIREMENTS**

Bachelor's degree in information systems or a related field; four (4\\) years of related work experience in area of responsibility; or any equivalent combination of education, training, and experience which provides the requisite knowledge, skills, and abilities for this job.

* Strong proficiency with Python and SQL for data processing, integration, and automation.
* Demonstrated skill in prompt engineering, including designing system prompts, agent instructions, and contextual grounding for large language models.
* Experience working with enterprise data platforms (data lake and data warehouse concepts; Spark or equivalent processing frameworks).
* Experience integrating systems using APIs, connectors, or messaging patterns.
* Working knowledge of data privacy, security, and governance principles in enterprise environments.

Preferred Qualifications

* Experience with Microsoft Fabric, including Data Agents, semantic models, Fabric IQ Ontology, or related workloads.
* Experience with retrieval\\-augmented generation (RAG) architectures, including vector databases (e.g., Chroma, pgvector, Qdrant, Milvus) and embedding\\-based search pipelines.
* Experience with Azure services related to data, AI, and integration.
* Experience deploying or administering local/on\\-premise AI environments using Ollama, vLLM, or similar open\\-source inference frameworks.
* Experience with SharePoint, Power Automate, Power BI, or the Microsoft Power Platform.
* Experience with PeopleSoft, Workday, or another ERP system in higher education or similarly regulated environments.
* Familiarity with intelligent document processing or workflow automation tools.

**KNOWLEDGE, SKILLS AND ABILITIES**

Knowledge of:

AI and large language model concepts, including prompt engineering, retrieval\\-augmented generation, and agent\\-based architectures; enterprise data platform design, semantic modeling, and ontology development; systems analysis and design principles; data governance, privacy, and security frameworks (including FERPA); process improvement principles; and project management principles.

Skills in:

Prompt engineering and AI agent design; Python programming and scripting; SQL and data querying across relational and analytical platforms; building and maintaining enterprise ontologies and semantic layers; communicating technical AI concepts to non\\-technical audiences; training and enabling end users on AI tools; and establishing and following procedural and technical standards.

Ability to:

Translate business requirements into AI\\-driven solutions; evaluate and recommend AI models and tools for specific use cases; build collaborative relationships across technical and non\\-technical teams; troubleshoot applications, data pipelines, and AI systems; adapt to an evolving enterprise technology landscape, including ERP transitions; and interpret and respond to evolving institutional needs.

**CERTIFICATION, LICENSE AND SPECIAL REQUIREMENTS**

N/A.

**PHYSICAL DEMANDS**

This work typically requires the following physical activities to be performed. A complete description of the activities below is available upon request from Human Resources.

(X \\= Required to perform essential job functions)

**Physical Activities**

**Physical Activities**

Balancing and maintain equilibrium to prevent falling while walking, standing, or crouching.

Pushing and use upper extremities to press against objects with force, or thrust forward, downward, outward.

Climbing and ascending, descending ladders, stairs, ramps, requires body agility.

Reaching and extending hands or arms in any direction.

**X**

Crawling and moving about on hands, knees, or hands, feet.

Repetitive Motion and substantial movements of wrists, hands, fingers.

**X**

Crouching and bending body forward by bending leg, spine.

Speaking and expressing ideas with spoken word, convey detailed, important instructions accurately, concisely.

**X**

Feeling and perceiving attributes of objects by touch with skin, fingertips.

Standing and for sustained periods of time.

Fingering and picking, pinching, typing, working with fingers rather than hand.

**X**

Stooping and bending body downward, forward at waist, with full motion of lower extremities and back.

Grasping and applying pressure to object with fingers, palm.

**X**

Talking 1 and expressing ideas by spoken word.

**X**

Handling and picking, holding, or working with whole hand.

**X**

Talking 2 and shouting to be heard above ambient noise.

Hearing 1 and perceiving sounds at normal speaking levels, receive information.

**X**

Visual Acuity 1 and prepare, analyze data, transcribing, computer terminal, extensive reading.

**X**

Hearing 2 and receive detailed information, make discrimination in sound.

**X**

Visual Acuity 2 and color, depth perception, field of vision.

**X**

Kneeling and bending legs at knee to come to rest at knees.

Visual Acuity 3 and determine accuracy, neatness, observe facilities/structures.

**X**

Lifting and raising objects from lower to higher position, moving objects side to side, using upper extremities, back.

Visual Acuity 4 and operate motor vehicles/heavy equipment.

Mental Acuity and ability to make rational decisions through sound logic, deductive reasoning.

**X**

Visual Acuity 5 and close acuity for inspection of small defects, machines, use measurement devices, or fabricate parts.

Pulling and use upper extremities to exert force, haul or tug.

Walking and on foot to accomplish tasks, long distances, or site to site.

**TYPE OF WORK**

Work performed is primarily:

*Sedentary* *work*: Exerting up to 10 pounds of force occasionally and/or negligible amount of force frequently or constantly to lift, carry, push, pull or otherwise move objects, including the human body.

*Light work*: Exerting up to 20 pounds of force occasionally, and/or up to 10 pounds of force to move objects.

*Medium work*: Exerting up to 50 pounds of force occasionally, and/or up to 30 pounds of force frequently, and/or up to 10 pounds of force constantly to move objects.

*Heavy work*: Exerting up to 100 pounds of force occasionally, and/or up to 50 pounds of force frequently, and/or up to 20 pounds of force constantly to move objects.

*Very heavy work*: Exerting in excess of 100 pounds of force occasionally and/or in excess of 50 pounds of force frequently, and/or in excess of 20 pounds of force constantly to move objects

**WORK ENVIRONMENT**

May be required to work hours other than the regular schedule including nights, weekends, and holidays.

Work is performed in a safe and secure work environment that may periodically have unpredicted requirements or demands.

*To perform this job successfully, an individual must be able to perform the essential job functions satisfactorily. Reasonable accommodations may be made to enable individuals with disabilities to perform the primary job functions described herein. Since every duty associated with this position may not be described herein, employees may be required to perform duties not specifically spelled out in a job description, but which may be reasonably considered to be incidental in the performing of their duties just as though they were actually written out in a job description.*

***St. Petersburg College has the right to revise a classification or job description at any time.*** 

Pay: $76,296\\.54 \\- $92,509\\.56 per year

Benefits:

* Dental insurance
* Employee discount
* Flexible spending account
* Health insurance
* Health savings account
* Life insurance
* Paid time off
* Parental leave
* Professional development assistance
* Retirement plan
* Tuition reimbursement

Work Location: In person","Education And Schools","https://www.indeed.com/cmp/St.-Petersburg-College","https://d2q79iu7y748jz.cloudfront.net/s/_squarelogo/256x256/49ca2a42c32f43936bb09391c0599505","http://www.spcollege.edu","Clearwater","1,001 to 5,000","$25M to $100M (USD)","","","","","","",""
"in-216760c6e932824d","indeed","https://www.indeed.com/viewjob?jk=216760c6e932824d","http://www.indeed.com/job/data-engineer-216760c6e932824d","Data Engineer","Sky Global Solutions","Remote, US","2026-05-29","fulltime","direct_data","yearly",22000.0,25000.0,"USD",True,"","","","","**Overview**  
Join our innovative team as a Data Engineer and become a vital driver of our data\\-driven initiatives! In this dynamic role, you will design, develop, and maintain robust data pipelines and architectures that empower insightful analysis and strategic decision\\-making. Your expertise in big data technologies, cloud platforms, and data modeling will help transform complex data sets into accessible, actionable intelligence. If you thrive in a fast\\-paced environment where your technical skills make a real impact, this is the opportunity for you to energize our data ecosystem and support our mission to harness data for growth and innovation.

**Duties**

* Develop, implement, and optimize scalable ETL (Extract, Transform, Load) processes using tools like Informatica, Talend, Apache Hive, Spark, and Shell Scripting to ensure high\\-quality data flow across systems.
* Design and maintain efficient data warehouse solutions utilizing platforms such as Azure Data Lake, Oracle, Microsoft SQL Server, and Hadoop to support analytics and reporting needs.
* Collaborate with cross\\-functional teams to understand data requirements and translate them into technical specifications for database design and architecture.
* Build and manage APIs (Application Programming Interfaces), including RESTful services, to facilitate seamless data integration across applications.
* Utilize programming languages such as Python and Java to automate workflows, perform model training, and develop custom analytics solutions.
* Conduct comprehensive analysis of large datasets to identify trends, anomalies, or insights that inform business strategies.
* Support agile development practices by participating in sprint planning, code reviews, and continuous improvement initiatives to enhance data infrastructure reliability.

**Qualifications**

* Proven experience with cloud platforms such as AWS or Azure Data Lake for scalable data storage and processing.
* Strong proficiency in SQL (Structured Query Language), including experience with Microsoft SQL Server and Oracle databases.
* Hands\\-on knowledge of big data technologies like Hadoop, Spark, Apache Hive, and related ecosystems.
* Familiarity with ETL tools such as Informatica or Talend for efficient data integration workflows.
* Programming expertise in Python, Java, Bash (Unix shell), or Shell Scripting for automation tasks.
* Understanding of database design principles and experience working with Data Warehouse architectures.
* Knowledge of Looker or similar BI tools for creating dashboards and visualizations to communicate insights effectively.
* Experience working within Agile methodologies to deliver iterative improvements rapidly.
* Additional skills in analysis techniques, model training processes, Linked Data concepts, VBA scripting, RESTful API development, and analysis skills are highly desirable. Embark on a journey where your technical prowess fuels innovation! We are committed to fostering an inclusive environment that supports your professional growth while offering opportunities to work on cutting\\-edge projects that shape the future of data management.

Pay: $22,000\\.00 \\- $25,000\\.00 per year

Benefits:

* Flexible schedule

Work Location: Remote","","https://www.indeed.com/cmp/Sky-Global-Solutions","","","","","","","","","","","",""
"in-0d82486e04e8dd3c","indeed","https://www.indeed.com/viewjob?jk=0d82486e04e8dd3c","https://medmutual.rec.pro.ukg.net/MED1500MMOO/JobBoard/ef821115-21e9-4a27-9b98-50f8e2f05f30/OpportunityDetail?opportunityId=02c88487-bfb7-4653-b0fc-4bfba36fc121&postingId=c6aeb3b7-29a1-48dd-bfb6-1de4b958ef78","Data Engineer","Medical Mutual of Ohio","Cleveland, OH, US","2026-05-29","","","","","","",True,"","","","","***\\*\\*Medical Mutual employees must submit their applications through MySource.***


***Note:*** ***Requires working in the Brooklyn, Ohio office three set days per week.***



Founded in 1934, Medical Mutual is the oldest and one of the largest health insurance companies based in Ohio. We provide peace of mind to more than 1\\.2 million members through our high\\-quality health, life, disability, dental, vision and indemnity plans. We offer fully insured and self\\-funded group coverage, including stop loss, as well as Medicare Advantage, Medicare Supplement, and individual plans.


**Data Engineer I**



Software developer for the design and development of the company’s data lake, data warehouse, and data marts, and development of related business intelligence dashboards and visualizations. Job duties involve profiling data, developing data transformation jobs and processes, measuring data quality, and designing data warehouse data models, evaluating usability and testing data models, and developing business intelligence visualizations.

  

**Responsibilities:**


* Develop data pipelines to integrate and transform data for analysis.
* Support other data users and enable applied use of data to solve business problems.
* Business meetings to understand data and business needs, socialize knowledge of data products and insights, and generate consensus.
* Data profiling, data documentation, measuring and enforcing data quality.
* Developing data models to represent information.
* Performs other duties as assigned.
* Learns new technical concepts and software languages as needed.


**Data Engineer II**



Software developer for the design and development of the company’s data lake, data warehouse, and data marts, and support for applied use of data for business insights. Job duties involve profiling data, developing data transformation jobs and processes, measuring data quality, and designing data warehouse data models, evaluating usability and testing data models, and developing processes for applied use of enterprise data (data analysis, business intelligence, reporting).


**Responsibilities:**


* Developing and sequencing jobs and processes to transform data into data lake and data warehouse
* Support analytic projects, data extracts, and other work to apply data in the warehouse, test and prove capabilities, evaluate usability, and perform demonstrations to other analysts for how to use data to meet objectives
* Business meetings to understand data, capture agreement on business rules, understand analyst and stakeholder objectives, and support usage of data to solve business problems
* Data profiling, data documentation, and measuring data quality with manual verification and development of automated data quality tests
* Developing data models to represent data
* Performs other duties as assigned
* Learns new technical concepts and software languages as needed


**Data Engineer III**



Data engineer responsible for the design and development of data integration pipelines. Build data solutions for business problems and support the applied use of data to enable business insights and action. Job duties involve profiling data, developing data transformation pipelines, measuring data quality, designing data models, and supporting applied use of data to solve problems (exploratory analysis, business intelligence/dashboards, reporting, alerts).


**Responsibilities**


* Develop data pipelines to integrate and transform data for analysis.
* Support other data users and enable applied use of data to solve business problems.
* Business meetings to understand data and business needs, socialize knowledge of data products and insights, and generate consensus.
* Data profiling, data documentation, measuring and enforcing data quality.
* Developing data models to represent information.
* Performs other duties as assigned.
* Learns new technical concepts and software languages as needed.


**Data Engineer IV**



Data engineer responsible for the design and development of data integration pipelines. Build data solutions for business problems and support the applied use of data to enable business insights and action. Job duties involve profiling data, developing data transformation pipelines, measuring data quality, designing data models, and supporting applied use of data to solve problems (exploratory analysis, business intelligence/dashboards, reporting, alerts).


**Responsibilities**


* Develop data pipelines to integrate and transform data for analysis
* Support other data users and enable applied use of data to solve business problems.
* Business meetings to understand data and business needs, socialize knowledge of data products and insights, and generate consensus.
* Data profiling, data documentation, measuring and enforcing data quality.
* Developing data models to represent information.
* Performs other duties as assigned.
* Learns new technical concepts and software languages as needed.


**Qualifications:**


**Data Engineer I**


* Bachelors degree in Computer Science, Computer Information Systems, business degree with focus on data transformation or analysis, or equivalent work experience.
* Basic understanding of programming design and coding techniques.
* Familiarity with systems development life cycle.
* Understanding of database technologies and query semantics.
* Experience with public cloud database technology (e.g. RedShift, SnowFlake, DataBricks, Azure Synapse, BigQuery).
* Experience programming in ETL or ELT technology.
* Understanding of data warehouse data model theory and techniques.
* Experience with Python programming language.


**Data Engineer II**


* Bachelors degree in Computer Science, Computer Information Systems, business degree with focus on data transformation or analysis, or equivalent work experience
* Two or more years professional experience developing software to solve business problems
* Experience with data engineering system design and software implementation
* Experience with all parts of the systems development life cycle
* Experience with database technologies and query semantics
* Experience with public cloud database technology (e.g. RedShift, SnowFlake, DataBricks, Azure Synapse, BigQuery)
* Experience programming in ETL or ELT technology
* Understanding of data warehouse data model theory and techniques
* Experience with Python programming language


**Data Engineer III**


* Bachelors degree in Computer Science, Computer Information Systems, business degree with focus on data transformation or analysis, or equivalent work experience.
* Four or more years professional experience developing software to solve business problems.
* Three or more years’ experience with data engineering system design and software implementation.
* Experience with all parts of the systems development life cycle.
* Experience with database technologies and query semantics.
* Experience with public cloud database technology (e.g. RedShift, SnowFlake, DataBricks, Azure Synapse, BigQuery).
* Experience programming in ETL or ELT technology.
* Understanding of data warehouse data model theory and techniques.
* Experience with Python programming language.


**Data Engineer IV**


* Bachelors degree in Computer Science, Computer Information Systems, business degree with focus on data transformation or analysis, or equivalent work experience.
* Seven or more years professional experience developing software to solve business problems.
* Five or more years’ experience with data engineering system design and software implementation.
* Proficient with all parts of the systems development life cycle.
* Experience with database technologies and query semantics.
* Experience leading and coordinating technical initiatives.
* Experience with public cloud database technology (e.g. RedShift, SnowFlake, DataBricks, Azure Synapse, BigQuery).
* Experience programming in ETL or ELT technology.
* Understanding of data warehouse data model theory and techniques.
* Experience with Python programming language.


Medical Mutual is looking to grow our team! We truly value and respect the talents and abilities of all of our employees. That's why we offer an exceptional package that includes:



A Great Place to Work:


* We will provide the equipment you need for this role, including a laptop, monitors, keyboard, mouse and headset.
* Whether you are working remote or in the office, employees have access to on\\-site fitness centers at many locations, or a gym membership reimbursement when there is no Medical Mutual facility available. Enjoy the use of weights, cardio machines, locker rooms, classes and more.
* On\\-site cafeteria, serving hot breakfast and lunch, at the Brooklyn, OH headquarters.
* Discounts at many places in and around town, just for being a Medical Mutual team member.
* The opportunity to earn cash rewards for shopping with our customers.
* Business casual attire, including jeans.


Excellent Benefits and Compensation:


* Employee bonus program.
* 401(k) with company match up to 4% and an additional company contribution.
* Health Savings Account with a company matching contribution.
* Excellent medical, dental, vision, life and disability insurance — insurance is what we do best, and we make affordable coverage for our team a priority.
* Access to an Employee Assistance Program, which includes professional counseling, personal and professional coaching, self\\-help resources and assistance with work/life benefits.
* Company holidays and up to 16 PTO days during the first year of employment with options to carry over unused PTO time.
* After 120 days of service, parental leave for eligible employees who become parents through maternity, paternity or adoption.


An Investment in You:


* Career development programs and classes.
* Mentoring and coaching to help you advance in your career.
* Tuition reimbursement up to $5,250 per year, the IRS maximum.
* Diverse, inclusive and welcoming culture with Business Resource Groups.


About Medical Mutual:



Medical Mutual’s status as a mutual company means we are owned by our policyholders, not stockholders, so we don’t answer to Wall Street analysts or pay dividends to investors. Instead, we focus on developing products and services that allow us to better serve our customers and the communities around us.



There’s a good chance you already know many of our Medical Mutual customers. As the official insurer of everything you love, we are trusted by businesses and nonprofit organizations throughout Ohio to provide high\\-quality health, life, disability, dental, vision and indemnity plans. We offer fully insured and self\\-funded group coverage, including stop loss, as well as Medicare Advantage, Medicare Supplement and individual plans. Our plans provide peace of mind to more than 1\\.2 million Ohioans.



We’re not just one of the largest health insurance companies based in Ohio, we’re also the longest running. Founded in 1934, we’re proud of our rich history with the communities where we live and work.


*We maintain a drug\\-free workplace and perform pre\\-employment substance abuse and nicotine testing.*


Equal Opportunity Employer/Protected Veterans/Individuals with Disabilities  

This employer is required to notify all applicants of their rights pursuant to federal employment laws. For further information, please review the Know Your Rights (https://www.eeoc.gov/poster) notice from the Department of Labor.","Insurance","https://www.indeed.com/cmp/Medical-Mutual-of-Ohio","https://d2q79iu7y748jz.cloudfront.net/s/_squarelogo/256x256/b8db197c9009bdf8dc654a5dee262154","https://www.medmutual.com/","100 American Rd.
Brooklyn, Ohio 44144","1,001 to 5,000","$1B to $5B (USD)","Medical Mutual has been selected as a Northeast Ohio Top Workplace for 13 consecutive years. We have exceptional career opportunities offering challenging work, growth and a great work-life balance.","","","","","",""
"in-33f913629ca8a7c5","indeed","https://www.indeed.com/viewjob?jk=33f913629ca8a7c5","http://www.indeed.com/job/senior-data-engineer-only-w2-only-usc-33f913629ca8a7c5","Senior Data Engineer_ Only W2 _ Only USC","Chuwa America","McLean, VA, US","2026-05-29","contract","direct_data","hourly",55.0,60.0,"USD",True,"","","","","**Job Role: Senior Data Engineer**  
**Location:** Hybrid\\_ McLean, VA  
**Overview**  
We are seeking an experienced **Senior Data Engineer** to support enterprise\\-scale analytics and mission\\-critical data platforms. The ideal candidate will design, develop, and maintain scalable data pipelines and analytics solutions that transform structured and unstructured data into actionable insights.This role requires strong expertise in modern data engineering, big data ecosystems, cloud\\-based analytics, and collaborative Agile delivery. The candidate will work closely with analysts, developers, data scientists, and stakeholders in a fast\\-paced environment supporting high\\-impact government and defense initiatives. Due to the nature of the work, candidates must possess an active **Secret Clearance** and be a **U.S. Citizen**. **Key Responsibilities**

* Design, build, and maintain scalable ETL/ELT pipelines for enterprise analytics platforms
* Develop robust data ingestion, transformation, and orchestration workflows
* Integrate structured and unstructured data from multiple data sources
* Build optimized data models for reporting, analytics, and operational intelligence
* Develop and maintain data applications using Python, SQL, Scala, or R
* Work with distributed computing and big data technologies such as Spark and Hadoop ecosystems
* Implement data quality, governance, monitoring, and performance optimization strategies
* Collaborate with cross\\-functional teams including:
* Data Scientists
* Analysts
* Software Engineers
* Business Stakeholders
* Support cloud\\-based and large\\-scale data processing environments
* Participate in Agile ceremonies, sprint planning, and technical design discussions
* Create documentation, deployment procedures, and operational support materials
* Support secure and compliant handling of sensitive government or defense\\-related data

**Required Skills \\& QualificationsExperience**

* 5\\+ years of experience in:
* Data Engineering
* Data Platforms
* Analytics Engineering
* Application Development
* Data Science\\-related environments
* 3\\+ years of experience:
* Building enterprise\\-scale data applications
* Designing scalable analytics/reporting systems
* Operationalizing production data pipelines

**Technical Skills**Strong hands\\-on experience with:**Programming Languages**

* Python
* SQL
* Scala
* R

**Big Data \\& Distributed Systems**

* Apache Spark
* Hadoop
* Hive
* Kafka
* Databricks
* AWS EMR

**Data Engineering Concepts**

* ETL / ELT Pipelines
* Data Modeling
* Workflow Orchestration
* Data Warehousing
* Data Transformation
* Data Governance
* Data Quality \\& Monitoring

**Cloud \\& Analytics Platforms**

* AWS\\-based data services
* Enterprise analytics environments

**Preferred / Nice\\-to\\-Have Skills**

* Experience with Palantir Foundry
* Experience with visualization tools:
* Tableau
* Power BI
* Qlik
* ArcGIS
* Geospatial analytics experience
* Experience supporting DoD or Combatant Command environments
* Agile/Scrum development experience
* Exposure to machine learning or AI\\-driven data platforms

**Education**

* Bachelor’s Degree in:
* Computer Science
* Data Science
* Mathematics
* Engineering
* Related Technical Field

**Security \\& Compliance RequirementsMandatory**

* Active Secret Clearance
* U.S. Citizenship Required
* Valid U.S. Passport

**Preferred**

* TS/SCI Clearance

Pay: $55\\.00 \\- $60\\.00 per hour

Security clearance:

* Confidential (Required)

Work Location: Hybrid remote in McLean, VA 22103","","https://www.indeed.com/cmp/Chuwa-America","","","","","","","","","","","",""
"in-d5447d6395c59669","indeed","https://www.indeed.com/viewjob?jk=d5447d6395c59669","https://careers-steampunk.icims.com/jobs/7809/job?utm_source=indeed_integration&iis=Job%20Board&iisn=Indeed&indeed-apply-token=73a2d2b2a8d6d5c0a62696875eaebd669103652d3f0c2cd5445d3e66b1592b0f","Lead Data Architect","Steampunk","McLean, VA, US","2026-05-28","","direct_data","yearly",165000.0,210000.0,"USD",True,"","","","","Overview:

We are seeking a **Principal Data Solution Architect / Lead Data Architect** to serve as the senior\\-most technical authority for end\\-to\\-end data architectures, cloud data platforms, integration strategies, and enterprise\\-scale modernization initiatives. This role operates at the intersection of architecture, engineering, analytics, AI, and mission strategy. The Principal Data Solution Architect shapes the vision for how data is collected, governed, transformed, stored, accessed, and activated across complex environments—ultimately enabling reliable analytics, ML/AI capabilities, and mission\\-critical applications.  

This leader drives architectural strategy across data platforms, lakehouses, warehouses, integration layers, and AI/ML pipelines, while guiding engineering teams toward scalable, secure, and maintainable solutions.
Contributions:  

* Serve as the chief architect for data platform modernization, designing enterprise data ecosystems including lakehouse architectures, data mesh/fabric patterns, domain modeling, and multi\\-cloud data strategies.
* Translate mission and business needs into actionable data architecture roadmaps, reference architectures, and solution blueprints.
* Architect robust ingestion, transformation, and serving layers using a blend of batch, streaming, CDC, API\\-based, and event\\-driven patterns.
* Lead end\\-to\\-end data modeling strategy, including canonical data models, semantic layers, MDM architectures, metadata systems, and AI/ML\\-aligned feature modeling.
* Partner with Data Engineering, Data Science, AI/ML Engineering, and LLMOps/MLOps teams to ensure data platforms support analytics, ML, RAG systems, and advanced automation use cases.
* Define and enforce enterprise data standards: schema evolution, data contracts, quality frameworks, lineage expectations, observability, data zones, and Zero Trust data\\-access policies.
* Drive platform engineering decisions including storage optimization, cluster sizing, compute orchestration, network design, and cost\\-performance tradeoffs.
* Guide selection and adoption of platform technologies such as Databricks, Snowflake, Redshift, Synapse, BigQuery, lakehouse engines, metadata platforms, and orchestration tools.
* Oversee architectural governance, including design reviews, performance evaluations, cloud readiness assessments, and alignment with enterprise cybersecurity and compliance requirements.
* Serve as a senior advisor to client executives, framing modernization strategies, defining investment pathways, and articulating value realization for enterprise data initiatives.
* Mentor Data Engineers, Data Architects, and cross\\-functional technical staff, strengthening architectural maturity across programs.
* Develop reusable frameworks, architectural patterns, playbooks, and internal accelerators that improve consistency and reduce delivery time across engagements.
* Stay current with emerging trends in cloud\\-native data ecosystems, metadata automation, distributed compute, AI\\-ready data architectures, and federal data regulations.
* You will contribute to the growth of our AI \\& Data Exploitation Practice!


Qualifications:
* Ability to hold a position of public trust or higher clearance as required.
* Bachelor’s, Master’s, or Ph.D. in Computer Science, Data Engineering, Information Systems, Cloud Architecture, or a related technical field.
* 10\\+ years of professional experience designing enterprise\\-scale data solutions, with significant architectural leadership.
* Expert\\-level knowledge of modern data architectures including lakehouse, data mesh, data fabric, MDM, event\\-driven architectures, and domain\\-driven design**.**
* Deep experience with cloud\\-native data ecosystems across AWS, Azure, or GCP—including storage, compute, orchestration, serverless, virtualization, containerization, and security services.
* Mastery of distributed data processing frameworks (e.g., Spark, Databricks, Flink, Kafka, Synapse, Dataflow) and strong proficiency in SQL and Python.
* Proven ability to design end\\-to\\-end ingestion pipelines, transformation logic, metadata systems, feature stores, and data serving layers optimized for analytics and AI workloads.
* Understanding of enterprise data governance, including cataloging, lineage, privacy, tagging, Zero Trust access patterns, and compliance requirements.
* Strong communication skills with the ability to influence senior stakeholders, justify architectural decisions, and translate complex concepts into actionable insights.
* Demonstrated success mentoring technical staff, leading architecture reviews, and guiding multi\\-team delivery across complex modernization programs.
* Experience collaborating with Data Science, AI/ML, and MLOps teams to ensure data architectures support scalable model development and operationalization.
* Preferred certifications (highly relevant):
	+ AWS Data Analytics Specialty
	+ AWS Solutions Architect – Professional
	+ Azure Solutions Architect Expert
	+ Databricks Data Engineer Professional
	+ Google Professional Data Engineer
	+ Snowflake SnowPro Advanced Architect
	+ TOGAF or cloud architecture frameworks
* Local to Washington, DC metro area


About **steampunk**:

Steampunk relies on several factors to determine salary, including but not limited to geographic location, contractual requirements, education, knowledge, skills, competencies, and experience. The projected compensation range for this position is $165,000 to $210,000\\. The estimate displayed represents a typical annual salary range for this position. Annual salary is just one aspect of Steampunk’s total compensation package for employees. Learn more about additional Steampunk benefits here.  

**Identity Statement**
As part of the application process, you are expected to be on camera during interviews and assessments. We reserve the right to take your picture to verify your identity and prevent fraud.  

Steampunk is a **Change Agent** in the Federal contracting industry, bringing new thinking to clients in the Homeland, Federal Civilian, Health and DoD sectors. Through our **Human\\-Centered delivery methodology**, we are fundamentally changing the expectations our Federal clients have for true shared accountability in solving their toughest mission challenges. As an **employee owned company**, we focus on investing in our employees to enable them to do the greatest work of their careers – and rewarding them for outstanding contributions to our growth. If you want to learn more about our story, visit http://www.steampunk.com. *We are an equal opportunity employer and all qualified applicants will receive consideration for employment without regard to race, color, religion, sex, national origin, disability status, protected veteran status, or any other characteristic protected by law. Steampunk participates in the E\\-Verify program.*","","https://www.indeed.com/cmp/Steampunk-1","https://d2q79iu7y748jz.cloudfront.net/s/_squarelogo/256x256/d9de13d21f92b432faea77c6d7eb4851","https://steampunk.com/","1753 Pinnacle Drive, Suite 900, McLean, VA 22102","","","Steampunk is the explosive collision of human-centered design and traditional government contracting.","","","","","",""
"in-ea27b86b1f1fe687","indeed","https://www.indeed.com/viewjob?jk=ea27b86b1f1fe687","https://careers.manulife.com/global/en/job/JR26051448/Associate-Machine-Learning-Engineer","Associate Machine Learning Engineer","John Hancock","Boston, MA, US","2026-05-28","fulltime","direct_data","yearly",80625.0,134375.0,"USD",False,"","","","hr@manulife.com, hr@manulife.com","John Hancock’s AI team works across the US Insurance business to optimize our sales and marketing activities, make life insurance easy to buy, and streamline in\\-force and claims operations! We have close relationships with functional leadership across the business and a strong working relationship with technology partners. As part of a 160\\+ member community of data scientists, John Hancock, and our parent Manulife, you will have an opportunity to network with experts across the globe.


John Hancock is a unit of Manulife Financial Corporation, a leading international financial services group offering insurance and wealth management solutions in the US, Canada, Europe, and Asia!


We are on a transformational journey. We want to remove complexity from the financial services industry, to make people’s lives better and decisions easier. Being part of this transformation is hugely exciting and offers talented, ambitious people an amazing opportunity to build a career.


We are seeking a skilled Machine Learning Engineer with a strong focus on building data pipelines, AI solution development, deployment, and monitoring. The ideal candidate will have experience in data ingestion \\& curation, developing scalable and robust AI solutions, and deploying AI solutions in production following MLOps best practices on Microsoft Azure and Databricks platforms. A strong background in Computer vision, NLP and LLM models will be advantageous in this role.


**Position Responsibilities:**

* Building of GenAI and AI solutions, including but not limited to analytical model development and implementation, prompt engineering, general all\\-purpose programming (e.g., Python), testing, communication of results, front end and back\\-end integration, and iterative development with business subject matter expertise.
* Designing and solutioning AI/GenAI architectures for business teams, specifically for plugin\\-based solutions and custom AI/GenAI application builds.
* Partner with data engineers and architects to design and implement scalable database solutions and data models, organizing both structured and unstructured data.
* Develop processes for data cleansing, enrichment, and validation to improve quality and reliability.
* Collaborate with data scientists to develop and deploy machine learning models in cloud following best practices.
* Monitor, solve, and optimize data pipelines for performance and efficiency.
* Partner with IT and technology teams to put together data architecture designs, integration procedures, and data management workflows.
* Partner with data and platform partners to implement the best practices in managing data and platforms, supporting AI development and deployment at scale.
* Develop automation scripts and tools to ease the deployment, scaling, and management of data systems within the cloud environment.
* Continuously monitor and improve the performance of AI solutions through data analysis and testing.
* Strong communication to help business partners better understand the use of data, ML models, and AI solutions.

**Required Qualifications:**


* Experienced in developing and deploying models using AI and GenAI technologies in cloud.
* Experienced in data modeling, ETL/ELT development, and data warehousing.
* Master/PhD degree in a quantitative field such as Data Science, Engineering, Computer Science or related technical field.
* Preferred Qualifications:
* Hands\\-on experience in developing models solving NLP tasks, including Document Classification, Entity Extraction, Entity Relation Extraction, etc.
* Hands\\-on experience in processing documents (PDF/Images) using vision and/or language models, as well as OCR techniques.
* Proven experience with Databricks and Azure cloud services and data solutions including but not limited to Azure SQL Data Warehouse, Azure Cosmos DB, Azure Data Lake Storage, Azure Function and Azure Data Factory.
* Proficiency with big data processing frameworks such as Apache Spark and experience with programming languages like Python, Scala, or SQL.
* Skilled in the machine learning modeling life cycle, including exploratory data analysis, data cleansing, feature engineering, model building, deployment and monitoring.
* Good understanding of vectorization and embedding, prompt engineering, RAG, Multi\\-agent techniques.
* Experience in developing and deploying models in cloud\\-based environments, specifically Microsoft Azure, and Databricks, following MLOps and DevOps best practices.
* Experience with Git Version Control, Unit/Integration/End\\-to\\-End Testing, CI/CD, release management, etc.
* Excellent problem\\-solving skills and the capacity to work under tight deadlines in a fast\\-paced environment.
* Previous work in agile development environments and knowledge of project management tools such as JIRA.

**When you join our team:**


* We’ll empower you to learn and grow the career you want.
* We’ll recognize and support you in a flexible environment where well\\-being and inclusion are more than just words.
* As part of our global team, we’ll support you in shaping the future you want to see.

\\#LI\\-Hybrid


The role being advertised is an existing vacancy.


**About Manulife and John Hancock**


Manulife Financial Corporation is a leading international financial services provider, helping people make their decisions easier and lives better. To learn more about us, visit https://www.manulife.com/en/about/our\\-story.html.


**Manulife is an Equal Opportunity Employer**


At Manulife/John Hancock, we embrace our diversity. We strive to attract, develop and retain a workforce that is as diverse as the customers we serve and to foster an inclusive work environment that embraces the strength of cultures and individuals. We are committed to fair recruitment, retention, advancement and compensation, and we administer all of our practices and programs without discrimination on the basis of race, ancestry, place of origin, colour, ethnic origin, citizenship, religion or religious beliefs, creed, sex (including pregnancy and pregnancy\\-related conditions), sexual orientation, genetic characteristics, veteran status, gender identity, gender expression, age, marital status, family status, disability, or any other ground protected by applicable law.


It is our priority to remove barriers to provide equal access to employment. A Human Resources representative will work with applicants who request a reasonable accommodation during the application process. All information shared during the accommodation request process will be stored and used in a manner that is consistent with applicable laws and Manulife/John Hancock policies. To request a reasonable accommodation in the application process, contact hr@manulife.com.


**Referenced Salary Location**


Boston, Massachusetts
**Working Arrangement**


Hybrid
**Salary range is expected to be between**


$80,625\\.00 USD \\- $134,375\\.00 USD
Employees also have the opportunity to participate in incentive programs and earn incentive compensation tied to business and individual performance. The actual salary will vary depending on local market conditions, geography and relevant job\\-related factors such as knowledge, skills, qualifications, experience, and education/training. If you are applying for this role outside of the primary location, please contact hr@manulife.com for the salary range for your location.


Manulife/John Hancock offers eligible employees a wide array of customizable benefits, including health, dental, mental health, vision, short\\- and long\\-term disability, life and AD\\&D insurance coverage, adoption/surrogacy and wellness benefits, and employee/family assistance plans. We also offer eligible employees various retirement savings plans (including pension/401(k) savings plans and a global share ownership plan with employer matching contributions) and financial education and counseling resources. Our generous paid time off program in the U.S. includes up to 11 paid holidays, 3 personal days, 150 hours of vacation, and 40 hours of sick time (or more where required by law) each year, and we offer the full range of statutory leaves of absence.


We use data and analytics technologies, such as artificial intelligence (AI), and automated processing tools, to analyze and process the information you provide to us or third parties in the application process. For more information, please refer to our personal information collection statement.


Know Your Rights **I** **Family \\& Medical Leave** **I** **Employee Polygraph Protection** **I** **Right to Work** **I** **E\\-Verify**


Company: John Hancock Life Insurance Company (U.S.A.)","","https://www.indeed.com/cmp/John-Hancock","https://d2q79iu7y748jz.cloudfront.net/s/_squarelogo/256x256/c1f0d0b03d79822cd4d14b65fa4797fd","http://www.johnhancock.com","Boston, MA","1,001 to 5,000","$25M to $100M (USD)","John Hancock is looking for colleagues with big ambitions, curious minds and collaborative spirits to join us in making every day better for the customers and communities we serve.","","","","","",""
"in-79b78b64436e52f9","indeed","https://www.indeed.com/viewjob?jk=79b78b64436e52f9","https://careers.akima.com/jobs/23509/job?utm_source=indeed_integration&iis=Job%20Board&iisn=Indeed&indeed-apply-token=73a2d2b2a8d6d5c0a62696875eaebd669103652d3f0c2cd5445d3e66b1592b0f","LADS (Logistics Analysis Data System) Data Scientist","Akima","North Charleston, SC, US","2026-05-28","fulltime","direct_data","yearly",150000.0,185000.0,"USD",True,"","","","","Company Overview: **Work Where it Matters**

  

Five Rivers Analytics (FRA), an Akima company, is not just another federal IT contractor. As an Alaska Native Corporation (ANC), our mission and purpose extend beyond our exciting federal projects as we support our shareholder communities in Alaska.

  

At FRA, the work you do every day makes a difference in the lives of our 15,000 Iñupiat shareholders, a group of Alaska natives from one of the most remote and harshest environments in the United States.

 **For our shareholders**, FRA provides support and employment opportunities and contributes to the survival of a culture that has thrived above the Arctic Circle for more than 10,000 years.

 **For our government customers**, FRA delivers streamline operations in support of an increasingly fast\\-paced, complex, and dynamic digital environment.

 **As a FRA employee**, you will be surrounded by a challenging, yet supportive work environment that is committed to innovation and diversity, two of our most important values. You will also have access to our comprehensive benefits and competitive pay in addition to growth opportunities and excellent retirement options.


Description:

Five Rivers Analytics is seeking a skilled and mission‑driven Data Engineer to support the United States Marine Corps (USMC) Logistics Data Systems Program under NIWC Atlantic. The ideal candidate will play a critical role in designing, building, and maintaining data pipelines and analytics solutions that enhance logistics readiness, operational visibility, and data‑driven decision‑making across the Marine Corps enterprise.

  

To join our team of outstanding professionals, apply today!


Responsibilities:
* Design, develop, and maintain scalable data pipelines to ingest, transform, and curate logistics, maintenance, and supply‑chain data from multiple USMC systems.
* Implement robust ETL/ELT workflows to support analytics, reporting, and data warehousing initiatives.
* Collaborate with data analysts, software engineers, and system integrators to ensure high‑quality data delivery for operational and strategic use cases.
* Optimize database performance, manage data models, and ensure data accessibility and consistency across environments.
* Work with NIWC Atlantic and USMC stakeholders to translate logistics data requirements into technical solutions.
* Integrate data from authoritative USMC logistics systems such as GCSS‑MC, TLS, and other readiness and sustainment datasets.
* Ensure compliance with DoD cybersecurity, RMF, and data governance standards when designing and deploying solutions.
* Support the development of dashboards, APIs, and analytics tools that improve supply‑chain visibility and asset readiness.
* Troubleshoot data issues, perform root‑cause analysis, and implement corrective actions to maintain data integrity.


Qualifications:
* Bachelor’s degree in Computer Science, Information Systems, Data Engineering, or a related field (or equivalent experience).
* Hands‑on experience with SQL, relational databases, and data modeling.
* Proficiency with modern ETL/ELT tools and data pipeline technologies (such as Python, Airflow, Spark, or similar).
* Experience with cloud environments (AWS, Azure, or DoD‑specific cloud platforms).
* Ability to work within Agile teams and collaborate with cross‑functional technical and government stakeholders.
* Strong understanding of data quality, integrity, and governance principles.
* Active DoD Secret Clearance (or ability to obtain and maintain one).

**Preferred Qualifications:**

* Experience supporting DoD, USMC, or logistics/sustainment data systems.
* Familiarity with NIWC Atlantic processes, environments, and program expectations.
* Exposure to GCSS‑MC, logistics readiness systems, or maintenance/supply‑chain data environments.
* Experience with containerization, CI/CD pipelines, and DevSecOps concepts.
* Knowledge of RMF, cybersecurity best practices, and secure data engineering approaches.


Benefits Information: Regular \\- The company offers a comprehensive benefits program, including medical, dental, vision, life insurance, 401(k) and a range of other voluntary benefits. Paid Time Off (PTO) is offered to regular full\\-time and part\\-time employees. Pay Range: $150,000 \\- $185,000 Job ID: 2026\\-23509 Work Type: Remote","","https://www.indeed.com/cmp/Akima-1","https://d2q79iu7y748jz.cloudfront.net/s/_squarelogo/256x256/7312b0642ac245095f4cf75164b68089","http://www.akima.com","Herndon, VA","10,000+","$1B to $5B (USD)","Akima supports a diverse portfolio of operating companies with one strategic goal: enabling superior outcomes for government missions. ","","","","","",""
"in-d95d0b3cc2017278","indeed","https://www.indeed.com/viewjob?jk=d95d0b3cc2017278","https://careers-cotiviti.icims.com/jobs/19161/job?utm_source=indeed_integration&iis=Job%20Board&iisn=Indeed&indeed-apply-token=73a2d2b2a8d6d5c0a62696875eaebd669103652d3f0c2cd5445d3e66b1592b0f","Data Engineer","Cotiviti","Remote, US","2026-05-28","fulltime","direct_data","yearly",80000.0,112000.0,"USD",True,"","","","","Overview: **This role is expected to work Monday through Friday from 9:00 AM Pacific to 6:00 pm Pacific**  

At Cotiviti, we are custodians of data for our clients. Using their technical experience in ETL processes, Data Engineers ensure operational functions are occurring as expected. This includes but is not limited to managing data implementations, data production, data quality, and data security.
Responsibilities:
* Oversee ETL processes to ensure their success, with the primary responsibility of providing accurate and timely data across various products to support the company's revenue generation.
* Maintain data pipelines running on proprietary big data processing platform and providing support to make sure data delivery SLAs are met.
* Maintain data engineering processes using a variety of tools including T\\-SQL, Spark and Scala, and shell scripting. Generally focused on data ingestion for healthcare data management, data validation, statistical report generation, and program validation.
* Develop, support, and improve scalable and efficient data ingestion processes and techniques aimed at enhancing process efficiencies and optimizing query performance for our proprietary data applications and systems.
* Implement and perform data validation and quality checks to maintain high data integrity.
* Perform troubleshooting, data analysis, data mining, investigations and identifying root cause of issues using several cutting\\-edge data analysis tools in a fast\\-paced environment.
* Collaborate with stakeholders to understand data requirements and deliver high\\-quality data solutions.
* Work with Technical Operations to troubleshoot complex database issues related to the entire environment including OS, storage, and servers.
* Provide off hours support to resolve production issues when necessary
* Develop data transformation specifications to convert source data to be loaded into target data warehouse tables using SQL and other Data Integration/ETL tools.
* Support the implementation of data governance policies and security measures to protect sensitive information.
* Create and maintain dashboards as needed.
* Participate in meetings with clients and/or stakeholders.
* Complete individual productivity tracking
* Complete task assignments using department ticketing system within assigned deadline.
* Achieve organizational and individual goals as identified in performance reviews and goal setting exercises.
* Complete all special projects and other duties as assigned.
* Must be able to perform duties with or without reasonable accommodation.


This job description is intended to describe the general nature and level of work being performed and is not to be construed as an exhaustive list of responsibilities, duties and skills required. This job description does not constitute an employment agreement and is subject to change as the needs of Cotiviti and requirements of the job change.
Qualifications:
* Bachelor’s degree in Computer Science, Information Technology or equivalent work experience.
* 2\\+ years of working knowledge of RDBMS (Oracle, MS SQL, Vertica, etc.) and experience using SQL, PL/SQL or other data integration/ETL tools.
* MUST: 2\\+ years of experience in data engineering, data analysis, or a related field with a strong track record of building and managing data pipelines.
* MUST: 2\\-4 years’ experience with data aggregation, standardization, linking, quality check mechanisms, and reporting
* MUST: 2\\-4 years’ experience with big data technologies like Hadoop and Spark
* MUST: Proficient and experienced in analyzing, designing, and developing solutions and strategies involving relational databases (e.g., Oracle, Vertica, SQL Server), ETL tools (e.g., SSIS, ODI, Informatica), and data warehousing concepts.
* MUST: Solid understanding of Linux environments; strong knowledge of shell scripting and file systems.
* Knowledge of US healthcare data, preferably in data operations role, is a plus.
* Ability to analyze data with a high level of detailed accuracy, identify root causes of issues, and demonstrate problem\\-solving skills to troubleshoot data\\-related issues.
* Experience in coding principles and the ability to follow best practices for developing and deploying code for data manipulation and automation.
* Experience in at least one programming language such as Python, Java, Scala or Powershell.
* Knowledge of data governance principles, data quality, and data lifecycle management a plus.
* Proficient in Microsoft Office Suite applications PowerPoint, Word, Excel and Outlook.
* Flexible work schedule.
* Experience with project management tools like JIRA.
* Strong analytical skills
* Quick Learner, energetic and flexible
* Excellent verbal, listening and written communication skills.
* Ability to multitask and prioritize projects to meet scheduled deadlines and tight turnaround times.

**Mental Requirements:*** Exceptional communication, problem\\-solving, and leadership skills.
* Advanced analysis, problem\\-resolution, judgment, and decision\\-making capabilities.
* Ability to prioritize and execute complex tasks in a high\\-pressure environment independently.
* Strong results orientation, initiative, attention to detail, and customer service focus.
* Expert time management skills, balancing daily operations, projects, and mentorship.
* Ability to independently prioritize, re\\-prioritize, and manage multiple complex tasks.

**Physical Requirements and Working Conditions:*** Remaining in a stationary position, often standing or sitting for prolonged periods.
* Repeating motions that may include the wrists, hands and/or fingers.
* Must be able to provide high\\-speed internet access / connectivity and office setup and maintenance.
* Must be able to provide a dedicated, secure work area.
* No adverse environmental conditions expected.

*Base compensation ranges from $80,000 to $112,000 per year. Specific offers are determined by various factors, such as experience, education, skills, certifications, and other business needs.* *Cotiviti offers team members a competitive benefits package to address a wide range of personal and family needs, including medical, dental, vision, disability, and life insurance coverage, 401(k) savings plans, paid family leave, 9 paid holidays per year, and 17\\-27 days of Paid Time Off (PTO) per year, depending on specific level and length of service with Cotiviti. For information about our benefits package, please refer to our* *Careers page.*  

Date of Posting: xx/xx/2025\\.
We anticipate that the application window will close on xx/xx/xxxx, but the application window may change depending on the volume of applications received or close immediately if a qualified candidate is selected. *Since this job will be based remotely, all interviews will be conducted virtually.*  

\\#LI\\-REMOTE
\\#LI\\-AK1
\\#junior","Health Care","https://www.indeed.com/cmp/Cotiviti","https://d2q79iu7y748jz.cloudfront.net/s/_squarelogo/256x256/5ad940bbd070d83dd14ee8c477cee2b2","http://www.cotiviti.com","10701 S River Front Pkwy, Unit 200
South Jordan, UT 84095","5,001 to 10,000","$500M to $1B (USD)","Cotiviti is a leading solutions and analytics company that leverages unparalleled clinical and financial datasets to deliver deep insight to the healthcare and retail industries.","","","","","",""
"in-8d14743cdf375d3f","indeed","https://www.indeed.com/viewjob?jk=8d14743cdf375d3f","https://click.appcast.io/t/rgEVsNhdXxskCYY953xBvVLkzyxj7_hJLPnWiMZjj4Y=","Lead Data Engineer","Humana","Remote, US","2026-05-28","fulltime","direct_data","yearly",117600.0,161700.0,"USD",True,"","","","","**Become a part of our caring community**
=========================================


This role leads the architecture, engineering, and operationalization of the centralized Finance reporting data platform supporting CenterWell Finance reporting, analytics, and month\\-end close processes. We are looking for deep expertise in Databricks lakehouse engineering, medallion architecture design, advanced SQL development, and Power BI reporting optimization.  

This position is remote; however, the candidate will be expected to work according to Eastern Standard Time.**Job Responsibilities**

* Lead the architecture, engineering, and stabilization of the centralized Finance reporting data platform supporting enterprise Finance reporting and analytics initiatives.
* Design and implement scalable Databricks lakehouse solutions utilizing Bronze/Silver/Gold (Medallion) architecture patterns to support Finance reporting, month\\-end close processes, and analytical workloads
* Develop and optimize advanced Databricks notebooks, workflows, Delta Lake pipelines, and orchestration frameworks to ingest, transform, validate, and operationalize large\\-scale Finance datasets.
* Engineer reporting\\-ready analytical datasets and dimensional models optimized for enterprise Power BI reporting, semantic models, and governed self\\-service analytics
* Develop advanced SQL\\-based transformation logic, financial aggregations, reconciliations, and reporting datasets utilizing Databricks SQL and Snowflake capabilities
* Design and maintain scalable star schema and curated reporting layer structures supporting financial hierarchies, KPI standardization, P\\&L reporting, variance analysis, and executive reporting requirements.
* Establish and maintain standardized financial hierarchies, mappings, and metric definitions across business lines, ensuring consistency across reporting outputs
* Lead month\\-end Finance data operationalization processes, including ingestion, snapshot management, reconciliations, validation controls, auditability, and close\\-cycle reporting readiness.
* Implement enterprise\\-grade data quality, lineage, monitoring, validation, and change management frameworks to ensure financial data accuracy, traceability, and governance compliance
* Partner with FP\\&A, Accounting, Reporting \\& Analytics leadership, and enterprise data teams to translate Finance reporting requirements into scalable data and reporting platform solutions.
* Provide technical leadership and architectural guidance across Finance data platform initiatives, establish engineering standards and best practices, and oversee vendor/offshore delivery execution.
* Establish and maintain standardized financial hierarchies, mappings, and metric definitions across business lines, ensuring consistency across reporting outputs

**Use your skills to make an impact**
=====================================

**Required Qualifications**

* Bachelor's degree in Information Systems, Computer Science, Analytics, Finance, or related field
* 6\\+ years of experience in data engineering, BI data architecture, or analytics platforms
* 3\\+ years of leadership experience leading data/BI engineering projects or platforms
* 2\\+ years of people leadership experience with direct reports
* Advanced SQL expertise for large\\-scale data transformation, modeling, and performance optimization
* Advanced hands\\-on experience with Databricks engineering, including Spark, PySpark, Delta Lake, notebooks, workflows, and orchestration.
* Strong understanding and practical implementation experience with Medallion Architecture (Bronze/Silver/Gold) and lakehouse design patterns.
* Advanced SQL expertise, including complex transformations, performance optimization, window functions, dimensional modeling, and large\\-scale financial data processing.
* Strong Power BI experience, including semantic model design, star schema modeling, dataset optimization, DAX understanding, and enterprise reporting enablement.
* Experience designing curated analytical datasets optimized for reporting and self\\-service analytics consumption.
* Experience operationalizing month\\-end Finance reporting processes, reconciliations, data validations, and close\\-cycle reporting support.
* Experience working with Snowflake and cloud\\-based enterprise data platforms.
* Strong stakeholder partnership experience with Finance, FP\\&A, Accounting, and Reporting organizations.

**Preferred Qualifications**

* Experience supporting Finance transformation or FP\\&A reporting environments
* Experience with enterprise financial systems (Oracle Financials, Anaplan, ERP platforms)
* Experience designing governed analytical datasets or semantic layers for BI tools (e.g., Power BI)
* Knowledge of healthcare financial data domains (claims, membership, RCM)
* Experience managing offshore or vendor data engineering teams
* Familiarity with data governance, lineage, and financial control requirements
* Master's degree in Information Systems, Analytics, or Business

**Additional Information**

**WAH Internet Statement**


To ensure Home or Hybrid Home/Office employees' ability to work effectively, the self\\-provided internet service of Home or Hybrid Home/Office employees must meet the following criteria:At minimum, a download speed of 25 Mbps and an upload speed of 10 Mbps is required; wireless, wired cable or DSL connection is suggested.Satellite, cellular and microwave connection can be used only if approved by leadership.Employees who live and work from Home in the state of California, Illinois, Montana, or South Dakota will be provided a bi\\-weekly payment for their internet expense.Humana will provide Home or Hybrid Home/Office employees with telephone equipment appropriate to meet the business requirements for their position/job.Work from a dedicated space lacking ongoing interruptions to protect member PHI / HIPAA information.


Travel: While this is a remote position, occasional travel to Humana's offices for training or meetings may be required.**Scheduled Weekly Hours**


40**Pay Range**


The compensation range below reflects a good faith estimate of starting base pay for full time (40 hours per week) employment at the time of posting. The pay range may be higher or lower based on geographic location and individual pay will vary based on demonstrated job related skills, knowledge, experience, education, certifications, etc.  


$117,600 \\- $161,700 per year  


This job is eligible for a bonus incentive plan. This incentive opportunity is based upon company and/or individual performance.**Description of Benefits**


Humana, Inc. and its affiliated subsidiaries (collectively, “Humana”) offers competitive benefits that support whole\\-person well\\-being. Associate benefits are designed to encourage personal wellness and smart healthcare decisions for you and your family while also knowing your life extends outside of work. Among our benefits, Humana provides medical, dental and vision benefits, 401(k) retirement savings plan, time off (including paid time off, company and personal holidays, volunteer time off, paid parental and caregiver leave), short\\-term and long\\-term disability, life insurance and many other opportunities.
Application Deadline: 07\\-04\\-2026**About us**
============


About Humana: Humana Inc. (NYSE: HUM) is a leading U.S. healthcare company. Through our Humana insurance services and our CenterWell healthcare services, we make it easier for the millions of people we serve to achieve their best health – delivering the care and service they need, when they need it. These efforts are leading to a better quality of life for people with Medicare and Medicaid, families, individuals, military service personnel, and communities at large. Learn more about what we offer at Humana.com and at CenterWell.com.  

  

**Equal Opportunity Employer**


It is the policy of Humana not to discriminate against any employee or applicant for employment because of race, color, religion, sex, sexual orientation, gender identity, national origin, age, marital status, genetic information, disability or protected veteran status. It is also the policy of Humana to take affirmative action, in compliance with Section 503 of the Rehabilitation Act and VEVRAA, to employ and to advance in employment individuals with disability or protected veteran status, and to base all employment decisions only on valid job requirements. This policy shall apply to all employment actions, including but not limited to recruitment, hiring, upgrading, promotion, transfer, demotion, layoff, recall, termination, rates of pay or other forms of compensation and selection for training, including apprenticeship, at all levels of employment.","Health Care","https://www.indeed.com/cmp/Humana","https://d2q79iu7y748jz.cloudfront.net/s/_squarelogo/256x256/41f10e4f19f3ffd53d19aa4e14082a08","https://careers.humana.com/","Louisville, Kentucky","10,000+","more than $10B (USD)","Headquartered in Louisville, Kentucky, Humana, Inc. is the third largest health insurance company in the United States.","","","","","",""
"in-5eb949bdafe1ce75","indeed","https://www.indeed.com/viewjob?jk=5eb949bdafe1ce75","https://www.paycomonline.net/v4/ats/web.php/portal/F6B26FED7C26F1C0F187FC0DC94FBF34/jobs/297814?source=Indeed","Data Engineer","Beusa Energy","The Woodlands, TX, US","2026-05-28","fulltime","","","","","",False,"","","","","**Data Engineer****Job Description****Department:** Data Technology**Job Status:** Full\\-Time**FLSA Status:** Salary \\- Exempt**Reports To:** Data Engineering Supervisor**Location:** The Woodlands, TX**Amount of Travel Required:** 5\\-10%**Work Schedule:** Monday\\-Friday, 8 a.m. – 5 p.m.**Positions Supervised:** None**AIP: 7**


**POSITION SUMMARY:**As a Data Engineer at Beusa, you will own the performance, reliability, and cost\\-efficiency of our Databricks environment. You’ll design and optimize Delta tables, pipelines, and SQL Warehouse workloads so teams get fast, trustworthy data at the lowest reasonable cost. You will collaborate with cross\\-functional teams to translate requirements into high‑performing, production‑grade datasets and dashboards with clear SLAs.**ESSENTIAL FUNCTIONS:** (The following duties and responsibilities are all essential job functions, as defined by the ADA, except for those that begin with the word ""may."")* Build and operate Lakehouse pipelines on Databricks (Bronze/Silver/Gold) using Delta Lake, Delta Live Tables (DLT), and/or Jobs.
* Own ingestion patterns (Autoloader, CDC, streaming) optimization.
* Own data modeling, quality checks, and performance optimization.
* Own performance optimization – profile and tune Spark/SQL workloads: partitioning, clustering, constraints, liquid clustering (if applicable), manage table health.
* Engineer Delta tables for speed and cost: partitioning, Z\\-Ordering or clustering, constraints, file sizing; manage table health with Auto Optimize, OPTIMIZE, and VACUUM.
* Implement incremental processing patterns (MERGE with Change Data Feed, APPLY CHANGES INTO) with idempotency and exactly\\-once delivery.
* Partner with data consumers to deliver reliable, well\\-documented datasets with clear SLAs.
* Design, build, and implement interactive dashboards and reports using Power BI and other visualization tools.
* Collaborate with business units (Operations, Field Engineers, Assets) to gather requirements and translate them into technical solutions.
* Develop and maintain data models, ensuring data quality and integrity.
* Integrate data from multiple sources, including real\\-time field equipment and sensors.
* Continuously evaluate and adopt new data management and analytics technologies.
* Educate and support stakeholders on data tools and best practices.
* Advocate for Beusa’s digital transformation and data\\-driven decision\\-making.
* Engage with technology vendors and partners as needed.
* Occasional travel to meet with stakeholders.
* Performs other related duties as assigned to assist with successful operations and business continuity.

**POSITION REQUIREMENTS:*** Successfully passes background check, pre\\-employment drug screening, an any pre\\-employment aptitude and/or competency assessment(s).
* Valid U.S. Driver’s License. Employment is contingent upon meeting the company’s driving standards, including an acceptable Motor Vehicle Record (MVR) in accordance with the company’s policy.
* This role requires in‑office presence a minimum of four (4\\) days per week at our 10001 Six Pines Drive Location.
* Must be legally authorized to work in the United States without the need for sponsorship.
* Must be at least 18 years of age or older.




**EDUCATION/EXPERIENCE LEVEL:*** Bachelor’s degree in MIS, Computer Science, Engineering, IT, or related field. An equivalent combination of education, specialized training, and relevant professional experience may be considered in lieu of a formal degree.
* 3–5\\+ years of experience in a data\\-focused role (Business Intelligence, Data Analysis, Data Management, etc.).




**QUALIFICATIONS, SKILLS, COMPETENCIES, AND ABILITIES:*** Experience with Databricks Data Engineering, including Delta Live Tables (DLT).
* Strong PySpark/SparkSQL experience.
* Advanced SQL skills and experience with relational databases (Microsoft SQL Server preferred).
* Familiarity with Databricks Medallion architecture.
* Proficiency in Power BI (preferred), Tableau, Spotfire, or Sigma.
* Experience with dashboard creation, and data visualization best practices.
* Ability to manage multiple projects and adapt to changing priorities.
* Strong analytical, problem\\-solving, and communication skills.
* Knowledge of data cleansing and preparation for analytics.
* Ability to explain complex technical concepts to non\\-technical users.
* Experience working in cross\\-functional teams.




**PHYSICAL REQUIREMENTS/WORK ENVIRONMENT:**
The physical demands and work environment described here are representative of those that must be met by an employee to successfully perform the essential functions of this job. Reasonable accommodations may be made to enable individuals with disabilities to perform the essential functions.
Frequently required to walk, sit, climb, bend, reach and squat/kneel. The Data Engineer works primarily indoors and will be sitting prolonged periods of sitting at a desk and working on a computer. Must be able to access and navigate each department at the organization’s facilities. The Data Engineer may be required to lift heavy objects; therefore, The Data Engineer must be able to lift 25 lbs.
Work hours may include early morning, late afternoon/evening hours, and weekends in combination depending on job demands.  

**AAP /EEO STATEMENT**
The Company is committed to the cause of equal employment opportunity for all employees and applicants, thus abiding by all applicable state and federal laws. Our practices regarding employment, job promotion, compensation, training, and termination do not discriminate on the basis of race, color, religious creed, age, sex, national origin, veteran's status, disability, pregnancy, genetic information, or any other legally protected status. It is expected that all employees, both management and staff, will fully support these nondiscriminatory policies.
The company has reviewed this job description to ensure essential functions and duties have been included. It is not intended to be an exhaustive list of all functions, responsibilities, skills, and abilities.
Last Revised 05/2026","","https://www.indeed.com/cmp/Beusa-Energy","","https://www.beusaenergy.com","The Woodlands","11 to 50","$5M to $25M (USD)","","","","","","",""
"in-41989306f0664062","indeed","https://www.indeed.com/viewjob?jk=41989306f0664062","https://careers.serco-na.com/us/en/job/33591","Senior Data Analytics and Research Analyst","Serco","US","2026-05-28","fulltime","","","","","",False,"","","","","### **Position Description \\& Qualifications**

  

Serco is seeking aSenior Data Analytics and Research Analyst to join our talented and fast\\-paced Advisory Services, which supports federal programs assisting millions of people seeking government health insurance coverage. This dynamic position on the Data Analytics and Research team will primarily work on the CMS Eligibility Support (ES) Contract supporting the design and execution of research studies and complex analyses. The candidate will translate predictive, prescriptive, and strategic insights into program performance, consumer behavior, and potential fraud to help guide decision making and improvements.


The candidate ideally brings unique combination of subject matter expertise in conducting research and analyses using federal health and program data, and in collaboration with federal health SMEs (particularly as it relates to the Health Insurance Marketplace, Medicare, Medicaid and CHIP) using analytical tools and methodologies to monitor program performance, detect compliance and fraud issues, and improve service delivery. The candidate demonstrates extensive program implementation capabilities, excel at project and contract management, and proficiency at conducting business development activities.


The successful candidate will have experience managing teams working on diverse cross\\-cutting projects including program integrity and auditing research, under competing timeframes. The candidate will work with and have expertise breaking down complex concepts for many different stakeholders at different levels of technical understanding, such as Serco Leadership, Service Delivery, IT, and Operations, and CMS Executives and subject matter experts.

**In this role, you will:**

* Serve as a subject matter expert for the research and data analytics team. This includes:
	+ Stay abreast on ES/Marketplace processes and data and share with internal and client stakeholders
	+ Present analyses and recommendations to internal and client stakeholders, including senior leadership. Utilize data storytelling techniques to break down complex concepts for audiences at different levels of technical understanding.
	+ Design and conduct analyses to improve program performance, gain a deeper understanding of consumer behavior, and identify potentially fraudulent activities being conducted in the Marketplace.
	+ Propose and execute research studies and complex data analyses to identify challenges and barriers consumers encounter when seeking to obtain health insurance through the federal health insurance exchange.
	+ Conduct literature reviews (including scoping reviews, narrative reviews, and systematic reviews) to develop evidence\\-based recommendations and develop research questions for studies.
	+ Working with internal and client stakeholders to develop and improve regular and ad hoc reporting, including through the use of Power BI and Tableau to enhance visual appeal of reports
	+ Work with interdisciplinary teams to improve automation and innovation throughout the program, while ensuring data integrity and governance is at the forefront
* Manage and/or coordinate research and data\\-related projects that crosscut multiple teams and product lines.
* Present research and data analysis findings and recommendations to Internal and client stakeholders, as well as represent Serco and the CMS ES program at industry and academic conferences.
* Collaboratively work with CMS and Serco teams, develop research reports, presentations, white papers, and manuscripts to be submitted for publication in peer\\-reviewed journals.
* Develop and maintain effective and efficient working relationships with the Client, interfacing with government SMEs and Serco teams.
* Participate in business development activities, including relationship building, capture, and proposal writing.
* Perform other tasks as required or assigned.

**To be successful in this role, you will have:**

* A Bachelor’s degree in public health, data science, statistics, or related field required.
* A minimum 5 years of experience conducting public health research studies and/or complex quantitative analyses using SQL, python, R or other related software.
* The ability to develop, model, and use data from various sources (program data, public data sources) for data analysis.
* Experience creating and maintaining dashboards using data visualization tools such as PowerBI and Tableau.
* Proficiency in programming languages such as Python and SQL; experience with R or similar languages is a plus.
* Strong communication skills, with the ability to present complex insights and data findings clearly and effectively to technical and non\\-technical audiences.
* Experience managing complex, research and/or data\\-related projects that cross\\-cut multiple teams and product lines from inception to completion.
* The ability to collaborate with multidisciplinary teams, including IT, data engineers, policy SMEs, audit SMEs, and product line teams to enhance accessibility and availability of data and reporting across the program.
* Demonstrated experience implementing and maintaining data governance frameworks, metadata management systems, and data catalog tools.

**Additional desired experience and skills:**

* Graduate degree in public health, statistics, or other related field preferred
* Understanding of ACA and Marketplace data and policy issues affecting consumer coverage
* Experience working with MIDAS database, including running queries, conducting analyses, and creating reports using MIDAS data.
* Experience working with Federal government agencies, especially CMS, to support data collection, management, analysis, and reporting efforts.
* Practical experience with cloud data warehouses (e.g., Amazon Redshift, DataBricks) and artificial intelligence and machine learning tools (e.g., Amazon SageMaker and QuickSuite)

### **Company Overview**

  


Serco Inc. (Serco) is the Americas division of Serco Group, plc. In North America, Serco’s 9,000\\+ employees strive to make an impact every day across 100\\+ sites in the areas of Defense, Citizen Services, and Transportation. We help our clients deliver vital services more efficiently while increasing the satisfaction of their end customers. Serco serves every branch of the U.S. military, numerous U.S. Federal civilian agencies, the Intelligence Community, the Canadian government, state, provincial and local governments, and commercial clients. While your place may look a little different depending on your role, we know you will find yours here. Wherever you work and whatever you do, we invite you to discover your place in our world. Serco is a place you can count on and where you can make an impact because every contribution matters.
  

  

To review Serco benefits please visit: https://careers.serco\\-na.com/us/en/what\\-we\\-offer. If you require an accommodation with the application process please email: careers@serco\\-na.com or call the HR Service Desk at 800\\-628\\-6458, option 1\\. Please note, due to EEOC/OFCCP compliance, Serco is unable to accept resumes by email.
  

  

Candidates may be asked to present proof of identify during the selection process. If requested, this will require presentation of a government\\-issued I.D. (with photo) with name and address that match the information entered on the application. Serco will not take possession of or retain/store the information provided as proof of identity. For more information on how Serco uses your information, please see our Applicant Privacy Policy and Notice.
  

  

Serco does not accept unsolicited resumes through or from search firms or staffing agencies without being a contracted approved vendor. All unsolicited resumes will be considered the property of Serco and will not be obligated to pay a placement or contract fee. If you are interested in becoming an approved vendor at Serco, please email Agencies@serco\\-na.com.
  

  

Serco is an equal opportunity employer. We evaluate qualified applicants without regard to race, color, religion, sex, sexual orientation, gender identity, national origin, disability, veteran status, and other legally protected characteristics.

  

### **Pay Transparency**

  


Our Total Rewards package includes competitive pay, performance\\-based incentives, and benefits that promote well\\-being and work\\-life balance—so you can thrive both professionally and personally. Eligible employees also gain access to a wide range of benefits from comprehensive health coverage and health savings accounts to retirement plans, life and disability insurance, and time\\-off programs that support work\\-life balance. Program availability may vary based on factors such as contract type, location, hire date, and applicable collective bargaining agreements.
  

  

Salary range: The range for this position can be found at the top of this posting. This range is provided as a general guideline and represents a good faith estimate across all experience levels. Actual base salary will be determined by a variety of factors, including but not limited to, the scope of the role, relevant experience, job\\-related knowledge, education and training, key skills, and geographic market considerations. For roles available in multiple states, the range may vary to reflect differences in local labor markets. In addition to base salary, eligible positions may include other forms of compensation such as annual bonuses or long\\-term incentive opportunities. Benefits – Comprehensible benefits for full\\-time employees (part\\-time employees receive a limited package tailored to their role):  



* Medical, dental, and vision insurance
* Robust vacation and sick leave benefits, and flexible work arrangements where permitted by role or contract
* 401(k) plan that includes employer matching funds
* Tuition reimbursement program
* Life insurance and disability coverage
* Optional coverages that can be purchased, including pet insurance, home and auto insurance, additional life and accident insurance, critical illness insurance, group legal, ID theft protection
* Birth, adoption, parental leave benefits
* Employee Assistance Plan

  

To review all Serco benefits please visit: https://careers.serco\\-na.com/us/en/about\\-us.
  

  

Serco complies with all applicable state and local leave laws, including providing time off under the Colorado Healthy Families and Workplaces Act for eligible Colorado residents, in alignment with our policies and benefit plans. The application window for this position is for no more than 60 days. We encourage candidates to apply promptly after the posting date, as the position may close earlier if filled or if the application volume exceeds expectations. Please submit applications exclusively through Serco’s external (or internal) career site. If an applicant has any concerns with job posting compliance, please send an email to: careers@serco\\-na.com.","","https://www.indeed.com/cmp/Serco-29660aa5","https://d2q79iu7y748jz.cloudfront.net/s/_squarelogo/256x256/e33f7613822482d6a72561acf2e5e95e","https://careers.serco.com/","Hook, England","10,000+","$1B to $5B (USD)","Serco is one of the world’s largest providers of public services to governments, employing over 50,000 people in over 20 countries.","","","","","",""
"in-56f2cd13ea0096bc","indeed","https://www.indeed.com/viewjob?jk=56f2cd13ea0096bc","https://careers.serco-na.com/us/en/job/33620","Data Analytics and Research Analyst","Serco","Herndon, VA, US","2026-05-28","fulltime","","","","","",False,"","","","","### **Position Description \\& Qualifications**

  

Serco is seeking a Data Analytics and Research Analystto join our talented and fast\\-paced Advisory Services, which supports federal programs assisting millions of people seeking government health insurance coverage. This dynamic position on the Data Analytics and Research team will primarily work on the CMS Eligibility Support (ES) Contract supporting the design and execution of research studies and complex analyses. The candidate will translate predictive, prescriptive, and strategic insights into program performance, consumer behavior, and potential fraud to help guide decision making and improvements.


The candidate ideally brings unique combination of subject matter expertise in conducting research and analyses using federal health and program data, and in collaboration with federal health SMEs (particularly as it relates to the Health Insurance Marketplace, Medicare, Medicaid and CHIP) using analytical tools and methodologies to monitor program performance, detect compliance and fraud issues, and improve service delivery. The candidate demonstrates extensive program implementation capabilities, excel at project and contract management, and proficiency at conducting business development activities.


The successful candidate will have experience managing teams working on diverse cross\\-cutting projects including program integrity and auditing research, under competing timeframes. The candidate will work with and have expertise breaking down complex concepts for many different stakeholders at different levels of technical understanding, such as Serco Leadership, Service Delivery, IT, and Operations, and CMS Executives and subject matter experts.

**In this role, you will:**

* Serve as a subject matter expert for the research and data analytics team. This includes:
	+ Stay abreast on ES/Marketplace processes and data and share with internal and client stakeholders
	+ Present analyses and recommendations to internal and client stakeholders, including senior leadership. Utilize data storytelling techniques to break down complex concepts for audiences at different levels of technical understanding.
	+ Design and conduct analyses to improve program performance, gain a deeper understanding of consumer behavior, and identify potentially fraudulent activities being conducted in the Marketplace.
	+ Propose and execute research studies and complex data analyses to identify challenges and barriers consumers encounter when seeking to obtain health insurance through the federal health insurance exchange.
	+ Conduct literature reviews (including scoping reviews, narrative reviews, and systematic reviews) to develop evidence\\-based recommendations and develop research questions for studies.
	+ Working with internal and client stakeholders to develop and improve regular and ad hoc reporting, including through the use of Power BI and Tableau to enhance visual appeal of reports
	+ Work with interdisciplinary teams to improve automation and innovation throughout the program, while ensuring data integrity and governance is at the forefront
* Manage and/or coordinate research and data\\-related projects that crosscut multiple teams and product lines.
* Present research and data analysis findings and recommendations to Internal and client stakeholders, as well as represent Serco and the CMS ES program at industry and academic conferences.
* Collaboratively work with CMS and Serco teams, develop research reports, presentations, white papers, and manuscripts to be submitted for publication in peer\\-reviewed journals.
* Develop and maintain effective and efficient working relationships with the Client, interfacing with government SMEs and Serco teams.
* Participate in business development activities, including relationship building, capture, and proposal writing.
* Perform other tasks as required or assigned.

**To be successful in this role, you will have:**

* A Bachelor’s degree in public health, data science, statistics, or related field required.
* A minimum of 5 years of experience conducting public health research studies and/or complex quantitative analyses using SQL, python, R or other related software.
* The ability to develop, model, and use data from various sources (program data, public data sources) for data analysis.
* Experience creating and maintaining dashboards using data visualization tools such as PowerBI and Tableau.
* Proficiency in programming languages such as Python and SQL; experience with R or similar languages is a plus.
* Strong communication skills, with the ability to present complex insights and data findings clearly and effectively to technical and non\\-technical audiences.
* Experience managing complex, research and/or data\\-related projects that cross\\-cut multiple teams and product lines from inception to completion
* The ability to collaborate with multidisciplinary teams, including IT, data engineers, policy SMEs, audit SMEs, and product line teams to enhance accessibility and availability of data and reporting across the program.
* Demonstrated experience implementing and maintaining data governance frameworks, metadata management systems, and data catalog tools

**Additional desired experience and skills:**

* Graduate degree in public health, statistics, or other related field preferred
* Understanding of ACA and Marketplace data and policy issues affecting consumer coverage
* Experience working with MIDAS database, including running queries, conducting analyses, and creating reports using MIDAS data.
* Experience working with Federal government agencies, especially CMS, to support data collection, management, analysis, and reporting efforts.
* Practical experience with cloud data warehouses (e.g., Amazon Redshift, DataBricks) and artificial intelligence and machine learning tools (e.g., Amazon SageMaker and QuickSuite)

### **Company Overview**

  


Serco Inc. (Serco) is the Americas division of Serco Group, plc. In North America, Serco’s 9,000\\+ employees strive to make an impact every day across 100\\+ sites in the areas of Defense, Citizen Services, and Transportation. We help our clients deliver vital services more efficiently while increasing the satisfaction of their end customers. Serco serves every branch of the U.S. military, numerous U.S. Federal civilian agencies, the Intelligence Community, the Canadian government, state, provincial and local governments, and commercial clients. While your place may look a little different depending on your role, we know you will find yours here. Wherever you work and whatever you do, we invite you to discover your place in our world. Serco is a place you can count on and where you can make an impact because every contribution matters.
  

  

To review Serco benefits please visit: https://careers.serco\\-na.com/us/en/what\\-we\\-offer. If you require an accommodation with the application process please email: careers@serco\\-na.com or call the HR Service Desk at 800\\-628\\-6458, option 1\\. Please note, due to EEOC/OFCCP compliance, Serco is unable to accept resumes by email.
  

  

Candidates may be asked to present proof of identify during the selection process. If requested, this will require presentation of a government\\-issued I.D. (with photo) with name and address that match the information entered on the application. Serco will not take possession of or retain/store the information provided as proof of identity. For more information on how Serco uses your information, please see our Applicant Privacy Policy and Notice.
  

  

Serco does not accept unsolicited resumes through or from search firms or staffing agencies without being a contracted approved vendor. All unsolicited resumes will be considered the property of Serco and will not be obligated to pay a placement or contract fee. If you are interested in becoming an approved vendor at Serco, please email Agencies@serco\\-na.com.
  

  

Serco is an equal opportunity employer. We evaluate qualified applicants without regard to race, color, religion, sex, sexual orientation, gender identity, national origin, disability, veteran status, and other legally protected characteristics.

  

### **Pay Transparency**

  


Our Total Rewards package includes competitive pay, performance\\-based incentives, and benefits that promote well\\-being and work\\-life balance—so you can thrive both professionally and personally. Eligible employees also gain access to a wide range of benefits from comprehensive health coverage and health savings accounts to retirement plans, life and disability insurance, and time\\-off programs that support work\\-life balance. Program availability may vary based on factors such as contract type, location, hire date, and applicable collective bargaining agreements.
  

  

Salary range: The range for this position can be found at the top of this posting. This range is provided as a general guideline and represents a good faith estimate across all experience levels. Actual base salary will be determined by a variety of factors, including but not limited to, the scope of the role, relevant experience, job\\-related knowledge, education and training, key skills, and geographic market considerations. For roles available in multiple states, the range may vary to reflect differences in local labor markets. In addition to base salary, eligible positions may include other forms of compensation such as annual bonuses or long\\-term incentive opportunities. Benefits – Comprehensible benefits for full\\-time employees (part\\-time employees receive a limited package tailored to their role):  



* Medical, dental, and vision insurance
* Robust vacation and sick leave benefits, and flexible work arrangements where permitted by role or contract
* 401(k) plan that includes employer matching funds
* Tuition reimbursement program
* Life insurance and disability coverage
* Optional coverages that can be purchased, including pet insurance, home and auto insurance, additional life and accident insurance, critical illness insurance, group legal, ID theft protection
* Birth, adoption, parental leave benefits
* Employee Assistance Plan

  

To review all Serco benefits please visit: https://careers.serco\\-na.com/us/en/about\\-us.
  

  

Serco complies with all applicable state and local leave laws, including providing time off under the Colorado Healthy Families and Workplaces Act for eligible Colorado residents, in alignment with our policies and benefit plans. The application window for this position is for no more than 60 days. We encourage candidates to apply promptly after the posting date, as the position may close earlier if filled or if the application volume exceeds expectations. Please submit applications exclusively through Serco’s external (or internal) career site. If an applicant has any concerns with job posting compliance, please send an email to: careers@serco\\-na.com.","","https://www.indeed.com/cmp/Serco-29660aa5","https://d2q79iu7y748jz.cloudfront.net/s/_squarelogo/256x256/e33f7613822482d6a72561acf2e5e95e","https://careers.serco.com/","Hook, England","10,000+","$1B to $5B (USD)","Serco is one of the world’s largest providers of public services to governments, employing over 50,000 people in over 20 countries.","","","","","",""
"in-67aa72efa5b04e0c","indeed","https://www.indeed.com/viewjob?jk=67aa72efa5b04e0c","https://www.axian.com/job_opportunity/senior-data-engineer/","Senior Data Engineer","AXIAN","Portland, OR, US","2026-05-28","","","","","","",False,"","","","","#### **Job Description**



Axian is seeking a Senior Data Engineer to design and build modern cloud data platforms and enterprise data pipelines for our clients.



This role combines deep hands\\-on data engineering expertise with architectural thinking. You will design scalable ingestion frameworks, implement lakehouse architectures, and integrate complex enterprise data sources into modern analytics platforms.



A key focus of this role is expert\\-level data warehouse development and building high\\-quality, production\\-grade data pipelines / platforms.



You will work closely with architects, analysts, and business stakeholders to deliver data solutions that support analytics, operational systems, and enterprise reporting.


**What You’ll Do:**


* Design and implement modern cloud data platforms, including data lakes, data warehouses, and lakehouse architectures.
* Build and maintain Databricks\\-based data engineering solutions, including ingestion pipelines, transformation frameworks, and curated data layers.
* Develop scalable ETL/ELT pipelines using Python, PySpark, and SQL to process and transform enterprise data.
* Integrate data from a wide range of sources including enterprise applications, APIs, ERP systems, databases, flat files, and third\\-party data feeds.
* Implement Bronze / Silver / Gold lakehouse architectures using Delta Lake and Databricks.
* Design logical, physical, and dimensional data models to support analytics, reporting, and downstream applications.
* Develop reliable data integration solutions for enterprise platforms, including ERP, financial, and operational systems.
* Build or integrate REST APIs and services to support data ingestion and downstream data consumption.
* Deliver analytics\\-ready datasets and collaborate with analytics teams to support reporting platforms such as Power BI, Tableau, or similar BI tools.
* Implement pipeline orchestration, monitoring, and observability to ensure reliable production data workflows.
* Optimize data pipelines and platforms for performance, scalability, and cost efficiency.
* Provide technical guidance and mentorship to engineers and client teams when needed.
* Contribute to data architecture decisions and engineering best practices across Axian client engagements.


 **Required Qualifications:**


* Bachelor’s degree in Computer Science or equivalent combination of education and 7\\+ years of professional experience in software engineering or information technology
* 5\\+ years of experience in data engineering or related software engineering roles
* Expert\\-level experience with Databricks, including PySpark, Delta Lake, Databricks workflows, Lakehouse architecture
* Strong Python development skills
* Advanced SQL expertise
* Strong experience with multiple database platforms (SQL Server, MySQL, PostgreSQL, Oracle, DB2, etc.)
* Proven experience designing and building scalable ETL/ELT pipelines
* Strong experience with cloud\\-based data platforms (Azure or AWS)
* Strong understanding of data warehousing and lakehouse architectures
* Storng experience working with structured and semi\\-structured data
* Experience working with NoSQL or distributed data platforms (MongoDB, Cassandra, Hadoop ecosystem)

  


**Preferred Experience \\& Additional Skills:**


* Experience with Microsoft Fabric, including: Fabric Data Factory, Fabric Lakehouse / OneLake, Data Engineering workloads, Power BI integration
* Experience with Snowflake
* Experience with workflow orchestration tools (Airflow, Prefect, Dagster)
* Experience with streaming or event\\-driven data platforms (Kafka, Spark Streaming, etc.)
* Experience integrating with REST APIs or building API\\-based data services
* Experience building distributed cloud systems or microservices with modern technology frameworks(C\\#. Net / Java / NodeJS, etc.)
* Familiarity with CI/CD pipelines and DevOps practices
* Experience integrating data from enterprise ERP systems, such as: SAP, NetSuite, Oracle Financials, Workday, or similar financial or operational platforms


**What Makes You Successful in This Role:**


* You enjoy building scalable, production\\-grade software systems
* You take ownership of technical solutions and engineering quality
* You enjoy solving complex integration and modernization challenges
* You communicate effectively with both technical teams and business stakeholders
* You are comfortable working across both frontend and backend technologies
* You thrive in environments with evolving requirements and competing priorities
* You bring curiosity, adaptability, and a collaborative engineering mindset
* You can balance technical excellence with practical business outcomes


**Location:** Portland, OR","","https://www.indeed.com/cmp/Axian","https://d2q79iu7y748jz.cloudfront.net/s/_squarelogo/256x256/cc891599f6ff94ec4f2af31a1ac3c7ac","https://www.axian.com","Beaverton, OR","11 to 50","$1M to $5M (USD)","","","","","","",""
"in-422da6e551951475","indeed","https://www.indeed.com/viewjob?jk=422da6e551951475","https://careers.airbnb.com/positions/7960519/","Senior Analyst Advanced Analytics","Airbnb","US","2026-05-28","","direct_data","yearly",136000.0,160000.0,"USD",True,"","","","reasonableaccommodations@airbnb.com","Airbnb was born in 2007 when two hosts welcomed three guests to their San Francisco home, and has since grown to over 5 million hosts who have welcomed over 2 billion guest arrivals in almost every country across the globe. Every day, hosts offer unique stays and experiences that make it possible for guests to connect with communities in a more authentic way.



**The Community You Will Join:**



We are looking for a Senior Analyst, Advanced Analytics role to help Airbnb unlock the next generation of hosts by normalizing and expanding hosting in Multifamily buildings. This role will sit under the Airbnb for RealEstate (A4RE) team and support our Product and Business Operations teams.


**The Difference You Will Make:**


* **Data thought partner** to product and business leaders, providing insights, recommendations, and enabling data\\-driven decisions.
* **Contribute towards advancing the Analytics and Data Science disciplines at Airbnb**, including driving data best practices, building new data tools and data sets, expanding data education around the company and mentoring and developing other team members.


**A Typical Day:**


* **Drive day to day analytics and create scalable data tools:**
	+ Architect, build, and launch efficient \\& reliable new data models and pipelines in partnership with Data Engineering
	+ Design, define, and implement metrics and dimensions to enable analysis
	+ Continue to enhance our understanding and measurement of the tools used by our partners, with a focus on driving higher host activation within partner buildings.
	+ Work closely with Data Engineers, Analytics Engineers, Data Scientists and other cross functional teams to build a scalable and unified attribution and measurement platform for understanding impact of product, sales and marketing efforts.
	+ Collaborate closely with Business Leads to design, implement, and assess offline experiments, including A/B tests and other quasi\\-experimental techniques.
	+ Empower the team to answer data questions quickly and easily by building high\\-quality ground truth data sets and dashboards. Collaborate with Data Engineering to build data tools for mass consumptions within the A4RE team

**Your Expertise:**


* 5\\+ years in industry experience and a degree in a quantitative field (e.g., Statistics, Econometrics, Computer Science, Engineering, Mathematics, Data Science, Operations Research).
* Expert communication and collaboration skills with the ability to work effectively with internal teams in a cross\\-cultural and cross\\-functional environment. Ability to conduct rigorous statistical analysis to inform business decision and communicate conclusions to both technical and non\\-technical audiences
* Experience partnering with internal teams to drive action and providing expertise and direction on analytics, experimental design, and measurement
* Experience designing and building metrics, from conception to building prototypes with data pipelines
* Strong knowledge in SQL and distributed system optimization (e.g. Spark, Presto, Hive)
* Expert in at least one programming language for data analysis (e.g. Python, R)
* Experience with Tableau strongly preferred


**Your Location:**



This position is US \\- Remote Eligible. The role may include occasional work at an Airbnb office or attendance at offsites, as agreed to with your manager. While the position is Remote Eligible, you must live in a state where Airbnb, Inc. has a registered entity. Click here for the up\\-to\\-date list of excluded states. This list is continuously evolving, so please check back with us if the state you live in is on the exclusion list If your position is employed by another Airbnb entity, your recruiter will inform you what states you are eligible to work from.


**Our Commitment To Inclusion \\& Belonging:**



Airbnb is committed to working with the broadest talent pool possible. We believe diverse ideas foster innovation and engagement, and allow us to attract creatively\\-led people, and to develop the best products, services and solutions. All qualified individuals are encouraged to apply.



We strive to also provide a disability inclusive application and interview process. If you are a candidate with a disability and require reasonable accommodation in order to submit an application, please contact us at: reasonableaccommodations@airbnb.com. Please include your full name, the role you’re applying for and the accommodation necessary to assist you with the recruiting process.



We ask that you only reach out to us if you are a candidate whose disability prevents you from being able to complete our online application.



**How We'll Take Care of You:**



Our job titles may span more than one career level. The actual base pay is dependent upon many factors, such as: training, transferable skills, work experience, business needs and market demands. The base pay range is subject to change and may be modified in the future. This role may also be eligible for bonus, equity, benefits, and Employee Travel Credits.



Pay Range
$136,000—$160,000 USD","Internet And Software","https://www.indeed.com/cmp/Airbnb","https://d2q79iu7y748jz.cloudfront.net/s/_squarelogo/256x256/b35a06a64b6d3522e431c31f79fc2532","https://www.airbnb.com","888 Brannan Street, San Francisco, CA 94103, United States
","1,001 to 5,000","$100M to $500M (USD)","Airbnb is a global travel community that offers magical end-to-end trips, including where you stay, what you do and the people you meet.","","","","","",""
"in-95ab2514764a8e05","indeed","https://www.indeed.com/viewjob?jk=95ab2514764a8e05","https://careers.amgen.com/en/job/thousand-oaks/senior-data-engineer/87/95687713536","Senior Data Engineer","Amgen","Thousand Oaks, CA, US","2026-05-28","fulltime","direct_data","yearly",138325.0,172744.0,"USD",True,"","","","","US \\- California \\- Thousand Oaks
JOB ID: R\\-243903 LOCATION: US \\- California \\- Thousand Oaks WORK LOCATION TYPE: Flex Commuter / Hybrid DATE POSTED: May. 28, 2026 CATEGORY: Engineering SALARY RANGE: \\-
**Join Amgen’s Mission of Serving Patients**

At Amgen, if you feel like you’re part of something bigger, it’s because you are. Our shared mission—to serve patients living with serious illnesses—drives all that we do.


Since 1980, we’ve helped pioneer the world of biotech in our fight against the world’s toughest diseases. With our focus on four therapeutic areas –Oncology, Inflammation, General Medicine, and Rare Disease– we reach millions of patients each year. As a member of the Amgen team, you’ll help make a lasting impact on the lives of patients as we research, manufacture, and deliver innovative medicines to help people live longer, fuller happier lives.


Our award\\-winning culture is collaborative, innovative, and science based. If you have a passion for challenges and the opportunities that lay within them, you’ll thrive as part of the Amgen team. Join us and transform the lives of patients while transforming your career.

**Senior Data Engineer**

**Duties:** Identify and implement internal process improvements for data management such as automating manual processes, optimizing data delivery, and redesigning infrastructure for greater scalability; Collaborate with Product Owner, Release Train Engineer, and Scrum Master to plan and execute work; Work with Data Architects to optimize the technical environment for reuse, agility, and performance; Ensure data requirements for applications, data scientists, and cross\\-functional use cases are met; Maintain high performance and reliability of the system; Contribute to the Exploration and understanding of new tools, and techniques and propose improvements to the existing and new data pipelines; Collaborate cross\\-functionally with analysts, engineers, data scientists to identify \\& prioritize requirements, brainstorm solutions, and clarify business objectives for data\\-centric solutions to achieve continuous improvement; and Assist with data discovery for enhancing reports and designing efficient data stores. May telecommute.

**Requirements:** Master’s degree (or foreign equivalent) in Computer Science, Information Systems, Software Engineering or related field \\& 2 years of experience involving the following:


1\\. Creating Data Quality dashboards and report results;


2\\. Coding languages including: Python, Java, or Scala;


3\\. Writing SQL using RDBMS including: Redshift, Postgres, MySQL, Teradata, or Oracle;


4\\. Software DevOps CI/CD tools including: Git, Jenkins, Linux, or Shell Script;


5\\. Using Databricks, Jupyter, or similar notebook environment; and


6\\. Working with test\\-driven development or software test automation.

 **Contact:** Interested candidates please apply via https://careers.amgen.com/en/search\\-jobs and search for job \\# R\\-243903


Job type: Full Time position. The annual salary for this position in the U.S. is $138,325\\.00– $172,744\\.00 per year. Also, this position offers stock, retirement, medical, life and disability insurance and eligibility for an annual bonus or for sales roles, other incentive compensation. For more details visit https://careers.amgen.com/life\\-at\\-amgen/benefits/

**What you can expect of us**


As we work to develop treatments that take care of others, we also work to care for your professional and personal growth and well\\-being. From our competitive benefits to our collaborative culture, we’ll support your journey every step of the way.


The expected annual salary range for this role in the U.S. (excluding Puerto Rico) is posted. Actual salary will vary based on several factors including but not limited to, relevant skills, experience, and qualifications.


In addition to the base salary, Amgen offers a Total Rewards Plan, based on eligibility, comprising of health and welfare plans for staff and eligible dependents, financial plans with opportunities to save towards retirement or other goals, work/life balance, and career development opportunities that may include:

* A comprehensive employee benefits package, including a Retirement and Savings Plan with generous company contributions, group medical, dental and vision coverage, life and disability insurance, and flexible spending accounts
* A discretionary annual bonus program, or for field sales representatives, a sales\\-based incentive plan
* Stock\\-based long\\-term incentives
* Award\\-winning time\\-off plans
* Flexible work models, including remote and hybrid work arrangements, where possible

**and make a lasting impact with the Amgen team.**

**careers.amgen.com**


In any materials you submit, you may redact or remove age\\-identifying information such as age, date of birth, or dates of school attendance or graduation. You will not be penalized for redacting or removing this information.


Amgen does not have an application deadline for this position; we will continue accepting applications until we receive a sufficient number or select a candidate for the position.


As an organization dedicated to improving the quality of life for people around the world, Amgen fosters an inclusive environment of diverse, ethical, committed and highly accomplished people who respect each other and live the Amgen values to continue advancing science to serve patients. Together, we compete in the fight against serious disease.


Amgen is an Equal Opportunity employer and will consider all qualified applicants for employment without regard to race, color, religion, sex, sexual orientation, gender identity, national origin, protected veteran status, disability status, or any other basis protected by applicable law.


We will ensure that individuals with disabilities are provided reasonable accommodation to participate in the job application or interview process, to perform essential job functions, and to receive other benefits and privileges of employment. Please contact us to request accommodation.","","https://www.indeed.com/cmp/Amgen","https://d2q79iu7y748jz.cloudfront.net/s/_squarelogo/256x256/e858654aaf2bd361578aeac82b39bd9b","http://www.amgen.com","Thousand Oaks, CA","10,000+","more than $10B (USD)","Amgen, a biotechnology pioneer, discovers, develops and delivers innovative human therapeutics.","","","","","",""
"in-bb533f88cd495f7b","indeed","https://www.indeed.com/viewjob?jk=bb533f88cd495f7b","https://wellsfargo.talentnet.community/jobs/e388144f-3618-457d-acca-44ca30957f8f","Senior Data Engineer (contract)","Wells Fargo","Phoenix, AZ, US","2026-05-28","contract","","","","","",True,"","","","","**Description**
---------------

**Title****:** Senior Data Engineer

**Location****: Phoenix, AZ**

**Duration****:** 6 months

**Work Engagement****:** W2

**Work Schedule**: Hybrid 3 days in office/2 days remote

**Benefits on offer for this contract position**: Health Insurance, Life insurance, 401K and Voluntary Benefits

**Summary:**


In this contingent resource assignment, you may: Consult on complex initiatives with broad impact and large\\-scale planning for Software Engineering. Review and analyze complex multi\\-faceted, larger scale or longer\\-term Software Engineering challenges that require in\\-depth evaluation of multiple factors including intangibles or unprecedented factors. Contribute to the resolution of complex and multi\\-faceted situations requiring solid understanding of the function, policies, procedures, and compliance requirements that meet deliverables. Strategically collaborate and consult with client personnel. Required Qualifications: Software Engineering experience, or equivalent demonstrated through one or a combination of the following: work or consulting experience, training, military experience, education.

**Key Responsibilities:**

* Secure Application Development  


	+ Design, develop and maintain solutions to support key business needs
	+ Build and maintain high\\-quality, high\\-performance, scalable software
	+ Engineer Data Processing Flows, Stored Procedures, and Dynamic Reporting based upon pre\\-defined development models, languages and standards
	+ Produce Functional System Design Documents
	+ Collaborate effectively with both technical and non\\-technical stakeholders
	+ Document and demonstrate solutions by writing documentation, diagrams and code comments
	+ Debug and document existing systems through code analysis

**Key Requirements:**

* Applicants must be authorized to work for ANY employer in the U.S. This position is not eligible for visa sponsorship.
* Application development and implementation experience
* Hadoop, Spark Programming, Hive experience
* SQL Server, SQL server Integration Services (SSIS) experience
* Secure SDLC (System Development Life Cycle) methodologies experience
* Experience designing software solutions using software architecture design principles
* ETL (Extract, Transform, Load) Programming experience","","https://www.indeed.com/cmp/Wells-Fargo","https://d2q79iu7y748jz.cloudfront.net/s/_squarelogo/256x256/8420576b1d6cf9bd2b2e883e847486f9","https://www.wellsfargojobs.com/en/well-life/","San Francisco, CA","10,000+","more than $10B (USD)","At Wells Fargo, we provide opportunities that go beyond just your career. Whatever living a Well Life looks like to you, you'll find it here. Learn more at wellsfargojobs.com/well-life. ","","","","","",""
"in-09957fab86477575","indeed","https://www.indeed.com/viewjob?jk=09957fab86477575","https://wellsfargo.talentnet.community/jobs/b11cb5fb-59e8-4865-ab5a-ccadcc5261ea","Senior Data Engineer (contract)","Wells Fargo","Phoenix, AZ, US","2026-05-28","contract","","","","","",True,"","","","","**Description**
---------------

**Title****:** Senior Data Engineer

**Location****:** Phoenix, AZ

**Duration****:** 6 months

**Work Engagement****:** W2

**Work Schedule**: Hybrid 3 days in office/2 days remote

**Benefits on offer for this contract position**: Health Insurance, Life insurance, 401K and Voluntary Benefits

**Summary:**

  

In this contingent resource assignment, you may: Consult on complex initiatives with broad impact and large\\-scale planning for Software Engineering. Review and analyze complex multi\\-faceted, larger scale or longer\\-term Software Engineering challenges that require in\\-depth evaluation of multiple factors including intangibles or unprecedented factors. Contribute to the resolution of complex and multi\\-faceted situations requiring solid understanding of the function, policies, procedures, and compliance requirements that meet deliverables. Strategically collaborate and consult with client personnel. Required Qualifications: Software Engineering experience, or equivalent demonstrated through one or a combination of the following: work or consulting experience, training, military experience, education.

**Key Responsibilities:**

* Secure Application Development  


	+ Design, develop and maintain solutions to support key business needs
	+ Build and maintain high\\-quality, high\\-performance, scalable software
	+ Engineer Data Processing Flows, Stored Procedures, and Dynamic Reporting based upon pre\\-defined development models, languages and standards
	+ Produce Functional System Design Documents
	+ Collaborate effectively with both technical and non\\-technical stakeholders
	+ Document and demonstrate solutions by writing documentation, diagrams and code comments
	+ Debug and document existing systems through code analysis

 **Key Requirements:**

* Applicants must be authorized to work for ANY employer in the U.S. This position is not eligible for visa sponsorship.
* Application development and implementation experience
* Hadoop, Spark Programming, Hive experience
* SQL Server, SQL server Integration Services (SSIS) experience
* Secure SDLC (System Development Life Cycle) methodologies experience
* Experience designing software solutions using software architecture design principles
* ETL (Extract, Transform, Load) Programming experience","","https://www.indeed.com/cmp/Wells-Fargo","https://d2q79iu7y748jz.cloudfront.net/s/_squarelogo/256x256/8420576b1d6cf9bd2b2e883e847486f9","https://www.wellsfargojobs.com/en/well-life/","San Francisco, CA","10,000+","more than $10B (USD)","At Wells Fargo, we provide opportunities that go beyond just your career. Whatever living a Well Life looks like to you, you'll find it here. Learn more at wellsfargojobs.com/well-life. ","","","","","",""
"in-86a32988c732a491","indeed","https://www.indeed.com/viewjob?jk=86a32988c732a491","https://jobs.xcelenergy.com/senior-data-engineer/job/75DE6F12B6579DF649019C034AD8AB74","Senior Data Engineer","Xcel Energy","Denver, CO, US","2026-05-28","","direct_data","yearly",125000.0,159400.0,"USD",False,"","","","recruiting@xcelenergy.com, recruiting@xcelenergy.com","Are you looking for an exciting job where you can put your skills and talents to work at a company you can feel proud to be a part of? Do you want a workplace that will challenge you and offer you opportunities to learn and grow? A position at Xcel Energy could be just what you’re looking for.

**Position Summary**  

  

The Sr. Data Engineer is responsible for leading technical aspects of IT solution delivery, cloud\\-based data platform engineering and data product delivery, as well as strategic planning, and operational excellence. They are responsible for managing the overall health of the technology ecosystem, and will manage and oversee design of solutions to meet business needs and support the overall IT Strategy. They provide technical guidance in partnership with Architecture and with cross\\-organizational input and in accordance with business unit objectives using modern data engineering practices. The Sr. Data Engineer acts as a consultant to business managers, architecture, security and analytical teams to drive cross\\-awareness of business needs and opportunities. They bring innovative solutions to the business line by leveraging their technical expertise in modern data tooling, automation and AI\\-assisted development practices. They identify and implement continuous improvement over cost, security, operation, and functionality of the solutions in their domain.  

  

**Essential Responsibilities**

* Solution Delivery: Lead and support solution lifecycle technical activities. Ensure solutions are designed for great user experience and operational performance. Lead design, ensuring Enterprise Architecture, Security, Operations and Compliance aspects are continuously integrated into solutions. Provide input to cost and schedule estimation. Responsible for overall integrity of system design and operation. Oversee vendor activities.
* Relationship Management: Conduct peer reviews and approve system changes and technical solution design. Coach and mentor less experience team members. Partner cross\\-organizationally to drive minimal costs on optimal solutions. Provide in\\-depth technical information to stakeholders as needed.
* Design and implement modern data pipelines and curated data products using Databricks (Delta tables, workflows and notebooks).
* Strategy \\& Planning: Innovate through usage of industry emerging capabilities and evolving customer needs. Provide input to strategic roadmap and technical dependencies.
* Subject Matter Expertise: Continuously stay current on, and apply, technical industry knowledge pertaining to the respective domain. Maintain deep expertise in data engineering and modern data architectures and Databricks capabilities.
* Operations: Review solution performance, and continually assess health of systems. Track and drive awareness to operational and technical debt risks. Provide escalated support to incident and problem management. Utilize analytics to improve availability, reliability, efficiency and capacity. Oversee vendor activities.

 **Minimum Requirements**

* Ten years of related functional experience.
* Bachelor's degree in Technology, Science, Business or related field, or 4 years of experience equivalent to the position.
* Excellent communication skills, effective with varying organizational levels and skill set, and able to translate between technical and non\\-technical concepts.
* Excellent Relationship Management and collaboration skills, with a track record of working as one team cross\\-organizationally to drive innovation and business results.
* Expertise managing the lifecycle of technical solutions.
* Deep Subject Matter Expertise within the respective system domain products, platforms, processes and architecture.
* Broad and deep knowledge of technology architecture, infrastructure, network, security and software principles and models.
* Experience working in partnership with internal and external vendors.
* Excellent analytical, problem\\-solving and troubleshooting skills.
* Extensive knowledge of future technology trends within area of expertise.
* Demonstrated leadership on technical aspects of large\\-scale projects.
* Experience coaching other developers in system deployment or operational troubleshooting.
* Experience with delivery methodologies (Waterfall, Agile, Scrum) and operational models (ITIL).
* Experience and understanding of core IT Service Management functions, such as Change Management and Incident Management.

**Preferred Requirements**

* Advanced degree in Computer Science, Engineering, Data Science, or related field.
* Hands\\-on experience with Databricks (jobs/workflows, Delta tables, performance tuning, Unity Catalog, access controls).
* Experience implementing Medallion architecture (Bronze/Silver/Gold), feature pipelines, and data quality frameworks.
* Experience building and maintaining internal data applications (Databricks apps, Lakebase, dashboards,) integrated with enterprise platforms.
* Ability to translate ambiguous business needs into scalable data architectures and delivery plans.
* Experience establishing engineering standards including repository structures, CI/CD, testing frameworks, documentation, and release practices.
* Experience improving operability and reliability of data systems (monitoring, alerting, SLAs/SLOs).
* Experience using AI\\-enabled development tools (e.g., Genie Code, Claude Code or similar) to enhance engineering productivity.
* Databricks Data Engineering Professional Certification.
* Experience working within federated or self\\-service data environments and enabling domain teams to publish and consume data products.


As a leading combination electricity and natural gas energy company, Xcel Energy offers a comprehensive portfolio of energy\\-related products and services to 3\\.4 million electricity and 1\\.9 million natural gas customers across eight Western and Midwestern states. At Xcel Energy, we strive to be the preferred and trusted provider of the energy our customers need. If you’re ready to be a part of something big, we invite you to join our team.


All qualified applicants will receive consideration for employment without regard to age, race, color, religion, sex, sexual orientation, gender identity, national origin, disability, or status as a protected veteran.


Individuals with a disability who need an accommodation to apply please contact us at recruiting@xcelenergy.com.


Non\\-Bargaining
The anticipated starting base pay for this position is: $125,000\\.00 to $159,400\\.00 per year
This position is eligible for the following benefits: Annual Incentive Program, Medical/Pharmacy Plan, Dental, Vision, Life Insurance, Dependent Care Reimbursement Account, Health Care Reimbursement Account, Health Savings Account (HSA) (if enrolled in eligible health plan), Limited\\-Purpose FSA (if enrolled in eligible health plan and HSA), Transportation Reimbursement Account, Short\\-term disability (STD), Long\\-term disability (LTD), Employee Assistance Program (EAP), Fitness Center Reimbursement (if enrolled in eligible health plan), Tuition reimbursement, Transit programs, Employee recognition program, Pension, 401(k) plan, Paid time off (PTO), Holidays, Volunteer Paid Time Off (VPTO), Parental Leave
Benefit plans are subject to change and Xcel Energy has the right to end, suspend, or amend any of its plans, at any time, in whole or in part.


In any materials you submit, you may redact or remove age\\-identifying information including but not limited to dates of school attendance and graduation. You will not be penalized for redacting or removing this information.


Deadline to Apply: 06/11/26
EEO is the Law \\| EEO is the Law Supplement \\| Pay Transparency Nondiscrimination \\| Equal Opportunity Policy (PDF) \\| Employee Rights (PDF)


All Xcel Energy employees and contractors share responsibility for protecting the company's information and systems by adhering to cybersecurity policies, standards, and best practices, recognizing that cybersecurity is everyone's responsibility.

 **ACCESSIBILITY STATEMENT**


Xcel Energy endeavors to make https://www.xcelenergy.com/ accessible to any and all users. If you would like to contact us regarding the accessibility of our website or need assistance completing the application process, please contact Xcel Energy Talent Acquisition at recruiting@xcelenergy.com. This contact information is for accommodation requests only and cannot be used to inquire about the status of applications.","","https://www.indeed.com/cmp/Xcel-Energy","https://d2q79iu7y748jz.cloudfront.net/s/_squarelogo/256x256/d4e984b2a48a122c78be19534c60f366","http://www.xcelenergy.com","Minneapolis, MN","Decline to state","more than $10B (USD)","Headquartered in Minneapolis, Minnesota, Xcel Energy Inc. is one of the country's largest suppliers of electricity and natural gas with a focus on green energy sources.","","","","","",""
"in-3592d349c9e3bdd7","indeed","https://www.indeed.com/viewjob?jk=3592d349c9e3bdd7","https://join.pmicareers.com/gb/en/job/PMIPMIGB28186EXTERNALENGB/Data-Architect?utm_source=indeed&utm_medium=phenom-feeds","Data Architect","Philip Morris International","Tampa, FL, US","2026-05-28","fulltime","direct_data","yearly",104000.0,149500.0,"USD",False,"","","","","Data Architect \\- Tampa, FL

  



At PMI U.S., we are building a modern nicotine business—focused on helping make a future without cigarettes a reality in America. As the U.S. businesses of Philip Morris International, we are investing in new products, science, and capabilities to provide the approximately 25 million legal‑age adults who still smoke with better alternatives.

  

Our approach is rooted in innovation, responsible marketing, and a growing U.S. footprint that spans manufacturing, technology, and commercial operations across the country.

  

That creates real opportunity. You’ll have the space to take ownership, develop new ideas, and contribute to work that is shaping our business and the category. We’re looking for people who are curious, collaborative, and motivated by progress—because the scale of what we’re building creates room to grow in different directions.

  

About the Role:


We are seeking a highly skilled and innovative Data Architect to join our Data Services team. This role blends hands\\-on technical depth with strategic architecture ownership — designing and governing the data blueprints that power our enterprise data platform, analytics, and AI/ML initiatives.

  

The ideal candidate is not just a builder but a decision\\-maker: someone who defines modeling standards, selects technologies, shapes governance frameworks, and ensures our data architecture is scalable, secure, and AI\\-ready. You will own the architecture blueprint that every downstream team depends on.

  



Your Day to Day:

  

Data Architecture \\& Modeling

* Design and maintain conceptual, logical, and physical data models (CDM/LDM/PDM) for enterprise data platform assets, ensuring alignment with business requirements and optimization for performance, scalability, and reuse.
* Define and enforce data modeling standards, naming conventions, and design patterns across the organization.
* Design database schemas, tables, views, indexes, and other database objects to support analytical and operational workloads.

  

Data Integration \\& Platform Architecture

* Collaborate with solution architects and data engineers to architect a robust, modern data platform supporting data integration, data quality, and data governance across cloud and hybrid environments.
* Define data flow diagrams, integration patterns, and orchestration strategies to ensure efficient and governed data movement between upstream and downstream systems.
* Work with data engineers to integrate data from multiple sources (structured and unstructured), ensuring consistency, quality, and lineage across the data ecosystem.

  

AI/ML \\& Advanced Analytics Enablement

* Partner with data scientists and AI/ML engineers to design data architectures that support AI/ML model development, training, and deployment — ensuring seamless integration into data pipelines.
* Architect AI\\-ready data frameworks that enable Business Intelligence (BI), machine learning, and generative AI use cases, including RAG patterns and LLM\\-powered applications.
* Implement explainable AI (XAI) principles to ensure transparency and trust in machine learning model outputs.

  

Governance, Documentation \\& Compliance

* Establish and enforce data governance standards, including data classification, PII handling, data lineage, access control, and metadata management.
* Create and maintain comprehensive documentation including data dictionaries, entity\\-relationship diagrams (ERDs), metadata catalogs, and architecture decision records.
* Ensure data models and architecture comply with data privacy regulations and organizational data governance policies.

  

Performance \\& Continuous Improvement

* Monitor and optimize the performance of data models and database queries to ensure efficient data retrieval and processing at scale.
* Evaluate emerging technologies and architecture patterns (e.g., lakehouse, data mesh, data fabric) and make recommendations aligned with organizational strategy.
* Foster a culture of continuous learning and technical excellence within the team; mentor and guide data engineers and junior architects.

  

Who we’re looking for:

* Bachelor's degree in Computer Science, Information Systems, Data Science, Engineering, or a related field (Master's preferred).
* 7\\+ years of experience in data architecture and data modeling, including designing conceptual, logical, and physical data models across multiple functional domains (e.g., Sales, Finance, Supply Chain, Marketing).
* Strong proficiency in SQL and hands\\-on experience with modern cloud data platforms — specifically Snowflake and/or Databricks (Lakehouse architecture).
* Experience with ETL/ELT tools and frameworks (e.g., Matillion, dbt, Informatica, or similar) and data warehousing best practices.
* Proficiency in data modeling tools such as PowerDesigner, ER/Studio, ERwin, or similar.
* Working knowledge of Python for data processing, automation, or ML integration.
* Experience with AI/ML libraries and platforms (e.g., TensorFlow, PyTorch, Scikit\\-learn, Databricks ML, or AWS SageMaker) for supporting large\\-scale ML workloads.
* Solid understanding of data governance, data cataloging (e.g., Atlan, Alation, Unity Catalog), data quality frameworks, and compliance standards.
* Legally authorized to work in the U.S.

  

What's nice to have?:

* Experience with cloud platforms (AWS, Azure, or GCP) and multi\\-cloud architectures.
* Familiarity with lakehouse architectures, Delta Lake, Iceberg, Snowpark, or similar modern data formats and frameworks.
* Knowledge of MLOps/LLMOps patterns, model observability, and GenAI architecture concepts (RAG, vector databases, agentic AI).
* Experience with data observability and pipeline orchestration tools (e.g., Monte Carlo, Great Expectations, Control\\-M, Apache Airflow).
* Relevant industry certifications (e.g., Snowflake SnowPro, Databricks Certified, AWS/Azure Data certifications, CDMP/TOGAF).
* Experience working in Agile/SAFe environments with cross\\-functional teams.
* Excellent communication skills with the ability to translate complex technical concepts for both technical and non\\-technical stakeholders.

  

Annual Base Salary Range: $104,000\\-$149,500

  

What we offer


* We offer a competitive base salary, annual bonus (applicable based on level of position), great medical, dental and vision coverage, 401k with a generous company match, incredible wellness benefits, commuter benefits, pet insurance, generous PTO, and much more!
* We have implemented Smart Work, a hybrid model of working that promotes flexibility in the workplace.
* Seize the freedom to define your future and ours. We’ll empower you to take risks, experiment and explore.
* Be part of an inclusive, diverse culture where everyone’s contribution is respected; Collaborate with some of the world’s best people and feel like you belong.
* Pursue your ambitions and develop your skills with a global business – our staggering size and scale provides endless opportunities to progress.
* Take pride in delivering our promise to society: To improve the lives of millions of smokers.

  

PMI is an Equal Opportunity Employer.

  

PMI is headquartered in Stamford, Conn., and its U.S. affiliates have more than 3,000 employees.

  

PMI has been an entirely separate company from Altria and Philip Morris USA since 2008\\. PMI’s affiliates first entered the U.S. market following the company’s acquisition of Swedish Match in late 2022\\. Philip Morris International and its U.S. affiliates are working to deliver a smoke\\-free future. Since 2008, PMI has invested $12\\.5 billion globally to develop, scientifically substantiate and commercialize innovative smoke\\-free products for adults who would otherwise continue to smoke with the goal of transitioning legal\\-age consumers who smoke to better alternatives. In 2022, PMI acquired Swedish Match – a leader in oral nicotine delivery – creating a global smoke\\-free champion led by the IQOS and ZYN brands. The U.S. Food and Drug Administration has authorized versions of PMI’s IQOS electronically heated tobacco devices and Swedish Match’s General snus as Modified Risk Tobacco Products and renewal applications for these products are presently pending before the FDA. For more information, please visit www.pmi.com/us and www.pmiscience.com.

  

\\#PMIUS \\#LI\\-SC1","","https://www.indeed.com/cmp/Philip-Morris-International","https://d2q79iu7y748jz.cloudfront.net/s/_squarelogo/256x256/25a9dda7dc6a359b9f1edfa21c8fd5a6","https://www.pmi.com/","Stamford, CT","10,000+","Decline to state","PMI is the leading international tobacco company with a difference. With a team of colleagues worldwide, we’re ready to have global impact and disrupt an industry, together.","","","","","",""
"in-5e5d33bd00f9f4eb","indeed","https://www.indeed.com/viewjob?jk=5e5d33bd00f9f4eb","https://osv-rubicon.wd5.myworkdayjobs.com/en-US/MagniteCareers/job/New-York---New-York/Data-Engineer-II_R-01323","Data Engineer II","Magnite","New York, NY, US","2026-05-28","fulltime","direct_data","yearly",120000.0,135000.0,"USD",True,"","","","","**Data Engineer II**

**US \\- East Coast (Remote)**


At Magnite, we cultivate an environment of continuous growth and collaboration. Our work impacts what millions of people read, watch, and buy, and we’re looking for people to help us tackle that responsibility with creativity and focus. Magnite (NASDAQ: MGNI) is the world’s largest independent sell\\-side advertising platform. Publishers use our technology to monetize their content across all screens and formats including CTV / streaming, online video, display, and audio. Our tech fuels billions of transactions per day!

**About this team:**


You will join the Innovative Services Group (part of the wider Audience team). Innovative services build solutions across the Audience group (and beyond) that are leveraged by other teams. Examples include probabilistic services able to handle over 500k requests a second, and optimising how compute is deployed in our data pipelines yielding very high cost savings across the teams.


The wider Audience team is responsible for managing and delivering the first and third\\-party data that powers all of the platforms that Magnite operates. We’re a globally distributed team of software and data engineers who build and operate huge scale data pipelines and real\\-time scaled services to enable Magnite and Magnite’s customers to reach their goals.

**In this role, you will:**

*Note: given the seniority of this position, we don't expect you to be here on day one, but this is what you can expect to grow into.*


This role is focused on the data engineering side of the team’s responsibilities, and this job listing reflects that, but there is an opportunity to get involved more broadly.

* Build and optimize data pipelines using Apache Spark and Python, processing billions of events in both streaming and batch modes. We work at TB scale.
* Collaborate with senior data engineers to improve Magnite’s Audience data pipelines by identifying and implementing innovative solutions.
* Own the operational performance of your builds, ensuring uptime and implementing recovery strategies.
* Collaborate with SRE teams to provision infrastructure using Terraform and AWS (future Kubernetes on\\-premise).
* Proactively identify and help solve impactful problems.

**We’re looking for someone with:**


 More than anything we expect you to love learning and see problems as things to overcome rather than blockers. You are part of a team that moves fast, makes incremental improvements towards a vision and solves problems other teams are struggling with.


You should look at this list and our tech stack and think “wow i want to learn that”, rather than being an expert. We expect you to have expertise with 1\\-2 items and familiarity with a couple more. Most candidates will have 2\\+ years of experience.

* Hands\\-on experience with Apache Spark (mainly PySpark). Ideally, you will have written a variety of pipelines that you have deployed in production.
* Strong Python skills, particularly in the context of Databricks and Spark.
* Data pipeline design knowledge, from sourcing event data to creating queryable data layers.
* Familiarity with event\\-based data architecture (e.g., Kafka).
* SQL experience for data analysis and transformations.
* Hands\\-on experience with AWS and Terraform for IaaS solutions.
* Experience writing Jenkins or Github actions pipelines to run build and integration actions.
* GoLang for distributed service development
* Kubernetes experience

**Our current tech stack**:

* Python, Golang, Rust, Java / Spring Boot
* ECS, Fargate, Kubernetes
* Spark, Databricks
* Luigi, Airflow
* Docker
* ALB, HAProxy
* RDS, MariaDB, Postgres
* Redis, Memcache
* Kafka, SNS, SQS
* Terraform, Github Actions, Jenkins
* JavaScript / TypeScript / React
* Linux (both on\\-premise and AWS)

**In the US East Coast (including NYC and Boston), the base salary range for this role is $120,000 – $135,000\\. Actual compensation will be determined based on location, experience, skills, and internal equity.**

**This role is also eligible for:**

* **Annual performance\\-based bonus**
* **Equity (NASDAQ: MGNI)**
* **Comprehensive benefits package**

**During the interview process, candidates will receive more specific information about the salary range applicable to their experience and location.**

**Perks and Benefits**:

* Comprehensive Healthcare Coverage from Day One
* Generous Time Off
* Holiday Breaks and Quarterly Wellness Days
* Equity and Employee Stock Purchase Plan
* Family\\-Focused Benefits and Parental Leave
* 401k Retirement Savings Plan with Employer Match
* Disability and Life Insurance
* Cell Phone Subsidy
* Monthly Fitness and Reimbursement

**Career Growth:**


We support internal mobility, skill development, and leadership pathways through structured career frameworks and learning programs.

**Company Culture:**


Magnite’s culture is rooted in collaboration and connection, recognizing that both are essential to success. Our hybrid schedule includes two remote workdays (Monday and Friday) and three in\\-office days (Tuesday through Thursday), where employees can take advantage of catered lunches, beverages, snacks, training opportunities, and engaging office events that enhance the work experience. In addition, we support our team through meaningful benefits and programs, including community service and volunteer opportunities, company\\-matched charitable contributions, access to mental health resources, structured career development initiatives and growth frameworks, culture and inclusion programs, and our Bonusly peer\\-to\\-peer recognition platform.

**About Us**

The world's leading agencies and brands trust our platform to access brand\\-safe, high\\-quality ad inventory and execute billions of advertising transactions each month. Anchored in bustling New York City, sunny Los Angeles, mile\\-high Denver, historic London, and down under in Sydney, Magnite has offices across North America, EMEA, LATAM, and APAC.

*Magnite is an Equal Opportunity Employer and does not discriminate against applicants due to race, color, religion, national origin, age, sex, marital status, ancestry, physical or mental disability, veteran status, gender identity, sexual orientation or any other federal, state or local protected class.*

*Our Commitment: We aim to incorporate a wide range of voices into our Magnite culture, cultivating an environment where employees feel welcomed, cared for, and encouraged to freely share ideas. We are committed to employee growth, collaboration, inclusion, and innovation. We invest in Magnite’s local communities. We seek talent from all backgrounds to champion corporate values of seeing the big picture and being catalysts of change.*

**Want to learn more about us?**


**Check out our** **blog** **for Magnite announcements and Ad Tech industry news!**

**Recruiting Agency Notice**


Magnite does not accept agency resumes and is not responsible for any fees related to unsolicited resumes.","","https://www.indeed.com/cmp/Magnite","https://d2q79iu7y748jz.cloudfront.net/s/_squarelogo/256x256/0075dc64cfe7d39bbd1fea34b125a390","https://www.magnite.com/","12181 Bluff Creek Drive
4th Floor
Playa Vista, CA 90094","501 to 1,000","$100M to $500M (USD)","Magnite is the world's largest independent sell-side platform helping publishers sell advertising on a global scale using propriety technology that's processing 150 Billion+ transactions a day.","","","","","",""
"in-8f4e9d075bd4a409","indeed","https://www.indeed.com/viewjob?jk=8f4e9d075bd4a409","https://westmonroe.com/careers/job-details-experienced-professionals?gh_jid=6008390004","Managing Director, Data Engineering","West Monroe","New York, NY, US","2026-05-28","","direct_data","yearly",280000.0,378000.0,"USD",False,"","","","recruiting@westmonroe.com","**Are you ready to make an impact?**


West Monroe has an exciting new opportunity for a strategic Data Engineering Managing Director/Partner to join our growing Technology \\& Experience practice within our Data \\& Analytics discipline.



This leader will structure, lead, support, drive, and grow West Monroe’s Data \\& Analytics discipline and associated offerings in collaboration with other leaders across the company. This role will focus on delivering transformational modern data platform, data strategy, and cloud solutions as well as providing clients with thought\\-leadership on applying new technologies to innovate their business. This leader will be responsible for key client account ownership, scoping, selling, and acting as the engagement lead for large scale data projects. This role blends market\\-facing leadership, client delivery excellence, and firm stewardship, with accountability for building and scaling differentiated data, analytics, AI, and cloud\\-enabled offerings.


**Key Responsibilities**


**Client Delivery:**


* Support and lead teams serving clients across industries while demonstrating executive presence with high level client counterparts.
* Manage and influence multi\\-disciplinary teams to translate client business objectives into data and analytics solutions; collaborate with data engineering, industry, and product teams to deliver impactful results for our clients
* Provide quality assurance and conduct frequent touch bases with client executives to ensure value is realized and understood from our engagements
* Understand and support the underlying business processes and technologies being used within an organization to be able to make recommendations on how to achieve long\\-term scalability, reduce operational cost, or better support business processes
* Ensure proper management of project economics including: project budgets, invoicing, and the collection process

  


**Practice Development:**


* Collaborate with national and local leadership within Data Engineering \\& Analytics practice and across West Monroe (WM) industry and functional practices, to develop and deliver multi\\-disciplinary, data\\-driven offerings
* Develop knowledge of emerging modern data platforms, Databricks, Snowflake, cloud (AWS, Azure, and/or GCP), data strategy (monetization, governance, etc.), and data visualization (Tableau, PowerBI, Looker, etc.)
* Lead, mentor and grow data engineering consultants and actively participate in the career advisory and performance management process
* Actively participate in recruiting and retaining top quality data engineers
* Collaborate in growth around strategy, approach, offerings, staffing, skill development, methodology, and new account development
* Collaborate with local office leadership to ensure alignment with the office culture, define the strategic direction of the Technology team, and actively lead entrepreneurial activities to expand offerings and the skills of the team.
* Coach and manage other consultants and actively participate in the performance management process
* Identify emerging trends in data, analytics, AI, and digital transformation

  


**Business Development:**


* Understand client needs to translate challenges and objectives into proposals
* Hunt new strategic clients – using relationships and other proven business development skills
* Initiate and lead business development meetings with prospective and existing clients aligned to one or more core West Monroe industries
* Create work plans, pricing estimates, and risk assessments for prospects

  


**Qualifications:**


* 13\\+ years participating in team\\-based, client\\-facing business and technology consulting services
* 10\\+ years of experience leading teams of data professionals doing hand\\-on design, build, configure, implement work
* 10\\+ years of technical experience in data platform development related work
* 5\\+ years of experience managing data engineering teams
* Experience building and scaling a data engineering consulting group or practice
* Strong business development and an active professional network of contacts in the local market
* Entrepreneurial spirit and willingness to innovate on new and emerging solutions
* Experience farming new business from existing clients and managing client relationships
* Strong project management methodology background, including schedule, scope, issue and risk management experience, change management, strategic planning and analysis
* Proven leader with extensive ability to build solid and collaborative relationships with team members, foster a productive team environment, and coach staff with timely meaningful written and verbal feedback
* Ability to Travel, as required based on client and practice demands (expected to be 40\\-50%)
  

Based on pay transparency guidelines, a reasonable expectation for the salary range for this role is listed below. Employees in proximity of our Seattle, Washington DC, Los Angeles, New York, and San Francisco offices will have a geographic premium applied to this salary scale.  

  

Employees (and their families) are covered by medical, dental, vision, and basic life insurance. Employees are able to enroll in our company’s 401k plan, purchase shares from our employee stock ownership program and be eligible to receive annual bonuses. Employees will also receive unlimited flexible time off and ten paid holidays throughout the calendar year. Eligibility for ten weeks of paid parental leave will also be available upon hire date.


National


$280,000 \\- $378,000 USD

  

### **Other consultancies talk at you.**
**At West Monroe, we work with you.**



We’re a global business and technology consulting firm passionate about creating measurable value for our clients, delivering real\\-world solutions.



The combination of business and technology is not new, but how we bring them together is unique. We’re fluent in both. We know that technology alone is not the answer, but how we apply it is. We rely on data to constantly adapt and solve new challenges. Actions that work today with outcomes that generate value for years to come.



At West Monroe, we zero in on the heart of the opportunity, getting to results faster and preparing people for what’s next.



You’ll feel the difference in how we work. We show up personally. We’re right there in the room with you, co\\-creating through the challenges. With West Monroe, collaboration isn’t a lofty promise, but a daily action. We work together with you to turn vision into clear action with lasting impact.

  


**West Monroe****is an Equal Employment Opportunity Employer**  

We believe in treating each employee and applicant for employment fairly and with dignity. We base our employment decisions on merit, experience, and potential, without regard to race, color, national origin, sex, sexual orientation, gender identity, marital status, age, religion, disability, veteran status, or any other characteristic prohibited by federal, state or local law. To learn more about diversity, equity and inclusion at West Monroe, visit www.westmonroe.com/inclusion. If you require a reasonable accommodation to participate in our recruiting process, please inquire by sending an email to recruiting@westmonroe.com.



Please review our current policy regarding use of generative artificial intelligence during the application process.



If you are based in California, we encourage you to read West Monroe’s Notice at Collection for California residents, provided pursuant to the California Consumer Privacy Act (CCPA) and linked here.","","https://www.indeed.com/cmp/West-Monroe","https://d2q79iu7y748jz.cloudfront.net/s/_squarelogo/256x256/a33527b4405785f6905239cd32ca732a","https://www.westmonroe.com","Chicago, IL","1,001 to 5,000","$500M to $1B (USD)","A global consulting firm fluent in business and technology—building practical solutions with lasting impact. We work with clients to solve their most pressing issues to drive value through technology.","","","","","",""
"in-6d5878406660b75c","indeed","https://www.indeed.com/viewjob?jk=6d5878406660b75c","https://comfrt.applytojob.com/apply/JgPCHtZbox/Senior-Data-Engineer?source=INDE&~","Senior Data Engineer","","Remote, US","2026-05-28","fulltime","","","","","",True,"","","","","**About Us:**  

Comfrt is one of the fastest\\-growing direct\\-to\\-consumer brands, dedicated to blending mental wellness, inclusivity, and elevated comfort into every piece we create. Our mission goes beyond clothing — we strive to build a community where everyone feels supported and seen.

**About the Job:**


We are seeking a highly skilled and experienced Senior Data Engineer to join our growing data team. The ideal candidate will be responsible for designing, developing, and optimizing our data pipeline architecture to support our analytics, machine learning, and business intelligence initiatives. This role requires a strong background in big data technologies, cloud infrastructure, and a passion for building robust, scalable, and efficient data solutions.

**Responsibilities:**


Data Architecture and Development

* Design, construct, install, test, and maintain highly scalable data management systems and processing pipelines using cloud\\-native services (e.g., AWS, GCP, Azure).
* Develop and optimize ETL/ELT processes to ingest, transform, and load data from various internal and external sources into our data warehouse/data lake.
* Implement data governance, security, and quality controls across all data pipelines.
* Ensure data architecture supports the needs of data scientists, analysts, and other business stakeholders.

Analytics Engineering \\& BI
---------------------------

* **Design and build Looker explores, views, and dashboards** using LookML to serve self\\-service analytics across business domains including Revenue, CX, Operations, Logistics, and Finance
* **Develop and maintain LookML models** following best practices: well\\-structured explores, reusable dimension/measure sets, PDTs, and derived tables
* **Partner with stakeholders** to translate business questions into Looker explores and dashboards that drive operational decisions
* Define and enforce reporting standards including MoM, YoY, and Forecast vs Budget vs Actual across all dashboards

Optimization and Performance
----------------------------

* Monitor, tune, and optimize data warehouse performance (e.g., Snowflake, BigQuery, Redshift).
* Troubleshoot and resolve complex data\\-related issues and performance bottlenecks in the data platform.
* Drive continuous improvement in data platform reliability, efficiency, and cost management.

Collaboration and Mentorship
----------------------------

* Collaborate closely with data scientists, software engineers, and product managers to understand data requirements and deliver solutions.
* Define and enforce best practices for data engineering, including coding standards, documentation, and operational procedures.
* Mentor and guide junior data engineers, fostering a culture of technical excellence and continuous learning.

**Requirements:**


Experience

* Bachelor's or Master's degree in Computer Science, Engineering, or a related quantitative field.
* 5\\+ years of professional experience in data engineering, software engineering, or a related role focused on data infrastructure.
* Proven experience designing and building production\\-grade, highly reliable, and scalable data pipelines.


Technical Skills

* Expert proficiency in SQL and at least one high\\-level programming language (e.g., Python, Scala, Java).
* Deep expertise with major cloud platforms (AWS, GCP, or Azure), specifically their data and storage services (e.g., S3, Google Cloud Storage, Azure Data Lake Storage).
* Solid experience with modern data warehousing solutions (e.g., Snowflake, Google BigQuery, Amazon Redshift).
* Experience with workflow orchestration tools (e.g., Apache Airflow, Dagster).
* Familiarity with distributed data processing frameworks (e.g., Apache Spark, Dask).
* Experience with version control systems (e.g., Git).
* Experience with AI tools(Claude, Vertex AI, Gemini)
* **Hands\\-on experience with Looker** — building and maintaining LookML models, explores, views, dimensions, measures, and derived tables in a production environment
* **Proficiency in LookML** — including explores, joined views, PDTs (persistent derived tables), liquid templating, and Looker permissions/access controls
* Strong understanding of Looker best practices: explore design, field naming conventions, caching strategies, and performance optimization


Preferred Qualifications

* Experience with stream processing technologies (e.g., Apache Kafka, Kinesis, Pub/Sub).
* Exposure to GenAI Integration with development process
* Knowledge of data modeling techniques (e.g., 3NF, Dimensional Modeling).
* Familiarity with machine learning pipelines (MLOps).
* Experience with infrastructure\\-as\\-code tools (e.g., Terraform, CloudFormation).
* Experience/Familiarity with D2C/E\\-Commerce Domain


Key Competencies

* **Problem\\-Solving:** Exceptional analytical and problem\\-solving skills with a high degree of attention to detail.
* **Communication:** Excellent verbal and written communication skills, with the ability to explain complex technical concepts to non\\-technical audiences.
* **Ownership:** A proactive mindset and a strong sense of ownership over the data platform and its integrity.

**Why Join Comfrt?**

* Be part of a purpose\\-driven company that’s shaping the future of comfort and mental wellness.
* Work in a supportive, creative environment where your ideas and growth are valued.
* Enjoy Comfrt benefits such as generous paid time off, company\\-covered health insurance, 5% 401k match, and discounts on all Comfrt products!
* Join a passionate team making an impact on exciting projects, all while enjoying the flexibility and collaborative support of a fully remote environment.

*Comfrt is an equal opportunity employer. We are committed to building a team that represents a variety of backgrounds, perspectives, and skills.*

  




JgPCHtZbox","","","","","","","","","","","","","",""
"in-0579b47e30ae1199","indeed","https://www.indeed.com/viewjob?jk=0579b47e30ae1199","https://synergenx.applytojob.com/apply/gUAdvncnlb/Principal-Data-Architect-Hybrid?source=INDE&~","Principal Data Architect hybrid","SynergenX Health Holdings","Houston, TX, US","2026-05-28","fulltime","","yearly","","","USD",True,"","","","","**Principal Data Architect**
----------------------------


SynergenX \\| Low T Center  

Remote/Hybrid for Houston residents  

Full\\-Time \\| Exempt  

Salary: starting at $170,000 (Range is DOE)

*\\*\\*\\*Please do not email the company or company representatives directly. Only full and complete applications will be considered\\*\\*\\**

### **Build the Data Foundation of a High\\-Growth Healthcare Company**


SynergenX is rapidly scaling, multi\\-state healthcare organization with both clinic locations and telehealth focused on hormone optimization, wellness, and patient\\-centered care. As we continue to grow, we are making a significant investment in modernizing our enterprise data ecosystem.


We are looking for a Principal Data Architect who is not just a strategist, but a builder and leader. This is a hands\\-on, high\\-visibility role where you will define, architect, and execute the future of our data platform.


This role is open for remote within the contiguous US with monthly in office visits required or will be hybrid model for residents within driving distance of the corporate office in Northwest Houston. This is critical for alignment, team integration, and execution.

### **Why This Role Matters**


This is not a maintenance role. This is a ground\\-floor opportunity to:

* Architect a modern, scalable Azure\\-based data platform
* Eliminate inefficiencies and legacy reporting limitations
* Directly influence executive decision\\-making through data
* Build and mentor a high\\-performing data team


If you want ownership, visibility, and the ability to make a real impact, this is it.

### **What You’ll Own**


Enterprise Data Strategy

* Define and execute the enterprise data architecture roadmap
* Build scalable data models across clinical, financial, and operational domains
* Align data strategy with growth, M\\&A, and multi\\-state expansion


Platform Architecture (Azure \\+ Databricks)

* Design and standardize lakehouse and warehouse architecture
* Establish patterns for ingestion, transformation, and data delivery
* Optimize performance, scalability, and cost


Technical Leadership

* Act as the highest authority on data architecture decisions
* Lead and mentor Data Engineers, BI Developers, and Analytics teams
* Review and approve pipelines, models, and reporting frameworks


Modernization \\& Optimization

* Eliminate technical debt and redundant systems
* Automate manual processes and reporting inefficiencies
* Implement CI/CD, version control, and documentation standards


Data Governance \\& Compliance

* Establish enterprise data governance frameworks
* Ensure HIPAA\\-compliant architecture and data handling
* Improve data lineage, auditability, and trust in reporting

### **What We’re Looking For**

***Required***

* 8\\+ years in Data Architecture progressive by nature
* Hands\\-on experience with:
	+ Microsoft Azure data ecosystem
	+ Databricks / Spark
	+ Power BI (semantic models, governance)
* Strong expertise in:
	+ Data modeling (Star Schema, Snowflake, Lakehouse)
	+ SQL, Python, PySpark
* Proven leadership and ability to influence technical teams
* Strong business acumen and ability to align architecture with company goals
* Must be fluent in English (both written and spoken) to perform essential job functions, including documentation, stakeholder communication, and cross\\-functional collaboration.

***Preferred***

* Healthcare or regulated industry experience (HIPAA)
* Experience supporting M\\&A or multi\\-entity data integration
* Azure tools such as Data Factory, Synapse, or Fabric
* Exposure to real\\-time data pipelines or machine learning workflows
* Relevant certifications (Azure, Databricks)

### **Work Environment \\& Requirements**

* ***Remote Houston\\-based role; local candidates strongly preferred for Hybrid***
* Remote considered for candidates currently residing within the contiguous United States with required monthly visits to the corporate office.
* Occasional travel may be required based on business needs
* Candidates must be legally authorized to work in the United States without current or future visa sponsorship requirements

### **What We Offer**

* Competitive base salary starting at $170,000 (Range is DOE)
* Comprehensive medical, dental, and vision coverage after 60 days with dependent coverage
* 401(k) with company match
* Paid time off with annual increases and 6 company holidays
* Employee wellness programs, including hormone therapy and weight management benefits
* Full life insurance policy at no cost
* Stability and growth within a rapidly expanding, multi\\-state healthcare organization
* Direct exposure to executive leadership and strategic initiatives

### **Why SynergenX**


At SynergenX, we move fast, expect results, and invest in people who want to build something meaningful. You won’t be boxed into a narrow role. You’ll have the autonomy to lead, the support to execute, and the opportunity to shape the future of our data infrastructure.


If you are a builder, problem\\-solver, and leader who thrives in high\\-impact environments, we want to talk to you.

***\\*\\*\\*Please do not email the company or company representatives directly. Applications must be submitted here in order to be considered\\*\\*\\****




gUAdvncnlb","","https://www.indeed.com/cmp/Synergenx-Health-Holdings","","","","","","","","","","","",""
"in-417d720e6c2b1b27","indeed","https://www.indeed.com/viewjob?jk=417d720e6c2b1b27","https://imanagecom.applytojob.com/apply/GKFnxs9eGf/Senior-Data-Engineer?source=INDE&~","Senior Data Engineer","iManage","Chicago, IL, US","2026-05-28","fulltime","direct_data","yearly",120000.0,170000.0,"USD",False,"","","","","*We offer a flexible working policy that supports a healthy balance between personal and professional well\\-being. This role requires in\\-office presence on Tuesdays \\& Thursdays to collaborate, connect, and learn from peers \\- while also maintaining the flexibility for meaningful work\\-life balance.*

**Being a Senior Data Engineer at iManage Means...**


You are passionate about building a reliable, scalable data infrastructure that powers modern AI products. You thrive on designing lakehouse architectures, engineering robust pipelines, and making data accessible, trustworthy, and performant at scale. You bring a strong engineering mindset to everything from ingestion to governance, and you know how to choose the right tools for the job.


As a Senior Data Engineer on the Applied Data team, you will design, build, and maintain the data platform and pipelines that support AI/ML solutions, and intelligent features across iManage. You will partner with applied AI, product, and engineering teams to ensure data is well\\-structured, reliable, and ready to power the next generation of iManage capabilities.

**iM Responsible For...**

* Designing, developing, and maintaining scalable data pipelines on Databricks \\& Microsoft Azure to ingest and transform large volumes of structured and unstructured data from multiple sources
* Building and optimizing large\\-scale data workflows for normalization, deduplication, enrichment, and quality enforcement
* Architecting and managing data platforms that enforce governance, lineage tracking, and access controls across the organization
* Implementing automated data validation and quality monitoring to ensure accuracy, consistency, and reliability across datasets
* Supporting AI and ML teams by preparing clean, well\\-documented datasets and building reliable data interfaces for model development and evaluation workflows
* Maintaining data lineage and following data privacy, security, and governance best practices across the lakehouse
* Collaborating with applied AI, analytics, and product teams to understand data requirements and translate them into scalable engineering solutions

**iM Qualified Because I Have...**

* A bachelor's degree or higher in Computer Science, Data Engineering, Applied Mathematics, or a related quantitative field
* 4\\+ years of data engineering experience, with a strong track record delivering production\\-grade pipelines at scale
* Strong proficiency in Python, PySpark, and Spark SQL for large\\-scale data processing
* Hands\\-on experience with Databricks, including Delta Lake, Delta Live Tables, Unity Catalog, Volumes, and Databricks Workflows
* Solid understanding of lakehouse architecture principles, including Medallion architecture, and experience designing for reliability, performance, and governance Experience orchestrating data pipelines on cloud infrastructure, preferably Microsoft Azure and Databricks
* Proficiency with Git and collaborative development practices
* A strong sense of ownership over data quality and platform reliability

**Bonus Points If I Have...**

* Experience with Microsoft Azure services including Azure Data Lake Storage, Azure AI Foundry, Azure ML, and Microsoft Fabric
* Familiarity with AI or ML workflows and experience supporting data needs for model training, fine\\-tuning, or evaluation
* Experience with data processing, including text normalization, embeddings, or semantic search datasets
* Experience with large document datasets
* Experience working with data in the legal domain
* Prior work designing architectures for large\\-scale document or text corpora

*Don't meet every qualification listed above? Studies show that women and people of color are less likely to apply to jobs unless they meet all qualifications. At iManage, we are committed to building a diverse and inclusive environment, and encourage everyone to show up as their full authentic selves. We welcome those that come with a growth mindset and a hunger for learning; so, if you are excited about this role but your past experience doesn't align perfectly with every qualification we encourage you to apply anyways!*

**iM Getting To…**

* Join a supportive, experienced team with an inclusive, encouraging, and vibrant culture.
* Have flexible work hours that allow me to balance my ‘me time’ with my work commitments.
* Collaborate in a modern open plan workspace, with a gaming area, free snacks, drinks and regular social events.
* Focus on impactful work, solving complex, real challenges utilizing the latest technologies and protocols.
* Own my career path with our internal development framework. Ask us more about this!
* Learn new skills and earn certifications with access to unlimited courses in LinkedIn Learning.
* Join an innovative, industry leading SaaS company that is continuing to grow \\& scale!

**iManage Is Supporting Me By...**

* Creating an inclusive environment where I can help shape the culture not just by fitting in, but by adding to it.
* Providing a market competitive salary that is applied through a consistent process, equitable for all our employees, and regularly reviewed based on industry data.
* Rewarding me with an annual performance\\-based bonus.
* Offering comprehensive Health/Vision/Dental/Life Insurance, and a 401k Retirement Savings Plan with a company match up to 4%.
* Giving access to HealthJoy, a healthcare concierge service, to help me maximize my health benefits.
* Granting enhanced leave for expecting parents; 20 weeks 100% paid for primary leave, and 10 weeks 100% paid for secondary leave.
* Providing me with a flexible time off policy to take the time off that I need. Be it for vacation, volunteering, celebrating holidays, spending time with family, or simply taking time to recharge and reset.
* Caring for my mental health and well\\-being with multiple company wellness days and free access to the Healthy Minds app for mindfulness, meditation and more.

*The overall US annual base salary range for this position is $120,000–$170,000\\. Individual compensation for each candidate depends on factors such as qualifications, experience, and candidate location. This range does not include additional forms of compensation, such as bonuses, or benefits. Your recruiter will provide further details about the offer range, incentives, and overall compensation during the hiring process.*  

  

**About iManage…**
iManage is dedicated to Making Knowledge WorkTM. Over one million professionals across 65\\+ countries rely on our intelligent, cloud\\-enabled, secure knowledge work platform to uncover and activate the knowledge that exists inside their business content and communications.


We are continuously innovating to solve the most complex professional challenges and enable better business outcomes; Our work is not always easy but it is ambitious and rewarding.


So we’re looking for people who love a challenge. People who are happiest when they’re solving problems and collaborating with the industry’s best and brightest. That’s the iManage way. It’s how we do things that might appear impossible. How we develop our employees’ strengths and unlock their potential. How we find meaning in everything we do.

***Whoever you are, whatever you do, however you work. Make it mean something at iManage.***


iManage provides equal employment opportunities to all employees and applicants for employment and prohibits discrimination and harassment of any type without regard to race, color, religion, age, sex, national origin, disability status, genetics, protected veteran status, sexual orientation, gender identity or expression, or any other characteristic protected by federal, state or local laws.


This policy applies to all terms and conditions of employment, including recruiting, hiring, placement, promotion, termination, layoff, recall, transfer, leaves of absence, compensation and training.


Learn more at: www.imanage.com


Please see our privacy statement for more information on how we handle your personal data:


https://imanage.com/privacy\\-policy/


\\#LI\\-Hybrid


\\#LI\\-RW1




GKFnxs9eGf","Internet And Software","https://www.indeed.com/cmp/Imanage","https://d2q79iu7y748jz.cloudfront.net/s/_squarelogo/256x256/1bafa4a2c03e6eaeb62d0d9581fb6a5b","https://www.imanage.com","71 S. Wacker Drive, Suite 400, Chicago, IL 60606","501 to 1,000","$100M to $500M (USD)","Whoever you are, whatever you do, however you work. Make it mean something at iManage.","","","","","",""
"in-69ddac6595638098","indeed","https://www.indeed.com/viewjob?jk=69ddac6595638098","https://grnh.se/6kr0qxqn8us","Software Engineer, Data Platform","","Raleigh, NC, US","2026-05-28","","","","","","",False,"","","","","At **Pedestal Health**, our mission is driven by a deep commitment to people—whether it's the patients we serve, the partners we collaborate with, or the dedicated team members who power our work. As a purpose\\-driven organization, we leverage real\\-world data to advance clinical research and inform better healthcare decisions. We foster a collaborative environment where every voice is heard, every idea has an impact, and every contribution helps improve lives. If you're seeking a place where your work truly matters, join us to advance science.



We are seeking a talented **Data Engineer** to join our Technology team. In this role, you will develop, create, and modify computer application software and databases to drive operational efficiency and improve business processes. You will collaborate closely with stakeholders to analyze user needs, design custom software solutions, and implement scalable, reliable applications that support Pedestal Health's mission.


### **What You'll Do**


* Design and implement data pipelines and software solutions that promote operational efficiency and scalability.
* Analyze business requirements and work with stakeholders to translate needs into technical solutions.
* Write clean, maintainable code primarily in Python, with a strong emphasis on SQL for data manipulation and transformation.
* Support and optimize cloud\\-based data infrastructure (AWS preferred).
* Develop and modify databases to support internal applications.
* Collaborate with operations and product teams to support deployment, testing, and maintenance.
* Help troubleshoot production issues and contribute to ongoing improvement efforts.
* Stay up to date on relevant tools, technologies, and best practices.

### **What You'll Bring**


* 3\\+ years of software development experience, ideally in data engineering, data platform development, or backend systems.
* Strong proficiency in SQL and Python.
* Experience with cloud platforms (AWS, GCP, or Azure) and working in cloud\\-native environments.
* Familiarity with version control and CI/CD tools (e.g., GitLab, GitHub Actions).
* Strong problem\\-solving and communication skills.
* Ability to work independently and manage tasks with moderate supervision.

### **Nice to Have**


* Experience working with or developing machine learning pipelines or models.
* Exposure to Generative AI or LLM frameworks (e.g., Langchain, LangGraph).
* Knowledge of distributed computing concepts or tools (e.g., Spark, Dask).
* Background in healthcare, life sciences, or clinical data.
* Bachelor's degree in computer science, engineering, or a related field (or equivalent practical experience).


If you are ready to be part of a team where your work truly matters \\- where your expertise is valued, your growth is supported and your contributions help shape the future of healthcare, Pedestal Health is the place for you. We're building something meaningful together, and we'd love for you to be a part of it.


### **What we offer you**


* Hybrid work — 3 days/week in our brand\\-new office!
* Comprehensive health, dental, and vision for you and your family
* 401(k) with company match
* Generous PTO and company holidays
* Paid parental leave


Hybrid role: Located in Research Triangle Park, North Carolina","","","","","","","","","","","","","",""
"in-dd7ac25b2ef92d57","indeed","https://www.indeed.com/viewjob?jk=dd7ac25b2ef92d57","https://archgroup.wd1.myworkdayjobs.com/en-US/Careers/job/Raleigh-NC-United-States-of-America/Manager--Data-Engineer--Remote-_R26_545","Manager, Data Engineer (Remote)","Arch Capital","Raleigh, NC, US","2026-05-28","fulltime","direct_data","yearly",100500.0,174000.0,"USD",True,"","","","","With a company culture rooted in collaboration, expertise and innovation, we aim to promote progress and inspire our clients, employees, investors and communities to achieve their greatest potential. Our work is the catalyst that helps others achieve their goals. In short, We Enable Possibility℠.

### **Job Summary**


Strategic Analytics at Arch is a growing team at the forefront of the company’s AI transformation. We design and deploy agentic AI systems and predictive analytics, supported by AI\\-ready data assets and AI\\-assisted development practices. These capabilities are becoming increasingly embedded across the enterprise.


Data is central to our mission. We unify internal and external data on modern cloud platforms—including Snowflake and Databricks within the Azure ecosystem—to produce reliable, analytics\\-ready data assets that support both traditional analytics and emerging AI use cases.


As Manager of Strategic Analytics Services, supporting the Claims Analytics group, you will lead end\\-to\\-end delivery of complex data pipelines that put analytics at the center of business processes. This is a **hands\\-on** role that combines execution, technical leadership, and stakeholder partnership, including leading and developing a team of data engineers.


You will work closely with business and technical leaders to align priorities, shape scalable data solutions, and deliver measurable outcomes. You will also guide engineers and reinforce strong delivery practices, while advancing the team’s capabilities in modern data engineering, AI\\-assisted development, and well\\-governed, reusable data systems.

**Responsibilities**

* Lead delivery of high\\-quality data solutions by partnering with stakeholders and coaching data engineers.
* Own end\\-to\\-end data engineering delivery across the project lifecycle.
* Build strong partnerships across the organization to align priorities and deliver data\\-related goals.
* Design clear, analytics\\-ready data structures by anticipating downstream analytical needs.
* Evaluate and adopt new technologies and data sources to improve capability and efficiency.
* Automate data ingestion and integration to reliably connect internal and external data sources.
* Document data sources, definitions, and technical solutions to support transparency and reuse.
* Reinforce strong delivery hygiene (version control, code review, automated testing, CI/CD, and operational readiness/monitoring).
* Apply agentic, AI\\-assisted coding practices to accelerate delivery while maintaining appropriate controls.
* Build agent\\-ready data assets, including semantic layer components (ontology, taxonomy, domain models) and governed access.
* Provide retrieval\\-ready context (RAG pipelines, vector stores, knowledge bases) when needed.
 **Desired Skills**


Data Engineering

* Strong programming expertise in Python and SQL, including data engineering frameworks, large\\-scale data manipulation, and governed AI\\-assisted development practices
* Apache Spark proficiency (PySpark preferred) and experience with distributed data processing, including building scalable pipelines and optimizing performance for large\\-scale datasets
* Cloud data platform proficiency (Snowflake, Databricks, Azure ecosystem fundamentals)
* Data warehousing and modeling fundamentals (schema design, conformed definitions, performance optimization)
* Data quality and observability practices (testing, reconciliation, monitoring)
  

Analytics \\& AI Readiness

* Insurance data modeling for analytics and actuarial\\-ready data structures
* MLOps familiarity supporting operationalized analytics and models
* Semantic modeling skills (business definitions, metrics, ontology/taxonomy/domain models)
* Business definition standardization for reuse across BI and AI use cases
  

Leadership \\& Operating Model

* Self\\-directed execution and ownership in a distributed environment, combined with strong cross\\-functional collaboration, stakeholder partnership, and team building
* Strong problem\\-solving and critical thinking skills, including the ability to decompose complex challenges
* Clear communication across technical and business audiences, with the ability to adapt effectively in ambiguous and evolving environments
**Required Skills**

* 6\\+ years’ experience of hands\\-on development in Python and distributed processing environments (e.g., Spark)
* 2–3\\+ years of technical leadership or project delivery ownership experience
* Hands\\-on Databricks experience highly preferred
**Education**

* College degree in Computer Science, Engineering, Statistics, Mathematics, Actuarial Science, Data Analytics, or equivalent.

For individuals assigned or hired to work in the location(s) indicated below, the base salary range is provided. Range is as of the time of posting. Position is incentive eligible.


$100,500 \\- $174,000/year

* Total individual compensation (base salary, short \\& long\\-term incentives) offered will take into account a number of factors including but not limited to geographic location, scope \\& responsibilities of the role, qualifications, talent availability \\& specialization as well as business needs. The above pay range may be modified in the future.
* Arch is committed to helping employees succeed through our comprehensive benefits package that includes multiple medical plans plus dental, vision and prescription drug coverage; a competitive 401k with generous matching; PTO beginning at 20 days per year; up to 12 paid company holidays per year plus 2 paid days of Volunteer Time Offer; basic Life and AD\\&D Insurance as well as Short and Long\\-Term Disability; Paid Parental Leave of up to 10 weeks; Student Loan Assistance and Tuition Reimbursement, Backup Child and Elder Care; and more. Click here to learn more on available benefits.

  

Do you like solving complex business problems, working with talented colleagues and have an innovative mindset? Arch may be a great fit for you. If this job isn’t the right fit but you’re interested in working for Arch, create a job alert! Simply create an account and opt in to receive emails when we have job openings that meet your criteria. Join our talent community to share your preferences directly with Arch’s Talent Acquisition team.


10200 Arch Capital Services LLC","","https://www.indeed.com/cmp/Arch-Capital-5","","","","","","","","","","","",""
"in-bd5eecf263511286","indeed","https://www.indeed.com/viewjob?jk=bd5eecf263511286","https://candidateportal.ceipal.com/job-details/Yl-FsYz-62FEUvxgB23eCnoZpNjgdl9KbNuJBedL-ho#.job_boards.Indeed","Senior Data Engineer","Amsys Innovative Solutions LLC","Houston, TX, US","2026-05-28","fulltime","","","","","",False,"","","","","**Overview**
We are seeking a hands\\-on Enterprise Data Architect to lead a data modernization effort in a growing SMB environment. The focus is on consolidating data from ERP, CRM, PSA, HR, payroll, project management, and financial systems into a centralized reporting and operational data platform.


This role will design and build modern data architecture and pipelines, enabling consistent reporting, analytics, and future automation/AI capabilities. Strong experience with modern data platforms such as Microsoft Fabric, Snowflake, or Databricks is preferred.


**Responsibilities**
* Consolidate data across ERP, CRM, PSA, HR, payroll, and financial systems
* Design and implement modern data architecture and pipelines
* Build centralized reporting and analytics data models
* Support data governance, quality, and MDM
* Enable operational dashboards and multi\\-entity reporting
* Partner with stakeholders to translate business needs into data solutions
* Support future automation and AI readiness

**Requirements**
* 7\\+ years in data architecture or data engineering
* Experience with modern cloud data platforms (Fabric, Snowflake, or Databricks)
* Strong background in data integration, modeling, and ETL/ELT
* Experience working with disconnected enterprise systems
* Comfortable in fast\\-paced, hands\\-on environments","","https://www.indeed.com/cmp/Amsys-Innovative-Solutions-LLC","","","","","","","","","","","",""
"in-a0e9635d9c99c400","indeed","https://www.indeed.com/viewjob?jk=a0e9635d9c99c400","https://grnh.se/ccxew24r2us","Data Scientist","Core One","Tampa, FL, US","2026-05-28","","","","","","",False,"","","","","Join our team at Core One! Our mission is to be at the forefront of devising analytical, operational and technical solutions to our Nation's most complex national security challenges. In order to achieve our mission, Core One values people first! We are committed to recruiting, nurturing, and retaining top talent! We offer a competitive total compensation package that sets us apart from our competition. Core One is a team\\-oriented, dynamic, and growing company that values exceptional performance!



The program will support US Special Operations Command (SOCOM) at MacDill AFB in Tampa, Florida.


**\\*This position is contingent upon contract award\\***


**\\*This position requires a TS/SCI Clearance\\***


**Responsibilities****:**


* Design, develop, and deploy machine learning models and algorithms to support UAS/sUAS threat detection, classification, tracking, and behavioral analysis in support of operational and programmatic requirements.
* Lead and support data science efforts across the full ML lifecycle, including data collection, preprocessing, feature engineering, model development, validation, deployment, and monitoring.
* Support the integration of ML models and AI\\-enabled capabilities into UAS/sUAS detection systems, ISR platforms, sensor fusion architectures, and command and control systems.
* Provide technical oversight and guidance during model testing, validation, and operational evaluation to ensure algorithm performance meets mission requirements and identify areas for improvement.
* Analyze large volumes of structured and unstructured data from multiple sources, including sensor data, imagery, signals, and open\\-source information, to develop actionable intelligence insights.
* Support the development and review of technical proposals, white papers, and research assessments related to AI/ML applications in UAS detection, counter\\-UAS operations, and autonomous systems.
* Coordinate with program managers, data engineers, and government stakeholders to ensure data pipelines, storage architectures, and computing infrastructure support ML model development and deployment at scale.
* Apply computer vision, natural language processing (NLP), and signal processing techniques to develop multi\\-domain analytical capabilities in support of UAS/sUAS threat analysis.


**Qualifications****:**


* Bachelor's degree in Data Science, Computer Science, Mathematics, Statistics, Electrical Engineering, or a related technical discipline; Master's degree or PhD preferred.
* Minimum of 5 years of experience in data science, machine learning, or artificial intelligence with a focus on defense, aerospace, or national security applications.
* Demonstrated experience with the full ML development lifecycle, including data preprocessing, model training, hyperparameter tuning, validation, and production deployment.
* Hands\\-on experience with data engineering tools and platforms including SQL, Spark, Kafka, and cloud\\-based data services such as AWS, Azure, or Google Cloud.
* Experience working with multi\\-source sensor data, including RF signals, EO/IR imagery, radar, and acoustic data, to develop sensor fusion and anomaly detection capabilities is highly desirable.
* Strong analytical and problem\\-solving skills with the ability to translate complex data findings into actionable insights and communicate results to both technical and non\\-technical audiences.
* Experience with geospatial data analysis, trajectory modeling, or pattern of life analytics in support of UAS/sUAS or ISR applications is highly desirable.
* Familiarity with DoD data standards, cybersecurity requirements, and AI ethics frameworks including the DoD AI Strategy and Responsible AI guidelines.


*Core One is an Equal Opportunity Employer. All qualified applicants will receive consideration for employment without regard to race, color, religion, sex, gender identity, sexual orientation, national origin, or protected veteran status and will not be discriminated against on the basis of disability.*","","https://www.indeed.com/cmp/Core-One-3","https://d2q79iu7y748jz.cloudfront.net/s/_squarelogo/256x256/de4b96c9acc856be1ec73e2d839cf35c","https://coreone.com/","22365 Broderick Drive
Suite 400
Sterling, VA 20166","","","","","","","","",""
"in-59d00a2d904a5a09","indeed","https://www.indeed.com/viewjob?jk=59d00a2d904a5a09","https://www.capgemini.com/jobs/454370-en_US_SAPBTP/","Lead Data Engineer - Databricks Architect","Capgemini","Atlanta, GA, US","2026-05-28","fulltime","direct_data","yearly",161000.0,213000.0,"USD",False,"","","","","Choosing Capgemini means choosing a company where you will be empowered to shape your career in the way you’d like, where you’ll be supported and inspired by a collaborative community of colleagues around the world, and where you’ll be able to reimagine what’s possible. Join us and help the world’s leading organizations unlock the value of technology and build a more sustainable, more inclusive world.


**About the job you're considering**
------------------------------------

  

We are seeking an accomplished **Senior Data \\& AI Architect** to lead the design and delivery of enterprise\\-scale data engineering and AI\\-driven solutions. This role requires deep expertise in **Azure cloud architecture, Databricks, modern data ingestion frameworks, Building Canonical Data Models, and Medallion architecture**, along with strong leadership and communication skills. The ideal candidate will define enterprise data standards, architect scalable platforms, and collaborate across global teams to deliver high\\-quality data products


**Your role**
-------------


* Lead architecture and solution design for large\\-scale **Data \\& AI platforms** on Azure.
* Design and implement **data acquisition frameworks** using CDC, batch, micro\\-batch, and real\\-time streaming patterns with Spark.
* Architect and manage data storage solutions using **ADLS Gen2**, domain/sub\\-domain–based storage, and data product containers.
* Build and govern **Medallion (Bronze/Silver/Gold) data layers** for enterprise analytics and AI use cases.
* Provide hands\\-on technical leadership using **Python, PySpark, and Databricks Notebooks**.
* Define and enforce **data architecture standards, reference architectures, and design patterns**.
* Design and oversee **data governance, security, and access control models**, including Unity Catalog.
* Integrate **CI/CD pipelines**, GitHub workflows, and automated deployment practices.
* Leverage **AI\\-based code assistance tools** (e.g., GitHub Copilot, Databricks Genie) to improve developer productivity and code quality.
* Collaborate effectively with **onshore and offshore teams**, mentoring engineers and architects.
* Communicate technical solutions clearly to business stakeholders, architects, and leadership
**Skills and experience**
-------------------------


* **20\\+ years** of experience delivering Data \\& AI–driven projects.
* **10\\+ years** of experience in solution architecture, primarily on **cloud platforms**.
* **7\\+ years** of hands\\-on experience in:
	+ Data acquisition framework design
	+ Spark\\-based ingestion (CDC, batch, streaming, micro\\-batch)
	+ Handling structured and unstructured data
	+ Azure Data Lake Storage (ADLS Gen2\\) and cloud storage architectures
	+ Azure cloud platform and Databricks (including Unity Catalog)
* **5\\+ years** of hands\\-on experience with **Python, PySpark, Databricks Notebooks, GitHub, and CI/CD pipelines**.
* **2\\+ years** of experience leveraging AI\\-powered development tools.
* Strong understanding of enterprise data governance, security, and access management.
* Experience leading enterprise data modernization initiatives.
* Exposure to AI/ML enablement through data platforms.
* Prior experience in highly regulated or large\\-scale enterprise environments.
The base compensation range for this role in the posted location is: $161,000 \\- $213,000\\.


Capgemini provides compensation range information in accordance with applicable national, state, provincial, and local pay transparency laws. The base compensation range listed for this position reflects the minimum and maximum target compensation Capgemini, in good faith, believes it may pay for the role at the time of this posting. This range may be subject to change as permitted by law.


The actual compensation offered to any candidate may fall outside of the posted range and will be determined based on multiple factors legally permitted in the applicable jurisdiction.


These may include, but are not limited to: Geographic location, Education and qualifications, Certifications and licenses, Relevant experience and skills, Seniority and performance, Market and business consideration, Internal pay equity.


It is not typical for candidates to be hired at or near the top of the posted compensation range.


In addition to base salary, this role may be eligible for additional compensation such as variable incentives, bonuses, or commissions, depending on the position and applicable laws.

  

**Capgemini offers a comprehensive, non\\-negotiable benefits package to all regular, full\\-time employees.** In the U.S. and Canada, available benefits are determined by local policy and eligibility and may include:


* Paid time off based on employee grade (A\\-F), defined by policy: Vacation: 12\\-25 days, depending on grade, Company paid holidays, Personal Days, Sick Leave
* Medical, dental, and vision coverage (or provincial healthcare coordination in Canada)
* Retirement savings plans (e.g., 401(k) in the U.S., RRSP in Canada)
* Life and disability insurance
* Employee assistance programs
* Other benefits as provided by local policy and eligibility

**Important Notice:** Compensation (including bonuses, commissions, or other forms of incentive pay) is not considered earned, vested, or payable until it becomes due under the terms of applicable plans or agreements and is subject to Capgemini’s discretion, consistent with applicable laws. The Company reserves the right to amend or withdraw compensation programs at any time, within the limits of applicable legislation.

  

**Disclaimers**


Capgemini is an Equal Opportunity Employer encouraging inclusion in the workplace. Capgemini also participates in the Partnership Accreditation in Indigenous Relations (PAIR) program which supports meaningful engagement with Indigenous communities across Canada by promoting fairness, accessibility, inclusion and respect. We value the rich cultural heritage and contributions of Indigenous Peoples and actively work to create a welcoming and respectful environment. All qualified applicants will receive consideration for employment without regard to race, national origin, gender identity/expression, age, religion, disability, sexual orientation, genetics, veteran status, marital status or any other characteristic protected by law.


This is a general description of the Duties, Responsibilities and Qualifications required for this position. Physical, mental, sensory or environmental demands may be referenced in an attempt to communicate the manner in which this position traditionally is performed. Whenever necessary to provide individuals with disabilities an equal employment opportunity, Capgemini will consider reasonable accommodations that might involve varying job requirements and/or changing the way this job is performed, provided that such accommodation does not pose an undue hardship. Capgemini is committed to providing reasonable accommodation during our recruitment process. If you need assistance or accommodation, please reach out to your recruiting contact.


Please be aware that Capgemini may capture your image (video or screenshot) during the interview process and that image may be used for verification, including during the hiring and onboarding process.


Click the following link for more information on your rights as an Applicant in the United States. http://www.capgemini.com/resources/equal\\-employment\\-opportunity\\-is\\-the\\-law

  

Capgemini is a global business and technology transformation partner, helping organizations to accelerate their dual transition to a digital and sustainable world, while creating tangible impact for enterprises and society. It is a responsible and diverse group of 340,000 team members in more than 50 countries. With its strong over 55\\-year heritage, Capgemini is trusted by its clients to unlock the value of technology to address the entire breadth of their business needs. It delivers end\\-to\\-end services and solutions leveraging strengths from strategy and design to engineering, all fueled by its market leading capabilities in AI, generative AI, cloud and data, combined with its deep industry expertise and partner ecosystem.","","https://www.indeed.com/cmp/Capgemini","https://d2q79iu7y748jz.cloudfront.net/s/_squarelogo/256x256/705e8467dd710fe59b83f3f0d13d2b16","https://www.capgemini.com","Paris","10,000+","more than $10B (USD)","With more than 325,000 people, Capgemini is present in over 50 countries and celebrated its 50th Anniversary year in 2017.","","","","","",""
"in-beb7f5541ed44f4f","indeed","https://www.indeed.com/viewjob?jk=beb7f5541ed44f4f","https://alliancedata.wd5.myworkdayjobs.com/en-US/breadfinancial_US/job/Columbus-OH/Data-Engineer_R1012504-1","Data Engineer","Bread Financial","Columbus, OH, US","2026-05-28","fulltime","direct_data","yearly",87900.0,198900.0,"USD",True,"","","","TaOps@breadfinancial.com","**Every career journey is personal. That's why we empower you with the tools and support to create your own success story.**
============================================================================================================================

**Be challenged. Be heard. Be valued. Be you ... be here.**
===========================================================

**Job Summary**


The Data Engineer will be responsible for evolving data infrastructure and data analytics capabilities. This role will build high quality, architecturally\\-sound systems that will transform ways to take advantage of data. This includes data infrastructure and pipelines to support analytics and product, as well as data science team. The Data Engineer will take ownership of a variety of areas in the data stack and lead the team forward. This role will be impactful on the direction of the organization and be a part of building infrastructure from the ground up.  

The Data Engineer will take a prominent role in leading full stack development projects, collaborating with cross\\-functional teams to design, develop, and implement software solutions and API interfaces. Leverage your growing expertise to ensure seamless integration and optimal performance throughout the software development lifecycle (SDLC). **Essential Job Functions**

* Collaborates with internal/external stakeholders to manage data logistics – including data specifications, transfers, structures, and rules. Collaborates with business users, business analysts and technical architects in transforming business requirements into analytical workbenches, tools and dashboards reflecting usability best practices and current design trends. \\- (15%)
* Demonstrates analytical, interpersonal and professional communication skills. Learns quickly and works effectively individually and as part of a team. Accesses, extracts, and transforms Credit and Retail data from a variety of sources of all sizes (including client marketing databases, 2nd and 3rd party data) using Hadoop, Spark, SQL, Big data technologies etc. \\- (15%)
* Provides automation help to analytical teams around data centric needs using orchestration tools, SQL and possibly other big data/cloud solutions for efficiency improvement. \\- (10%)
* Supports Data Engineer and Sr. Data Engineer in new analytical proof of concepts and tool exploration projects. Effectively manages time and computing resources in order to deliver on time/correctly on concurrent projects. Involved in creating POCs to ingest and process streaming data using Spark and HDFS. \\- (10%)
* Answers and trouble shoots questions about data sets and analytical tools; Develops, maintains and enhances new and existing analytics tools/Frameworks to support internal customers/consumers. Design, develop and implement data infrastructure and pipelines that collect, connect, centralize, and curate data from various internal and external data sources. \\- (10%)
* Create automation systems and tools to configure, monitor, and orchestrate our data infrastructure and our data pipelines. Ingests data from different sources, processes it according to the requirement document in order to store data to Hive or NoSQL database or different warehousing solutions. Involved in HDFS maintenance, and loading of structured and unstructured data. \\- (10%)
* Develop and manage scalable ETL pipelines to integrate data from diverse sources into the organization’s data systems, ensuring high performance and reliability. Create efficient data pipelines using tools like Azure Data Factory, Databricks, and AWS, focusing on data quality, integrity, and timely delivery to all data users. \\- (10%)
* Participate in Agile/Lean methodologies and DevOps practices to ensure seamless integration and deployment of data solutions. Assist in designing and maintaining data infrastructure, including Snowflake and other cloud\\-based solutions, adhering to best practices and enterprise architecture guidelines. \\- (10%)
* Expert in writing complicated SQL Queries and database analysis for good performance. Experience working with python or Scala, Spark, Hadoop, Hive, Oozie, Sqoop, HDFS, Impala, Shell Scripts, Microsoft Azure Services like ADLS/Blob Storage solutions, Azure DataFactory, Azure Functions and Databricks. Utilizes basic knowledge of Rest API for designing networked applications. \\- (10%)

 **Minimum Qualifications**

* Bachelor’s Degree in Computer Science or Engineering; or equivalent technical training and experience.
* 2\\+ years of experience in Data \\& Analytics.
* 2\\+ years of experienced and proficient with Python, Scala or Java coding.
* 2\\+ years of experience and proficient in writing complex SQL with Redshift, Postgre SQL and Columnar Databases.

 **Preferred Qualifications**

* Master’s Degree in Computer Science, Computer Engineering, IT or another related field of study.
* 5\\+ years of experience in Data \\& Analytics.
* Experience with message\\-based, loosely coupled architectures like Kafka. Experience with basic DevOps. Experience with analytics platforms like Looker or Tableau.
* Experience developing systems intended for cloud deployments (AWS, EKS, lambda’s, etc.).

 **Skills**

* Agile Methodology
* Angular
* Apache Hadoop
* AWS Development
* Big Data
* Cloudera Data Platform (CDP)
* Cloudera Impala
* Full Stack Development
* HBase
* Java
* JavaScript
* Linux Shell Scripting
* Microsoft Azure SQL
* NoSQL
* PySpark
* Python (Programming Language)
* React
* Scala (Programming Language)
* Spark SQL
* Structured Query Language (SQL)

 **Reports To**: Manager and above  

  

**Direct Reports**: 0  

  

**Work Environment**

* Normal office environment. (Remote or Hybrid), 3 to 4 days per month are required in office if within 60 miles of a posted Bread Financial location.

 **Travel**

* Ability to travel up to 10% annually

 **Physical and Mental Requirements**  

  

To perform this job successfully, an individual must be able to perform each essential job function satisfactorily and meet the physical, mental and work environment requirements. Reasonable accommodations may be made to enable qualified individuals with disabilities to perform essential job functions, absent undue hardship.

* Communicate/Hearing
* Communicate/Talking
* Typing/Writing
* Maintain focus in high pressure or fast\\-paced work environment

**Other Duties**


This job description is illustrative of the types of duties typically performed by this job. It is not intended to be an exhaustive listing of each and every essential function of the job. Because job content may change from time to time, the Company reserves the right to add and/or delete essential functions from this job at any time.

**Salary Range (unless otherwise noted below):**

$87,900\\.00 \\- $159,200\\.00**Full Salary Range for position:**


California: $101,000\\.00 \\- $198,900\\.00
Colorado: $87,900\\.00 \\- $167,100\\.00
New York: $96,600\\.00 \\- $198,900\\.00
Washington: $92,200\\.00 \\- $183,000\\.00
Maryland: $92,200\\.00 \\- $175,100\\.00
Washington DC: $101,000\\.00 \\- $183,000\\.00
Illinois: $87,900\\.00 \\- $175,100\\.00
New Jersey: $101,000\\.00 \\- $183,000\\.00
Vermont: $87,900\\.00 \\- $159,200\\.00
Ohio: $87,900\\.00 \\- $159,200\\.00  


Maine: $87,900\\.00 \\- $159,200\\.00*The actual base pay within this range may be dependent upon many factors, which may include, but are not limited to, work location, education, experience, and skills.*


Bread Financial offers medical, prescription drug, dental, vision, and other voluntary benefits (including basic and optional life insurance, supplemental medical plans, and short and long\\-term disability) to eligible associates (regular full\\-time associates scheduled to work 30 hours per week or more) and their spouses/domestic partners, and child(ren) under the age of 26\\. New associate elected coverage begins on date of hire (with the exception of disability coverage which has a 6\\-month waiting period). Six weeks of 100% paid parental leave for eligible parents is available after a 180\\-day waiting period. Hired associates can immediately enroll in Bread Financial’s 401(k) plan.


All associates receive 11 paid holidays. Associates have discretion in managing their time away from work through the Flexible Time Off (FTO) program and may need to notify and receive approval from their manager prior to taking the time off. Associates (except those located in Illinois) receive 80 hours of Paid Sick and Safe Time (“PSST”) upon hire and at the beginning of each subsequent calendar year. Illinois associates receive 40 hours of Illinois PSST upon hire and at the beginning of each subsequent calendar year and 40 hours of Illinois Paid Leave upon hire and at the beginning of each subsequent calendar year. Illinois Paid Leave must be used before associates in Illinois will be approved to take FTO.


Hired associates will be able to elect the purchase company stock during offering periods in June and December. You will be eligible for an annual incentive bonus based on individual and company performance.


Click here for more Benefits information.

**About Bread Financial®**


At Bread Financial, you’ll have the opportunity to grow your career, give back to your community, and be part of our award\\-winning culture. We’ve been consistently recognized as a best place to work nationally and in many markets and we’re proud to promote an environment where you feel appreciated, accepted, valued, and fulfilled—both personally and professionally. Bread Financial supports the overall wellness of our associates with a diverse suite of benefits and offers boundless opportunities for career development and non\\-traditional career progression.


Bread Financial® (NYSE: BFH) is a tech\\-forward financial services company that provides simple, personalized payment, lending and saving solutions to millions of U.S. consumers. Our payment solutions deliver growth for some of the most recognized brands in travel \\& entertainment, health \\& beauty, technology, electronics, jewelry, home and specialty apparel through our co\\-brand and private label credit cards and pay\\-over\\-time products providing choice and value to our shared customers. Additionally, we offer Bread Financial general purpose credit cards and saving products that empower our customers and their passions for a better life.

  

Bread Financial proudly marks 30 years of success in 2026\\. To learn more about our global associates, our performance and our sustainability progress, visit breadfinancial.com or follow us on Instagram and LinkedIn.

* Bread Financial offers competitive pay, a comprehensive selection of benefit options including 401(k).
* The Company is an Equal Opportunity Employer.
* Any applicant offered employment will be required to establish that they are legally authorized to work in the United States for the Company.
* The Company participates in E\\-Verify.
* The Company will consider for employment all qualified applicants, including those with a criminal history, in a manner consistent with the requirements of all applicable federal, state, and local laws, including the Los Angeles Fair Chance Initiative for Hiring Ordinance, the San Francisco Fair Chance Ordinance, and the New York City Fair Chance Act. Applicants with criminal histories are encouraged to apply.
* The Company complies with the Americans with Disabilities Act (ADA), as amended, and all applicable state/local laws. The Company will provide accommodations to applicants needing accommodations to complete the application process. Applicants with disabilities may contact the Company to request and arrange for accommodations. If you need assistance to accommodate a disability, you may request an accommodation at any time. Please contact the Recruiting Team at TaOps@breadfinancial.com.

**Job Family:**

Information Technology**Job Type:**

Regular","","https://www.indeed.com/cmp/Bread-Financial","https://d2q79iu7y748jz.cloudfront.net/s/_squarelogo/256x256/f2c8f397d8f75be4229832cb98b9a95f","https://www.breadfinancial.com/","Columbus, OH","5,001 to 10,000","$1B to $5B (USD)","Bread Financial is a tech-forward financial services company providing simple, personalized payment, lending and saving solutions.","","","","","",""
"in-c653f5b18c837aab","indeed","https://www.indeed.com/viewjob?jk=c653f5b18c837aab","https://www.tesla.com/careers/search/job/272107?source=Indeed","Data Engineer, Fleet Analytics, Cell Quality & Field Reliability","Tesla","Fremont, CA, US","2026-05-28","fulltime","direct_data","yearly",120000.0,180000.0,"USD",False,"","","","","**What to Expect**
The Cell Quality team is a small team within the R\\&D organization responsible for incoming, production and field reliability. The group projects focus on mass production of Li\\-ion cells for all programs, including Model 3, Y, Cybertruck, Semi and Energy Products. The position is to drive daily fleet diagnostics and analytics activities and process improvements suggestions based on fleet data and known field returns for all cell programs, Candidate is expected to lead or support quality\\-focused multidisciplinary cell\\-related projects, typically involving R\\&D, Design or Production organizations. The engineer must be extremely organized, detail orientated, with strong ability to prioritize and multitask, successfully collaborate on projects with a range of business objectives. This person must exhibit the knowledge, leadership, and drive needed to not only challenge the status quo, but also define and execute the optimal path forward.  



  

**What You'll Do**
* Perform extensive data study on all field failures and correlation studies with upstream cell manufacturing process. Create test models to ensure proper detection and outlier rejection criteria for field rejects
* Identify trends from field return data and quantify reliability risks for diagnostics of key critical signals/metrics and potential deviation from cell/firmware specifications
* Analyze Field Reliability/Quality data for cell related failures and failure modes to predict expected failure rates, affected populations, verify effectiveness of the corrective actions at Tesla and at suppliers
* Build scalable and reliable pipelines to deploy, test and monitor performance metrics of models in a production environment
* Produce cogent and intelligible data visualizations, author technical presentations and summarize high\\-impact technical findings into strategic insights for engineering and leadership
  

**What You'll Bring**
* Bachelor's Degree in Data Science, Data Analytics, Computer Science, Information Systems, Software Engineering or equivalent experience
* Experience with multiple data architecture paradigms (e.g. MySQL, Microsoft SQL, MongoDB, Kafka, Hadoop, Hbase, Spark)
* Knowledge of ETL orchestration tools like Airflow and data visualization platforms like Tableau, Power BIProficiency in Python for time series analysis and applied statistics (inference, anomaly detection etc.)
* Experience with model training frameworks and modern machine learning concepts, integration and workflows to introduce accurate models to a production environment
* Excellent verbal and written communication skills to translate complex data solutions into business impact
* Strong follow\\-through and organizational discipline, able to track multiple projects and drive them to resolution
  

**Compensation and Benefits**
Benefits
Along with competitive pay, as a full\\-time Tesla employee, you are eligible for the following benefits at day 1 of hire:


* Medical plans \\> plan options with $0 payroll deduction
* Family\\-building, fertility, adoption and surrogacy benefits
* Dental (including orthodontic coverage) and vision plans, both have options with a $0 paycheck contribution
* Company Paid (Health Savings Accounts) HSA Contribution when enrolled in the High\\-Deductible medical plan with HSA
* Healthcare and Dependent Care Flexible Spending Accounts (FSA)
* 401(k) with employer match, Employee Stock Purchase Plans, and other financial benefits
* Company paid Basic Life, AD\\&D
* Short\\-term and long\\-term disability insurance (90 day waiting period)
* Employee Assistance Program
* Sick and Vacation time (Flex time for salary positions, Accrued hours for Hourly positions), and Paid Holidays
* Back\\-up childcare and parenting support resources
* Voluntary benefits to include: critical illness, hospital indemnity, accident insurance, theft \\& legal services, and pet insurance
* Weight Loss and Tobacco Cessation Programs
* Tesla Babies program
* Commuter benefits
* Employee discounts and perks program
Expected Compensation
$120,000 \\- $180,000/annual salary \\+ cash and stock awards \\+ benefits
Pay offered may vary depending on multiple individualized factors, including market location, job\\-related knowledge, skills, and experience. The total compensation package for this position may also include other elements dependent on the position offered. Details of participation in these benefit plans will be provided if an employee receives an offer of employment.

  

Tesla is an Equal Opportunity / Affirmative Action employer committed to diversity in the workplace. All qualified applicants will receive consideration for employment without regard to race, color, religion, sex, sexual orientation, age, national origin, disability, protected veteran status, gender identity or any other factor protected by applicable federal, state or local laws.  

  

Tesla is also committed to working with and providing reasonable accommodations to individuals with disabilities. Please let your recruiter know if you need an accommodation at any point during the interview process.","Industrial Manufacturing","https://www.indeed.com/cmp/Tesla","https://d2q79iu7y748jz.cloudfront.net/s/_squarelogo/256x256/5e42be6c7dd264b60310b59afb8a3c48","https://www.tesla.com","1 Tesla Road Austin, TX 78725","10,000+","$5B to $10B (USD)","Tesla is accelerating the world’s transition to sustainable energy.","","","","","",""
"in-aa494721f4ef838f","indeed","https://www.indeed.com/viewjob?jk=aa494721f4ef838f","https://recruiting2.ultipro.com/QSE1000QSER/JobBoard/6cf8d9f1-7140-4a4f-8dba-c15b5a2fafb0/OpportunityDetail?opportunityId=f609c1e8-8358-4bb2-892d-3bc369d41333&postingId=9db3c38e-0d15-4031-9e54-c0eec5804166","Data Engineer","Metronet","IN, US","2026-05-28","","direct_data","yearly",70000.0,80000.0,"USD",True,"","","","","Love Your Mondays again!


**Join the Future of Connectivity with Metronet!**



Are you ready to launch your career with one of the nation’s fastest\\-growing fiber\\-optic powerhouses? Welcome to Metronet, where we don’t just build networks; we build communities.

  


**Data Engineer**



As a **Data Engineer,** you will play a pivotal role in designing, implementing, and optimizing data infrastructure and pipelines to support business intelligence and analytics initiatives. This position requires a combination of technical expertise and business acumen to ensure data is reliable, accessible, and secure.

  


**ESSENTIAL JOB FUNCTIONS:**


* Design and develop data serving and semantic layers to support business needs ranging from traditional reporting to reverse ETL and LLM/AI implementations.
* Develop data models for use by analysts and applications from across the business using modern dimensional modeling practices to efficiently serve accurate, consistent data.
* Build and maintain robust, scalable data pipelines to extract, transform, and load (ETL, ELT) data from various sources into the data platform using both batch processing and event\\-driven patterns.
* Create efficient, performant data models to support business requirements and analytics needs.
* Implement and automate data quality checks and monitoring to ensure data accuracy and drive observability.
* Manage, troubleshoot and optimize existing data infrastructure, including cloud\\-based solutions and on\\-premises systems.
* Leverage cloud data platforms (Fabric, Databricks, Snowflake, etc.) for data storage, processing, and analysis.
* Work closely with data analysts, data scientists, and business stakeholders to understand their data needs and deliver solutions.
* Identify and resolve data\\-related issues and challenges for technical and non\\-technical stakeholders.
* Support company\\-wide projects ranging from server migrations to mergers and acquisitions as a data and systems expert.
* Automate data processes to improve efficiency and reduce manual effort. Implement modern concepts like metadata\\-driven pipelines and Infrastructure\\-as\\-Code that will play a key role in a scalable, resilient data platform.
* Document data processes, architecture, and workflows.
* All other duties as assigned

  


**JOB QUALIFICATIONS AND REQUIREMENTS:**


* Bachelor's degree in computer science, engineering, or a related field.
* Advanced SQL skills required, experience with the use of programming languages (Python, Java, Scala) preferred.
* Experience with data warehousing and data lake technologies, concepts and best practices.
* Experience with and understanding dimensional modeling concepts and best practices.
* Understanding of data modeling and ETL processes and best practices
* Experience with cloud platforms (Azure, AWS, etc.) is required; experience with data platforms like Fabric, Databricks or Snowflake is preferred.
* Strong analytical and problem\\-solving skills
* Willingness to work as a team and independently.
* Must be legally authorized to work in the U.S.


**ADDITIONAL JOB REQUIREMENTS:**


* 3 – 5 years of experience as a Data Engineer or Analytics Engineer
* Experience with Spark (PySpark, SQL SQL, etc.)
* Experience with developing bespoke data pipelines and handling various authentication patterns

  



Join us and find out what it means to love your career!



At **Metronet**, we are committed to delivering cutting\\-edge technology combined with exceptional customer care. Our 100% fiber\\-optic technology ensures that we provide our customers with some of the fastest internet speeds in the world. As industry leaders in fiber\\-to\\-the\\-premise TV, voice, and internet services, we’re not just focused on expanding our networks—we’re focused on enriching the lives of those we serve.



We value our associates because they are the cornerstone of our success. By joining the **Metronet** family, you’re stepping into a rewarding career in technology with a company dedicated to your growth and success. We’re in it to win it, and a key part of our strategy is to strengthen our business\\-to\\-business technology sales team with talented and hard\\-working individuals who aspire to be the next generation of technology leaders.



Recognized as one of the Best Places to Work, we offer a competitive total compensation package, including 80% of medical premiums paid by the company, company\\-paid disability and life insurance, and a 401(k)\\-company match. Plus, enjoy discounted services within our coverage areas and thrive in a locally owned, friendly, and fun atmosphere.



Discover more with **Metronet** — a company where your success builds stronger communities, and your future is limitless.

  


**Metro****net** is an equal opportunity employer. We will not discriminate against any applicant or employee on the basis of sexual orientation, gender identity, race, gender, religion, age, national origin, color, disability, or veteran status. EOE/Minority/Female/Disabled/Veteran

  



Pay Range: $70,000 \\- $80,000/yr.



\\#LI\\-AF1


Equal Opportunity Employer  

This employer is required to notify all applicants of their rights pursuant to federal employment laws. For further information, please review the Know Your Rights (https://www.eeoc.gov/poster) notice from the Department of Labor.","","https://www.indeed.com/cmp/Metronet-8","https://d2q79iu7y748jz.cloudfront.net/s/_squarelogo/256x256/522320879e26e06820a774a508e66f33","https://www.metronet.com/","Evansville, IN","1,001 to 5,000","Decline to state","Metronet is a customer-focused company provides cutting-edge fiber optic communication services, including high-speed Fiber Internet and full-featured Fiber Phone.","","","","","",""
"in-c253ac2f4a87b389","indeed","https://www.indeed.com/viewjob?jk=c253ac2f4a87b389","https://careers.cognizant.com/global-en/jobs/00069168661/databricks-data-engineer/","DataBricks Data engineer","Cognizant","Atlanta, GA, US","2026-05-28","fulltime","","","","","",False,"","","","","Job Title \\- DataBricks Data engineer \\*\\* Unfortunately no visa transfer /sponsorship available\\*\\* Job Description: We are seeking a highly skilled Lead Data Engineer with deep expertise in Databricks SQL, PySpark, and modern cloud data platforms. The ideal candidate will have hands\\-on experience delivering cloud modernization and migration initiatives, along with the ability to design and optimize scalable data architectures that support analytics, data engineering, and enterprise\\-scale processing. This role involves handling the Databricks to Pyspark Migration design, guiding engineering teams, and ensuring data solutions meet performance, security, and governance standards. Key Responsibilities : Design and implement scalable, high‑performance data migrations using Databricks Lakehouse, Delta Lake, and distributed processing frameworks.
  
  

Develop, optimize, and productionize Databricks SQL and PySpark pipelines supporting large\\-scale ETL, streaming, and advanced analytics workloads. Lead end\\-to\\-end architecture for cloud modernization and migration projects, ensuring best practices in scalability, performance, governance, and cost efficiency. Collaborate with business partners, product owners, and engineering teams to convert business requirements into robust technical solutions. Provide technical leadership and mentorship to data engineers and developers, ensuring adherence to coding, design, and architectural standards.
  
  

Review and improve solution designs, ensuring alignment with enterprise governance, security, and compliance frameworks. Support production deployments, troubleshooting, and performance tuning of data workflows running on Databricks and cloud\\-native platforms. Drive continuous improvement and adoption of emerging technologies, tools, and best practices within the data engineering ecosystem. Required Technical Skills: Strong hands\\-on expertise with Databricks SQL Advanced development experience with PySpark for ETL and data processing good understanding of cloud\\-native data platforms (AWS, Azure, or GCP) strong foundation in data modeling, performance optimization, and governance Preferred Skills: Experience with AWS data services (Glue, S3, Lambda, Lakehouse technologies) Exposure to Iceberg/Delta Lake, data quality frameworks, and data cataloging Strong communication skills and ability to work with global teams","","https://www.indeed.com/cmp/Cognizant-f7abe767","https://d2q79iu7y748jz.cloudfront.net/s/_squarelogo/256x256/3bd95f13d06ef8241426506395a8cad3","https://www.cognizant.com/","","10,000+","more than $10B (USD)","We help companies modernise technology, reimagine processes and transform experiences so they can thrive in a world that never stops evolving.","","","","","",""
"in-e338f14503b7dadc","indeed","https://www.indeed.com/viewjob?jk=e338f14503b7dadc","https://ibegin.tcsapps.com/candidate/jobs/shared-job/NDE0NjQzSg==","Senior Engineer","Tata Consultancy Services (TCS)","Auburn Hills, MI, US","2026-05-28","","direct_data","yearly",100000.0,110000.0,"USD",False,"","","","","Data Engineer
Must Have Technical/Functional Skills
* Programming Languages: Proficient in SQL, Pyspark, Python
* Data Pipeline \\& ETL: Proficiency in building ETL/ELT pipelines using tools like Apache Airflow, AWS EC2, EMR, S3, dbt, Azure Data factory
* Database Management: Expertise in data warehousing solutions like Snowflake or Redshift, Databricks
* Cloud Platforms: Working knowledge of cloud providers (AWS) is essential.
* Data Modeling: Designing efficient schemas (star/snowflake) for dimensional modelling and semantic models for Visualization tools
* Data Governance \\& Security: Implementing data encryption, masking, and role\\-based access control.
* Problem\\-Solving \\& Troubleshooting: Identifying bottlenecks in data workflows and creating scalable, robust solutions.
* Collaboration: Working with data scientists and analysts to understand business needs and deliver actionable data.
* Version Control: Using tools like Git for managing code for data pipelines.

  

  

Roles \\& Responsibilities
* Designing and implementing through data architecture strategies
* Analyzing complex issues to create innovative solutions
* Upholding standards in project deliverables
* Developing a thorough understanding of the business environment
* Managing and navigating complex scenarios effectively
* Building and maintaining excellent client relationship
* Enhancing personal brand and technical skills
* Mentoring and guiding junior team members
* Implementing end to end solutions catering to the business requirements

Generic Managerial Skills, If any
* Track the deliverables assigned and deliver on time with great quality
* Participation in Scrum calls and sprint planning and agile ceremonies
* Offshore coordination

Education
Bachelor’s 4 yr degree and above  

  

Salary Range: $100000 \\- $110000 a year  

  

\\#LI\\-JH1
**Location**
Auburn Hills, MI
**Job Function**
TECHNOLOGY
**Role**
Senior Engineer
**Job Id**
414643
**Desired Skills**
SQL
**Salary Range**
$100,000\\-$110,000 a year
Desired Candidate Profile


**Qualifications** : BACHELOR OF COMPUTER SCIENCE","Consulting And Business Services","https://www.indeed.com/cmp/Tata-Consultancy-Services-(tcs)","https://d2q79iu7y748jz.cloudfront.net/s/_squarelogo/256x256/bfd57a052c0dfad03779c68c62499ce4","https://www.tcs.com/fr-fr","Tour Initiale - 1 Terasse Bellini, 92800 Puteaux","10,000+","more than $10B (USD)","Tata Consultancy Services is an IT services, consulting and business solutions organization that delivers real results to global business.","","","","","",""
"in-7eaf385f9ce50014","indeed","https://www.indeed.com/viewjob?jk=7eaf385f9ce50014","https://ibegin.tcsapps.com/candidate/jobs/shared-job/NDE0NjQ1Sg==","Senior Java PySpark Developer","Tata Consultancy Services (TCS)","Irving, TX, US","2026-05-28","","direct_data","yearly",125000.0,140000.0,"USD",False,"","","","","Senior Java PySpark Developer  

  

We are seeking a seasoned Senior Lead Data Engineer with a dual\\-threat background in robust backend development and large\\-scale data processing. You ae a self\\-starter who thrives in high\\-complexity environments and processes the architecture maturity to take a project from a blank page to a production\\-ready ecosystem without hand\\-holding.  

  

Responsibilities:
* Design, develop, and maintain robust, scalable, and high\\-performance applications using Java, PySpark/Python.
* Lead the architecture and design of complex software systems and ensure adherence to best practices.
* Collaborate with product managers, designers, and other developers to define project requirements and deliverables.
* Optimize and refactor existing codebases for performance, scalability, and maintainability.
* Mentor junior developers and provide technical guidance to the team.
* Integrate third\\-party APIs, libraries, and tools into applications.
* Write unit tests, perform code reviews, and ensure high code quality.
* Work with DevOps teams to deploy and monitor applications in production environments.
* Stay updated with the latest trends and advancements in Java and Python and related technologies.

  

  

Qualifications:
* 10\\+ years of professional experience in Java, PySpark/Python development.
* Strong understanding of Python frameworks such as Django, Flask, or FastAPI.
* Expertise in building Java RESTful APIs and microservices architecture.
* Solid understanding of software design patterns, algorithms, and data structures.
* Hands\\-on experience with Big Data Environment.
* Familiarity with CI/CD pipelines and version control systems (e.g., Git).
* Strong debugging and problem\\-solving skills.
* Excellent communication and collaboration skills.

Good to Have Skills:
* Experience with Java and PySpark/Python development creating data processing pipeline and frameworks.
* Knowledge on CICD process to code versioning and deployments in various environment.
* Resource should have good knowledge on Big Data environments and distributed architecture.
* Knowledge on Snowflake is an added advantage.

  

  

Salary Range\\- $125,000\\-$140,000 a year  

  

\\#LI\\-CO1
\\#LI\\-SN1
**Location**
Irving, TX
**Job Function**
TECHNOLOGY
**Role**
Engineer
**Job Id**
414645
**Desired Skills**
Java
**Salary Range**
$125,000\\-$140,000 a year
Desired Candidate Profile


**Qualifications** : BACHELOR OF COMPUTER SCIENCE","Consulting And Business Services","https://www.indeed.com/cmp/Tata-Consultancy-Services-(tcs)","https://d2q79iu7y748jz.cloudfront.net/s/_squarelogo/256x256/bfd57a052c0dfad03779c68c62499ce4","https://www.tcs.com/fr-fr","Tour Initiale - 1 Terasse Bellini, 92800 Puteaux","10,000+","more than $10B (USD)","Tata Consultancy Services is an IT services, consulting and business solutions organization that delivers real results to global business.","","","","","",""
"in-a70aee5dcc1b2500","indeed","https://www.indeed.com/viewjob?jk=a70aee5dcc1b2500","https://jobs.janushenderson.com/job/Denver-Data-Engineer-CO-80206/1394706300/","Data Engineer","Janus Henderson Investors","Denver, CO, US","2026-05-28","","direct_data","yearly",90000.0,115000.0,"USD",False,"","","","recruiter@janushenderson.com","Why work for us?

  



A career at Janus Henderson is more than a job, it’s about investing in a brighter future together.

  



Our Mission at Janus Henderson is to help clients define and achieve superior financial outcomes through differentiated insights, disciplined investments, and world\\-class service. We will do this by protecting and growing our core business, amplifying our strengths and diversifying where we have the right.

  



Our Values are key to driving our success, and are at the heart of everything we do:

  



Clients Come First \\- Always \\| Execution Supersedes Intention \\| Together We Win \\| Diversity Improves Results \\| Truth Builds Trust

  



If our mission, values, and purpose align with your own, we would love to hear from you!

  



Your opportunity  

As a Data Engineer, you will design and deliver robust data pipelines and solutions on the Janus Henderson Data Platform. You will mentor junior engineers, contribute to technical standards, and ensure data quality and reliability across critical business processes.  


* Architect and implement scalable data pipelines using Snowflake, Databricks, and supporting technologies
* Collaborate with architects and business stakeholders to deliver integrated solutions aligned with strategic goals.
* Optimise performance and cost through query tuning, clustering, caching and storage strategies
* Implement CI/CD and observability practices to enhance reliability and performance.
* Champion data governance and compliance, ensuring security best practices.
* Mentor junior engineers and contribute to knowledge\\-sharing initiatives.
* Support production systems, troubleshoot incidents and drive root cause analysis
* Carry out other duties as assigned

  



What to expect when you join our firm  


* Hybrid working and reasonable accommodations
* Generous Holiday policies
* Paid volunteer time to step away from your desk and into the community
* Support to grow through professional development courses, tuition/qualification reimbursement and more
* Maternal/paternal leave benefits and family services
* Complimentary subscription to Headspace – the mindfulness app
* Corporate membership to ClassPass and other health and well\\-being benefits
* Unique employee events and programs including a 14er challenge
* Complimentary beverages, snacks and all employee Happy Hours

  



Must have skills  


* Proven experience in data engineering and pipeline development using Snowflake and/or Databricks
* Advanced proficiency in SQL through complex queries, optimisation and performance tuning on cloud\\-based data platforms.
* Strong Python knowledge for data processing and automation
* Solid understanding of DevOps principles, CI/CD and data reliability engineering.
* Experience with job orchestration (Autosys, Airflow/Astronomer)
* Effective communication and problem\\-solving skills.

  



Nice to have skills  


* Certifications in Snowflake or Databricks.
* Experience with dbt Core/Cloud for transformation and testing
* Familiarity with Data Mesh principles and distributed data ownership
* Experience with Microsoft Azure services (e.g., Azure Data Factory, Azure Key Vault, Azure DevOps) for CI/CD and Infrastructure.
* Knowledge of data governance frameworks and lineage tools

  



Supervisory responsibilities  


* No

  



Potential for growth  


* Mentoring
* Leadership development programs
* Regular training
* Career development services
* Continuing education courses

  



Compensation information  



The base salary range for this position is $90,000\\-$115,000\\. This range is estimated for this role. Actual pay may be different. This position will be open through June 30, 2026\\.  


**Colorado law requires an estimated closing date for job postings. Please don't be discouraged from applying if you see this date has passed.**  



At Janus Henderson Investors we’re committed to an inclusive and supportive environment. We believe diversity improves results and we welcome applications from candidates from all backgrounds. Don’t worry if you don’t think you tick every box, we still want to hear from you! We understand everyone has different commitments and while we can’t accommodate every flexible working request, we’re happy to be asked about work flexibility and our hybrid working environment. If you need any reasonable accommodations during our recruitment process, please get in touch and let us know at recruiter@janushenderson.com.

\\#LI\\-LN2 \\#LI\\-Hybrid**Annual Bonus Opportunity:** Position may be eligible to receive an annual discretionary bonus award from the profit pool. The profit pool is funded based on Company profits. Individual bonuses are determined based on Company, department, team and individual performance.

  


**Benefits:** Janus Henderson is committed to offering a comprehensive total rewards package to eligible employees that includes; competitive compensation, pension/retirement plans, and various health, wellbeing and lifestyle benefits. To learn more about our offerings please visit the Why Join Us section on the career page here.

  


**Janus Henderson Investors is an equal opportunity employer**. All qualified applicants will receive consideration for employment without regard to race, color, religion, sex, sexual orientation, gender identity, national origin, disability or veteran status. All applications are subject to background checks.

  



Janus Henderson (including its subsidiaries) will not maintain existing or sponsor new industry registrations or licenses where not supported by an employee’s job functions (as determined by Janus Henderson at its sole discretion).

  



You should be willing to adhere to the provisions of our Investment Advisory Code of Ethics related to personal securities activities and other disclosure and certification requirements, including past political contributions and political activities. Applicants’ past political contributions or activity may impact applicants’ eligibility for this position.

  



You will be expected to understand the regulatory obligations of the firm, and abide by the regulated entity requirements and JHI policies applicable for your role.","","https://www.indeed.com/cmp/Janus-Henderson-Investors","https://d2q79iu7y748jz.cloudfront.net/s/_squarelogo/256x256/9c6567d19aa095aa60f0cff68d423952","http://janushenderson.com/careers","London, England","1,001 to 5,000","Decline to state","Janus Henderson fosters and maintains an environment that values the unique talents and contributions of every individual.","","","","","",""
"in-fac3f921197a3469","indeed","https://www.indeed.com/viewjob?jk=fac3f921197a3469","https://careers.amgen.com/en/job/thousand-oaks/sr-data-engineer/87/95670104416","Sr. Data Engineer","Amgen","Thousand Oaks, CA, US","2026-05-28","fulltime","direct_data","yearly",138325.0,172744.0,"USD",True,"","","","","US \\- California \\- Thousand Oaks
JOB ID: R\\-243900 LOCATION: US \\- California \\- Thousand Oaks WORK LOCATION TYPE: Flex Commuter / Hybrid DATE POSTED: May. 28, 2026 CATEGORY: Engineering SALARY RANGE: \\-
**Join Amgen’s Mission of Serving Patients**

At Amgen, if you feel like you’re part of something bigger, it’s because you are. Our shared mission—to serve patients living with serious illnesses—drives all that we do.


Since 1980, we’ve helped pioneer the world of biotech in our fight against the world’s toughest diseases. With our focus on four therapeutic areas –Oncology, Inflammation, General Medicine, and Rare Disease– we reach millions of patients each year. As a member of the Amgen team, you’ll help make a lasting impact on the lives of patients as we research, manufacture, and deliver innovative medicines to help people live longer, fuller happier lives.


Our award\\-winning culture is collaborative, innovative, and science based. If you have a passion for challenges and the opportunities that lay within them, you’ll thrive as part of the Amgen team. Join us and transform the lives of patients while transforming your career.

**Sr Data Engineer**

**What you will do and what we expect of you**


Let’s do this. Let’s change the world. In this vital role you will:

**Duties:** Responsible for managing and optimizing the company's data infrastructure and architecture for Clinical Data Hub, including cloud\\-based distributed compute and storage; Design and implement data pipelines, develop data models, perform data integration, and ensure data quality and governance; Contributes to the effective storage, processing, and utilization of large\\-scale data sets; Work with Product Owner, Product Management, Agile Team, and Data Architects to plan and deliver prioritized Clinical Data Hub backlog items and optimize the technical environment; Ensure data requirements for applications, data scientists, and cross\\-functional use cases are met, and ensure high performance and reliability of the system; and Provide insights and actionable solutions for business clients. May Telecommute.

**Requirements:** Master’s degree (or foreign equivalent) in Computer Science, Computer Engineering, Clinical Informatics or related field and 2 years of experience in the job offered or in a Data Engineer – related occupation. The position requires 2 years of experience in the following: • Manage and tune Hadoop, MapReduce, or Spark SQL; • Build ETL pipelines to transfer data; • Optimize database for usage; • Manage data stewardship and governance; • Configure cloud services to orchestrate, monitor, and run end\\-to\\-end data warehousing solutions; and • Model data for translation, linking, and consumption from source to data warehouse.

 **Contact:** Interested candidates please apply via https://careers.amgen.com/en/search\\-jobs and search for job \\# R\\-243900\\.


Job type: Full Time position. The annual salary range for this position in the U.S. is $138,325\\.00 \\- $172,744\\.00 per year. Also, this position offers stock, retirement, medical, life and disability insurance and eligibility for an annual bonus or for sales roles, other incentive compensation. For more details visit https://careers.amgen.com/life\\-at\\-amgen/benefits/

**What you can expect of us**


As we work to develop treatments that take care of others, we also work to care for your professional and personal growth and well\\-being. From our competitive benefits to our collaborative culture, we’ll support your journey every step of the way.


The expected annual salary range for this role in the U.S. (excluding Puerto Rico) is posted. Actual salary will vary based on several factors including but not limited to, relevant skills, experience, and qualifications.


In addition to the base salary, Amgen offers a Total Rewards Plan, based on eligibility, comprising of health and welfare plans for staff and eligible dependents, financial plans with opportunities to save towards retirement or other goals, work/life balance, and career development opportunities that may include:

* A comprehensive employee benefits package, including a Retirement and Savings Plan with generous company contributions, group medical, dental and vision coverage, life and disability insurance, and flexible spending accounts
* A discretionary annual bonus program, or for field sales representatives, a sales\\-based incentive plan
* Stock\\-based long\\-term incentives
* Award\\-winning time\\-off plans
* Flexible work models, including remote and hybrid work arrangements, where possible

**and make a lasting impact with the Amgen team.**

**careers.amgen.com**


In any materials you submit, you may redact or remove age\\-identifying information such as age, date of birth, or dates of school attendance or graduation. You will not be penalized for redacting or removing this information.


Amgen does not have an application deadline for this position; we will continue accepting applications until we receive a sufficient number or select a candidate for the position.


As an organization dedicated to improving the quality of life for people around the world, Amgen fosters an inclusive environment of diverse, ethical, committed and highly accomplished people who respect each other and live the Amgen values to continue advancing science to serve patients. Together, we compete in the fight against serious disease.


Amgen is an Equal Opportunity employer and will consider all qualified applicants for employment without regard to race, color, religion, sex, sexual orientation, gender identity, national origin, protected veteran status, disability status, or any other basis protected by applicable law.


We will ensure that individuals with disabilities are provided reasonable accommodation to participate in the job application or interview process, to perform essential job functions, and to receive other benefits and privileges of employment. Please contact us to request accommodation.","","https://www.indeed.com/cmp/Amgen","https://d2q79iu7y748jz.cloudfront.net/s/_squarelogo/256x256/e858654aaf2bd361578aeac82b39bd9b","http://www.amgen.com","Thousand Oaks, CA","10,000+","more than $10B (USD)","Amgen, a biotechnology pioneer, discovers, develops and delivers innovative human therapeutics.","","","","","",""
"in-11f9012523766723","indeed","https://www.indeed.com/viewjob?jk=11f9012523766723","https://careers.google.com/jobs/results/134236728889090758-data-engineer-ii/","Data Engineer II","Google","Boulder, CO, US","2026-05-28","fulltime","direct_data","yearly",106000.0,151000.0,"USD",False,"","","","","The application window will be open until at least June 11, 2026\\. This opportunity will remain online based on business needs which may be before or after the specified date.  

Note: By applying to this position you will have an opportunity to share your preferred working location from the following: **Boulder, CO, USA; Atlanta, GA, USA**.### **Minimum qualifications:**

* Bachelor's degree or equivalent practical experience.
* 1 year of experience coding in one or more programming languages.
* 1 year of experience designing data pipelines, and dimensional data modeling for synch and asynch system integration and implementation using internal (e.g., Flume, etc.) and external stacks (DataFlow, Spark, etc.).
* Experience working with data models by performing exploratory queries and scripts.

  

### **Preferred qualifications:**

* 1 year of experience partnering with stakeholders to deliver projects on time, within budget, and scope.
* Experience writing and maintaining ETLs for structured and unstructured data sources.
* Experience modeling complex business processes or real\\-world data sources.
* Experience in designing data models, data warehouses, and managing distributed data processing.
* Familiarity with non\\-relational (NoSQL) data storage systems and Unix/Linux environments.
* Excellent written communication and organizational skills.

**About the job**
-----------------


gTech’s Product and Tools Operations team (gPTO) leverages deep user, operational, and technical insights to innovate Google's Ads products into customer experiences that are so intuitive (or automated) that they require no support at all. gPTO partners closely with gTech’s Support, Professional Services, Product Management, and Engineering teams to innovate and simplify our Ads products and build the productivity tools ecosystem for gTech users.


In gTech Users and Products (gUP), our mission is to advocate for Google’s users by creating helpful and trusted experiences across the product ecosystem. We achieve this by meeting partners and consumers where they are with support and help, representing their needs with our product partners and proposing fixes and features that elevate their engagement with Google's product ecosystem. Additionally we provide a range of product services that ensure our products are optimized for every user, no matter where they are in the world (e.g., localization, digitization, partner integration and more).  


The US base salary range for this full\\-time position is $106,000\\-$151,000 \\+ bonus \\+ equity \\+ benefits. Our salary ranges are determined by role, level, and location. Within the range, individual pay is determined by work location and additional factors, including job\\-related skills, experience, and relevant education or training. Your recruiter can share more about the specific salary range for your preferred location during the hiring process.  

  

Please note that the compensation details listed in US role postings reflect the base salary only, and do not include bonus, equity, or benefits. Learn more about benefits at Google.**Responsibilities**
--------------------

* Design, develop, and support data pipelines, warehouses, and reporting systems, leveraging AI to integrate data into full\\-stack software solutions.
* Create robust ETL pipelines and reporting systems for new data while continuously improving existing data models and workflows.
* Partner with stakeholders and support engineers to ensure data infrastructure evolves with business, product, and user requirements.
* Work closely with data scientists to scale and transition statistical and machine learning models into production pipelines.
* Write and review clear technical documentation while driving innovation through new analytical tools to unlock deeper data insights.
Google is proud to be an equal opportunity workplace and is an affirmative action employer. We are committed to equal employment opportunity regardless of race, color, ancestry, religion, sex, national origin, sexual orientation, age, citizenship, marital status, disability, gender identity or Veteran status. We also consider qualified applicants regardless of criminal histories, consistent with legal requirements. See also Google's EEO Policy and EEO is the Law. If you have a disability or special need that requires accommodation, please let us know by completing our Accommodations for Applicants form.","","https://www.indeed.com/cmp/Google","https://d2q79iu7y748jz.cloudfront.net/s/_squarelogo/256x256/d778456838f54580d43f7dd78b3b0d9c","http://goo.gle/3ygdkgv","Mountain View, CA","10,000+","more than $10B (USD)","Our mission is to organize the world’s information and make it universally accessible and useful. ","","","","","",""
"in-0eb5de3f0594c713","indeed","https://www.indeed.com/viewjob?jk=0eb5de3f0594c713","https://careers.google.com/jobs/results/134236728889090758-data-engineer-ii/","Data Engineer II","Google","Atlanta, GA, US","2026-05-28","fulltime","direct_data","yearly",106000.0,151000.0,"USD",False,"","","","","The application window will be open until at least June 11, 2026\\. This opportunity will remain online based on business needs which may be before or after the specified date.  

Note: By applying to this position you will have an opportunity to share your preferred working location from the following: **Boulder, CO, USA; Atlanta, GA, USA**.### **Minimum qualifications:**

* Bachelor's degree or equivalent practical experience.
* 1 year of experience coding in one or more programming languages.
* 1 year of experience designing data pipelines, and dimensional data modeling for synch and asynch system integration and implementation using internal (e.g., Flume, etc.) and external stacks (DataFlow, Spark, etc.).
* Experience working with data models by performing exploratory queries and scripts.

  

### **Preferred qualifications:**

* 1 year of experience partnering with stakeholders to deliver projects on time, within budget, and scope.
* Experience writing and maintaining ETLs for structured and unstructured data sources.
* Experience modeling complex business processes or real\\-world data sources.
* Experience in designing data models, data warehouses, and managing distributed data processing.
* Familiarity with non\\-relational (NoSQL) data storage systems and Unix/Linux environments.
* Excellent written communication and organizational skills.

**About the job**
-----------------


gTech’s Product and Tools Operations team (gPTO) leverages deep user, operational, and technical insights to innovate Google's Ads products into customer experiences that are so intuitive (or automated) that they require no support at all. gPTO partners closely with gTech’s Support, Professional Services, Product Management, and Engineering teams to innovate and simplify our Ads products and build the productivity tools ecosystem for gTech users.


In gTech Users and Products (gUP), our mission is to advocate for Google’s users by creating helpful and trusted experiences across the product ecosystem. We achieve this by meeting partners and consumers where they are with support and help, representing their needs with our product partners and proposing fixes and features that elevate their engagement with Google's product ecosystem. Additionally we provide a range of product services that ensure our products are optimized for every user, no matter where they are in the world (e.g., localization, digitization, partner integration and more).  


The US base salary range for this full\\-time position is $106,000\\-$151,000 \\+ bonus \\+ equity \\+ benefits. Our salary ranges are determined by role, level, and location. Within the range, individual pay is determined by work location and additional factors, including job\\-related skills, experience, and relevant education or training. Your recruiter can share more about the specific salary range for your preferred location during the hiring process.  

  

Please note that the compensation details listed in US role postings reflect the base salary only, and do not include bonus, equity, or benefits. Learn more about benefits at Google.**Responsibilities**
--------------------

* Design, develop, and support data pipelines, warehouses, and reporting systems, leveraging AI to integrate data into full\\-stack software solutions.
* Create robust ETL pipelines and reporting systems for new data while continuously improving existing data models and workflows.
* Partner with stakeholders and support engineers to ensure data infrastructure evolves with business, product, and user requirements.
* Work closely with data scientists to scale and transition statistical and machine learning models into production pipelines.
* Write and review clear technical documentation while driving innovation through new analytical tools to unlock deeper data insights.
Google is proud to be an equal opportunity workplace and is an affirmative action employer. We are committed to equal employment opportunity regardless of race, color, ancestry, religion, sex, national origin, sexual orientation, age, citizenship, marital status, disability, gender identity or Veteran status. We also consider qualified applicants regardless of criminal histories, consistent with legal requirements. See also Google's EEO Policy and EEO is the Law. If you have a disability or special need that requires accommodation, please let us know by completing our Accommodations for Applicants form.","","https://www.indeed.com/cmp/Google","https://d2q79iu7y748jz.cloudfront.net/s/_squarelogo/256x256/d778456838f54580d43f7dd78b3b0d9c","http://goo.gle/3ygdkgv","Mountain View, CA","10,000+","more than $10B (USD)","Our mission is to organize the world’s information and make it universally accessible and useful. ","","","","","",""
"in-a9fdc973174b641d","indeed","https://www.indeed.com/viewjob?jk=a9fdc973174b641d","https://careers.dana-farber.org/job/1275/senior-director-ai-operations-and-services-operations-us-ma-boston-450-brookline-ave/","Senior Director, AI Operations and Services","Dana-Farber Cancer Institute","Boston, MA, US","2026-05-28","fulltime","direct_data","yearly",243000.0,257400.0,"USD",True,"","","","","Job Ref:
JR\\-4749  

Location:
450 Brookline Ave, BOSTON, MA 02215  


Category:
Operations  

Employment Type:
Full time  

Work Location:
Remote: 100% off site  

Salary/Pay Rate:
$243,000\\.00 \\- $257,400\\.00 per year
**Overview**


Informatics \\& Analytics (I\\&A) serves patients present and future, by collaboratively building a sustainable informatics and analytics ecosystem of tools and services to support and grow the research, clinical, and business missions of Dana\\-Farber Cancer Institute (DFCI). The Senior Director of AI Operations and Data Science Services is an executive leader, serving as supervisor and mentor to 20\\-35 FTEs, who is responsible for designing and managing Artificial Intelligence (AI)\\-related tools, platforms, and services for 2000\\+ DFCI users, for partnering with other DFCI leaders to deliver high\\-impact AI solutions for clients across Research, Clinical, and Operations, and for providing leadership and expertise for the design of policies, processes, and governance for responsible and effective use of AI.
Located in Boston and the surrounding communities, Dana\\-Farber Cancer Institute is a leader in life changing breakthroughs in cancer research and patient care. We are united in our mission of conquering cancer, HIV/AIDS, and related diseases. We strive to create an inclusive, diverse, and equitable environment where we provide compassionate and comprehensive care to patients of all backgrounds, and design programs to promote public health particularly among high\\-risk and underserved populations. We conduct groundbreaking research that advances treatment, we educate tomorrow's physician/researchers, and we work with amazing partners, including other Harvard Medical School\\-affiliated hospitals.

  

* Serves as the primary subject matter expert for AI technology, platforms, and services for the of department and Institute
* Responsible for architecting, building, and configuring Dana\\-Farber’s operational AI tools and platforms
* Collaboratively develops institutional AI strategy in partnership with Research, Clinical, and Operational leaders
* Technical “horizontal” leader within I\\&A for AI and data science use cases in Operations, Clinical Practice, and Research in partnership with the 3 “vertical” client\\-facing leaders
* Manages $5M\\+ of contracts and personnel resources (e.g, Snowflake, Databricks, John Snow Labs, Informatics Core Services, Azure, Onyx)
* Core Member of the Dana\\-Farber AI Governance Committee
* Develops Institute AI policies and guidance for validation, testing, deployment, and monitoring of clinical artificial intelligence tools/models in partnership with the CIO, CQO, CDAO, General Counsel, and AI Governance Committee. Helps DFCI responds to regulatory guidelines from federal and state agencies
* Delivers $2\\-5M in annual value from AI initiatives in partnership with I\\&A client\\-facing verticals
* Responsible for building the AI infrastructure necessary to support the $40M\\+ federated AI research collaboration known as the Cancer AI Alliance, in partnership with other technical leaders and architects at Memorial Sloan Kettering, Fred Hutch Cancer Center, Sidney Kimmel Comprehensive Cancer Center at Johns Hopkins, and Dana\\-Farber
* Keeps abreast of AI \\& data science strategies in other academic medical centers. Represents Dana\\-Farber in conversations with AI leaders from other Cancer Centers and with AI/cloud vendors (e.g., Microsoft, Amazon, Google Cloud, NVIDIA)
* Responsible for developing and maintaining direct productive relationships with VPs and SVPs, including the CIO, Chief Counsel, CQO, CMIO, VP Enterprise Data \\& Analytics, and VP Research Informatics Operations
* Interacts directly with research faculty to provide AI operations and data science services through the Informatics Core. Represents all Informatics \\& Analytics capabilities to these clients
* Budget responsibility $5\\-10M. Acts as a responsible steward of DFCI and I\\&A financial resources. Responsible for managing an AI and data\\-science core services team in support of DFCI research labs, which includes negotiation of service level agreements, and careful budget management
* Helps Dana\\-Farber develop and advance our culture of measurement and learning, by partnering with the CQO, CMIO, research leaders, and others to design and implement quality\\-improvement trials, randomization within the medical record, and other real\\-world observational learning to improve the outcomes and experience of patients and providers

**KNOWLEDGE, SKILLS, AND ABILITIES REQUIRED:**

* Expert in the application of AI, data science, and machine learning in research and healthcare environments
* Machine Learning \\& Deep Learning: Expertise in supervised and unsupervised learning, neural networks, NLP and LLM models for healthcare applications like predictive analytics, imaging, pathology, and clinical decision support
* Proficient in AI Frameworks \\& Cloud Services, able to configure and deploy secure, scalable, HIPAA\\-compliant AI solutions in commercial cloud vendors (e.g., Azure, Google Cloud) and in on\\-premises high\\-performance computing environments
* MLOps: Expertise in managing the model lifecycle (training, deployment, monitoring), using Kubernetes and orchestration systems as well as tools like MLFlow for assuring the reproducibility of computational research while ensuring compliance with relevant regulation (e.g., HIPAA) and applicable policies
* Experience with software licensing, copyright law, and patents
* Experience designing and deploying scalable AI systems for healthcare, preferably including radiology, digital pathology, medical text, audio recordings, claims data
* Experience using common healthcare data standards (e.g., DICOM, OMOP, FHIR, HL7\\)
* Experience collaboratively developing AI strategy for an organization, preferably healthcare
* Experience leading multi\\-disciplinary teams (ML \\& data scientists, AI scientists \\& engineers, data engineers, prompt engineers, clinicians) to collaboratively deliver high\\-impact business initiatives
* Proven record of hiring top technical talent and ensuring growth and job satisfaction of team members. Able to build relationships with top graduate programs in the Boston area to develop talent pipelines
* Proficient in guiding and supporting career development and performance management, and developing new leaders
* Strong publication record in AI and biomedicine
* Experience developing AI policy and guidance for an institution, and ensuring deployed AI models meet scientific and safety standards, comply with healthcare regulations, and make a measurable difference
* Experience in turning AI models into consumable healthcare products and services, such as diagnostic tools or clinical decision support systems
* Clinical Collaboration: experience partnering with clinicians and other healthcare professionals to ensure AI tools address real\\-world challenges and are validated for practical use in clinical settings
* Strong client service orientation with excellent interpersonal skills; able to interact effectively with all levels of staff and external contacts
* Presents results persuasively and accurately verbally or in writing, and in delivering good or bad news
* Collaborates effectively across the enterprise. Skillfully influences stakeholders to ask better questions and sharpen focus on analyses that will have the highest and broadest impact for DFCI
* Demonstrates self\\-awareness, professionalism, agility and flexibility, a strong work ethic, appropriate humility, and the ability to lead through challenging situations. Thinks and acts consistently with a broader “we” mentality, i.e., what’s best for DFCI as a whole vs. self, “my team,” or “my group”, or “my department”

**MINIMUM JOB QUALIFICATIONS:**


The position requires a PhD in a STEM field, with 15\\+ years of relevant professional experience, including 5\\+ years in a biomedical or healthcare setting, and 10\\+ years of direct people management experience. An advanced degree may substitute for some professional experience (master’s for 1 year; PhD for 3 years).

**SUPERVISORY RESPONSIBILITIES:**


Manages a group of 20\\-35\\+ FTE or budget equivalent, which includes other people managers. The senor director manages multiple teams. May supervise up to 50 additional FTE via matrix or vendor partnerships, including outsourced and offshore resources.

**PATIENT CONTACT:** None


At Dana\\-Farber Cancer Institute, we work every day to create an innovative, caring, and inclusive environment where every patient, family, and staff member feels they belong. As relentless as we are in our mission to reduce the burden of cancer for all, we are committed to having faculty and staff who offer multifaceted experiences. Cancer knows no boundaries and when it comes to hiring the most dedicated and compassionate professionals, neither do we. If working in this kind of organization inspires you, we encourage you to .


Dana\\-Farber Cancer Institute is an equal opportunity employer and affirms the right of every qualified applicant to receive consideration for employment without regard to race, color, religion, sex, gender identity or expression, national origin, sexual orientation, genetic information, disability, age, ancestry, military service, protected veteran status, or other characteristics protected by law.


### **EEO Poster**


.
Pay Transparency Statement


The hiring range is based on market pay structures, with individual salaries determined by factors such as business needs, market conditions, internal equity, and based on the candidate’s relevant experience, skills and qualifications.


For union positions, the pay range is determined by the Collective Bargaining Agreement (CBA).


$243,000\\.00 \\- $257,400\\.00","","https://www.indeed.com/cmp/Dana--farber-Cancer-Institute","https://d2q79iu7y748jz.cloudfront.net/s/_squarelogo/256x256/735eb2e71324ff6d0e80d3d8272cbdfe","http://www.dana-farber.org","Boston, MA","1,001 to 5,000","$500M to $1B (USD)","The Dana-Farber Cancer Institute fights cancer on two fronts: It provides treatment to cancer patients, young and old, and researches new cancer diagnostics, treatments, and preventions.","","","","","",""
"in-eb0cede7ee8b6158","indeed","https://www.indeed.com/viewjob?jk=eb0cede7ee8b6158","https://FCA.contacthr.com/152260363","Senior Data Engineer – Platform Foundation","Stellantis","Auburn Hills, MI, US","2026-05-28","","","","","","",False,"","","","","The Senior Data Engineer – Platform Foundation is a hands\\-on, senior\\-level contributor embedded in the Foundations squad. You will design, build, and evolve the shared ingestion platform that underpins data delivery across the company. The platform is the product — your job is to make it reliable, extensible, and easy for other teams to adopt.  


The Foundations squad operates across three pillars: simplifying the overall data platform landscape by reducing complexity and consolidating redundant patterns; enabling structured and unstructured data ingestion at scale; and supporting the exposure of data products to consumers across the organization. You contribute to all three — making architectural decisions, writing production code, and enabling other teams through documentation and hands\\-on support.  


Key Responsibilities:  


Platform Foundation Development  


Design and implement reusable ingestion components using dlt and dbt\\-core, covering both structured and unstructured data sources, handling high\\-volume, append\\-heavy, and schema\\-drifting patterns  
Own the Airflow platform end\\-to\\-end: extend and maintain DAGs and shared operators, handle deployments and version upgrades, and provide hands\\-on support to consuming teams  
Ensure incremental loading strategies, data quality checks, and lineage metadata are first\\-class outputs of every pipeline  


Platform Simplification \\& Architecture  


Identify and eliminate redundant ingestion patterns across consuming teams, drive standardization onto shared Platform Foundation components  
Collaborate with Solution Architects to evolve the platform architecture in response to new data sources and shifting business requirements  
Support data product exposure: define and implement governed interfaces that make data reliably accessible to internal consumers  
Contribute to Terraform\\-managed infrastructure; participate in multi\\-cloud (AWS / Azure) deployment patterns  


AI Tooling \\& Developer Productivity  


Actively use and evaluate AI\\-assisted development tools (GitHub Copilot, Claude Code, etc.) to accelerate platform Foundation delivery  
Champion AI tooling adoption within the squad; share best practices and guardrails around AI\\-generated code review  
Explore AI\\-powered capabilities (RAG pipelines, LLM\\-assisted data cataloguing) for internal platform documentation and self\\-service enablement  


DevOps \\& Reliability  


Maintain and improve CI/CD pipelines (TeamCity, GitHub Actions) for platform Foundation components  
Define and enforce observability standards: DAG/Task\\-level alerting, SLA tracking  
Participate in on\\-call rotation for critical ingestion pipelines; drive post\\-incident improvements  


Team Enablement \\& Stakeholder Management  


Produce platform Foundation documentation, runbooks, and enablement materials for consuming squads  
Translate ambiguous or moving business requirements into concrete technical designs — comfortable challenging scope when needed  
Mentor mid\\-level engineers; participate in hiring and technical assessments  
Requirements:  


Basic Qualifications:  


Bachelor's degree in Business, Information Systems, Data/Analytics, Computer Science, or related field  
Minimum 5 years in data engineering roles, with at least 2 years in a senior / platform\\-level position  
Proven track record building production ingestion and transformation pipelines at scale  
Experience contributing to a shared platform or internal developer tooling consumed by multiple teams  


Core Technical Skills:  


Python: idiomatic, testable, production\\-grade code — not just scripting  
dbt\\-core: advanced modelling (custom materializations), testing, documentation, packages  
Apache Airflow: DAG design patterns, custom operators, dynamic task mapping, SLA management  
Cloud data platforms: comfortable with one or more major cloud warehouses (Snowflake, BigQuery, Databricks, Microsoft Fabric)  
SQL: complex analytical queries, window functions, query profiling  
Git, CI/CD: trunk\\-based development, automated testing gates, pipeline\\-as\\-code  


AI \\& Modern Tooling:  


Daily user of AI coding assistants (Copilot, Claude Code or equivalent)  
Understands the limits of AI\\-generated code — applies rigorous review, not blind trust  
Interest in LLM\\-powered data tooling (RAG pipelines, Cortex, semantic layers) is a plus  


Behavioral:  


Navigates ambiguity: comfortable when requirements shift mid\\-sprint; drives clarification rather than waiting. Comfortable working with global teams  
Platform mindset: builds for reuse, not one\\-off solutions  
Direct communicator: raises blockers early, documents decisions, challenges assumptions constructively  
Learner: actively tracks technology evolution","","https://www.indeed.com/cmp/Stellantis","https://d2q79iu7y748jz.cloudfront.net/s/_squarelogo/256x256/cdce24c52a8955b06ab88ef14efdeaff","http://www.stellantis.com","Amsterdam","10,000+","more than $10B (USD)","Our People Make the Difference Behind every brand, behind every product there is a team of talented people who make it possible. We are coming together with 14 iconic automotive brands. Join Us!","","","","","",""
"in-528c2154e24d1767","indeed","https://www.indeed.com/viewjob?jk=528c2154e24d1767","https://carlyle.avature.net/externalcareers/JobDetail/Data-AI-Engineer/5422","Data & AI Engineer","The Carlyle Group","Washington, DC, US","2026-05-28","","direct_data","yearly",160000.0,180000.0,"USD",False,"","","","","### **Basic information**

Job Name:
Data \\& AI Engineer
Location:
Washington, DC
Line of Business:
Global Technology \\& Solutions
Job Function:
Investor Services
Date:
Thursday, May 28, 2026
### **Position Summary**

**Fund or Department Description**The Data \\& AI Engineer sits within Carlyle’s Enterprise Technology \\& Data organization and supports firm\\-wide data and AI initiatives spanning investment platforms, portfolio operations, investor relations, and corporate functions. The role operates within a federated data operating model, partnering with domain engineering teams to implement shared platforms and reusable patterns for data and AI under the technical direction of the Senior AI \\& Data Architect.  

  

**Position Summary**The Data \\& AI Engineer is an experienced, hands\\-on engineer who turns Carlyle’s data and AI architecture into working production systems. Reporting to the Senior AI \\& Data Architect, this role is responsible for building and operating the pipelines, semantic layers, retrieval systems, and AI\\-ready data products that power analytics, automation, LLMs, agents, and generative AI applications across the firm.  

  

The role requires deep, hands\\-on expertise across modern data engineering and applied AI engineering. The Data \\& AI Engineer will implement retrieval\\-augmented generation (RAG) patterns, embedding and indexing pipelines, vector stores, and semantic models alongside core ELT, streaming, and analytical pipelines — treating LLMs, agents, and copilots as first\\-class consumers of the data platform.  

  

This is a senior individual\\-contributor engineering role that executes against architectural standards, contributes to their evolution through hands\\-on learning, and partners closely with data science, AI engineering, governance, and domain teams to deliver trusted, AI\\-consumable data at enterprise scale.  

  

**What Success Looks Like:** In the first 12 months, this role will deliver foundational AI\\-ready data pipelines and retrieval components defined in the target\\-state architecture, productionize one or more priority RAG or agent\\-grounding use cases, and establish reusable engineering patterns that other domain teams can adopt across the federated data platform.  

  

**In\\-office requirement:** 4 days per week  

  

**Location:** Washington, D.C. or New York, NY
### **Responsibilities**

**AI Data Pipelines \\& Retrieval Systems ( 35%)*** Build and operate AI\\-ready data pipelines — embedding generation, chunking, indexing, and refresh workflows — that make Carlyle’s enterprise data reliably retrievable by LLMs, agents, and generative AI applications.
* Implement retrieval\\-augmented generation (RAG) components, including vector store integrations, hybrid search, re\\-ranking, and grounding logic, against architectural patterns defined by the Senior AI \\& Data Architect.
* Develop and maintain tool and function interfaces that allow agents and copilots to query and act on enterprise data safely, with appropriate guardrails, logging, and evaluation hooks.
* Partner with Data Science and AI Engineering teams to operationalize feature stores, evaluation datasets, and reusable AI data products.
* Contribute to semantic and context engineering work that powers natural\\-language analytics, conversational reporting, and AI\\-driven insights for business users.
 **Modern Data Pipeline Engineering ( 30%)*** Design, build, and maintain production\\-grade ELT, streaming, and transformation pipelines using tools such as dbt, Fivetran and Snowflake.
* Implement ingestion, modeling, and consumption patterns that meet enterprise standards for scalability, performance, security, resiliency, and cost efficiency.
* Write clean, well\\-tested Python and SQL; apply software engineering best practices including version control, code review, CI/CD, modular design, and automated testing.
* Productionize new sources and domains under the federated operating model, partnering with domain data engineers to apply shared platform capabilities consistently.
 **Semantic Layer \\& Data Product Development ( 20%)*** Implement semantic models, data contracts, and analytical/dimensional models that enable trusted self\\-service analytics and reliable AI grounding.
* Build and maintain reusable data products with clear ownership, documented contracts, and contextual metadata suitable for both human and AI consumers.
* Collaborate with the Senior AI \\& Data Architect to refine and extend enterprise semantic standards based on what works in production.
* Support discovery and consumption tooling so that analysts, applications, and agents can find and use data products with minimal friction.
 **Data Quality, Observability \\& AI Trust ( 10%)*** Implement data quality checks, lineage capture, and pipeline observability across both data and AI workloads.
* Build logging, evaluation, and monitoring components for AI systems — including prompt and response capture, retrieval metrics, and model performance signals — in line with governance standards.
* Partner with Data Governance to operationalize metadata, stewardship, and access controls, ensuring AI systems consume enterprise data with the same rigor as human users.
* Surface issues early, propose remediations, and feed lessons learned back into architectural patterns.
 **Collaboration \\& Engineering Craft ( 5%)*** Participate in architectural design reviews and contribute hands\\-on engineering perspective to evolving patterns and standards.
* Mentor junior data engineers and analysts on modern data and AI engineering practices.
* Document patterns, write runbooks, and share knowledge across the federated organization to accelerate adoption of reusable platform capabilities.

### **Qualifications**

**Education \\& Certifications*** Bachelor’s degree, required
* Concentration in computer science, data engineering, information systems, or a related field, preferred
* Masters degree, preferred
* Relevant certifications in cloud, data engineering, analytics, or AI/ML are preferred
 **Professional Experience*** 6\\+ years of overall relevant technical experience, required
* Experience in data engineering, analytics engineering, or platform engineering, with at least 1–2 years of direct, hands\\-on experience building generative AI or AI/ML systems in production.
* Proven experience implementing retrieval, grounding, and semantic components for LLM\\- or agent\\-based applications, including RAG pipelines, vector stores, embedding workflows, and structured tool use.
* Hands\\-on experience with one or more modern AI platforms and tooling categories (e.g., AWS Bedrock, Databricks ML, Snowflake Cortex, OpenAI/Anthropic APIs, LangChain/LlamaIndex or equivalents, MLflow, and vector databases such as Databricks Vector Search, pgvector, or Pinecone).
* Strong, demonstrable expertise in Python and SQL, with working knowledge of distributed processing frameworks (e.g., Spark).
* Deep, hands\\-on experience with modern data stacks — dbt, Fivetran, Snowflake — in AWS\\-based environments.
* Track record of building data pipelines and products whose consumers include AI systems, not only BI tools and human analysts.
* Palantir experience a plus.
* Experience operating within federated data operating models and complex, regulated enterprise environments; financial services experience preferred.
 **Competencies \\& Attributes*** Demonstrated AI\\-forward instinct: defaults to asking how AI changes what gets built, rather than whether AI can be added later.
* Fluency in current AI engineering patterns (RAG, agents, tool use, evaluations, guardrails, observability) and the practical trade\\-offs involved in shipping them.
* Strong engineering craft: clean code, automated testing, thoughtful design, and a bias toward production\\-quality systems over prototypes.
* Pragmatic, delivery\\-oriented mindset with strong attention to data quality, AI trust, and long\\-term maintainability; able to distinguish durable engineering decisions from AI hype.
* Collaborative partner to architects, data scientists, AI engineers, and domain teams; comfortable operating in a matrixed, federated organization and in high\\-visibility transformational initiatives.
 **Benefits/Compensation**The compensation range for this role is specific to the applicable office location and takes into account a wide range of factors, including required and preferred skill sets; prior experience and training; and licenses and/or certifications.  

  

The anticipated base salary range for this role is $160,000 to $180,000\\.  

  

In addition to base salary, the hired professional will receive a comprehensive benefits package including retirement benefits, health insurance, life and disability insurance, paid time off, paid holidays, family planning benefits, and wellness programs. The hired professional may also be eligible for an annual discretionary incentive program based on individual and organizational performance.
### **Company Information**

The Carlyle Group (NASDAQ: CG) is a global investment firm with $475 billion of assets under management, across 678 investment vehicles as of March 31, 2026\\. Founded in 1987 in Washington, DC, Carlyle has grown into one of the world's largest and most successful investment firms, with more than 2,500 professionals operating in 28 offices in North America, Europe, the Middle East, Asia and Australia.

  

Carlyle’s purpose is to connect people, ideas, and capital to fuel growth for companies and performance for investors, which range from public and private pension funds to wealthy individuals and families to sovereign wealth funds, unions and corporations. Carlyle invests across three segments – Global Private Equity, Global Credit and Carlyle AlpInvest – and has deep expertise across industries, markets, and geographies.

  

At Carlyle, we believe that a wide spectrum of experiences and viewpoints drives performance and success. Our CEO, Harvey Schwartz, has stated that, ""To build better businesses and create value for all of our stakeholders, we are focused on assembling leadership teams with the strongest insights from a range of perspectives."" Reflecting this view, emphasis is placed on development, retention and inclusion through our internal processes and seven Employee Resource Groups (ERGs). We cultivate a culture where ideas are openly shared and challenged, connecting diverse expertise and perspectives to drive enduring value.","Banks And Financial Services","https://www.indeed.com/cmp/The-Carlyle-Group","https://d2q79iu7y748jz.cloudfront.net/s/_squarelogo/256x256/7899aaacf99fe3cdbd5c176f827a761a","https://www.carlyle.com","Washington, DC","1,001 to 5,000","$1B to $5B (USD)","","","","","","",""
"in-cb794954f3511813","indeed","https://www.indeed.com/viewjob?jk=cb794954f3511813","https://cloudera.wd5.myworkdayjobs.com/en-US/External_Career/job/US-California-Remote/Staff-Software-Engineer--Spark_251448","Staff Software Engineer, Spark","Cloudera","CA, US","2026-05-28","fulltime","direct_data","yearly",164000.0,210000.0,"USD",True,"","","","","**Business Area:**

Engineering**Seniority Level:**


Mid\\-Senior level**Job Description:**


At Cloudera, we empower people to transform complex data into clear and actionable insights. With as much data under management as the hyperscalers, we're the preferred data partner for the top companies in almost every industry. Powered by the relentless innovation of the open source community, Cloudera advances digital transformation for the world’s largest enterprises.


At Cloudera, we empower people to transform complex data into clear and actionable insights. With as much data under management as the hyperscalers, we are the preferred data partner for top companies in almost every industry. Powered by the relentless innovation of the open source community, Cloudera advances digital transformation for the world’s largest enterprises.


Cloudera Data Engineering is the next\\-generation cloud\\-native service that helps our customers run large\\-scale data engineering workflows made up of industry\\-standard big data processing frameworks like Apache Spark and Apache Airflow with just a few clicks, across both on\\-premises and public cloud environments.


We are seeking a Staff Engineer with a strong technical background in Spark to lead the Cloudera Data Engineering Spark experience for all customers using Cloudera Data Services, Machine Learning services, and more. This high\\-impact IC role offers the opportunity to shape the future of Cloudera’s Spark space across multiple cloud environments, impacting thousands of customers worldwide.

**As a Staff Engineer in the Cloudera Data Engineering space, you will:**

* Gain deep technical knowledge across the Cloudera Data Engineering Experience stack, with a strong focus on Spark, and apply this expertise in your daily work.
* Build new features and improve Spark scale and performance to deliver a seamless experience for Cloudera’s data engineering customers.
* Work with a team of talented Spark and infrastructure engineers. Help hire and mentor engineers while supporting their career growth.
* Drive architecture and design discussions, providing strong technical direction for the team.
* Collaborate with product, engineering, and cross\\-functional partners, leading the delivery of several large, critical features in Cloudera’s Spark space.
* Work on large\\-scale distributed systems, ranging from hundreds to thousands of nodes in production clusters.
* Bring passion for programming, clean coding practices, attention to detail, and a strong focus on quality.

**We are excited about you if you have (Required Experience):**

* BE, MS, or Ph.D. in Computer Science or equivalent experience.
* 5\\+ years of experience as a software engineer building infrastructure systems.
* Experience developing Apache Spark or related technologies.
* Experience as a technical lead, from proposing new features to coordinating work across team members through product delivery.
* Ability to drive architecture and design discussions and provide technical direction.
* Strong understanding of at least one of the following languages: Java, Scala, Rust, C\\+\\+, or Python.
* Excellent collaboration and communication skills.

**You might also have…**

* Experience with one of the public clouds (AWS, Azure, GCP) and/or private cloud platforms (OpenShift, Rancher).
* Experience with concurrent and distributed systems, especially on the JVM.
* Experience building and maintaining containerized applications on Kubernetes.
* Contributions to open\\-source projects.

**Why this role matters:**


This is your opportunity to build cloud\\-native solutions that are deployable anywhere whether in massive clusters on any cloud provider or in private data centers. You’ll work with cutting\\-edge technologies like Trino, Spark, Airflow, and advanced AI inferencing systems to shape the future of analytics. Your code will directly influence how data engineers, analysts, and developers worldwide find value in their data.


We believe in the power of open source. You’ll collaborate with project committers, contributing upstream to keep technologies like Apache Hive and Impala evolving. You’ll harden these engines for rock\\-solid security, optimize them for peak performance, and make them effortlessly run across all environments. Join us and help build the trusted, cloud\\-native platform that powers insights for the most data\\-intensive companies on the planet.

**This role is not eligible for immigration sponsorship or relocation.**

*The anticipated annual base salary range for this position is:*

* *California: $164,000\\- $210,000*

*Individual compensation within the published range is determined by the candidate's skills, experience, qualifications, and primary work location. In addition to base pay, sales roles are eligible for Cloudera's commission plan, while non\\-sales roles are eligible for the corporate incentive plan. All employees receive a comprehensive benefits package.*

**What you can expect from us:**

* Generous PTO Policy
* Support work life balance with Unplugged Days
* Flexible WFH Policy
* Mental \\& Physical Wellness programs
* Phone and Internet Reimbursement program
* Access to Continued Career Development
* Comprehensive Benefits and Competitive Packages
* Paid Volunteer Time
* Employee Resource Groups


EEO/VEVRAA


\\#LI\\-BV1


\\#LI\\-REMOTE","","https://www.indeed.com/cmp/Cloudera","https://d2q79iu7y748jz.cloudfront.net/s/_squarelogo/256x256/d1833bab063bfa8e02e857eccddaaff7","https://www.cloudera.com","San Jose, CA","1,001 to 5,000","$1B to $5B (USD)","Our mission is to make data and analytics easy and accessible, for everyone. We empower people to transform complex data anywhere into actionable insights faster and easier.","","","","","",""
"in-0227bae85263e0ce","indeed","https://www.indeed.com/viewjob?jk=0227bae85263e0ce","https://ritepros.com/bde.php","Big Data Engineer","ritepros","Portland, ME, US","2026-05-28","","","","","","",False,"","","","resumes@ritepros.com","**Big Data Engineer** with Bachelor Degree in Computer Science, Computer Information Systems, Information Technology, or a combination of education and experience equating to the U.S. equivalent of a Bachelor’s degree in one of the aforementioned subjects.


**Job Duties and Responsibilities:**


* Collaborate with System Architects to design, develop, test, and implement efficient Snowflake data models aligned with enterprise data warehousing standards.
* Build and manage cloud and hybrid integrations using third\\-party ETL tools like Azure Data Factory for seamless Snowflake data pipelines.
* Maintain CI/CD pipelines in GitHub and Azure DevOps to ensure code quality, version control, and automated deployment for Snowflake solutions.
* Conduct SQL performance analysis, query optimization, and database tuning to improve efficiency and scalability in Snowflake models.
* Develop robust, scalable Snowflake integrations and data models following industry best practices.
* Perform root cause analysis on data model issues and resolve performance bottlenecks to maintain reliable Snowflake systems.
* Engage with customers and architects to refine requirements and communicate effectively for business alignment.
* Apply strong time management to prioritize concurrent tasks and deliver Snowflake projects promptly.
* Use analytical and problem\\-solving skills to address complex warehouse challenges within the Snowflake ecosystem.
**Work experience / Technologies required for the position:**


* At least 5\\+ years of experience in building and optimizing Big Data, Data pipelines, architectures and data sets.
* Experience in performing root cause analysis on internal and external data and processes to answer specific business questions and identify opportunities for improvement.
* Strong analytic skills related to working with unstructured datasets.
* Build processes supporting data transformation, data structures, meta data, dependency and workload management.
* A successful history of manipulating, processing and extracting value from large disconnected data sets.
* Working knowledge of message queuing, stream processing, and highly scalable Big Data, data stores.
* Experience in supporting and working with cross\\-functional teams in a dynamic environment.
* Experience with big data tools: Hadoop, Spark, Kafka, etc.
* Experience with relational SQL and NoSQL databases, including AzureSQL and Snowflake.
* Experience with Azure cloud services: ADLS, AzureSynapse, Azure Databricks, Delta Lake
* Experience with stream\\-processing systems: Storm, Spark\\-Streaming, etc.
* Experience with object\\-oriented/object function scripting languages: Python, Java, C\\+\\+, Scala, etc.
Work location is Portland, ME with required travel to client locations throughout USA.
  

  

Rite Pros is an equal opportunity employer (EOE).
  

  

**Please Mail Resumes to:**  

Rite Pros, Inc.
  

565 Congress St, Suite \\# 305
  

Portland, ME 04101\\.


**Email:** **resumes@ritepros.com**","","https://www.indeed.com/cmp/Ritepros","","","","","","","","","","","",""
"in-dcc9efb7bf0927cb","indeed","https://www.indeed.com/viewjob?jk=dcc9efb7bf0927cb","https://ritepros.com/de.php","Data Engineer","ritepros","Portland, ME, US","2026-05-28","","","","","","",False,"","","","resumes@ritepros.com","**Data Engineer** with Bachelor’s Degree in Computer Science, Computer Information Systems, Information Technology, or a combination of education and experience equating to the U.S. equivalent of a Bachelor’s degree in one of the aforementioned subjects.


**Job Duties and Responsibilities:**


* Review, analyze, and evaluate business and user needs. Design and build robust Data models that align with business requirements.
* Develop and maintain data pipelines that facilitate seamless Data flow from various sources to data warehouses or storage systems.
* Document requirements, define scope and objectives, and formulate solutions to parallel overall business strategies.
* Create scalable data architectures that accommodate growth and evolving data needs.
* Responsible for compliance with applicable Corporate and Divisional Policies and procedures.
* Participates as a technical team member in design, programming, testing of data projects and enhancements across MA360 \\& Payer MDM solutions.
* Research \\& evaluate alternative solutions and makes recommendations for improved system outcomes, control or enhanced business function.
* Manage relationships between clients involved, brokers services within BTS community on behalf of customers, coordinates solutions.
* Works with a variety of partners to understand business requirements, provides input to the build and maintenance of the MA360 backlog.
* Works with business teams to understand and document business use cases.
* Assist with the implementation of projects to ensure successful completion within the project timeline.
* Build and maintain relationships with stakeholders to ensure strong cross\\-group collaboration.
* Devise data verification methods \\& standard system procedures, participates in testing, prepares program test data, tests and debugs programs.

Generally, supports commodity or generic/unspecified skills, such as Data Engineering, Application Support, Business Analyst, Compliance Consulting, Data warehousing, Domain SME, SCM Planning Consultant, SharePoint BSA, Sr. Business Analyst, SQL, PL/SQL and Unix.


**Technologies/Expertise Required:**


* Proficiency in programming languages such as Python, Java, SQL.
* Experience with big data technologies (e.g., Hadoop, Spark).
* Familiarity with cloud\\-based systems (e.g., AWS, Azure).
* Knowledge of data integration and ETL tools (e.g., Reltio, Informatica).
* Expertise on Data Ingestion, Data Storage, Orchestration, Data Fabric, Error logging and Auditing, Job Monitoring, data management on Cloud.
* Good knowledge of Azure Databricks and/or AWS EMR
* Good understanding of Data warehousing concepts and best practices
* Strong in at least one of the Programming languages \\- Python or Java and Programming basics \\- Data Structures.
Work location is Portland, ME with required travel to client locations throughout USA.
  

  

Rite Pros is an equal opportunity employer (EOE).
  

  

**Please Mail Resumes to:**  

Rite Pros, Inc.
  

565 Congress St, Suite \\# 305
  

Portland, ME 04101\\.


**Email:** **resumes@ritepros.com**","","https://www.indeed.com/cmp/Ritepros","","","","","","","","","","","",""
"in-28b17aa00b0fc706","indeed","https://www.indeed.com/viewjob?jk=28b17aa00b0fc706","https://ritepros.com/sol_arc.php","Solution Architect","ritepros","Portland, ME, US","2026-05-28","","","","","","",False,"","","","resumes@ritepros.com","**Solution Architect** with Bachelor’s Degree in Computer Science, Computer Information Systems, Information Technology, or a combination of education and experience equating to the U.S. equivalent of a Bachelor’s degree in one of the aforementioned subjects.


**Job Duties and Responsibilities:**


* Architect enterprise\\-grade data solutions for financial institutions using DataBlaze’s AI\\-powered knowledge graph, enabling real\\-time query resolution across structured, semi\\-structured, and unstructured data sources.
* Lead design and implementation of cloud\\-native microservices\\-based data mesh architecture, facilitating decentralized data ownership and scalability across KYC, AML, and fraud detection systems.
* Develop data integration blueprints incorporating streaming ingestion pipelines, ETL/ELT frameworks, and no\\-code connectors, supporting rapid onboarding of regulatory and transactional datasets.
* Engineer semantic ontologies and metadata models aligned with FINRA, OCC, and Basel III requirements, enabling automated compliance reporting and lineage tracking within complex multi\\-jurisdictional environments.
* Design custom inference pipelines leveraging AI/ML models and graph traversal logic, enabling proactive detection of suspicious transaction patterns and enhancing anti\\-fraud frameworks.
* Collaborate with cross\\-functional teams—including compliance officers, data scientists, and DevOps engineers to deploy resilient, high\\-throughput data services on AWS, Azure and GCP, achieving 99\\.99% availability.
* Deliver solution architectures integrating DataBlaze with third\\-party systems (e.g., Snowflake, Databricks, Splunk, Palantir), ensuring seamless data federation and actionable insight generation across fragmented data ecosystems.
* Author comprehensive architectural artifacts—data flow diagrams, sequence diagrams, and API schemas—used by internal and client\\-side development teams across high\\-impact financial engagements.
* Maintain architecture documentation: design artifacts, data dictionaries, API specs, ontology models, and governance policies.
* Collaborate in maintaining an enterprise metadata strategy, ensuring interoperability with data catalogs and compliance tools.
* Oversee technical teams (data engineers, developers, integrators) during deployment to ensure adherence to architecture, scalability, resilience, performance, and security standards.
* Mentor and guide other architects or engineering teams on best practices around knowledge graph modeling, microservices orchestration, and cloud deployment.
* Spearhead customer architecture workshops and proof\\-of\\-concept implementations for global Tier 1 Banks/Financial Institutions, contributing to enterprise adoption of knowledge graph–driven data governance.
**Technologies / Environment involved:**


* Distributed storage: AWS Cloud Storage (S3\\), Azure HD Insight, Google Cloud (GCP)
* Database management: Mongo DB, Cassandra, Postgres, Oracle, MS SQL Server, Redshift
* Graph Processing: Neo4J
* Machine learning: Spark Machine Learning Library (MLlib), TensorFlow, Keras, Pytorch
* Data processing: Spark, Hadoop MapReduce, Kafka and Storm, Airflow, Spark\\-streaming
* Programming Languages: Java, Scala, Python \\[REST Framework], PySpark
* DevOps Tools: BitBucket, Git, Apache Maven, Selenium, Jenkins, Docker
Work location is Portland, ME with required travel to client locations throughout USA.
  

  

Rite Pros is an equal opportunity employer (EOE).
  

  

**Please Mail Resumes to:**  

Rite Pros, Inc.
  

565 Congress St, Suite \\# 305
  

Portland, ME 04101\\.


**Email:** **resumes@ritepros.com**","","https://www.indeed.com/cmp/Ritepros","","","","","","","","","","","",""
"in-0f021406866c8cb1","indeed","https://www.indeed.com/viewjob?jk=0f021406866c8cb1","https://ritepros.com/data_e1.php","Data Engineer","ritepros","Portland, ME, US","2026-05-28","","","","","","",False,"","","","resumes@ritepros.com","**Data Engineer** with Bachelor’s degree in Computer Science, Computer Information Systems, Information Technology, or a combination of education and experience equating to the U.S. equivalent of a Master’s degree in one of the aforementioned subjects.


**Job Duties and Responsibilities:**


* Design and develop real\\-time data streaming pipelines with Apache Kafka, Flume, and Apache Storm for event\\-driven applications.
* Ensure high availability and fault tolerance through scalable systems using YARN, Kubernetes, Docker, and Redis for checkpointing.
* Develop and optimize Spark applications in Scala, processing large datasets and integrating XML data parsing (DOM/SAX).
* Model and implement scalable Cassandra solutions, focusing on high\\-throughput, low\\-latency real\\- time data storage and queries.
* Integrate Cassandra with Spark, Kafka, and Flume for real\\-time data ingestion and analytics.
* Design and implement cloud\\-based deployments on AWS, leveraging services like EC2, S3, and Redshift.
* Automate cloud infrastructure provisioning using AWS CloudFormation, Terraform, and Ansible for scalable and reproducible environments.
* Implement monitoring and alerting systems using Splunk, Grafana, Elastic Search on AWS for system health tracking.
* Develop and maintain backend applications using Java, Scala, Spring Boot, and Akka for scalable microservices.
* Optimize backend services for performance, reliability, and scalability in a microservices architecture.
* Ensure data security and compliance by implementing encryption, access control, and other best practices across data storage, pipelines, and cloud infrastructure.
* Design and optimize Cassandra data models for time\\-series data, ensuring efficient queries and minimal latency.
* Write high\\-performance data pipelines for real\\-time data processing, using technologies such as Kafka and Spark Streaming.
* Work on system performance optimization, including fine\\-tuning Spark jobs, Cassandra clusters, and Kafka\\-based pipelines for optimal throughput.
* Develop and expose RESTful APIs and GraphQL endpoints for backend services to interact with external systems or clients.
* Collaborate with stakeholders to translate business requirements into technical solutions, ensuring high\\-quality project delivery.
* Contribute to product roadmaps, prioritize features, and align development efforts with business goals.
* Lead and mentor junior engineers, providing guidance on best practices for system design, code quality, and performance tuning.
* Manage client expectations and ensure smooth project execution through regular status updates, reviews, and collaboration.
* Drive project delivery by managing timelines, effort estimation, work breakdown, and ensuring alignment with business objectives.
**Technologies/Environment involved:**


* Big Data / Hadoop: HDFS, MapReduce, Apache Pig, Hive, Sqoop, Flume, Yarn (MR2\\), Impala, Zookeeper, HUE (Hadoop User Experience), Sentry, Oozie, Spark, Key Management Server, Shell Scripting, Cloud Computing Architecture.
* Data Visualization and BI Tools: ETL Process Tools , Dashboard , Data Analytics, Tableau.
* Operating Systems: Linux, Unix, Windows.
* Databases: MongoDB, DynamoDB, Postgres, MySQL, Oracle.
* Cloud Technologies: WCNP, AWS, Azure.
* DevOps Tools: GitHub, Gradle, Jenkins, Docker, Kubernetes.
* Programming Languages \\& Framework: Java, Scala, Python, Spring, Akka, Flask
* Log monitoring tools: Datadog, Splunk, Grafana, Cloud watch
Work location is Portland, ME with required travel to client locations throughout USA.
  

  

Rite Pros is an equal opportunity employer (EOE).
  

  

**Please Mail Resumes to:**  

Rite Pros, Inc.
  

565 Congress St, Suite \\# 305
  

Portland, ME 04101\\.


**Email:** **resumes@ritepros.com**","","https://www.indeed.com/cmp/Ritepros","","","","","","","","","","","",""
"in-5f4fcf4bdf627b93","indeed","https://www.indeed.com/viewjob?jk=5f4fcf4bdf627b93","https://ritepros.com/data_e.php","Data Engineer","ritepros","Portland, ME, US","2026-05-28","","","","","","",False,"","","","resumes@ritepros.com","**Data Engineer** with Bachelor’s Degree in Computer Science, Computer Information Systems, Information Technology, or a combination of education and experience equating to the U.S. equivalent of a Bachelor’s degree in one of the aforementioned subjects.


**Job Duties and Responsibilities:**


* Design, develop, and maintain scalable, high\\-performance data solutions to handle large volumes of data across multiple platforms.
* Architect and optimize advanced ETL/ELT pipelines using Hadoop Ecosystem, Python, Spark, Hive, Presto, SQL to process structured, semi\\-structured, and unstructured data at scale.
* Collaborate with engineers, product managers, data analysts and data scientists to understand data needs and represent key data insights visually.
* Build and maintain real\\-time data streaming applications using Kafka, Flink, or similar technologies.
* Create and contribute to frameworks that improve the efficacy of logging data, working with data infrastructure to triage issues and resolve them.
* Work with BI teams to design, build, and launch sophisticated data models and visualizations that support multiple use cases across different products or domains.
* Build and maintain tools for data automation, monitoring, and CI/CD workflows for data engineering processes.
* Provide strategic insights on leveraging data to drive user engagement, content optimization, and platform growth.
**Technologies Involved / Skills required for the position:**


* Hadoop Ecosystem (HDFS, Hive, Spark, Sqoop, Presto), Python, SQL, PySpark, Scala, Scuba, Daiquery, Impala, Kafka, Flink, MySQL, Teradata, Dataswarm (data pipeline framework in Python), Hue, Mercurial, Jenkins, GitLab CI/CD, Tableau, Power BI, M360, Unidash.
Work location is Portland, ME with required travel to client locations throughout USA.
  

  

Rite Pros is an equal opportunity employer (EOE).
  

  

**Please Mail Resumes to:**  

Rite Pros, Inc.
  

565 Congress St, Suite \\# 305
  

Portland, ME 04101\\.


**Email:** **resumes@ritepros.com**","","https://www.indeed.com/cmp/Ritepros","","","","","","","","","","","",""
"in-c17d4cb02f0a19a5","indeed","https://www.indeed.com/viewjob?jk=c17d4cb02f0a19a5","https://ritepros.com/data_eng.php","Data Engineer","ritepros","Portland, ME, US","2026-05-28","","","","","","",False,"","","","resumes@ritepros.com","**Data Engineer** with Bachelor Degree in Computer Science, Computer Information Systems, Information Technology, or a combination of education and experience equating to the U.S. equivalent of a Bachelor’s degree in one of the aforementioned subjects.


**Job Duties and Responsibilities:**


* Design, build, and maintain scalable and efficient data pipelines using Azure\\-native services and Databricks.
* Integrate and transform structured and semi\\-structured data from various source systems into Snowflake.
* Implement data quality, governance, and cataloging standards in line with organizational data architecture.
* Collaborate closely with business analysts, power users, and executive stakeholders to understand reporting and analytics needs.
* Develop reusable data models and datasets optimized for interactive dashboards and executive level reporting.
* Work with BI teams to deliver end\\-to\\-end data visualization solutions in Tableau \\& Power BI.
* Participate in daily stand\\-ups, sprint planning, and review meetings to provide updates and support delivery timelines.
* Proactively identify and resolve data\\-related technical issues or inconsistencies.
**Work experience / Technologies required for the position:**


* Experience building and optimizing Big Data, Data pipelines, architectures and data sets.
* Experience performing root cause analysis on internal and external data and processes to answer specific business questions and identify opportunities for improvement.
* Strong analytic skills related to working with unstructured datasets.
* Build processes supporting data transformation, data structures, meta data, dependency and workload management.
* A successful history of manipulating, processing and extracting value from large disconnected data sets.
* Working knowledge of message queuing, stream processing, and highly scalable Big Data, data stores.
* Expertise in translating the existing procedures, packages into business documents and migrating them into the latest tech stack.
* Experience supporting and working with cross\\-functional teams in a dynamic environment.
* Experience with relational SQL and NoSQL databases, including AzureSQL and Snowflake.
* Experience with Azure cloud services: ADLS, AzureSynapse, Azure Databricks, Delta Lake.
* Experience with stream\\-processing systems: Spark\\-Streaming, etc.
* Experience with object\\-oriented/object function scripting languages: Python, TensorFlow, PyTorch, NLTK, NumPy, Java, C\\+\\+, Scala, etc.
**Skills and Technologies:**

* Azure Data Factory, Azure Data Lake, Azure Synapse (optional).
* Databricks (Spark, Python/SQL/Scala).
* Snowflake (data modeling, security, performance tuning).
* Tableau, Power BI, or other enterprise\\-grade BI tools.
* Git, CI/CD pipelines for data solutions (nice to have).
* Strong SQL and data wrangling skills.
Work location is Portland, ME with required travel to client locations throughout USA.
  

  

Rite Pros is an equal opportunity employer (EOE).
  

  

**Please Mail Resumes to:**  

Rite Pros, Inc.
  

565 Congress St, Suite \\# 305
  

Portland, ME 04101\\.


**Email:** **resumes@ritepros.com**","","https://www.indeed.com/cmp/Ritepros","","","","","","","","","","","",""
"in-b5aa443e693c5d8d","indeed","https://www.indeed.com/viewjob?jk=b5aa443e693c5d8d","https://hollstadt.my.salesforce-sites.com/jobboard/Jobsearch?JobId=a0WPn00000m8B7b","AI Developer","Hollstadt Consulting","MN, US","2026-05-28","contract","direct_data","hourly",90.0,100.0,"USD",True,"","","","","Minnesota \\- Developer


Hollstadt Overview


Hollstadt Consulting is a management and technology consulting firm dedicated to placing professionals at engagements where they will excel. When you work with us, you'll work with a refreshingly real company led and staffed by seasoned experts who are also down\\-to\\-earth, good people. We're committed to treating you with respect and helping you achieve your career aspirations.
  

  

Since 1990, Hollstadt has been a trusted partner to more than 150 domestic and global companies and has successfully completed over 3,000 projects. Our continued growth has created challenging and rewarding opportunities for accomplished IT and Business Consultants. Hollstadt Consulting is an equal opportunity employer including disability/veteran.
  

  

*By applying for this job, you agree to receive calls, AI\\-generated calls, text messages, or emails from Hollstadt Consulting and its affiliates, and contracted partners. Frequency varies for text messages. Message and data rates may apply. Carriers are not liable for delayed or undelivered messages. You can reply STOP to cancel at any time.*

  

**Job Description**
**Role**: AI\\-Assisted Data Engineer / Data Modernization Engineer (Contract)

**Duration**: 6 months

**Location**: Remote

**Rate**: $90\\-$100/hour W2, dependent on skills and qualifications

 **Summary**


Contractor is responsible for executing a large\\-scale pilot data modernization initiative using AI\\-assisted development to transform decentralized campus reporting assets into governed, reusable data products in Microsoft Fabric.


The position blends data engineering, automation, and applied AI to accelerate migration from legacy on\\-prem, Oracle database\\-dependent CAP environments to a modern, scalable data platform. The position works closely and collaboratively with the Data team’s architect, and extraction and engineering experts.

 **Key Responsibilities**


1\\. CAP Inventory \\& Metadata Discovery

* Develop automated scanning tools for:
	+ Access, Excel, Power BI, SQL Server, and other objects referring to REPL (on\\-site Oracle database) to be used on pilot schools’ CAP servers (1 college, 3 universities, system office) and for future use across 33 institutions.
* Identify data sources, Oracle dependencies, and usage patterns
* Capture and structure metadata for AI analysis of prioritizing data migration to Fabric


2\\. Data Engineering \\& Fabric Development

* Develop data needed by campuses into:
	+ Bronze, Silver, and Gold data layers
* Design and build pipelines and transformations in Microsoft Fabric
* Optimize for scalability, performance, and reuse


3\\. AI\\-Assisted Development

* Use AI tools to:
	+ Generate code for inventory and metadata gathering from CAP servers
	+ Automate analysis and prioritization of data moves to Fabric
	+ Translate usage patterns into enterprise data products
	+ Identify data gaps and recommend ingestion strategies
	+ Refactor CAP server assets to Fabric\\-based data sources
	+ Update queries, connections, and data models via AI\\-generated code
	+ Develop hybrid modernization approaches (Access front\\-end, SQL backend)
	+ Establish repeatable AI\\-assisted workflows


4\\. Validation \\& Testing

* Perform reconciliation between REPL and Fabric outputs
* Ensure data accuracy, completeness, and performance


7\\. Documentation \\& Knowledge Transfer

* Document tools, scripts, and methodologies
* Contribute to repeatable migration playbooks
* Support training and onboarding materials

**Required Qualifications**

* 10\\+ years of experience in enterprise\\-level data engineering, analytics, or data architecture
* 5\\+ years of advanced SQL skills
* 5\\+ years of advanced Python
* 5\\+ ETL/ELT and data modeling
* 3\\+ years of extensive AI\\-assisted development tools (e.g. Copilot)
* 3\\+ years of extensive experience with PySpark required
* 3\\+ years building and optimizing large\\-scale data transformations in a Fabric lakehouse environment
* Experience with modern data platforms (Microsoft Fabric)
* Experience with ETL/ELT and data modeling

**Expected Outcomes**

* Automated CAP inventory process
* Usage\\-based prioritization and analysis
* AI\\-assisted development of high\\-quality, reusable Fabric data products
* Successful migration of pilot campus assets
* Scalable framework for systemwide rollout

**Reporting \\& Collaboration**

* Reports to: System Director, Architecture and Enablement
* Collaborates with:
	+ Campus IT teams
	+ Data team

  

  

  

  

Benefits \\+ Perks

  

**Comprehensive Benefit Plan**


Hollstadt offers medical, dental, vision, life insurance, short\\-term disability, long\\-term disability, paid sick leave, and retirement benefits to eligible employees. With three different medical plans to choose from, you can enroll in the coverage you need from individual to family, or anywhere in between!

  

**Remarketing Process**


Hollstadt is based on retention and relationships. We get to know your strengths and career wishes throughout your assignment and then start remarket discussions 6\\-8 weeks prior to your end date. By being proactive, we are able to keep your down time between assignments as short as possible, unless you choose otherwise.

  

**Professional Development**


Hollstadt offers on\\-demand training through our consultant portal. Trainings give our consultants the continuing education they need to excel on their projects. Many of our courses apply towards continuing education credits and we have an entire training hub dedicated to upskilling in Artificial Intelligence (AI).

  

  

**401k \\+ Matching**


One popular benefit is our 401(k) match on the first 4% of your contributions. Hollstadt wants to help you reach your long\\-term financial goals and understands that planning for your future is critical. Consultants also have access to support from a Financial Advisor.

  

**Bonus Opportunities**


We appreciate and reward loyalty. Join Hollstadt, stay for 5 years, and we’ll give you a $5,000 Longevity Award bonus! Additionally, we know great talent knows other great talent. If you are on contract with Hollstadt and refer one of your connections who gets placed, we’ll pay you $1,000!

  

**Ongoing Support \\& Networking**


We have made a significant investment in building a support program for our consultant team \\- so you never have to feel like you are going it alone. We also have a Consultant Coach program which acts like a 'work buddy' to provide a safe ear for questions or concerns at your client site.","","https://www.indeed.com/cmp/Hollstadt-Consulting","","","","","","","","","","","",""
"in-399227e084d1df1f","indeed","https://www.indeed.com/viewjob?jk=399227e084d1df1f","https://accrete-ai.breezy.hr/p/993effe7ff54-senior-ai-engineer-application-development?","Senior AI Engineer- Application Development","accrete","IN, US","2026-05-28","fulltime","","","","","",False,"","","","","**Company Overview:**



Join our innovative team at Accrete (https://www.accrete.ai/), a leading product development company specializing in GenAI and ML\\-powered solutions. We're dedicated to pushing the boundaries of technology and delivering exceptional software products that redefine products and solutions to deliver business outcomes across industries. We specialize in developing cutting\\-edge technology products that leverage advanced algorithms and data analytics to drive business growth and innovation. Our culture is built on collaboration, continuous learning, and a commitment to excellence. We are a diverse and inclusive team where everyone's voice is valued, and we strive to provide an environment that fosters creativity and professional growth.


**Position Overview:**



We are seeking a highly skilled Senior Developer with expertise in Python technologies to work with our engineering team in developing GenAI products. As a Senior Developer, you will play a crucial role in designing robust architectures and ensuring the successful implementation of our software products. You will work with a team of developers and data engineers to leverage your expertise in Python, data engineering technologies, and cloud platforms to drive the development process. Additionally, you will work closely with a Technical Architect to understand and implement the solution architecture and develop effective strategies to debug issues in production.


**Responsibilities:**


* Design and implement scalable, efficient, and maintainable software solutions.
* Develop and maintain data scraping/integration solutions to collect and process large volumes of data.
* Collaborate with product managers, machine learning engineers, and other stakeholders to understand requirements and deliver high\\-quality products.
* Work closely with the Technical Architect to understand the solution architecture and implement it effectively.
* Deliver high\\-quality, well\\-documented, and maintainable code.
* Finalize and maintain detailed sequence diagrams and architectural documentation.
* Implement and manage thorough testing processes, including automated testing.
* Develop effective strategies to debug issues that arise in production environments.
* Implement best practices for coding standards, testing, and deployment.
* Stay updated with the latest industry trends and technologies to ensure our products are cutting\\-edge.
* Mentor and guide junior developers and data engineers, fostering a collaborative and innovative environment.
* Capable of handling complex problems and guiding teams. Be able to contribute to high\\-level technical decisions and ensure that best practices are followed.


**Required Skills and Experience:**


**Education:** Bachelor's or Master's degree in Computer Science, Engineering, or a related field.


**Experience:**


* Minimum 5 years experience in software development.
* Knowledge of data privacy and security best practices.
* Familiarity with agile development methodologies.
* Have a good knowledge of architecture, design patterns, and advanced software development techniques


**Technical Skills:**


* **Python:** Advanced proficiency in Python programming and experience with its libraries and frameworks such as Pandas, NumPy, Flask, Django, FastAPI etc.
* **Data Scraping:** Extensive experience with data scraping tools and frameworks such as BeautifulSoup, Scrapy, Selenium, Playwright etc. Experience with data pipeline tools such as Airflow, kafka, Spark would be a plus
* **AWS:**
* **Compute Services:** Proficiency with AWS compute services such as EC2, Lambda, EKS and ECS.
* **Storage Services:** Experience with AWS storage services like S3 and EBS.
* **Databases:** Knowledge of AWS database services including RDS (e.g., PostgreSQL, MySQL) and MongoDB.
* **Networking:** Understanding of AWS networking services like VPC, Route 53, and CloudFront.
* **Security:** Experience with AWS Identity and Access Management (IAM), AWS Key Management Service (KMS), and other security services.
* **Deployment and Management:** Experience with CI/CD pipelines and tools like Jenkins, GitLab CI and Terraform/Terragrunt, Flux CD
* **Monitoring and Logging:** Familiarity with AWS CloudWatch and AWS CloudTrail, DataDog, PagerDuty
* **Containerization:** Experience with Docker and container orchestration tools like Kubernetes. Ability to create and manage Docker containers for deploying applications.
* **Database Management:** Strong understanding of SQL and database management systems. Experience with relational databases such as PostgreSQL, MySQL, NoSQL databases like Mongodb, ElasticDB. Experience with graph databases would be an advantage
* **API Development:** Experience in designing and consuming RESTful APIs. Familiarity with API management and documentation tools such as Swagger or Postman. Proficiency with FastAPI and FlaskAPI.
* **Version Control:** Proficiency with version control systems like Git, including branching, merging, and pull requests.
* **Testing Automation:** Experience in setting up and using automated testing tools and frameworks, such as Selenium, PyTest, or JUnit.
* **Documentation:** Ability to create and maintain detailed sequence diagrams and architectural documentation.
* **Debugging:** Proficiency in developing effective strategies to debug issues that arise in production environments.


**Soft Skills:**


* Problem\\-Solving: Strong analytical and problem\\-solving skills.
* Communication: Excellent verbal and written communication skills.
* Collaboration: Ability to work collaboratively with cross\\-functional teams.
* Adaptability: Ability to adapt to new technologies and methodologies quickly.


**Career Progression:**



At Accrete we value professional growth and development of our employees. As a Senior Developer, you will have access to a variety of career advancement opportunities and growth within the organization. We provide ongoing training, mentorship, and opportunities to take on leadership roles within your team and work with leaders across departments.


**Why Join Us:**


Innovative Environment: Be part of a team that's at the forefront of technological innovation, utilizing GenAI and ML to create groundbreaking solutions. Collaborative Culture: Work in a collaborative environment where your ideas are valued, and you have the opportunity to make a real impact. We provide a flexible work environment. Professional Growth: We're committed to your professional growth and development, offering opportunities for learning and advancement. Competitive Compensation: Enjoy a competitive compensation and benefits package, including medical insurance. We offer a competitive salary, benefits package, and opportunities for growth and advancement within the company. If you are an innovative and results\\-driven leader, we encourage you to apply for this exciting opportunity.


*Accrete is an equal opportunity/affirmative action employer. All qualified applicants will receive consideration for employment without regard to sex, gender identity, sexual orientation, race, color, religion, national origin, disability, protected Veteran status, age, or any other characteristic protected by law.*","","https://www.indeed.com/cmp/Accrete","","","","","","","","","","","",""
"in-993aac3d989b730c","indeed","https://www.indeed.com/viewjob?jk=993aac3d989b730c","https://jobs.smartrecruiters.com/AbbVie/3743990013354484-lead-machine-learning-engineer","Lead Machine Learning Engineer","AbbVie","San Diego, CA, US","2026-05-28","fulltime","direct_data","yearly",124500.0,236500.0,"USD",True,"","","","","**Company Description** **About AbbVie**


At Allergan Aesthetics, an AbbVie company, we develop, manufacture, and market a portfolio of leading aesthetics brands and products. Our aesthetics portfolio includes facial injectables, body contouring, plastics, skin care, and more. Our goal is to consistently provide our customers with innovation, education, exceptional service, and a commitment to excellence, all with a personal touch. For more information, visit https://global.allerganaesthetics.com/. Follow Allergan Aesthetics on LinkedIn.

 **Job Description** **Responsibilities:**

* Collaborate with cross\\-functional partners (Product Managers, Data Scientists, Data Engineers, Software Engineers, Business teams) to build data and Machine Learning products
* Take ownership of objectives and key results for your workstream, and own technical solutions in partnership with your manager
* Architect and build robust systems to train, deploy, run inference, and monitor Machine Learning and AI systems at scale
* Champion code quality, reusability, scalability, maintainability, and security, and provide input into strategic architecture decisions
* Implement processes and tools to ensure data quality, enforce data governance policies and engineering best practices
* Integrate Machine Learning and AI systems with production applications
* Innovate with new approaches, staying abreast of current research and latest technologies in the broader ML engineering community

  

**Qualifications** **Required Experience \\& Skills:**

* Completed BS, MS, or PhD in Computer Science, Mathematics, Statistics, Data Science, Engineering, Operations Research, or other quantitative field
* 7\\+ years of experience as an engineer specialized building Machine Learning systems
* 2\\+ years of technical leadership delivering machine learning solutions in partnership with engineers, scientists, and business stakeholders
* Strong programming skills in Python and understanding of core computer science principles
* Experience with frameworks and libraries for machine learning \\& AI such as scikit\\-learn, HuggingFace, PyTorch, Tensorflow/Keras, MLlib, etc.
* Ability to design, train, and evaluate machine learning and AI models while adhering to best practices including model selection, validation, bias/variance tuning, performance assessment, sensitivity analysis, dimensionality reduction, etc.
* Experience with MLOps practices such as automated model deployment, model performance monitoring, data drift detection, etc.
* Experience with building batch and streaming pipelines using complex SQL, PySpark, Pandas, and similar frameworks
* Experience with data warehouses (e.g., dimensional modeling), data lakes/Lakehouses, and other data architectures
* Experience orchestrating complex workflows and data pipelines using Airflow or similar tools
* Ability to load test deployed models at scale to identify performance bottlenecks
* Experience with Git, CI/CD pipelines, Docker, Kubernetes
* Experience with architecting solutions on AWS or equivalent public cloud platforms
* Experience with developing data APIs, Microservices and event driven systems to integrate ML systems
* Familiarity with Large Language Models (LLMs), other generative AI modalities, and how they are applied in production
* Experience in assessing and implementing new data tools to enhance the machine learning stack
* Strong interpersonal and verbal communication skills
* Technical leadership experience and the ability to mentor and guide others

**Preferred Experience \\& Skills:**

* Knowledge of data mesh concepts
* Knowledge in domains such as recommender systems, fraud detection, personalization, and marketing science
* Knowledge of vector databases, knowledge graphs, and other approaches for organizing \\& storing information
* Familiarity with Snowflake, RDS, DynamoDB, Kafka, Fivetran, dbt, Airflow, Docker, Kubernetes, EMR, Sagemaker, DataDog, PagerDuty, DataCataloging tools, Data Observability tools and Data Governance tools

  

**Additional Information**  

Applicable only to applicants applying to a position in any location with pay disclosure requirements under state or local law:


* The compensation range described below is the range of possible base pay compensation that the Company believes in good faith it will pay for this role at the time of thisposting based on the job grade for this position. Individual compensation paid within this range will depend on many factors including geographic location,and we may ultimately pay more or less than the posted range. This range may be modified in the future.
* We offer a comprehensive package of benefits including paid time off (vacation, holidays, sick), medical/dental/vision insurance and 401(k) to eligible employees.
* This job is eligible to participate in our long\\-term incentive programs.

Note: No amount of pay is considered to be wages or compensation until such amount is earned, vested, and determinable. The amount and availability of any bonus, commission,incentive, benefits, or any other form of compensation and benefits that are allocable to a particular employee remains in the Company's sole and absolute discretion unless anduntil paid and may be modified at the Company’s sole and absolute discretion, consistent with applicable law.


AbbVie is an equal opportunity employer and is committed to operating with integrity, driving innovation, transforming lives and serving our community. Equal Opportunity Employer/Veterans/Disabled.


US \\& Puerto Rico only \\- to learn more, visit https://www.abbvie.com/join\\-us/equal\\-employment\\-opportunity\\-employer.html


US \\& Puerto Rico applicants seeking a reasonable accommodation, click here to learn more:


https://www.abbvie.com/join\\-us/reasonable\\-accommodations.html","Pharmaceuticals","https://www.indeed.com/cmp/Abbvie","https://d2q79iu7y748jz.cloudfront.net/s/_squarelogo/256x256/140bdbe2ba6f25c02e0f44c4c42f72bb","https://www.abbvie.com","1 N. Waukegan Road
North Chicago, Illinois 60064","10,000+","more than $10B (USD)","","","","","","",""
"in-b1c90c2afa15db42","indeed","https://www.indeed.com/viewjob?jk=b1c90c2afa15db42","https://thejacksonlaboratory.wd503.myworkdayjobs.com/External_JAX/job/Bar-Harbor-Maine/IT-Business-Systems-Analyst-III---Remote_JR005956","IT Business Systems Analyst III - Remote","The Jackson Laboratory","Alachua, FL, US","2026-05-28","fulltime","direct_data","yearly",74772.0,125184.0,"USD",True,"","","","","**IT Business Systems Analyst III**


The Business Systems Analyst’s role is to plan, design, and launch efficient finance and enterprise data systems in support of core organizational functions and business processes. This includes gathering and analyzing data, translating financial and operational data requirements into data warehouse solutions, and documenting business processes and requirements. The Business Systems Analyst is also responsible for investigating application issues and generating and compiling reports based on the findings, complete with probable causes and possible solutions to systems issues. This individual will apply proven communication, analytical, and problem\\-solving skills to help maximize the benefit of IT system investments, with a focus on data integrity, financial reporting accuracy, and data warehouse delivery.

**Key Responsibilities \\& Essential Functions**

* Lead requirements and business process definition sessions with Finance stakeholders (Accounting, FP\\&A, Treasury, and Reporting); work with business leaders and decision makers to acquire approval for requirements and business process documentation related to financial data flows and reporting needs.
* Create system design proposals and systems models, specifications, diagrams, and charts to provide direction to data warehouse developers, BI engineers, and quality assurance staff. This includes data flow diagrams, dimensional models, and ETL/ELT pipeline specifications.
* Lead application issue investigations, document probable causes and recommendations for resolution.
* Identify and establish scope and parameters of requirements, analysis and design efforts in order to define outcome criteria and measure\\-taking actions. Oversee small to medium data warehouse and finance systems implementation projects, ensuring alignment between IT data architecture and Finance business objectives.
* Conduct research on data integration, BI, and financial systems products to justify recommendations and to support purchasing efforts. Ability to drive software selection projects including data warehouse platforms, ETL tooling, and financial reporting solutions.
* Serve as the primary liaison between the Finance department and the IT Data Warehouse team, facilitating clear communication of business requirements, data definitions, and delivery priorities.
* Collaborate with data engineers and architects to define data models, dimensional schemas, and data governance standards that support Finance reporting and analytics needs.

**Knowledge, Skills, and Abilities**

* Extensive experience with one or more core software applications, including Enterprise Resource Planning (ERP) systems (e.g., SAP, Oracle, NetSuite) and/or Data Warehouse platforms (e.g., Snowflake, Redshift, Azure Synapse, Databricks).
* Extensive experience with business and technical requirements elicitation, business process modeling / mapping and data modeling — including dimensional modeling (star/snowflake schemas), data lineage documentation, and data dictionary development in a Finance context.
* Competency and practical knowledge of information presentation tools such as spreadsheets, flow charts, office productivity software, etc. Familiarity with BI and reporting tools (e.g., Power BI, Tableau, Looker) and basic SQL proficiency for data validation and analysis.
* Experience working in a team\\-oriented, collaborative environment.
* Incumbent must have strong interpersonal, organizational and facilitation skills to work in a high\\-profile environment requiring discretion, judgment, tact and diplomacy.
* Demonstrated success at managing multiple projects with tight deadlines to successful completion.
* Demonstrated positive team player.
* Highly self\\-motivated and directed.
* Demonstrated project management and leadership skills in overseeing the design, development, and implementation of software and hardware solutions, systems, or products.
* Ability to communicate ideas in both technical and user\\-friendly language in written and oral forms — specifically, the ability to translate complex data warehouse and ETL concepts into actionable business terms for Finance audiences, and vice versa. Excellent listening and interpersonal skills.
* 5\\+ years of experience required, with at least 2 years in a data warehouse, business intelligence, or finance systems environment.
* Bachelor’s degree or equivalent is required. Degree in Information Systems, Computer Science, Finance, Accounting, or a related field preferred.
* Working knowledge of financial concepts including general ledger, chart of accounts, period\\-close processes, financial consolidation, budgeting/forecasting, and regulatory reporting.
* Experience with ETL/ELT tools and data pipeline concepts (e.g., dbt, Informatica, Talend, Azure Data Factory) is a plus.


Pay Range: $74,772 \\- $125,184


\\#CA\\-EH8

**About JAX:**


The Jackson Laboratory is an independent, nonprofit biomedical research institution with a National Cancer Institute\\-designated Cancer Center and nearly 3,000 employees in locations across the United States (Maine, Connecticut, California), Japan and China. Its mission is to discover precise genomic solutions for disease and empower the global biomedical community in the shared quest to improve human health.


Founded in 1929, JAX applies over nine decades of expertise in genetics to increase understanding of human disease, advancing treatments and cures for cancer, neurological and immune disorders, diabetes, aging and heart disease. It models and interprets genomic complexity, integrates basic research with clinical application, educates current and future scientists, and provides critical data, tools and services to the global biomedical community. For more information, please visit www.jax.org.

**EEO Statement:**

*The Jackson Laboratory provides equal employment opportunities to all employees and applicants for employment in all job classifications without regard to race, color, religion, age, mental disability, physical disability, medical condition, gender, sexual orientation, genetic information, ancestry, marital status, national origin, veteran status, and other classifications protected by applicable state and local non\\-discrimination laws.*","","https://www.indeed.com/cmp/The-Jackson-Laboratory","https://d2q79iu7y748jz.cloudfront.net/s/_squarelogo/256x256/b4486bc838e33c06e2998d47c3df86f5","http://www.jax.org","Bar Harbor, ME","1,001 to 5,000","$100M to $500M (USD)","The Jackson Laboratory (JAX) is an independent, nonprofit biomedical research institution with more than 2,400 employees.","","","","","",""
"in-3115b7bdca0e3472","indeed","https://www.indeed.com/viewjob?jk=3115b7bdca0e3472","https://thejacksonlaboratory.wd503.myworkdayjobs.com/External_JAX/job/Bar-Harbor-Maine/IT-Business-Systems-Analyst-III---Remote_JR005956","IT Business Systems Analyst III - Remote","The Jackson Laboratory","Farmington, CT, US","2026-05-28","fulltime","direct_data","yearly",74772.0,125184.0,"USD",True,"","","","","**IT Business Systems Analyst III**


The Business Systems Analyst’s role is to plan, design, and launch efficient finance and enterprise data systems in support of core organizational functions and business processes. This includes gathering and analyzing data, translating financial and operational data requirements into data warehouse solutions, and documenting business processes and requirements. The Business Systems Analyst is also responsible for investigating application issues and generating and compiling reports based on the findings, complete with probable causes and possible solutions to systems issues. This individual will apply proven communication, analytical, and problem\\-solving skills to help maximize the benefit of IT system investments, with a focus on data integrity, financial reporting accuracy, and data warehouse delivery.

**Key Responsibilities \\& Essential Functions**

* Lead requirements and business process definition sessions with Finance stakeholders (Accounting, FP\\&A, Treasury, and Reporting); work with business leaders and decision makers to acquire approval for requirements and business process documentation related to financial data flows and reporting needs.
* Create system design proposals and systems models, specifications, diagrams, and charts to provide direction to data warehouse developers, BI engineers, and quality assurance staff. This includes data flow diagrams, dimensional models, and ETL/ELT pipeline specifications.
* Lead application issue investigations, document probable causes and recommendations for resolution.
* Identify and establish scope and parameters of requirements, analysis and design efforts in order to define outcome criteria and measure\\-taking actions. Oversee small to medium data warehouse and finance systems implementation projects, ensuring alignment between IT data architecture and Finance business objectives.
* Conduct research on data integration, BI, and financial systems products to justify recommendations and to support purchasing efforts. Ability to drive software selection projects including data warehouse platforms, ETL tooling, and financial reporting solutions.
* Serve as the primary liaison between the Finance department and the IT Data Warehouse team, facilitating clear communication of business requirements, data definitions, and delivery priorities.
* Collaborate with data engineers and architects to define data models, dimensional schemas, and data governance standards that support Finance reporting and analytics needs.

**Knowledge, Skills, and Abilities**

* Extensive experience with one or more core software applications, including Enterprise Resource Planning (ERP) systems (e.g., SAP, Oracle, NetSuite) and/or Data Warehouse platforms (e.g., Snowflake, Redshift, Azure Synapse, Databricks).
* Extensive experience with business and technical requirements elicitation, business process modeling / mapping and data modeling — including dimensional modeling (star/snowflake schemas), data lineage documentation, and data dictionary development in a Finance context.
* Competency and practical knowledge of information presentation tools such as spreadsheets, flow charts, office productivity software, etc. Familiarity with BI and reporting tools (e.g., Power BI, Tableau, Looker) and basic SQL proficiency for data validation and analysis.
* Experience working in a team\\-oriented, collaborative environment.
* Incumbent must have strong interpersonal, organizational and facilitation skills to work in a high\\-profile environment requiring discretion, judgment, tact and diplomacy.
* Demonstrated success at managing multiple projects with tight deadlines to successful completion.
* Demonstrated positive team player.
* Highly self\\-motivated and directed.
* Demonstrated project management and leadership skills in overseeing the design, development, and implementation of software and hardware solutions, systems, or products.
* Ability to communicate ideas in both technical and user\\-friendly language in written and oral forms — specifically, the ability to translate complex data warehouse and ETL concepts into actionable business terms for Finance audiences, and vice versa. Excellent listening and interpersonal skills.
* 5\\+ years of experience required, with at least 2 years in a data warehouse, business intelligence, or finance systems environment.
* Bachelor’s degree or equivalent is required. Degree in Information Systems, Computer Science, Finance, Accounting, or a related field preferred.
* Working knowledge of financial concepts including general ledger, chart of accounts, period\\-close processes, financial consolidation, budgeting/forecasting, and regulatory reporting.
* Experience with ETL/ELT tools and data pipeline concepts (e.g., dbt, Informatica, Talend, Azure Data Factory) is a plus.


Pay Range: $74,772 \\- $125,184


\\#CA\\-EH8

**About JAX:**


The Jackson Laboratory is an independent, nonprofit biomedical research institution with a National Cancer Institute\\-designated Cancer Center and nearly 3,000 employees in locations across the United States (Maine, Connecticut, California), Japan and China. Its mission is to discover precise genomic solutions for disease and empower the global biomedical community in the shared quest to improve human health.


Founded in 1929, JAX applies over nine decades of expertise in genetics to increase understanding of human disease, advancing treatments and cures for cancer, neurological and immune disorders, diabetes, aging and heart disease. It models and interprets genomic complexity, integrates basic research with clinical application, educates current and future scientists, and provides critical data, tools and services to the global biomedical community. For more information, please visit www.jax.org.

**EEO Statement:**

*The Jackson Laboratory provides equal employment opportunities to all employees and applicants for employment in all job classifications without regard to race, color, religion, age, mental disability, physical disability, medical condition, gender, sexual orientation, genetic information, ancestry, marital status, national origin, veteran status, and other classifications protected by applicable state and local non\\-discrimination laws.*","","https://www.indeed.com/cmp/The-Jackson-Laboratory","https://d2q79iu7y748jz.cloudfront.net/s/_squarelogo/256x256/b4486bc838e33c06e2998d47c3df86f5","http://www.jax.org","Bar Harbor, ME","1,001 to 5,000","$100M to $500M (USD)","The Jackson Laboratory (JAX) is an independent, nonprofit biomedical research institution with more than 2,400 employees.","","","","","",""
"in-faf79e9d06453759","indeed","https://www.indeed.com/viewjob?jk=faf79e9d06453759","https://thejacksonlaboratory.wd503.myworkdayjobs.com/External_JAX/job/Bar-Harbor-Maine/IT-Business-Systems-Analyst-III---Remote_JR005956","IT Business Systems Analyst III - Remote","The Jackson Laboratory","New York, NY, US","2026-05-28","fulltime","direct_data","yearly",74772.0,125184.0,"USD",True,"","","","","**IT Business Systems Analyst III**


The Business Systems Analyst’s role is to plan, design, and launch efficient finance and enterprise data systems in support of core organizational functions and business processes. This includes gathering and analyzing data, translating financial and operational data requirements into data warehouse solutions, and documenting business processes and requirements. The Business Systems Analyst is also responsible for investigating application issues and generating and compiling reports based on the findings, complete with probable causes and possible solutions to systems issues. This individual will apply proven communication, analytical, and problem\\-solving skills to help maximize the benefit of IT system investments, with a focus on data integrity, financial reporting accuracy, and data warehouse delivery.

**Key Responsibilities \\& Essential Functions**

* Lead requirements and business process definition sessions with Finance stakeholders (Accounting, FP\\&A, Treasury, and Reporting); work with business leaders and decision makers to acquire approval for requirements and business process documentation related to financial data flows and reporting needs.
* Create system design proposals and systems models, specifications, diagrams, and charts to provide direction to data warehouse developers, BI engineers, and quality assurance staff. This includes data flow diagrams, dimensional models, and ETL/ELT pipeline specifications.
* Lead application issue investigations, document probable causes and recommendations for resolution.
* Identify and establish scope and parameters of requirements, analysis and design efforts in order to define outcome criteria and measure\\-taking actions. Oversee small to medium data warehouse and finance systems implementation projects, ensuring alignment between IT data architecture and Finance business objectives.
* Conduct research on data integration, BI, and financial systems products to justify recommendations and to support purchasing efforts. Ability to drive software selection projects including data warehouse platforms, ETL tooling, and financial reporting solutions.
* Serve as the primary liaison between the Finance department and the IT Data Warehouse team, facilitating clear communication of business requirements, data definitions, and delivery priorities.
* Collaborate with data engineers and architects to define data models, dimensional schemas, and data governance standards that support Finance reporting and analytics needs.

**Knowledge, Skills, and Abilities**

* Extensive experience with one or more core software applications, including Enterprise Resource Planning (ERP) systems (e.g., SAP, Oracle, NetSuite) and/or Data Warehouse platforms (e.g., Snowflake, Redshift, Azure Synapse, Databricks).
* Extensive experience with business and technical requirements elicitation, business process modeling / mapping and data modeling — including dimensional modeling (star/snowflake schemas), data lineage documentation, and data dictionary development in a Finance context.
* Competency and practical knowledge of information presentation tools such as spreadsheets, flow charts, office productivity software, etc. Familiarity with BI and reporting tools (e.g., Power BI, Tableau, Looker) and basic SQL proficiency for data validation and analysis.
* Experience working in a team\\-oriented, collaborative environment.
* Incumbent must have strong interpersonal, organizational and facilitation skills to work in a high\\-profile environment requiring discretion, judgment, tact and diplomacy.
* Demonstrated success at managing multiple projects with tight deadlines to successful completion.
* Demonstrated positive team player.
* Highly self\\-motivated and directed.
* Demonstrated project management and leadership skills in overseeing the design, development, and implementation of software and hardware solutions, systems, or products.
* Ability to communicate ideas in both technical and user\\-friendly language in written and oral forms — specifically, the ability to translate complex data warehouse and ETL concepts into actionable business terms for Finance audiences, and vice versa. Excellent listening and interpersonal skills.
* 5\\+ years of experience required, with at least 2 years in a data warehouse, business intelligence, or finance systems environment.
* Bachelor’s degree or equivalent is required. Degree in Information Systems, Computer Science, Finance, Accounting, or a related field preferred.
* Working knowledge of financial concepts including general ledger, chart of accounts, period\\-close processes, financial consolidation, budgeting/forecasting, and regulatory reporting.
* Experience with ETL/ELT tools and data pipeline concepts (e.g., dbt, Informatica, Talend, Azure Data Factory) is a plus.


Pay Range: $74,772 \\- $125,184


\\#CA\\-EH8

**About JAX:**


The Jackson Laboratory is an independent, nonprofit biomedical research institution with a National Cancer Institute\\-designated Cancer Center and nearly 3,000 employees in locations across the United States (Maine, Connecticut, California), Japan and China. Its mission is to discover precise genomic solutions for disease and empower the global biomedical community in the shared quest to improve human health.


Founded in 1929, JAX applies over nine decades of expertise in genetics to increase understanding of human disease, advancing treatments and cures for cancer, neurological and immune disorders, diabetes, aging and heart disease. It models and interprets genomic complexity, integrates basic research with clinical application, educates current and future scientists, and provides critical data, tools and services to the global biomedical community. For more information, please visit www.jax.org.

**EEO Statement:**

*The Jackson Laboratory provides equal employment opportunities to all employees and applicants for employment in all job classifications without regard to race, color, religion, age, mental disability, physical disability, medical condition, gender, sexual orientation, genetic information, ancestry, marital status, national origin, veteran status, and other classifications protected by applicable state and local non\\-discrimination laws.*","","https://www.indeed.com/cmp/The-Jackson-Laboratory","https://d2q79iu7y748jz.cloudfront.net/s/_squarelogo/256x256/b4486bc838e33c06e2998d47c3df86f5","http://www.jax.org","Bar Harbor, ME","1,001 to 5,000","$100M to $500M (USD)","The Jackson Laboratory (JAX) is an independent, nonprofit biomedical research institution with more than 2,400 employees.","","","","","",""
"in-7b08aeedbd73fdfc","indeed","https://www.indeed.com/viewjob?jk=7b08aeedbd73fdfc","https://thejacksonlaboratory.wd503.myworkdayjobs.com/External_JAX/job/Bar-Harbor-Maine/IT-Business-Systems-Analyst-III---Remote_JR005956","IT Business Systems Analyst III - Remote","The Jackson Laboratory","Portland, ME, US","2026-05-28","fulltime","direct_data","yearly",74772.0,125184.0,"USD",True,"","","","","**IT Business Systems Analyst III**


The Business Systems Analyst’s role is to plan, design, and launch efficient finance and enterprise data systems in support of core organizational functions and business processes. This includes gathering and analyzing data, translating financial and operational data requirements into data warehouse solutions, and documenting business processes and requirements. The Business Systems Analyst is also responsible for investigating application issues and generating and compiling reports based on the findings, complete with probable causes and possible solutions to systems issues. This individual will apply proven communication, analytical, and problem\\-solving skills to help maximize the benefit of IT system investments, with a focus on data integrity, financial reporting accuracy, and data warehouse delivery.

**Key Responsibilities \\& Essential Functions**

* Lead requirements and business process definition sessions with Finance stakeholders (Accounting, FP\\&A, Treasury, and Reporting); work with business leaders and decision makers to acquire approval for requirements and business process documentation related to financial data flows and reporting needs.
* Create system design proposals and systems models, specifications, diagrams, and charts to provide direction to data warehouse developers, BI engineers, and quality assurance staff. This includes data flow diagrams, dimensional models, and ETL/ELT pipeline specifications.
* Lead application issue investigations, document probable causes and recommendations for resolution.
* Identify and establish scope and parameters of requirements, analysis and design efforts in order to define outcome criteria and measure\\-taking actions. Oversee small to medium data warehouse and finance systems implementation projects, ensuring alignment between IT data architecture and Finance business objectives.
* Conduct research on data integration, BI, and financial systems products to justify recommendations and to support purchasing efforts. Ability to drive software selection projects including data warehouse platforms, ETL tooling, and financial reporting solutions.
* Serve as the primary liaison between the Finance department and the IT Data Warehouse team, facilitating clear communication of business requirements, data definitions, and delivery priorities.
* Collaborate with data engineers and architects to define data models, dimensional schemas, and data governance standards that support Finance reporting and analytics needs.

**Knowledge, Skills, and Abilities**

* Extensive experience with one or more core software applications, including Enterprise Resource Planning (ERP) systems (e.g., SAP, Oracle, NetSuite) and/or Data Warehouse platforms (e.g., Snowflake, Redshift, Azure Synapse, Databricks).
* Extensive experience with business and technical requirements elicitation, business process modeling / mapping and data modeling — including dimensional modeling (star/snowflake schemas), data lineage documentation, and data dictionary development in a Finance context.
* Competency and practical knowledge of information presentation tools such as spreadsheets, flow charts, office productivity software, etc. Familiarity with BI and reporting tools (e.g., Power BI, Tableau, Looker) and basic SQL proficiency for data validation and analysis.
* Experience working in a team\\-oriented, collaborative environment.
* Incumbent must have strong interpersonal, organizational and facilitation skills to work in a high\\-profile environment requiring discretion, judgment, tact and diplomacy.
* Demonstrated success at managing multiple projects with tight deadlines to successful completion.
* Demonstrated positive team player.
* Highly self\\-motivated and directed.
* Demonstrated project management and leadership skills in overseeing the design, development, and implementation of software and hardware solutions, systems, or products.
* Ability to communicate ideas in both technical and user\\-friendly language in written and oral forms — specifically, the ability to translate complex data warehouse and ETL concepts into actionable business terms for Finance audiences, and vice versa. Excellent listening and interpersonal skills.
* 5\\+ years of experience required, with at least 2 years in a data warehouse, business intelligence, or finance systems environment.
* Bachelor’s degree or equivalent is required. Degree in Information Systems, Computer Science, Finance, Accounting, or a related field preferred.
* Working knowledge of financial concepts including general ledger, chart of accounts, period\\-close processes, financial consolidation, budgeting/forecasting, and regulatory reporting.
* Experience with ETL/ELT tools and data pipeline concepts (e.g., dbt, Informatica, Talend, Azure Data Factory) is a plus.


Pay Range: $74,772 \\- $125,184


\\#CA\\-EH8

**About JAX:**


The Jackson Laboratory is an independent, nonprofit biomedical research institution with a National Cancer Institute\\-designated Cancer Center and nearly 3,000 employees in locations across the United States (Maine, Connecticut, California), Japan and China. Its mission is to discover precise genomic solutions for disease and empower the global biomedical community in the shared quest to improve human health.


Founded in 1929, JAX applies over nine decades of expertise in genetics to increase understanding of human disease, advancing treatments and cures for cancer, neurological and immune disorders, diabetes, aging and heart disease. It models and interprets genomic complexity, integrates basic research with clinical application, educates current and future scientists, and provides critical data, tools and services to the global biomedical community. For more information, please visit www.jax.org.

**EEO Statement:**

*The Jackson Laboratory provides equal employment opportunities to all employees and applicants for employment in all job classifications without regard to race, color, religion, age, mental disability, physical disability, medical condition, gender, sexual orientation, genetic information, ancestry, marital status, national origin, veteran status, and other classifications protected by applicable state and local non\\-discrimination laws.*","","https://www.indeed.com/cmp/The-Jackson-Laboratory","https://d2q79iu7y748jz.cloudfront.net/s/_squarelogo/256x256/b4486bc838e33c06e2998d47c3df86f5","http://www.jax.org","Bar Harbor, ME","1,001 to 5,000","$100M to $500M (USD)","The Jackson Laboratory (JAX) is an independent, nonprofit biomedical research institution with more than 2,400 employees.","","","","","",""
"in-d1a29960bbdae701","indeed","https://www.indeed.com/viewjob?jk=d1a29960bbdae701","https://thejacksonlaboratory.wd503.myworkdayjobs.com/External_JAX/job/Bar-Harbor-Maine/IT-Business-Systems-Analyst-III---Remote_JR005956","IT Business Systems Analyst III - Remote","The Jackson Laboratory","Sacramento, CA, US","2026-05-28","fulltime","direct_data","yearly",74772.0,125184.0,"USD",True,"","","","","**IT Business Systems Analyst III**


The Business Systems Analyst’s role is to plan, design, and launch efficient finance and enterprise data systems in support of core organizational functions and business processes. This includes gathering and analyzing data, translating financial and operational data requirements into data warehouse solutions, and documenting business processes and requirements. The Business Systems Analyst is also responsible for investigating application issues and generating and compiling reports based on the findings, complete with probable causes and possible solutions to systems issues. This individual will apply proven communication, analytical, and problem\\-solving skills to help maximize the benefit of IT system investments, with a focus on data integrity, financial reporting accuracy, and data warehouse delivery.

**Key Responsibilities \\& Essential Functions**

* Lead requirements and business process definition sessions with Finance stakeholders (Accounting, FP\\&A, Treasury, and Reporting); work with business leaders and decision makers to acquire approval for requirements and business process documentation related to financial data flows and reporting needs.
* Create system design proposals and systems models, specifications, diagrams, and charts to provide direction to data warehouse developers, BI engineers, and quality assurance staff. This includes data flow diagrams, dimensional models, and ETL/ELT pipeline specifications.
* Lead application issue investigations, document probable causes and recommendations for resolution.
* Identify and establish scope and parameters of requirements, analysis and design efforts in order to define outcome criteria and measure\\-taking actions. Oversee small to medium data warehouse and finance systems implementation projects, ensuring alignment between IT data architecture and Finance business objectives.
* Conduct research on data integration, BI, and financial systems products to justify recommendations and to support purchasing efforts. Ability to drive software selection projects including data warehouse platforms, ETL tooling, and financial reporting solutions.
* Serve as the primary liaison between the Finance department and the IT Data Warehouse team, facilitating clear communication of business requirements, data definitions, and delivery priorities.
* Collaborate with data engineers and architects to define data models, dimensional schemas, and data governance standards that support Finance reporting and analytics needs.

**Knowledge, Skills, and Abilities**

* Extensive experience with one or more core software applications, including Enterprise Resource Planning (ERP) systems (e.g., SAP, Oracle, NetSuite) and/or Data Warehouse platforms (e.g., Snowflake, Redshift, Azure Synapse, Databricks).
* Extensive experience with business and technical requirements elicitation, business process modeling / mapping and data modeling — including dimensional modeling (star/snowflake schemas), data lineage documentation, and data dictionary development in a Finance context.
* Competency and practical knowledge of information presentation tools such as spreadsheets, flow charts, office productivity software, etc. Familiarity with BI and reporting tools (e.g., Power BI, Tableau, Looker) and basic SQL proficiency for data validation and analysis.
* Experience working in a team\\-oriented, collaborative environment.
* Incumbent must have strong interpersonal, organizational and facilitation skills to work in a high\\-profile environment requiring discretion, judgment, tact and diplomacy.
* Demonstrated success at managing multiple projects with tight deadlines to successful completion.
* Demonstrated positive team player.
* Highly self\\-motivated and directed.
* Demonstrated project management and leadership skills in overseeing the design, development, and implementation of software and hardware solutions, systems, or products.
* Ability to communicate ideas in both technical and user\\-friendly language in written and oral forms — specifically, the ability to translate complex data warehouse and ETL concepts into actionable business terms for Finance audiences, and vice versa. Excellent listening and interpersonal skills.
* 5\\+ years of experience required, with at least 2 years in a data warehouse, business intelligence, or finance systems environment.
* Bachelor’s degree or equivalent is required. Degree in Information Systems, Computer Science, Finance, Accounting, or a related field preferred.
* Working knowledge of financial concepts including general ledger, chart of accounts, period\\-close processes, financial consolidation, budgeting/forecasting, and regulatory reporting.
* Experience with ETL/ELT tools and data pipeline concepts (e.g., dbt, Informatica, Talend, Azure Data Factory) is a plus.


Pay Range: $74,772 \\- $125,184


\\#CA\\-EH8

**About JAX:**


The Jackson Laboratory is an independent, nonprofit biomedical research institution with a National Cancer Institute\\-designated Cancer Center and nearly 3,000 employees in locations across the United States (Maine, Connecticut, California), Japan and China. Its mission is to discover precise genomic solutions for disease and empower the global biomedical community in the shared quest to improve human health.


Founded in 1929, JAX applies over nine decades of expertise in genetics to increase understanding of human disease, advancing treatments and cures for cancer, neurological and immune disorders, diabetes, aging and heart disease. It models and interprets genomic complexity, integrates basic research with clinical application, educates current and future scientists, and provides critical data, tools and services to the global biomedical community. For more information, please visit www.jax.org.

**EEO Statement:**

*The Jackson Laboratory provides equal employment opportunities to all employees and applicants for employment in all job classifications without regard to race, color, religion, age, mental disability, physical disability, medical condition, gender, sexual orientation, genetic information, ancestry, marital status, national origin, veteran status, and other classifications protected by applicable state and local non\\-discrimination laws.*","","https://www.indeed.com/cmp/The-Jackson-Laboratory","https://d2q79iu7y748jz.cloudfront.net/s/_squarelogo/256x256/b4486bc838e33c06e2998d47c3df86f5","http://www.jax.org","Bar Harbor, ME","1,001 to 5,000","$100M to $500M (USD)","The Jackson Laboratory (JAX) is an independent, nonprofit biomedical research institution with more than 2,400 employees.","","","","","",""
"in-8ef0693d853058a4","indeed","https://www.indeed.com/viewjob?jk=8ef0693d853058a4","https://thejacksonlaboratory.wd503.myworkdayjobs.com/External_JAX/job/Bar-Harbor-Maine/IT-Business-Systems-Analyst-III---Remote_JR005956","IT Business Systems Analyst III - Remote","The Jackson Laboratory","Bar Harbor, ME, US","2026-05-28","fulltime","direct_data","yearly",74772.0,125184.0,"USD",True,"","","","","**IT Business Systems Analyst III**


The Business Systems Analyst’s role is to plan, design, and launch efficient finance and enterprise data systems in support of core organizational functions and business processes. This includes gathering and analyzing data, translating financial and operational data requirements into data warehouse solutions, and documenting business processes and requirements. The Business Systems Analyst is also responsible for investigating application issues and generating and compiling reports based on the findings, complete with probable causes and possible solutions to systems issues. This individual will apply proven communication, analytical, and problem\\-solving skills to help maximize the benefit of IT system investments, with a focus on data integrity, financial reporting accuracy, and data warehouse delivery.

**Key Responsibilities \\& Essential Functions**

* Lead requirements and business process definition sessions with Finance stakeholders (Accounting, FP\\&A, Treasury, and Reporting); work with business leaders and decision makers to acquire approval for requirements and business process documentation related to financial data flows and reporting needs.
* Create system design proposals and systems models, specifications, diagrams, and charts to provide direction to data warehouse developers, BI engineers, and quality assurance staff. This includes data flow diagrams, dimensional models, and ETL/ELT pipeline specifications.
* Lead application issue investigations, document probable causes and recommendations for resolution.
* Identify and establish scope and parameters of requirements, analysis and design efforts in order to define outcome criteria and measure\\-taking actions. Oversee small to medium data warehouse and finance systems implementation projects, ensuring alignment between IT data architecture and Finance business objectives.
* Conduct research on data integration, BI, and financial systems products to justify recommendations and to support purchasing efforts. Ability to drive software selection projects including data warehouse platforms, ETL tooling, and financial reporting solutions.
* Serve as the primary liaison between the Finance department and the IT Data Warehouse team, facilitating clear communication of business requirements, data definitions, and delivery priorities.
* Collaborate with data engineers and architects to define data models, dimensional schemas, and data governance standards that support Finance reporting and analytics needs.

**Knowledge, Skills, and Abilities**

* Extensive experience with one or more core software applications, including Enterprise Resource Planning (ERP) systems (e.g., SAP, Oracle, NetSuite) and/or Data Warehouse platforms (e.g., Snowflake, Redshift, Azure Synapse, Databricks).
* Extensive experience with business and technical requirements elicitation, business process modeling / mapping and data modeling — including dimensional modeling (star/snowflake schemas), data lineage documentation, and data dictionary development in a Finance context.
* Competency and practical knowledge of information presentation tools such as spreadsheets, flow charts, office productivity software, etc. Familiarity with BI and reporting tools (e.g., Power BI, Tableau, Looker) and basic SQL proficiency for data validation and analysis.
* Experience working in a team\\-oriented, collaborative environment.
* Incumbent must have strong interpersonal, organizational and facilitation skills to work in a high\\-profile environment requiring discretion, judgment, tact and diplomacy.
* Demonstrated success at managing multiple projects with tight deadlines to successful completion.
* Demonstrated positive team player.
* Highly self\\-motivated and directed.
* Demonstrated project management and leadership skills in overseeing the design, development, and implementation of software and hardware solutions, systems, or products.
* Ability to communicate ideas in both technical and user\\-friendly language in written and oral forms — specifically, the ability to translate complex data warehouse and ETL concepts into actionable business terms for Finance audiences, and vice versa. Excellent listening and interpersonal skills.
* 5\\+ years of experience required, with at least 2 years in a data warehouse, business intelligence, or finance systems environment.
* Bachelor’s degree or equivalent is required. Degree in Information Systems, Computer Science, Finance, Accounting, or a related field preferred.
* Working knowledge of financial concepts including general ledger, chart of accounts, period\\-close processes, financial consolidation, budgeting/forecasting, and regulatory reporting.
* Experience with ETL/ELT tools and data pipeline concepts (e.g., dbt, Informatica, Talend, Azure Data Factory) is a plus.


Pay Range: $74,772 \\- $125,184


\\#CA\\-EH8

**About JAX:**


The Jackson Laboratory is an independent, nonprofit biomedical research institution with a National Cancer Institute\\-designated Cancer Center and nearly 3,000 employees in locations across the United States (Maine, Connecticut, California), Japan and China. Its mission is to discover precise genomic solutions for disease and empower the global biomedical community in the shared quest to improve human health.


Founded in 1929, JAX applies over nine decades of expertise in genetics to increase understanding of human disease, advancing treatments and cures for cancer, neurological and immune disorders, diabetes, aging and heart disease. It models and interprets genomic complexity, integrates basic research with clinical application, educates current and future scientists, and provides critical data, tools and services to the global biomedical community. For more information, please visit www.jax.org.

**EEO Statement:**

*The Jackson Laboratory provides equal employment opportunities to all employees and applicants for employment in all job classifications without regard to race, color, religion, age, mental disability, physical disability, medical condition, gender, sexual orientation, genetic information, ancestry, marital status, national origin, veteran status, and other classifications protected by applicable state and local non\\-discrimination laws.*","","https://www.indeed.com/cmp/The-Jackson-Laboratory","https://d2q79iu7y748jz.cloudfront.net/s/_squarelogo/256x256/b4486bc838e33c06e2998d47c3df86f5","http://www.jax.org","Bar Harbor, ME","1,001 to 5,000","$100M to $500M (USD)","The Jackson Laboratory (JAX) is an independent, nonprofit biomedical research institution with more than 2,400 employees.","","","","","",""
"in-60ec532e28f14e29","indeed","https://www.indeed.com/viewjob?jk=60ec532e28f14e29","https://careers.ey.com/ey/job/New-York-AI-Solutions-Manager-Consulting-Location-OPEN-NY-10001-8604/1398284733/","AI Solutions - Manager- Consulting - Location OPEN","EY","New York, NY, US","2026-05-28","","direct_data","yearly",125500.0,261600.0,"USD",False,"","","","ssc.customersupport@ey.com","**Location OPEN**
=================

Location: New York
Other locations: Anywhere in Country
Salary: Competitive
Date: May 28, 2026
**Job description**
-------------------


Requisition ID: 1713849
Location: Anywhere in Country

  



At EY, we’re all in to shape your future with confidence.

  



We’ll help you succeed in a globally connected powerhouse of diverse teams and take your career wherever you want it to go. Join EY and help to build a better working world.

 **Technology — Data and Decision Science — AI Native Engineering**


**Manager, AI/ML Engineer — Memory Layer \\& Knowledge Graph**


*Master's preferred (CS or related technical field) • Hybrid • AI Native Engineering*

  


**The opportunity**



Our Artificial Intelligence and Data team helps apply cutting\\-edge technology and techniques to bring solutions to our clients. As part of that, you'll sit side\\-by\\-side with clients and diverse teams from EY to create a well\\-rounded approach to advising and solving challenging problems, some of which have not been solved before. No two days will be the same, and with constant research and development, you'll find yourself building knowledge that can be applied across a wide range of projects now, and in the future. You'll need to have a passion for continuous learning, stay ahead of the trends, and influence new ways of working so you can position solutions in the most relevant and innovative way for our clients. You can expect heavy client interaction in a fast\\-paced environment and the opportunity to develop your own career path for your unique skills and ambitions.



EY is investing significantly in our agentic AI platform, and the memory layer is the engineering foundation of that platform. Without memory, agents are amnesiacs they cannot accumulate context, learn from prior runs, or ground decisions in enterprise knowledge. We are hiring a Manager, AI/ML Engineer to build the memory layer end\\-to\\-end: the graph databases, ontologies, vector stores, retrieval services, and grounding pipelines that power our cognitive harness and the agents that run on top of it.



This is a hands\\-on engineering leadership role. You will architect and build the infrastructure — knowledge graphs, vector indices, hybrid retrieval, ontology services, memory APIs, and the integration glue that ties memory into the harness, agent runtimes, and downstream client solutions. You will work closely with our data\\-science leadership on memory representation and retrieval quality, and you will own the engineering delivery and production\\-readiness of the memory layer itself.

  


**Your key responsibilities**



As a Manager in AI Native Engineering, you will play a pivotal role in delivering the memory infrastructure that underpins EY's agentic AI offerings. You will work with a wide variety of clients to deliver the latest data science and big data technologies. Your teams will design and build scalable solutions that unify, enrich, and derive insights from varied data sources across a broad technology landscape. You will help our clients navigate the complex world of modern data science, analytics, and software engineering. We'll look to you to provide technical guidance and perform technical development tasks to ensure data science solutions are properly engineered and maintained to support the ongoing business needs of our clients — and to build the memory layer that makes those solutions possible.


* Architect and build the memory layer of EY's cognitive harness end\\-to\\-end graph databases, vector stores, hybrid retrieval services, ontology services, memory APIs, and the integration into agent runtimes.
* Design and implement knowledge graphs and ontologies that support agent grounding vocabulary, schema rules, instances, provenance, and cross\\-domain mappings (sector and functional ontologies for Finance, Risk, Tax, Supply Chain, HR).
* Build and operate graph database infrastructure (Neo4j, Spanner Graph, Neptune, TigerGraph, or similar) schema design, ingestion, query optimization, and integration with the broader data platform.
* Engineer the vector and hybrid retrieval stack embeddings pipelines, vector indices (Vertex AI Vector Search, OpenSearch, Pinecone, Weaviate, pgvector), reranking, and lexical\\-plus\\-dense retrieval services.
* Build memory services for working, episodic, semantic, and procedural memory — including TTL, retention, consolidation, forgetting, and audit\\-grade provenance for regulated workloads (SOX, HIPAA, GDPR).
* Implement grounding pipelines that connect agent runtimes to the memory layer with low latency, citation tracking, and hallucination guardrails.
* Lead a team of AI/ML engineers and data engineers set technical standards, run code and design reviews, and mentor on production engineering rigor.
* Partner with data\\-science leadership on memory representation, retrieval quality, and evaluation, translating science prototypes into hardened production services.
* Stay abreast of AI and data trends new graph paradigms, embedding models, retrieval techniques, agent frameworks (Google ADK, Bedrock AgentCore, LangGraph) and recommend tools and patterns that fit our clients' existing ecosystems.
* Apply combined business and technical knowledge to develop and execute target memory architectures that enable implementation, monitoring, and ongoing evolution of agentic AI at scale.

  


**Skills and attributes for success**



This role will work to deliver tech at speed, innovate at scale, and put humans at the center. You will provide technical guidance and share knowledge with team members with diverse skills and backgrounds. You will consistently deliver quality client services, focusing on more complex, judgmental, and specialized issues surrounding agentic AI, memory infrastructure, and emerging foundation\\-model technology. You will demonstrate deep technical capabilities and lead through building.


* Strong AI/ML engineer who builds comfortable owning a memory service from schema to API to deploy, and writing the code that gets it there.
* Deep, hands\\-on knowledge of graph databases (Neo4j, Spanner Graph, Neptune, TigerGraph, or Stardog) — schema design, query languages (Cypher, GQL, SPARQL, Gremlin), and operating graph infrastructure in production.
* Strong grasp of ontologies and knowledge representation vocabulary, schema rules, instances, axioms, provenance and how ontologies support grounding and reasoning for AI agents.
* Solid working knowledge of cognitive harness / agent\\-runtime architectures memory, tools, policies, evaluation, observability and how memory infrastructure plugs into them.
* Hands\\-on experience with vector databases and hybrid retrieval — embeddings, ANN indexes, reranking, query rewriting, and semantic caching.
* Strong software engineering fundamentals Python (and ideally one of Java / Go / TypeScript), API design, testing, CI/CD, containerization, and observability.
* Experience designing and operating production AI systems on at least one major cloud (GCP, AWS, Azure, Databricks) including IAM, network controls, encryption, and responsible\\-AI guardrails.
* Track record of leading engineering teams setting technical direction, mentoring, and delivering production systems on time.
* Excellent communication skills able to explain memory and graph concepts to clients, and able to defend engineering decisions to architects, data scientists, and partners.

  


**To qualify for the role you must have**


* Master's preferred in Computer Science, Software Engineering, Data Engineering, or a closely related technical field. Bachelor's with strong applied experience also considered.
* 6\\+ years of applied AI/ML or data engineering experience, with at least 2 years leading engineering teams or major workstreams.
* Demonstrable production experience with graph databases (Neo4j, Spanner Graph, Neptune, TigerGraph, Stardog, or similar), including schema design and query tuning.
* Hands\\-on experience designing and implementing ontologies and knowledge graphs for real systems — not just whiteboard.
* Production experience building retrieval / RAG / memory systems vector indices, hybrid retrieval, embedding pipelines, reranking, and grounding.
* Strong software engineering proficiency in Python and the modern AI/ML stack (PyTorch / TensorFlow, Hugging Face, LangChain / LangGraph, vector databases).
* Practical experience with at least one agent framework (Google ADK, Bedrock AgentCore, LangGraph, AutoGen, OpenAI Agents SDK) and one major cloud AI platform (Vertex AI, Bedrock, Azure AI Foundry, Databricks Mosaic AI).
* Experience operating in a client\\-facing or cross\\-functional environment and delivering production systems under enterprise constraints.

  


**Ideally, you will also have**


* Experience with semantic web standards (RDF, OWL, SHACL, SPARQL) and modern property\\-graph approaches in the same codebase.
* Experience designing memory architectures that meet regulated\\-industry constraints (SOX, HIPAA, GDPR) retention, audit, lineage, and explainability.
* Experience with neuro\\-symbolic patterns combining graphs and ontologies with LLM reasoning for higher\\-fidelity grounding.
* Experience with stream\\-based ingestion (Kafka, Pub/Sub, Kinesis) and CDC patterns into graph and vector stores.
* Open\\-source contributions to graph, retrieval, ontology, or agent\\-runtime projects.
* Prior consulting, product, or hyperscaler experience — comfortable in a fast, ambiguous environment with senior stakeholders.

  


**What we look for**



We are looking for an engineering leader who genuinely loves building infrastructure someone who sees graphs, ontologies, and memory services not as research artifacts but as production systems that have to run, scale, audit, and evolve. You will thrive here if you want to lead a team, ship to Fortune 500 clients across multiple industries, and treat the memory layer as the most important engineered asset in the agentic AI stack.

  


**What we offer**



We offer a comprehensive compensation and benefits package where you'll be rewarded based on your performance and recognized for the value you bring to the business. In addition, our Total Rewards package includes medical and dental coverage, pension and 401(k) plans, and a wide range of paid time off options. Plus, we offer:


* Continuous learning develop the mindset and skills to navigate whatever comes next.
* Success as defined by you we provide the tools and flexibility to make a meaningful impact, your way.
* Transformative leadership insights, coaching, and confidence to be the leader the world needs.
* Diverse and inclusive culture embraced for who you are, empowered to use your voice to help others find theirs.

  

**What we offer you**  

At EY, we’ll develop you with future\\-focused skills and equip you with world\\-class experiences. We’ll empower you in a flexible environment, and fuel you and your extraordinary talents in a diverse and inclusive culture of globally connected teams. Learn more.


* We offer a comprehensive compensation and benefits package where you’ll be rewarded based on your performance and recognized for the value you bring to the business. The base salary range for this job in all geographic locations in the US is $125,500 to $230,200\\. The base salary range for New York City Metro Area, Washington State and California (excluding Sacramento) is $150,700 to $261,600\\. Individual salaries within those ranges are determined through a wide variety of factors including but not limited to education, experience, knowledge, skills and geography. In addition, our Total Rewards package includes medical and dental coverage, pension and 401(k) plans, and a wide range of paid time off options.
* Join us in our team\\-led and leader\\-enabled hybrid model. Our expectation is for most people in external, client serving roles to work together in person 40\\-60% of the time over the course of an engagement, project or year.
* Under our flexible vacation policy, you’ll decide how much vacation time you need based on your own personal circumstances. You’ll also be granted time off for designated EY Paid Holidays, Winter/Summer breaks, Personal/Family Care, and other leaves of absence when needed to support your physical, financial, and emotional well\\-being.

  


**Are you ready to shape your future with confidence? Apply today.**  

EY accepts applications for this position on an on\\-going basis.

  



For those living in California, please click here for additional information.

  



EY focuses on high\\-ethical standards and integrity among its employees and expects all candidates to demonstrate these qualities.

  


**EY \\| Building a better working world**

  



EY is building a better working world by creating new value for clients, people, society and the planet, while building trust in capital markets.

  



Enabled by data, AI and advanced technology, EY teams help clients shape the future with confidence and develop answers for the most pressing issues of today and tomorrow.

  



EY teams work across a full spectrum of services in assurance, consulting, tax, strategy and transactions. Fueled by sector insights, a globally connected, multi\\-disciplinary network and diverse ecosystem partners, EY teams can provide services in more than 150 countries and territories.

  



EY provides equal employment opportunities to applicants and employees without regard to race, color, religion, age, sex, sexual orientation, gender identity/expression, pregnancy, genetic information, national origin, protected veteran status, disability status, or any other legally protected basis, including arrest and conviction records, in accordance with applicable law.

  



EY is committed to providing reasonable accommodation to qualified individuals with disabilities including veterans with disabilities. If you have a disability and either need assistance applying online or need to request an accommodation during any part of the application process, please call 1\\-800\\-EY\\-HELP3, select Option 2 for candidate related inquiries, then select Option 1 for candidate queries and finally select Option 2 for candidates with an inquiry which will route you to EY’s Talent Shared Services Team (TSS) or email the TSS at ssc.customersupport@ey.com.","","https://www.indeed.com/cmp/Ey","https://d2q79iu7y748jz.cloudfront.net/s/_squarelogo/256x256/82174c7d7afe2380d2d4631ea183f866","https://www.ey.com","London, England","10,000+","more than $10B (USD)","","","","","","",""
"in-bad92e6915049edc","indeed","https://www.indeed.com/viewjob?jk=bad92e6915049edc","http://www.indeed.com/job/azure-data-engineer-bad92e6915049edc","Azure Data Engineer","","Jersey City, NJ, US","2026-05-28","temporary, contract","direct_data","hourly",35.0,45.0,"USD",True,"","","","","Azure Data Engineer – Microsoft Fabric (W2 Contract)  
Job Title:

Azure Data Engineer – Microsoft Fabric

Location:

Remote / Hybrid / Onsite (USA)

Job Type:

Contract – W2 Only

Experience Required:

10\\+ Years

Work Authorization:

USC, GC, GC\\-EAD, H4\\-EAD, TN, H1B Transfer Accepted

Job Summary

We are seeking a highly skilled Azure Data Engineer with 10\\+ years of experience in designing and implementing enterprise\\-scale cloud data solutions using Microsoft Azure and Microsoft Fabric. The ideal candidate should have strong expertise in modern data engineering, big data processing, ETL/ELT frameworks, Lakehouse architecture, and real\\-time analytics platforms.

The candidate must possess hands\\-on experience with Microsoft Fabric, OneLake, Azure Databricks, Synapse Analytics, Data Factory, and scalable cloud\\-native data platforms.

Candidates with Microsoft Fabric Certifications are highly preferred.

Required Skills \\& Qualifications

* 10\\+ years of experience in Data Engineering and Cloud Data Platforms
* Strong hands\\-on expertise in:
* Microsoft Fabric
* Fabric Data Engineering
* Fabric Data Factory
* Fabric Lakehouse
* OneLake
* Azure Data Factory (ADF)
* Azure Synapse Analytics
* Azure Databricks
* Azure Data Lake Storage (ADLS Gen2\\)
* Strong experience with:
* Python
* PySpark
* SQL
* Spark SQL
* Delta Lake
* Expertise in:
* ETL/ELT Pipeline Development
* Data Warehousing
* Medallion Architecture
* Dimensional Data Modeling
* Data Migration \\& Modernization
* Experience working with:
* Real\\-time Streaming
* Kafka
* Event Hub
* Stream Analytics
* Strong knowledge of:
* Data Governance
* Microsoft Purview
* RBAC \\& Security
* Data Lineage
* Data Quality Frameworks
* Experience integrating Fabric with Power BI and enterprise reporting solutions
* Hands\\-on experience with CI/CD pipelines using:
* Azure DevOps
* GitHub Actions
* Terraform / ARM / Bicep
* Experience working in Agile/Scrum environments
* Excellent communication and stakeholder management skills

Preferred Certifications

The following certifications are highly preferred:

* Microsoft Certified: Fabric Analytics Engineer Associate (DP\\-600\\)
* Microsoft Certified: Azure Data Engineer Associate (DP\\-203\\)
* Microsoft Azure Solutions Architect Expert
* Databricks Certified Data Engineer

Roles \\& Responsibilities

* Design, build, and optimize scalable cloud\\-native data solutions using Azure and Microsoft Fabric
* Develop enterprise\\-grade Lakehouse architectures and modern analytics platforms
* Build high\\-performance ETL/ELT pipelines for structured and unstructured data
* Implement secure and governed data platforms using Microsoft best practices
* Collaborate with Architects, Data Scientists, BI Teams, and Business Stakeholders
* Optimize data processing performance, scalability, and operational cost
* Implement DevOps and Infrastructure\\-as\\-Code practices for deployment automation
* Support cloud migration and modernization initiatives
* Create reusable frameworks, standards, and best practices for data engineering teams

Nice to Have

* Experience with Snowflake or Redshift
* Exposure to AI/ML and Copilot\\-enabled analytics solutions
* Knowledge of Data Mesh architecture
* Experience in Banking, Healthcare, Retail, or Insurance domains
* Kubernetes and containerized workload exposure

Why Join Us?

* Opportunity to work on enterprise\\-scale Microsoft Fabric initiatives
* Exposure to latest Azure cloud and modern analytics technologies
* Long\\-term W2 Contract opportunity
* Collaborative and innovation\\-driven environment
* High visibility projects with Fortune 500 clients

Pay: $35\\.00 \\- $45\\.00 per hour

Work Location: In person","","https://www.indeed.comNone","","","","","","","","","","","",""
"in-ad25009ecdb4b08c","indeed","https://www.indeed.com/viewjob?jk=ad25009ecdb4b08c","https://jobs.ashbyhq.com/Jellyfish/ade36e5f-7205-464d-ac91-bfdb4f12d194?utm_source=JOw0KGpQyd","Data Engineer","JELLYFISH","US","2026-05-28","fulltime","direct_data","yearly",165000.0,205000.0,"USD",True,"","","","","Jellyfish is the backbone for elite engineering organizations, and our data pipelines need to be as high\\-performing and reliable as the teams we serve. We are looking for a **Data Engineer** to join our data platform team and help us execute, automate, and maintain the next generation of our Jellyfish data platform. In this role, you’ll be a core builder—fully autonomous, highly proficient, and responsible for translating architectural blueprints into clean, production\\-grade pipelines. If you view manual data patches and unmonitored workflows as bugs to be squashed and want to write code that directly impacts how the world’s best engineering leaders measure their output, you’re the perfect fit.

### **What you’ll actually be doing:**

* **Core Pipeline Engineering** – You’ll write the clean, modular Python and optimized SQL that drives our daily data transformations. You will be responsible for implementing our Medallion\\-layer data models (Bronze Silver Gold), ensuring high performance and data integrity.
* **Modern Orchestration \\& Tuning** – You’ll manage and tune our workflow orchestration engines (like Prefect or Dagster). You’ll hunt down slow execution paths, optimize parameter serialization (e.g., leveraging Pydantic v2\\), and ensure our distributed processing jobs run efficiently.
* **Infrastructure as Code (IaC)** – You won't just write data scripts; you'll own your infrastructure deployment. You will use Terraform to manage and provision data warehouse schemas, permissions, and tables across securely isolated staging and production catalogs.
* **API \\& Caching Integration** – You’ll collaborate with product developers to expose data safely. You’ll help implement and maintain the application backend tiers, backend\\-for\\-frontend (BFF) layers, and Redis caching structures that protect our core data warehouse from frontend concurrency spikes.
* **On\\-Call \\& Pipeline Observability** – You’ll participate in our data platform's incident response rotation. When a pipeline breaks, you won't just fix the data; you’ll refine the Datadog dashboards and alerts to ensure we catch the issue earlier next time.

### **You’re a great fit if:**

* **Data Engineering Fluency** – You have solid, hands\\-on production experience with Python, advanced SQL, and data transformation concepts. You are comfortable building and scheduling workflows using programmatic orchestrators (such as Prefect, Dagster, or Airflow).
* **Warehouse \\& Catalog Practitioner** – You know your way around enterprise data platforms (e.g., Snowflake, Databricks, BigQuery). You understand how to navigate environment boundaries, manage access keys securely, and write performant queries.
* **Automation Mindset** – You look at a repeated data backfill, a manual schema fix, or an untracked data quality bug and immediately think about how to script a permanent, automated solution.
* **Collaborative Builder** – You love working in a team. You write readable code, value thorough documentation and clear data lineage, and enjoy collaborating with application engineers to solve complex data delivery problems.
* **Pragmatic Problem Solver** – You know when to write a perfectly optimized distributed processing job and when a simple, well\\-indexed database table or cached view is the smartest move to keep the business moving.

### **Bonus Points:**

* You’ve worked in a rapidly scaling startup handling complex, multi\\-tenant B2B SaaS data.
* You have experience with data quality testing frameworks (like Great Expectations or Soda).
* You’ve interacted with cloud cost allocation tracking or token\\-level spend for LLM/AI model integrations.


A list of job experiences and qualification requirements is great, but humility, a performance\\-driven attitude, and a team\\-player approach are most important to us. We love to have fun and win in the process. We only hire people who have a passion for building great companies in an environment where a sense of humor is a must.


Occasional travel may be required.


Applicants must be authorized to work for **any** employer in the US. **We are unable to sponsor or take over sponsorship of an employment visa at this time.**

**Let’s talk about us!**  

This is all about you, but you want to know a little about us. Jellyfish enables leaders to effectively build AI\\-integrated engineering teams, align engineering decisions with business initiatives and deliver the right software efficiently and on time. AI tools alone won’t transform your org—Jellyfish shows you what’s working, what’s not, and how to build high\\-performing teams that know how to use AI the right way.


Compensation Range: $165K \\- $205K","","https://www.indeed.com/cmp/Jellyfish","","","London","51 to 200","$5M to $25M (USD)","","","","","","",""
"in-b1deb44e3e85cb78","indeed","https://www.indeed.com/viewjob?jk=b1deb44e3e85cb78","https://jobs.ashbyhq.com/Jellyfish/a7aa0e73-e3f9-4bcd-9886-dc1081c93fcd?utm_source=JOw0KGpQyd","Staff Data Architect","JELLYFISH","US","2026-05-28","fulltime","direct_data","yearly",200000.0,260000.0,"USD",True,"","","","","Jellyfish is the backbone for elite engineering organizations, and our data infrastructure needs to be as high\\-performing and insightful as the teams we serve. We are looking for a Staff/Lead Data Architect to help us design, automate, and scale the next generation of our Jellyfish data platform. You’ll be responsible for maturing our core data models, automating environment boundaries, and driving advanced observability and cost\\-attribution deeper into our data pipeline architecture. If you view manual data intervention as a technical debt to be solved and want to work in an environment where your architectural decisions directly impact how the world’s best engineering leaders measure their productivity, you’re the perfect fit.

### **What you’ll actually be doing:**

* **Architectural Evolution \\& Blueprinting** – You’ll own the blueprint for the next\\-generation Jellyfish data platform. You'll tackle our existing data footprint, refactoring pipelines and structures into highly efficient, scalable patterns (like Medallion\\-style schemas or unified semantic layers).
* **Automated Data Governance** – You’ll design and automate strict, code\\-driven environment isolation boundaries. You'll ensure dev, staging, and production data catalogs (and their underlying cloud storage) never dangerously cohabitate, eliminating the risk of ""fat\\-finger"" data drops or PII leakage.
* **Orchestration \\& Compute Scaling** – You’ll lead the modernization of our workflow orchestration and distributed compute engines. You’ll focus on slashing engine runtime overhead, eliminating API bottlenecks, and streamlining heavy parallelized or mapped data tasks.
* **Modern Integration Middleware** – You'll partner with application teams to ensure our React frontends and backend services hit highly secure, cached API and Backend\\-for\\-Frontend (BFF) layers rather than querying raw data services directly, protecting our warehouses from concurrency spikes.
* **Proactive Data Observability \\& FinOps** – You’ll build and maintain granular data\\-quality monitors and cost\\-allocation frameworks. You won't just track overall warehouse spend; you’ll implement systems to map execution cost and token usage directly down to the tenant, team, or user level.

### **You’re a great fit if:**

* **Data Tooling Fluency** – You have deep, production\\-level experience with Python, advanced SQL, and modern data stack essentials. You are deeply familiar with programmatic orchestrators (like Prefect, Dagster, or Airflow) and modern data validation engines (like Pydantic v2\\).
* **Catalog \\& Warehouse Practitioner** – You have hands\\-on mastery of enterprise\\-scale data platforms and governance layers (e.g., Snowflake, Databricks Unity Catalog, BigQuery) and know exactly how to map environments to catalogs and data quality to schemas.
* **Automation Mindset** – You look at a manual data backfill or a clicked\\-together database permission and immediately think about how to automate it via Infrastructure\\-as\\-Code (Terraform) or programmatic workflows.
* **Collaborative Systems Thinker** – You don’t design in a vacuum. You are excellent at documenting data lineage, mentoring data engineers, and collaborating across DevOps and Product teams to align infrastructure with business goals.
* **Pragmatic Problem Solver** – You know the difference between data quality stages and software development lifecycles. You know when a ""perfect"" distributed cluster is required and when a ""good enough"" cached view keeps the business moving.

### **Bonus Points:**

* You’ve survived (and thrived in) a rapidly scaling B2B SaaS startup handling massive multi\\-tenant data sets.
* You have strong opinions on the future of Git\\-like data versioning and zero\\-copy cloning (e.g., Iceberg, Nessie).
* You’ve managed complex cloud\\-billing attributions or scaled heavy LLM/vector\\-embedding data workloads and lived to tell the tale.


A list of job experiences and qualification requirements is great, but humility, a performance\\-driven attitude, and a team\\-player approach are most important to us. We love to have fun and win in the process. We only hire people who have a passion for building great companies in an environment where a sense of humor is a must.


Occasional travel may be required.


Applicants must be authorized to work for **any** employer in the US. **We are unable to sponsor or take over sponsorship of an employment visa at this time.**

**Let’s talk about us!**  

This is all about you, but you want to know a little about us. Jellyfish enables leaders to effectively build AI\\-integrated engineering teams, align engineering decisions with business initiatives and deliver the right software efficiently and on time. AI tools alone won’t transform your org—Jellyfish shows you what’s working, what’s not, and how to build high\\-performing teams that know how to use AI the right way.


Compensation Range: $200K \\- $260K","","https://www.indeed.com/cmp/Jellyfish","","","London","51 to 200","$5M to $25M (USD)","","","","","","",""
"in-62f42ce9d9df9845","indeed","https://www.indeed.com/viewjob?jk=62f42ce9d9df9845","https://jobs.ashbyhq.com/Jellyfish/464c3e43-8532-40c8-a118-6ff657027e70?utm_source=JOw0KGpQyd","Senior Data Engineer","JELLYFISH","US","2026-05-28","fulltime","direct_data","yearly",190000.0,240000.0,"USD",True,"","","","","Jellyfish is the backbone for elite engineering organizations, and our data pipelines need to be as high\\-performing and reliable as the teams we serve. We are looking for a Senior Data Engineer to help us build, automate, and execute the next generation of our Jellyfish data platform. Working closely with our Lead Data Architect, you’ll be responsible for implementing core data models, building production\\-grade CI/CD for data pipelines, and transforming raw engineering signals into highly optimized analytical layers. If you view broken pipelines and manual data patches as a technical debt to be solved and want to write code that directly impacts how the world’s best engineering leaders measure their output, you’re the perfect fit.

### **What you’ll actually be doing:**

* **Pipeline Execution \\& Modeling** – You’ll maintain our end\\-to\\-end data pipelines, writing clean, modular Python and SQL. You will help translate the architectural blueprint into reality, structuring data across our Medallion layers (Bronze \\> Silver \\> Gold) for maximum performance and reliability.
* **Orchestration Modernization** – You’ll take the lead on migrating, optimizing, and maintaining our workflow orchestration engines. You’ll eliminate pipeline bottlenecks, leverage modern fast\\-paths (like Pydantic v2 and async database clients), and ensure distributed tasks scale seamlessly without hitting API limits.
* **Data CI/CD \\& Infrastructure Automation** – You’ll build the ""paved road"" for data deployments. You’ll use Terraform to provision data resources and write automated tests to validate schemas and data quality before code ever hits our isolated staging or production catalogs.
* **API \\& Caching Integration** – You’ll collaborate with product developers to expose data safely. You’ll help design and optimize the application backend tiers, backend\\-for\\-frontend (BFF) layers, and Redis caching structures that protect our core data warehouse from frontend concurrency spikes.
* **On\\-Call \\& Observability Triage** – You’ll participate in the data platform's incident response rotation. You won't just patch a failing pipeline; you’ll build deep observability, refine alerts to reduce noise, and write programmatic fixes to ensure the issue never happens again.

### **You’re a great fit if:**

* **Data Engineering Fluency** – You have solid, production\\-level experience with Python, advanced SQL, and data transformation frameworks (like dbt or PySpark). You are highly comfortable working with programmatic orchestrators (such as Prefect, Dagster, or Airflow).
* **Warehouse \\& Catalog Practitioner** – You know your way around enterprise data platforms (e.g., Snowflake, Databricks, BigQuery). You understand how to safely navigate environment boundaries, manage access keys securely, and write performant queries that don't balloon the cloud bill.
* **Automation Mindset** – You look at a repeated data backfill, a manual schema fix, or an untracked data quality bug and immediately think about how to script a permanent, automated solution.
* **Collaborative Builder** – You love working in a team. You write readable code, value thorough documentation and clear data lineage, and enjoy collaborating with application engineers to solve complex data delivery problems.
* **Pragmatic Problem Solver** – You know when to write a perfectly optimized distributed processing job and when a simple, well\\-indexed database table or cached view is the smartest move to keep the business moving.

### **Bonus Points:**

* You’ve survived (and thrived in) a rapidly scaling startup handling complex, multi\\-tenant B2B SaaS data.
* You have strong opinions on data quality testing frameworks (like Great Expectations or Soda) and data\\-observability patterns.
* You’ve worked extensively with cloud cost allocation or tracked token\\-level spend for LLM/AI model integrations.


A list of job experiences and qualification requirements is great, but humility, a performance\\-driven attitude, and a team\\-player approach are most important to us. We love to have fun and win in the process. We only hire people who have a passion for building great companies in an environment where a sense of humor is a must.


Occasional travel may be required.


Applicants must be authorized to work for **any** employer in the US. **We are unable to sponsor or take over sponsorship of an employment visa at this time.**

**Let’s talk about us!**  

This is all about you, but you want to know a little about us. Jellyfish enables leaders to effectively build AI\\-integrated engineering teams, align engineering decisions with business initiatives and deliver the right software efficiently and on time. AI tools alone won’t transform your org—Jellyfish shows you what’s working, what’s not, and how to build high\\-performing teams that know how to use AI the right way.


Compensation Range: $190K \\- $240K","","https://www.indeed.com/cmp/Jellyfish","","","London","51 to 200","$5M to $25M (USD)","","","","","","",""
"in-d362beee7ff98d35","indeed","https://www.indeed.com/viewjob?jk=d362beee7ff98d35","https://jobs.lever.co/nextech/f791e063-08a6-498d-86df-c50c12e0a5f8","Senior Data Engineer","Nextech Systems","Remote, US","2026-05-28","fulltime","","","","","",True,"","","","talent@nextech.com","**Why join Nextech?**We are a leader in specialty healthcare technology solutions.
We’re committed to hiring and retaining talent, which is why we invest in our employees through competitive pay, a generous bonus structure, great healthcare, a comprehensive wellness program, and many other benefits.
If you are a software engineer, finance or accounting professional, customer support specialist, or a business development expert with a passion for healthcare technology (just to name a few), we want to hear from you.
We are an equal opportunity employer with a commitment to diversity. All individuals, regardless of personal characteristics are encouraged to apply. If you are a candidate in need of assistance or an accommodation in the application process, please contact talent@nextech.com .  

  

**About the Role**We’re looking for a Senior Data Engineer to help with optimization, support and deployment of our cloud\\-based data systems that power mission\\-critical healthcare applications. You’ll play a key role in building secure, scalable, and compliant database solutions using Azure SQL Server, and other cloud\\-native technologies. Additionally, you will work in supporting the evolution of our analytics lakehouse and all of its data sources. Our platform supports real\\-time clinical workflows, patient data analytics, and regulatory reporting—so precision, performance, and privacy are paramount.
This is a hybrid role, where having a solid background in administration or operations of data platforms as well as exploring data lakehouse tools and strategy are preferred.
All activities must be in compliance with Equal Employment Opportunity laws, HIPAA, ERISA and other regulations, as appropriate.
### **Essential Skills:**

* Design, deploy, maintain and support cloud based SQL Server environments across VM’s, Azure SQL and Azure SQL Managed Instance platforms
* Troubleshoot performance issues using standard tools and monitoring platforms, improving client outcomes within our product data platforms
* Ensures high\\-quality outcomes by refining processes, validating infrastructure changes, and mentoring others on standards.
* Works with product development to adhere to best practices during SDLC
* Takes ownership of support issues, working with other engineering teams on data platform product solutions
* Anticipates customer needs and designs solutions that add long\\-term value
* Partners with stakeholders to refine requirements and improve outcomes
* Advocates for customer\\-centric practices within engineering teams
* Mentors junior engineers on processes/procedure using best practices to improve the work environment
* Reviews Data Protection and Compliance technologies ensuring they meet industry standard and best practices
* Ensures high\\-quality outcomes by refining processes, validating infrastructure changes, and mentoring others on standards
* Ability to leverage log exhaust to create robust real time monitoring and alerting for platforms and processes
* Proactively adjusts to shifting priorities and business needs
* Responds quickly and effectively to complex incidents or outages
* Guides others in managing change and uncertainty in technical environments
### **Minimum Requirements:**

* 5\\-7\\+ years of experience with SQL Server and Azure SQL in production environments, ideally within healthcare or regulated industries
* Deep understanding of cloud database architecture, PaaS vs IaaS, and hybrid cloud models
* Expert command of T\\-SQL, PowerShell, as well as Python or C\\# for automation and scripting
* Experience with infrastructure\\-as\\-code tools like Terraform, Bicep, or ARM templates
* Familiarity with FHIR, HL7, or other healthcare data standards is a plus
* Proven ability to work cross\\-functionally with product, compliance, and clinical teams
* Excellent communication and documentation skills
### **Preferred Qualifications:**

* Experience with Azure Fabric, Databricks or other big data platforms for large\\-scale healthcare analytics
* Exposure to Python for data engineering, automation, or ML pipeline integration
* Basic understanding of streaming data architectures (e.g., Azure Event Hubs, Kafka) and real\\-time analytics
* Familiarity with Delta Lake, Parquet, or Lakehouse architectures
* Understanding of data mesh principles and distributed data ownership models
* **Microsoft Certified:** Azure Database Administrator Associate or equivalent
### **Working Environment/Physical Demands:**

* **100% Remote**
* Activities require a significant amount of work in front of a computer monitor
* Long\\-distance or air travel as needed – not to exceed 10% travel
**Total Rewards:**  

Generous annual bonus opportunity
401(k) with Employer Match
Flexible Time Off: take time off when you need it without worrying about available hours
11 paid holidays
Your Day Your Way \\- Celebrate a day of cultural or social significance to you
Insurance: Choice of Medical, Dental, and Vision plans
Health Savings Account with employer match
Flexible Spending Account
100% Company\\-Paid Parental leave (After 6 months with the company)
100% Company\\-Paid Life Insurance and Short/Long Term Disability Insurance
Nextech Luminary Peer Recognition Program
Wellness Program including discounts on medical premiums
Employee Assistance Program with free counseling sessions available
Corporate Discounts on Retail, Travel, and Entertainment
We may use artificial intelligence (AI) tools to support parts of the hiring process, such as reviewing applications, analyzing resumes, or assessing responses. These tools assist our recruitment team but do not replace human judgment. Final hiring decisions are ultimately made by humans. If you would like more information about how your data is processed, please contact us.","","https://www.indeed.com/cmp/Nextech-Systems-3","https://d2q79iu7y748jz.cloudfront.net/s/_squarelogo/256x256/aeac7309b3188dfbf2468283b430a8ea","https://www.nextech.com","Tampa, FL","201 to 500","Decline to state","Nextech is the complete healthcare technology solution for specialty providers.","","","","","",""
"in-c3bf18ade2bd3a95","indeed","https://www.indeed.com/viewjob?jk=c3bf18ade2bd3a95","https://jsv3.recruitics.com/redirect?rx_cid=3427&rx_jobId=200643156-0836&rx_url=https%3A%2F%2Fjobs.apple.com%2Fen-us%2Fdetails%2F200643156-0836%2Fdata-engineer%3Fboard_id%3DJB001%26rx_a%3D0%26rx_c%3D%26rx_ch%3Djobp4p%26rx_group%3D122365%26rx_id%3Da9c56d33-5b2d-11f1-baa1-bd9663f128d5%26rx_job%3D200643156-0836%26rx_medium%3Dcpc%26rx_r%3Dnone%26rx_source%3Dindeed%26rx_ts%3D20260529T140408Z%26rx_vp%3Dcpc%26team%3DSFTWR","Data Engineer","Apple","Cupertino, CA, US","2026-05-25","","direct_data","yearly",126800.0,220900.0,"USD",False,"","","","","Apple's Media, Graphics, and Compute Technologies Group (MGC) is looking for a talented and dedicated big data engineer to join our Data Engineering team. The Data Engineering team within the MGC organization plays a critical role in supporting data\\-driven analytics by providing data collection, warehousing, and analytics at big data scale. Our team provides the infrastructure to power numerous trend and operational dashboards as well as other ad\\-hoc use cases in support of services like Apple TV, Apple Music, and FaceTime. We are leveraging Generative AI and Machine Learning technologies to provide best\\-in\\-class data analytics and monitoring.  

  

This role offers the opportunity to help design, enhance, and develop our very\\-high\\-volume processing pipeline. You'll work with talented engineers within our team as well as cross\\-functional teams in an agile and dynamic environment that values engineering excellence, creativity, and innovation, and you will be a key contributor to our next generation of processing pipeline and data analytics platform.  

  

**Description**  

  

Our team leverages modern Data Engineering, Generative AI and Machine Learning technologies to deliver actionable insights. You will be:  

  

* Collaborating with data scientists across functional teams to define and enhance performance metrics that provide valuable insights for stakeholders

  

* Building and maintaining:

  

* Ingestion pipelines for real\\-time data processing

  

* Real\\-time applications driving operational monitoring

  

* Batch ETL/ELT applications populating our data warehouse

  

* Applying Generative AI and Retrieval Augmented Generation (RAG) techniques to enhance data analytics capabilities

  

* Applying Machine Learning technologies for anomaly detection"",""responsibilities"":""Tuning and scaling Apache Kafka producer/consumer, Spark Structured Streaming and Flink applications running in cloud environment

  

Managing and monitoring large scale data collection and analytics pipelines at the application level  

  

Performing capacity planning to scale infrastructure and applications running on Kubernetes  

  

Troubleshooting production issues and conducting performance analysis of distributed systems  

  

Collaborating with cross\\-functional teams to ensure high availability and reliability of data pipelines  

  

Keeping up with the latest data engineering trends and applying the corresponding technologies  

  

**Preferred Qualifications**  

  

Production experience with Apache Kafka, Spark, or Flink  

  

Working knowledge of Trino or similar distributed query engines  

  

Experience building multi\\-agent AI systems or agentic workflows  

  

Familiarity with Retrieval Augmented Generation (RAG) techniques working in conjunction with LLMs  

  

Experience with creating and consuming Model Context Protocol (MCP) services  

  

**Minimum Qualifications**  

  

Bachelor's degree in Computer Science or equivalent professional experience  

  

Experience in building large scale distributed systems in Java/Python or similar languages  

  

Proficient in SQL  

  

Experience with data warehouse architectures and dimensional modeling  

  

Demonstrated ability to conduct performance analysis and troubleshoot large scale distributed systems  

  

Strong collaboration skills with ability to understand complex architectures and work effectively across teams  

  

Hands\\-on experience with Docker and Kubernetes  

  

**Pay \\& Benefits**  

  

At Apple, base pay is one part of our total compensation package and is determined within a range. This provides the opportunity to progress as you grow and develop within a role. The base pay range for this role is between $126,800 and $220,900, and your base pay will depend on your skills, qualifications, experience, and location.  

  

Apple employees also have the opportunity to become an Apple shareholder through participation in Apple's discretionary employee stock programs. Apple employees are eligible for discretionary restricted stock unit awards, and can purchase Apple stock at a discount if voluntarily participating in Apple's Employee Stock Purchase Plan. You'll also receive benefits including: Comprehensive medical and dental coverage, retirement benefits, a range of discounted products and free services, and for formal education related to advancing your career at Apple, reimbursement for certain educational expenses \\- including tuition. Additionally, this role might be eligible for discretionary bonuses or commission payments as well as relocation. Learn more about Apple Benefits  

  

Note: Apple benefit, compensation and employee stock programs are subject to eligibility requirements and other terms of the applicable plan or program.","","https://www.indeed.com/cmp/Apple","https://d2q79iu7y748jz.cloudfront.net/s/_squarelogo/256x256/0543909b7f6029855455e1cbb6a02a7f","http://www.apple.com","Cupertino, CA","10,000+","more than $10B (USD)","This is where you can do the best work of your life.","","","","","",""
"in-385b84bfbe9d8ea5","indeed","https://www.indeed.com/viewjob?jk=385b84bfbe9d8ea5","https://careers.lippert.com/jobs/17116/job?utm_source=indeed_integration&iis=Job%20Board&iisn=Indeed&indeed-apply-token=73a2d2b2a8d6d5c0a62696875eaebd669103652d3f0c2cd5445d3e66b1592b0f","Data Engineer","Lippert","US","2026-05-22","fulltime","","","","","",True,"","","","","Overview:
**Who We Are:**


Lippert is a leading, global manufacturer and supplier of highly engineered products and customized solutions, dedicated to shaping, growing and bettering the RV, marine, automotive, commercial vehicle and building products industries. We combine our strategic manufacturing capabilities with the power of our winning team culture to deliver unrivaled customer service, award\\-winning innovation, and premium products to all of our customers.  



**Why We are Different:**


At Lippert, Everyone Matters. This is not just a tagline or empty promise; it is who we are. We have intentionally created a culture that values and celebrates our team members’ unique and varied backgrounds, perspectives, and experiences. We strive to give our team members a deeper sense of purpose at work, and we continue to build a better work environment by aligning our cultural and business strategies with the needs of our team members.


**What You will Get:*** A unique, inclusive and supportive company culture.
* Comprehensive benefit offerings including medical, dental, vision, 401k with employer match, vacation, and more!
* Fair and competitive compensation.
* Career development and mentoring and opportunities to grow.
* Holiday, personal and vacation days.

**Summary/Objective**
The Data Engineer documents, supports, and automates the cloud data warehouse for Lippert Components. The candidate should have experience with ELT/ETL and dimensional modeling. The candidate must be able to work in a dynamic and rapidly expanding environment. **Essential Functions*** Create data pipelines
* Create data models using a star or snowflake architecture
* Perform hands\\-on coaching to peers
* Excellence in communication as a liaison with vendors and other Data Services personnel to resolve issues
* Strong desire to document and automate common tasks
* Document key responsibilities
* Act as support escalation
* Troubleshoot problems and quickly resolve issues

**Supervisory Responsibility**  

This position has no supervisory responsibility.

**Physical Demands**  

While performing the duties of this job, the employee is regularly required to stand, walk, use hands to handle, feel, or reach. This position is not very active when it comes to movement and requires a lot of typing and sitting in a chair.

  



**Position Type/Expected Hours of Work**


This is a full\\-time salary position and the expected work hours are 40 hours per week, Monday through Friday.


**Travel**


There is minimal to no travel with this position.

**Competencies*** You're compassionate and trustworthy, and set high standards
* You're not afraid to ask questions and you are open to constructive criticism
* You're self\\-driven and take ownership of your work
* You're enthusiastic and adapt to change well
* Ability to communicate (written and verbal) clearly, concisely and effectively

**Requirements*** At least 2 years of experience building ELT or ETL pipelines
* At least 2 years of experience with SQL
* At least 2 years of experience with dimensional modeling
* Public cloud experience (AWS, Microsoft Azure)
* Strong customer\\-facing written and oral communication skills
* Experience troubleshooting and configuring data pipelines
* Manages daily requests from business operations
* Customer service based \\- An ability to be flexible and use different approaches in different situations
* Excellent communication \\- Being able to convey information to other employees clearly and simply
* Strong technical writing ability
* Strong attention to detail
* 3\\+ years of experience in an enterprise IT environment
* Multiple office locations \\- some travel may be required

**What'll Make you Special*** Experience with cloud data warehouses
* Experience with Dynamics365 for Finance and Operations or DynamicsAX
* Experience with Kimball or Immon data warehouse architecture
* Experience with PowerBI
* Experience with Azure DevOps
* Experience with Databricks

**Work Authorization/Security Clearance:**

* Must be legally authorized to work in the United States.
* Possession of a valid driver’s license

**Other Duties**  

Please note this job description is not designed to cover or contain a comprehensive listing of activities, duties or responsibilities that are required of the employee for this job. Duties, responsibilities and activities may change at any time with or without notice.
Pay Group : AAP/EEO Statement:

Lippert provides equal employment opportunity to all team members and applicants without regard to race, color, religion, sex, sexual orientation, gender identity, pregnancy, national origin, ancestry, age, genetic information, disability, citizen status, protected veteran status, military service, marital status or any other legally protected category as established by federal, state, or local law. This policy governs all employment decisions, including recruitment, hiring, job assignment, compensation, training, promotion, discipline, transfer, leave\\-of\\-absence, access to benefits, layoff, recall, termination and other personnel matters. All employment and personnel\\-related decisions are based solely upon legitimate, job\\-related factors, such as skill, ability, past performance, and length of service with Lippert.  

Lippert’s strong commitment to equal employment opportunity requires a commitment by each individual team member. Compliance with the letter and spirit of this policy is required of all team members. Violations of this policy should be immediately reported to your leader or to any member of leadership. Team members who violate this policy will be subject to disciplinary action, up to and including termination of employment.  

Know Your Rights","","https://www.indeed.com/cmp/Lippert-1","https://d2q79iu7y748jz.cloudfront.net/s/_squarelogo/256x256/7ee5935ff26ae782fddee51acd9d99bc","https://www.lci1.com/","3501 County Road 6 East, Elkhart Indiana 46514, United States","10,000+","$1B to $5B (USD)","Lippert® is a leading, global manufacturer and supplier of highly engineered products and customized solutions, dedicated to shaping, growing, and bettering the RV, marine and automotive industries.","","","","","",""
"in-00ef03c5a2a76afa","indeed","https://www.indeed.com/viewjob?jk=00ef03c5a2a76afa","https://apply.jobappnetwork.com/clients/14459/posting/11023128/en?src=Indeed_Organic_Jobs&dt=0526&utm_source=Indeed_Organic_Jobs&utm_medium=Organic&utm_campaign=Indeed_Organic_Jobs","Director of AI & Data Analytics","DataBank","Dallas, TX, US","2026-05-22","fulltime","","","","","",False,"","","","","DataBank Holdings Ltd. is a leading provider of enterprise\\-class data center, cloud, and interconnection services, offering customers 100% uptime availability of data, applications, and infrastructure. DataBank's managed data center services are anchored in world\\-class facilities. Our customized technology solutions are designed to help customers effectively manage risk, improve technology performance, and allow focus on core business objectives. DataBank is headquartered in the historic former Federal Reserve Bank Building, in downtown Dallas, TX.

  

DataBank is proud to be an Equal Opportunity Employer. Our work culture does not discriminate based on actual or perceived race, creed, color, religion, alienage or national origin, ancestry, citizenship status, age, disability or handicap, sex, marital status, veterans' status, gender, gender identity, gender expression, genetic information, sexual orientation, or any other characteristic protected by applicable federal, state, or local law.


We're looking for a hands\\-on Director of AI \\& Data Analytics who still loves getting their hands dirty in code. This isn't a ""pure management"" role where you sit in meetings all day Youll spend roughly 50% of your time leading and mentoring your team and other engineering members, and the remaining 50% hands\\-on, writing SQL, building data pipelines, architecting solutions, and tackling complex technical challenges directly.

  

You'll be the technical architect and strategic driver of DataBank's data and AI initiatives, turning our mountain of infrastructure, operations, and customer data into actual intelligence that people use. Think: predictive analytics that prevent problems before they happen, AI models that optimize efficiency across data centers, and self\\-service analytics that make everyone's life easier. The ideal candidate blends technical depth in data architecture, AI/ML engineering, and cloud analytics with a strong business sense for driving measurable outcomes.

 **Key Responsibilities:**

  

Be the Data Whisperer: Building Business Intelligence \\& Insights


Partner with leaders across the business to understand their data challenges (and translate ""I need a report"" into ""here's the insight you actually need"")


Design and model data solutions that enable self\\-service analytics because teaching people to fish is way better than becoming the company's fish\\-delivery service


Build cross\\-functional relationships with engineering, product, finance, operations, and marketing teams who all have ""just one quick data question"" teams to quantify ROI and inform strategic decision\\-making


Measure and report key business metrics, operational efficiency, customer growth, and service quality


Mentor and align business analysts in other departments on their reporting strategies

  

AI \\& Analytics Strategy


Define and execute a company\\-wide AI and analytics roadmap aligned with DataBanks business and technology objectives


Drive the evolution from traditional BI to predictive and generative AI\\-driven insights across DataBanks data ecosystem


Champion the integration of AI into key workflows, from customer intelligence to operational automation.


Develop AI models for forecasting, anomaly detection, and intelligent automation in data center operations


Build ML pipelines that go beyond PowerPoints demos and into production

  

Fix What's Broken, Build What's Missing


Untangle and optimize data structures that have gotten ""organically complex"" over time


Optimize the existing MSSQL to Snowflake replication and data warehousing strategy to establish patterns of anti\\-fragility

  

Lead (When You're Not Coding)


Build and mentor a high\\-performing team of data engineers, scientists, and AI specialists


Define and execute an AI and analytics roadmap that aligns with business objectives (the real ones, not just buzzword bingo)


Champion the evolution from ""here's what happened"" to ""here's what's about to happen and what we should do about it""

  

Make Data Governance Not Boring


Implement data quality, security, and compliance frameworks that meet regulatory standards


Ensure AI practices align with compliance requirements where applicable

 **Qualifications:**

  

Must\\-Haves:


Bachelors degree in computer science, Data Science, Engineering, or related field (Masters preferred)


10\\+ years wrangling data, building pipelines, or developing AI/ML solutions with 3\\+ years in leadership roles


Proven experience building scalable data platforms and deploying production\\-grade AI/ML solutions.


Deep expertise in data modeling you dream in star schemas and know when to denormalize. Extra credit if you have a small shrine dedicated to Ralph Kimball.


Proven track record building scalable data platforms and deploying production\\-grade AI/ML solutions


Experience with modern AI/ML frameworks (PyTorch, TensorFlow, Hugging Face, LangChain)


Deep Expertise in cloud\\-native data technologies, you've built data transformations with:

* Data warehousing \\- 5 years. Snowflake preferred, Databricks, AWS/Azure data services are an acceptable alternative
* Enterprise BI Reporting 5 years. Sigma Computing preferred. Power BI or Tableau is an acceptable alternative
* Orchestration tools (Airflow and dbt)

 **What Makes This Role Interesting**

  

This isn't just ""build dashboards and call it analytics."" You'll be:


Designing the data foundation for one of the fastest\\-growing data center companies in the world, operating 65\\+ data centers across North America


Building AI capabilities that optimize real\\-world physical infrastructure (power, cooling, capacity planning)


Creating intelligence systems that make our customers' lives better and our operations more efficient


Working cross\\-functionally with smart people who actually care about using data well


Having the autonomy to fix technical debt while building new capabilities

 *Translation: You get to solve hard technical problems, work with interesting data, and see real business impact from your work.*

 **Why Join?**


Lead a high\\-impact AI and data analytics function at the intersection of cloud, edge, and infrastructure innovation


Collaborative, values\\-driven culture that prioritizes integrity, innovation, and operational excellence


Competitive compensation, 401(k) match, health and wellness benefits, and generous PTO

  

To be considered for this position, all candidates must be U.S. citizens or hold valid Green Card and live in the U.S.. This requirement is due to DataBanks compliance with FedRAMP and FISMA regulations.


No third\\-party recruiters.

  

  

Brand: DataBank
  

Address: 400 S Akard Street Dallas, TX \\- 75202
  

Property Description: DFW1 \\- Akard St \\- Dallas TX
  

Property Number: DFW1","","https://www.indeed.com/cmp/Databank","https://d2q79iu7y748jz.cloudfront.net/s/_squarelogo/256x256/cb7dd1082f97d5b9f66302e853d27ab0","http://www.databank.com","","501 to 1,000","$1B to $5B (USD)","Our Culture: Confidence-Inspiring, Human-Focused, Data-Centered","","","","","",""
"in-240dc45543833068","indeed","https://www.indeed.com/viewjob?jk=240dc45543833068","https://careers.hvcu.org/jobs/5908/job?utm_source=indeed_integration&iis=Job%20Board&iisn=Indeed&indeed-apply-token=73a2d2b2a8d6d5c0a62696875eaebd669103652d3f0c2cd5445d3e66b1592b0f","AVP Data Platform","Hudson Valley Credit Union","Poughkeepsie, NY, US","2026-05-21","fulltime","direct_data","yearly",145785.0,184020.0,"USD",False,"","","","","Overview:

Hudson Valley Credit Union is currently recruiting for the position of AVP Data Platform. Primary Function: Responsible for the vision, engineering and operational excellence of the enterprise data platform. The role leads the development and administration of data infrastructure, ensuring a scalable, secure, and highly available platform that supports advanced analytics, business intelligence, and real\\-time data processing.  

The position requires deep technical expertise in modern data technologies along with the ability to align data initiatives with business objectives and regulatory requirements.
Responsibilities:

Platform Strategy \\& Delivery  

* Develop and execute a multi\\-year roadmap to evolve the data platform from legacy silos to a modern, unified environment
* Align platform capabilities with business goals, identifying opportunities to improve efficiency, growth, and innovation through data

Engineering Leadership  

* Oversee development of ETL/ELT pipelines, data warehousing solutions, and streaming capabilities
* Ensure platform performance, reliability, and accessibility

Security \\& Compliance* Partner with appropriate teams to implement identity\\-based access controls, encryption, and industry best practices
* Ensure adherence to applicable regulatory requirements


Stakeholder \\& Vendor Management  

* Collaborate with IT, Banking, Risk, Finance, Audit, Strategy, and HR to support data and reporting needs
* Manage relationships with technology partners and cloud service providers


Team Leadership* Recruit, mentor, and lead a high\\-performing team including Data Engineers, Power BI Engineers, Database Administrators, and Tool Administrators
* Promote a culture of innovation and continuous improvement


Financial Management* Manage budget across staffing, technology, and vendor engagements to ensure return on investment
* Operational Governance \\& Standards
* Oversee adherence to SDLC and ITSM
* Enforce departmental standards and procedures to maintain data and system integrity


Organizational Responsibilities* Adhere to all Credit Union policies, procedures, and regulatory agency requirements. Participate in all required and recommended training and development including, but not limited to, Bank Secrecy Act training (BSA) and demonstrate attained knowledge. Participate on Credit Union teams, projects and strategic initiatives when the opportunity arises. Perform additional duties and special projects as assigned.
* Embrace and apply HVCU’s guiding principles to all activities and responsibilities. This includes the Credit Union’s Mission, Vision, Core Values, Employee and Member Value Propositions, Sales and Service Model, and commitment to Lean Six Sigma practices. Support the Credit Union’s initiatives by demonstrating teamwork and professionalism.
* Responsible for regular and predictable attendance including punctuality.


Qualifications:
* Bachelor’s Degree in Computer Science, Information Technology or related field is required
* ITIL v4 or v5 foundation (or obtaining within 1 year of joining) is required
* Certified Information Technology Manager (CITM) or comparable (or obtaining within 1 year of joining) is preferred
* Minimum 10 years progressive IT experience is required
* Minimum 10 years experience with modern data platforms and technologies is required
* Minimum 5 years leadership experience at a Senior Manager or higher level is required

**KNOWLEDGE, SKILLS, AND ABILITIES**  

* Deep understanding and experience with core platforms \\& tools (Azure, Databricks, Data quality tools e.g., GX,DLT,Soda,Monte Carlo, Infrastructure as Code e.g., Terraform, Unity Catalog)
* Knowledge of data engineering and processing (ETL/ELT framework, Streaming and real\\-time platforms e.g, Kafka, Confluent, Workflow orchestration e.g., Airflow)
* Expertise in analytics and development (Power BI, Python, MLOps)
* Strong working knowledge of Identity and Access Management (IAM) and RBAC principles and Encryption and Zero Trust Architecture (ZTA) principles
* Strategic project management skills, proficient in Waterfall and Agile principles.
* Strong written, verbal, and presentation skills and ability to influence and communicate at the business level
* Proven ability to build, mentor and nurture high\\-performing teams.
* Strong critical thinking skills, analytical reasoning, innovation, and adaptability.
* Ability to operate effectively in changing environments
  

Click here to view full job description  


Why Choose HVCU?:

Join a team where your growth matters. At Hudson Valley Credit Union, we offer a supportive, community\\-focused culture, competitive benefits, and opportunities to grow your career while making a meaningful impact. Come be part of a Great Place to Work!

**Employee Perks:**

* Base \\& Variable Pay Structures
* Paid Personal, Holiday \\& Volunteer Time Off
* Professional Development \\& Training
* Student Loan Repayment \\& Tuition Reimbursement Programs
* Medical, Dental \\& Vision Coverage
* 401(k) With Employer Match \\& Non\\-Elective Employer Contribution
* Life, Short\\-term \\& Long\\-term Disability Insurances
* Discounted Loan Rates \\& Fees

 *Hudson Valley Federal Credit Union is an AA/EEO employer committed to equal opportunity and employee diversity. All qualified applicants will receive consideration for employment without regard to race, color, religion, sex, age, sexual orientation, gender identity, national origin, disability, military or veteran status, genetic information, marital or familial status, domestic violence victim status, or any other characteristic protected by law.*
Salary Range: G 33 $145,785\\.71 \\- $184,020\\.97 Annually","","https://www.indeed.com/cmp/Hudson-Valley-Credit-Union","https://d2q79iu7y748jz.cloudfront.net/s/_squarelogo/256x256/af391b5e21fa2fab98702531f35db630","https://careers.hvcu.org/careers-home","Poughkeepsie, NY","501 to 1,000","$100M to $500M (USD)","There’s a Reason People Work Here","","","","","",""
"in-4e36d5f5087ee936","indeed","https://www.indeed.com/viewjob?jk=4e36d5f5087ee936","https://www.amazon.jobs/jobs/10433430/data-engineer-ww-pricing--data--analytics?cmpid=DA_INAD200785B","Data Engineer, WW Pricing - Data & Analytics","Amazon.com","Seattle, WA, US","2026-05-14","fulltime","direct_data","yearly",101300.0,160000.0,"USD",False,"","","","","**DESCRIPTION**
---------------


WW Pricing drives the success of Amazon Retail and 3P Pricing. We build software that makes billions of monthly pricing recommendations on our marketplaces. We earn our customers' trust by consistently delivering the lowest prices possible: we price and publish prices automatically for the millions of products bought worldwide every day by our customers.  

  

You will be joining WW Pricing Data \\& Analytics team which consists of several Data Engineers and Business Intelligence Engineers.  

  

As a Data Engineer, you will create data models and ML data infrastructure that power our pricing algorithms and shape both customer and seller experiences. You'll develop essential data flows that keep our systems running smoothly while uncovering valuable insights that drive customer and seller success. You'll be developing GenAI based solutions to improve the operational and reporting efficiency.  

  

This job is for you if you are passionate about working with the largest and most complex data to optimize service performance. You will own the models and processes for collecting and transforming data, and work within the Pricing software engineering teams to drive the resulting business initiatives. You will learn the customer's intentions, and support us in understanding them as we take our business to the next level.  

  

Key job responsibilities  

* SQL proficiency (Redshift, Athena, Spark SQL)
* Experience with at least one programming language (Python, Java, or Scala)
* Familiarity with distributed data processing frameworks (Spark, EMR)
* Understanding of data warehousing concepts and star/snowflake schemas
**BASIC QUALIFICATIONS**
------------------------

* 1\\+ years of data engineering experience
* Experience with data modeling, warehousing and building ETL pipelines
* Experience with one or more query language (e.g., SQL, PL/SQL, DDL, MDX, HiveQL, SparkSQL, Scala)
* Experience with one or more scripting language (e.g., Python, KornShell)

**PREFERRED QUALIFICATIONS**
----------------------------

* Experience with big data technologies such as: Hadoop, Hive, Spark, EMR

  

Amazon is an equal opportunity employer and does not discriminate on the basis of protected veteran status, disability, or other legally protected status.  

  

Our inclusive culture empowers Amazonians to deliver the best results for our customers. If you have a disability and need a workplace accommodation or adjustment during the application and hiring process, including support for the interview or onboarding process, please visit https://amazon.jobs/content/en/how\\-we\\-hire/accommodations for more information. If the country/region you’re applying in isn’t listed, please contact your Recruiting Partner.  

The base salary range for this position is listed below. Your Amazon package will include sign\\-on payments and restricted stock units (RSUs). Final compensation will be determined based on factors including experience, qualifications, and location. Amazon also offers comprehensive benefits including health insurance (medical, dental, vision, prescription, Basic Life \\& AD\\&D insurance and option for Supplemental life plans, EAP, Mental Health Support, Medical Advice Line, Flexible Spending Accounts, Adoption and Surrogacy Reimbursement coverage), 401(k) matching, paid time off, and parental leave. Learn more about our benefits at https://amazon.jobs/en/benefits.

  

USA, WA, Seattle \\- 101,300\\.00 \\- 160,000\\.00 USD annually","Internet And Software","https://www.indeed.com/cmp/Amazon.com","https://d2q79iu7y748jz.cloudfront.net/s/_squarelogo/256x256/3e9d43f5c277de169808abdcaf49ba2c","https://www.amazon.jobs","440 Terry Ave N, Seattle, WA, United States, Washington","10,000+","more than $10B (USD)","Our mission is to be Earth's most customer-centric company.","","","","","",""
"in-24e2fdf7f031ceb2","indeed","https://www.indeed.com/viewjob?jk=24e2fdf7f031ceb2","https://careers.vtgdefense.com/jobs/9172/job?utm_source=indeed_integration&iis=Job%20Board&iisn=Indeed&indeed-apply-token=73a2d2b2a8d6d5c0a62696875eaebd669103652d3f0c2cd5445d3e66b1592b0f","Data Scientist – Supply Chain Risk Management","VTG Defense","Washington, DC, US","2026-05-12","fulltime","","","","","",False,"","","","","Overview:

VTG is seeking a motivated **Data Scientist** to join our team supporting a program focused on Supply Chain Risk Management (SCRM). The successful candidate will contribute to the development of data\\-driven insights and analytic solutions that help identify, assess, and mitigate risks in complex supply chains. This position (hybrid role) will report to the Washington Navy Yard in Washington, DC.  


Responsibilities:
* Apply statistical methods, artificial intelligence, machine learning, and predictive modeling to identify patterns, anomalies, and potential risks
* Write clean, efficient, and well\\-documented code in Python leveraging data science libraries (e.g., pandas, NumPy, scikit\\-learn, PyTorch, TensorFlow)
* Query, manipulate, and analyze structured and unstructured data from databases (SQL, NoSQL, Hive, etc.)
* Support data ingestion, processing, and visualization workflows to deliver actionable insights to government stakeholders
* Collaborate with a cross\\-functional team of analysts, data engineers, front\\-end developers, and subject matter experts to deliver mission\\-critical solutions
* Present findings through reports, dashboards, and briefings to both technical and non\\-technical audiences
* Develop and implement data science solutions to analyze large and complex datasets related to supply chain networks


Qualifications:
**Required Qualifications:*** Bachelor’s degree in Data Analytics, Statistics, Economics, Supply Chain Management, Computer Science, or a related field
* 1–3 years of hands\\-on experience in data science, analytics, or applied machine learning
* Strong proficiency in Python and core data science libraries
* Experience with databases (SQL and/or NoSQL) for querying and analysis
* Strong problem\\-solving skills and the ability to communicate technical insights clearly
* Must have and maintain a Secret clearance\\-eligible for a Top Secret clearance
* U.S. citizenship

 **Desired Qualifications/Skills/Abilities:*** Background or coursework in Supply Chain Management, Logistics, or Risk Analysis
* Experience with big data tools (Hadoop, Spark, Hive, etc.)
* Familiarity with government contracting or defense\\-related projects
* Experience developing in Cloudera Data Science Workbench (CDSW)

**Travel Requirements:**
Minimal travel, mostly in the Washington DC area.","","https://www.indeed.com/cmp/Vtg-Defense","https://d2q79iu7y748jz.cloudfront.net/s/_squarelogo/256x256/beb1e99705a34f16a239c864121c592d","http://www.vtgdefense.com","14291 Park Meadow Drive
Suite 425
Chantilly, VA 20151","1,001 to 5,000","$100M to $500M (USD)","Check us out at www.VTGdefense.com!","","","","","",""
"in-3b4ef1a55adcb94e","indeed","https://www.indeed.com/viewjob?jk=3b4ef1a55adcb94e","https://careers.hvcu.org/jobs/5838/job?utm_source=indeed_integration&iis=Job%20Board&iisn=Indeed&indeed-apply-token=73a2d2b2a8d6d5c0a62696875eaebd669103652d3f0c2cd5445d3e66b1592b0f","Senior Data Engineer","Hudson Valley Credit Union","Poughkeepsie, NY, US","2026-05-07","fulltime","direct_data","yearly",99819.0,125998.0,"USD",False,"","","","","Overview:

Hudson Valley Credit Union is currently recruiting for the position of Senior Data Engineer. Primary Functions: Design, build, and optimize our data infrastructure, leveraging the power and scalability of Databricks within our Azure environment. Maintain a deep expertise in Databricks and its ecosystem in order to build high\\-performance data pipelines, ensure data quality, and enable advanced analytics and machine learning initiatives.
Responsibilities:
* Design, develop, and maintain robust and scalable data pipelines primarily using Databricks, leveraging Spark (PySpark or Scala), Delta Lake, and Databricks Workflows
* Build and optimize data lakehouse solutions on Azure Data Lake Storage Gen2 integrated with Databricks
* Implement and enforce data quality frameworks and data governance policies within Databricks using tools and features like Delta Lake's ACID properties and data validation techniques
* Identify and resolve performance bottlenecks in Databricks\\-based data pipelines and Spark applications
* Collaborate closely with analysts to understand their data requirements for advanced analytics, providing them with curated and performant datasets within Databricks
* Automate data ingestion, transformation, and deployment processes, potentially integrating with CI/CD tools and Databricks MLOps
* Provide technical leadership and mentorship to junior data engineers on Databricks best practices and performance tuning
* Document Databricks notebooks, data pipelines, data models, and configurations
* Ensure data security and compliance within the Databricks environment, adhering to relevant security standards and best practices
* Troubleshoot and resolve complex data\\-related issues within the Databricks ecosystem
* Work independently and contribute to immediate and cross\\-functional teams
* Participate in design discussions
* Analyze problem statements, break down problems, and provide solutions
* Follow an agile\\-based approach to deliver data products
* Take ownership of large tasks, delivering on time, and mentoring team members
* Oversee the maintenance and enforcement of SDLC and ITSM processes, change management procedures, departmental standards, style requirements and all other procedures necessary for data and system integrity
* Adhere to all Credit Union policies, procedures, and regulatory agency requirements. Participate in all required and recommended training and development including, but not limited to, Bank Secrecy Act training (BSA) and demonstrate attained knowledge. Participate on Credit Union teams, projects and strategic initiatives when the opportunity arises. Perform additional duties and special projects as assigned.
* Embrace and apply HVCU’s guiding principles to all activities and responsibilities. This includes the Credit Union’s Mission, Vision, Core Values, Employee and Member Value Propositions, Sales and Service Model, and commitment to Lean Six Sigma practices. Support the Credit Union’s initiatives by demonstrating teamwork and professionalism.
* Responsible for regular and predictable attendance including punctuality.


Qualifications:
* Bachelor’s Degree or equivalent in Computer Science or related field required.
* Master's Degree or equivalent in Computer Science or related field preferred.
* License/Certification Databrick Data Engineer Associate required.
* License/Certification Databrick Data Engineer Professional preferred.
* License/Certification Mircrosoft Azure Data Engineer preferred.
* Minimum 5 years of experience as Data Engineer required.
* Minimum 5 years of experience Data Wharehousing, Data Lakes and big date platforms required.
* Minimum 5 years Python experience required.
* Minimum 3 years Databricks experience required.


Click here to view full job description

  


Why Choose HVCU?:  

Join a team where your growth matters. At Hudson Valley Credit Union, we offer a supportive, community\\-focused culture, competitive benefits, and opportunities to grow your career while making a meaningful impact. Come be part of a Great Place to Work!

**Employee Perks:**

* Base \\& Variable Pay Structures
* Paid Personal, Holiday \\& Volunteer Time Off
* Professional Development \\& Training
* Student Loan Repayment \\& Tuition Reimbursement Programs
* Medical, Dental \\& Vision Coverage
* 401(k) With Employer Match \\& Non\\-Elective Employer Contribution
* Life, Short\\-term \\& Long\\-term Disability Insurances
* Discounted Loan Rates \\& Fees

 *Hudson Valley Federal Credit Union is an AA/EEO employer committed to equal opportunity and employee diversity. All qualified applicants will receive consideration for employment without regard to race, color, religion, sex, age, sexual orientation, gender identity, national origin, disability, military or veteran status, genetic information, marital or familial status, domestic violence victim status, or any other characteristic protected by law.*
Salary Range: G 29 $99,819\\.00 \\- $125,998\\.24 Annually","","https://www.indeed.com/cmp/Hudson-Valley-Credit-Union","https://d2q79iu7y748jz.cloudfront.net/s/_squarelogo/256x256/af391b5e21fa2fab98702531f35db630","https://careers.hvcu.org/careers-home","Poughkeepsie, NY","501 to 1,000","$100M to $500M (USD)","There’s a Reason People Work Here","","","","","",""
"in-ea26819a2420cbb5","indeed","https://www.indeed.com/viewjob?jk=ea26819a2420cbb5","https://careers.blackline.com/jobs/7385/job?utm_source=indeed_integration&iis=Job%20Board&iisn=Indeed&indeed-apply-token=73a2d2b2a8d6d5c0a62696875eaebd669103652d3f0c2cd5445d3e66b1592b0f","Staff Data Engineer","BlackLine","New York, NY, US","2026-04-28","","direct_data","yearly",193000.0,242000.0,"USD",False,"","","","","Make Your Mark::

We’re looking for a Lead Data Engineer to design, build, and optimize data pipelines that power our next\\-generation AI\\-driven accounting agents. You’ll lead the development of scalable, high\\-performance data infrastructure while collaborating closely across teams.  

Responsibilities:* **Lead data pipeline development:** Build and maintain PySpark ETL pipelines with high data quality and performance
* **Manage integrations:** Establish robust connections to client data sources via APIs and tools like FiveTran, Plaid, and BlackLine’s own internal connector ecosystem
* **Ensure reliability:** Monitor pipeline performance, automate testing, and validate data accuracy
* **Optimize for scale:** Implement performance improvements (e.g., CDC mechanisms, indexing strategies) for large\\-scale datasets
* **Collaborate \\& innovate:** Work with business stakeholders to refine data requirements and integrate cutting\\-edge AI and big data technologies


You'll Get To::
* Design and build infrastructure for optimal extraction, transformation, and loading (ETL) of data from a wide variety of data sources, including data identification, mapping, aggregation, conditioning, cleansing, and analyzing.
* Identify, design, and implement internal process improvements: automating manual processes, optimizing data delivery, re\\-designing infrastructure for greater scalability, etc.
* Collaborate with cross\\-functional teams, including data scientists, analysts, and business stakeholders, to understand data requirements and deliver valuable insights.
* Effectively communicate complex technical concepts to non\\-technical audiences.
* Desire to automate everything.
* Maintain documentation and operational knowledge base.
* Coach and technically train junior staff on design and development standards and best practices.
* Design and implement data security and governance protocols to ensure the accuracy and reliability of data.


What You'll Bring::

Qualifications: **Years of Experience in Related Field:**3\\+ years of experience as a Data Engineer or a similar role**Education**: **Bachelor’s degree in Computer Science, Engineering or a related field****Technical/Specialized Knowledge, Skills, and Abilities:*** **Technical skills:** Expertise in PySpark and data transformation pipelines. Familiarity with AI technologies and cloud platforms (AWS, Azure) is a plus
* **Communication:** Strong communication skills and a proactive, ownership\\-driven mindset
* **Adaptability:** Thrive in a fast\\-paced, in\\-office\\-first startup environment


We’re Even More Excited If You Have::
* Experience with Google Cloud or similar cloud provider
* Significant experience with open source platforms and technologies.
* Experience with data science and machine learning tools and technologies is a plus.


Thrive at BlackLine Because You Are Joining::
* A technology\\-based company with a sense of adventure and a vision for the future. Every door at BlackLine is open. Just bring your brains, your problem\\-solving skills, and be part of a winning team at the world's most trusted name in Finance Automation!
* A culture that is kind, open, and accepting. It's a place where people can embrace what makes them unique, and the mix of cultural backgrounds and varying interests cultivates diverse thought and perspectives.
* A culture where BlackLiner's continued growth and learning is empowered. BlackLine offers a wide variety of professional development seminars and inclusive affinity groups to celebrate and support our diversity.


BlackLine is an equal opportunity employer. All qualified applicants will receive consideration for employment without regard to sex, gender identity or expression, race, ethnicity, age, religious creed, national origin, physical or mental disability, ancestry, color, marital status, sexual orientation, military or veteran status, status as a victim of domestic violence, sexual assault or stalking, medical condition, genetic information, or any other protected class or category recognized by applicable equal employment opportunity or other similar laws
BlackLine recognizes that the ways we work and the workplace itself has shifted. We innovate in a workplace that optimizes a combination of virtual and in\\-person interactions to maximize collaboration and nurture our culture. Candidates who live within a reasonable commute to one of our offices will work in the office at least 3 days a week.
Salary Range:: USD $193,000\\.00/Yr. \\- USD $242,000\\.00/Yr.","","https://www.indeed.com/cmp/Blackline-7","https://d2q79iu7y748jz.cloudfront.net/s/_squarelogo/256x256/1bd0900874d4c710e4731318eb5fc208","https://www.blackline.com","Woodland Hills, CA","1,001 to 5,000","$500M to $1B (USD)","BlackLine is a provider of cloud-based solutions that transform Finance and Accounting (F&A)","","","","","",""
"in-7edcf12be5ac5909","indeed","https://www.indeed.com/viewjob?jk=7edcf12be5ac5909","https://talent.spa.com/jobs/22623/job?utm_source=indeed_integration&iis=Job%20Board&iisn=Indeed&indeed-apply-token=73a2d2b2a8d6d5c0a62696875eaebd669103652d3f0c2cd5445d3e66b1592b0f","Data Engineer","Systems Planning and Analysis, Inc. (SPA)","Falls Church, VA, US","2026-04-24","fulltime","","","","","",False,"","","","","Overview:

Intrepid, an SPA Company, brings more than 20 years of experience supporting the Department of Defense and U.S. Government, consistently setting the standard for excellence in the federal marketplace. Committed to advancing the mission of the U.S. Warfighter, Intrepid leverages technological superiority to deliver innovative solutions across air, space, land, and sea domains. We are proud to foster a collaborative, dynamic work environment, offering competitive compensation and an industry\\-leading 401k contribution. Our team is built through merit and achievement, and we’re always looking for the best and brightest to join us in our growth. We treat our people like family, we are mission\\-focused, and we give back! Join us today.  

SPA has an immediate need for a Data Engineer.
Responsibilities:

The Data Engineer is responsible for designing, building, and maintaining data pipelines and ontology models in Palantir Foundry. This role ingests, transforms, and integrates financial data from DoD enterprise systems to support audit readiness, obligations management, and financial reporting use cases. The position requires hands\\-on technical work within an Agile delivery pod and close collaboration with government civilian subject matter experts and business analysts.


Build and maintain data pipelines in Palantir Foundry to ingest, cleanse, and transform financial data from source systems including GFEBS, DAI, and DEAMS.Design and implement Foundry ontology objects and relationships to support financial management use cases, beginning with Universe of Transactions (UoT) and Obligations and Funds Control. Develop data quality checks, validation rules, and reconciliation logic to ensure accuracy and completeness of ingested financial data.Support integration of Foundry data models with the Advana analytics platform for reporting and visualization. Collaborate with Business Analysts and government SMEs to translate financial business rules into technical data logic and pipeline configurations. Participate in Agile sprint sessions including planning, stand\\-ups, reviews, and retrospectives within the assigned Execution Pod. Coordinate with the Lead Data Engineer/Tech Lead and Solutions Architect on pipeline architecture, data modeling standards, and code review processes.
Qualifications:
**Required Qualifications:*** A Bachelor's Degree from an accredited institution with 5\\+ years of experience
* 3–7 years of experience in data engineering, data integration, or ETL/ELT pipeline development
* Strong hands\\-on experience with Databricks
* Experience building and managing data pipelines in Python and Databricks
* Experience working with Palantir Foundry, including building pipelines, workflows, or applications
* Strong proficiency in SQL and Python
* Experience designing and implementing end\\-to\\-end data solutions based on user or stakeholder requirements
* Experience working within DoW environments or supporting government programs
* Experience working with Advana or similar large\\-scale government data platforms
* Experience supporting financial management or financial analytics use cases
* Experience leading or mentoring data engineering teams
* Familiarity with DoD financial management concepts including obligations, disbursements, unliquidated obligations, and fund balance reconciliation
* Experience working in Agile environments and managing work across sprints
* Strong communication skills and ability to work directly with technical and non\\-technicalstakeholders
* An active SECRET security clearance and the ability to maintain it throughout employment

**Desired Qualifications:*** Experience supporting DoD audit readiness or financial statement audit remediation efforts
* Experience with the Advana platform, including data registration and analytics integration
* Knowledge of FYDP budget structures and DoD Planning, Programming, Budgeting, and Execution (PPBE) processes
* Experience working with DoD or federal financial management systems such as GFEBS, DAI, or DEAMS
* Prior work in the Military Health System or Defense Health Agency environment","Aerospace And Defense","https://www.indeed.com/cmp/Systems-Planning-and-Analysis,-Inc.-(spa)","https://d2q79iu7y748jz.cloudfront.net/s/_squarelogo/256x256/dcf51558b2ac901be663279d5a47cecf","https://www.spa.com/","Alexandria, VA","1,001 to 5,000","$100M to $500M (USD)","","","","","","",""
"in-bc61e41544a6952a","indeed","https://www.indeed.com/viewjob?jk=bc61e41544a6952a","https://careers.noblis.org/jobs/26977/job?utm_source=indeed_integration&iis=Job%20Board&iisn=Indeed&indeed-apply-token=73a2d2b2a8d6d5c0a62696875eaebd669103652d3f0c2cd5445d3e66b1592b0f","Cleared ETL Data Engineer (Multi-Level)","Noblis","Chantilly, VA, US","2026-04-20","fulltime","direct_data","yearly",90700.0,188725.0,"USD",True,"","","","","Responsibilities:

Noblis is seeking **Data Engineers** at multiple levels to join our team in support of national security missions.  

As the ETL Developer, you analyze our clients’ challenges and provide solutions by identifying and applying new tools and technologies to help design new data repositories. You will be responsible for maintaining and expanding the data pipeline that fuels critical national security missions and manipulating data and data flows for both existing and new systems. You will provide support in the areas of data extraction, transformation and load (ETL), data mapping, data extraction, analytical support, operational support, database support, and maintenance support of data and associated systems. Additionally, you will work alongside our team and cyber analysts performing data engineering to identify data sets.  

The ideal candidate will have a deep background in Python\\-based data workflows and experience working in classified IC environments. **Job Responsibilities:*** Developing, maintaining, and executing data extraction pipelines to transport data in and out of multiple environments.
* ETL Development and Data Cleansing: Engineering Python\\-based ETL pipelines to ingest, clean, and optimize large datasets from various sources, refining data quality and processing efficiency.
* Data Preparation: Applying Python and SQL for data cleaning, integration, and exploratory analysis to uncover valuable insights extracted from large volumes of data.
* Data Visualization: Designing and deploying interactive dashboards and reporting in visualization tools (e.g., Tableau, Power BI)
* Improving application performance by optimizing and executing SQL queries to support data handling.
* Loading data into storage systems like databases or data warehouses.
* Building and maintaining data infrastructure (e.g., NiFi, Pentaho, Hevo).
* Maintaining and documenting ETL workflows and recording data movement/changes.
* Working in an Agile environment to rapidly iterate with our clients.Cross\\-functional collaboration: Partner closely with data scientists, data engineers, and application developers to translate complex business requirements into robust technical implementations.


Required Qualifications:
* US Citizenship is required
* **Clearance:** Active Top\\-Secret SCI (TS/SCI) with Polygraph
* Experience performing extract, transformation, load (ETL) development for data pipelines (specifically cyber data); to include integrating, cleansing, and preparing data from sources for analytics and reporting.
* Proficient in data warehousing, data management, programming (e.g., Python), and ETL tools (e.g., Apache NiFi, Pentaho, Kafka).
* Familiarity with the cyber domain.
* Experience designing and maintaining SQL\\-based data systems and crafting complex queries.
* Experience designing and deploying interactive dashboards and integrating data systems with visualization and analytics platforms using Tableau and/or Power BI.
* Experience with a cloud environment (e.g., GCP, AWS), including its security containerization technologies (e.g., Docker, Kubernetes).
* Language experience with Python.
* Experience with Git\\-based workflows and code repository platforms such as GitHub.
* Ability to perform API service development.

* + **Level II:** Bachelor’s degree with 3 years of related experience; OR associate’s degree with 6 years of related experience; OR High School diploma/GED with 9 years of related experience.
	+ Compensation: $90,700 \\- $141,775
	+ **Level III:** Bachelor’s degree with 5 years of related experience; OR Master's degree with 3 years of related experience; OR associate’s degree with 8 years of related experience; OR High School diploma/GED with 11 years of related experience.
	+ Compensation: $120,700 \\- $188,725

  

\\#HighlyCleared
Desired Qualifications:
* Experience with Hadoop and Spark
* Experience with Elasticsearch
* Experience with open\\-source cyber data sets such as Shodan and Censys.IO
* Experience with creating and implementing Artificial Intelligence (AI) models and tools


Overview:
**Overview**
Noblis and our wholly owned subsidiaries, Noblis ESI and Noblis MSD, take on some of the nation’s toughest challenges, delivering advanced solutions to our customers’ most critical missions. We bring together leading scientific, engineering, and management expertise in a culture grounded in objectivity and collaboration, ensuring our work creates lasting impact across federal missions.  

We work with a broad range of government agencies in the defense, intelligence, and federal civilian sectors. Learn more and find opportunities at careers.noblis.org **Why Work at Noblis**  

At Noblis, we share a passion for excellence and innovation, and we create an environment where people can do meaningful work while maintaining the balance that keeps them energized and fulfilled. We seek out individuals with a natural curiosity and desire to collaborate and learn. We believe our people are our greatest strength, and we consistently seek exceptionally skilled, mission‑driven professionals who care deeply about doing work that enriches lives and makes our nation safer.  

Noblis has earned numerous workplace awards for our culture, our commitment to employee well‑being, and our dedication to meaningful, impactful work. We also maintain a drug‑free workplace. *Remote/hybrid status is subject to change based on Noblis and/or government requirements.*
Commitment to Non\\-Discrimination:

All qualified applicants will receive consideration for employment without regard to race, color, ethnicity, sex, age, national origin, religion, physical or mental disability, pregnancy/childbirth and related medical conditions, veteran or military status, or any other characteristics protected by applicable federal, state, or local law.  

If reasonable accommodation is needed to participate in the job application or interview process, to perform essential job functions, and/or to receive other benefits and privileges of employment, please contact us.
EEO is the Law \\| E\\-Verify \\| Right to Work  

  

Total Rewards:

At Noblis we recognize and reward your contributions, provide you with growth opportunities, and support your total well\\-being. Our offerings include health, life, disability, financial, and retirement benefits, as well as paid leave, professional development, tuition assistance, and work\\-life programs. Our award programs acknowledge employees for exceptional performance and superior demonstration of our service standards. Full\\-time and part\\-time employees working at least 20 hours a week on a regular basis are eligible to participate in our benefit programs. Other offerings may be provided for employees not within this category. We encourage you to learn more about our total benefits by visiting the Benefits page on our Careers site.  

Compensation at Noblis is determined by various factors, including but not limited to, the combination of education, certifications, knowledge, skills, competencies, and experience, internal and external equity, location, clearance level, as well as contract\\-specific affordability, organizational requirements and applicable employment laws. The projected compensation range for this position is based on full time status. For part time or on\\-call staff, compensation is proportionately adjusted based on hours worked. While monetary compensation is important, it's just one component of Noblis’ total compensation package.  

  

Posted Salary Range: USD $90,700\\.00 \\- USD $188,725\\.00 /Yr.","","https://www.indeed.com/cmp/Noblis","https://d2q79iu7y748jz.cloudfront.net/s/_squarelogo/256x256/749ac379d9bb78bf9536ec1f3107094f","http://www.noblis.org","Reston, VA","1,001 to 5,000","$100M to $500M (USD)","For 3 decades, Noblis has been an innovator within the federal government, committed to enriching lives and making our nation safer while investing in the missions of tomorrow.","","","","","",""
"in-6bc40683645d5866","indeed","https://www.indeed.com/viewjob?jk=6bc40683645d5866","https://careers-suffolkconstruction.icims.com/jobs/10714/job?utm_source=indeed_integration&iis=Job%20Board&iisn=Indeed&indeed-apply-token=73a2d2b2a8d6d5c0a62696875eaebd669103652d3f0c2cd5445d3e66b1592b0f","AI Engineer","Suffolk Construction","Boston, MA, US","2026-04-16","fulltime","direct_data","yearly",152000.0,222600.0,"USD",False,"","","","","Overview:
**About Suffolk**


Suffolk is a national enterprise that builds, innovates, and invests. We provide value across the entire project lifecycle through our core construction management services and complementary business lines in real estate investment, design, self\\-perform construction, and technology start\\-up investment (Suffolk Technologies). By integrating data, artificial intelligence, and advanced technology through our Seamless Platform, we connect design, construction, and operations to deliver smarter, more predictable results and redefine how America builds.  

Suffolk – America’s Contractor – is a national company with more than $9 billion in annual revenue, 3,000 employees, and 17 offices, including Boston (headquarters), New York City, Miami, West Palm Beach, Tampa, Estero, Dallas, Los Angeles, San Francisco, San Diego, Las Vegas, Herndon, U.S. Virgin Islands, and other key markets. Suffolk manages some of the most complex and transformative projects in the country, serving clients across healthcare, life sciences, education, gaming, aviation, transportation, government, mission critical, and commercial sectors. Suffolk is privately held and is led by founder, chairman and CEO John Fish. Suffolk is ranked \\#8 on ENR’s list of “Top CM\\-at\\-Risk Contractors.” For more information, visit www.suffolk.com and follow Suffolk on Facebook, Twitter, LinkedIn, YouTube, and Instagram.  

At Suffolk, we believe that our total rewards program should offer you and your family the support you need when it matters most. That’s why we have created a program that provides employees with access to a wide variety of options that can be personalized to support you and your loved ones physically, emotionally, and financially.  

Benefits include, competitive salaries, auto allowances and gas cards for certain roles, access to market leading medical and emotional and mental health benefits, dental, and vision insurance plans, virtual care options for physical therapy and primary care, generous paid time off, 401k plan with employer match and access to expert financial resources, company paid and voluntary life insurance, tax deferred savings accounts, 10 backup daycare days each year, short\\- and long\\-term disability, commuter benefits and more. For more information, click here. **Role**
Join Suffolk’s AI Studio in Boston as a core engineer transforming how AI powers construction management. Partnering with Product Managers, Site AI Engineers and Data Engineers, you’ll solve pain points, redesign workflows, and deploy AI agents that cut down reporting, accelerate RFIs, simplify lookahead planning, progress updates, materials tracking, and more. You’ll focus on building secure, scalable, and high\\-performance AI agents using modern technologies including AWS Bedrock, and Databricks — shaping the backbone of Suffolk’s “Construction Site of the Future.”  

The AI Engineer (AI Studio) builds the foundation that enables jobsite AI to scale. You’ll focus on technical excellence, platform reliability, and scalable agent frameworks, enabling field teams to transform how construction projects are executed.
Responsibilities:
**AI Product Engineering \\& Deployment*** Translate product requirements and user stories into production\\-grade AI solutions using AWS Bedrock, Lambda, ECS/EKS, and Databricks.
* Implement RAG pipelines with Delta tables, Unity Catalog, and Vector Search.
* Design and deploy multi\\-model agents that dynamically select between LLMs (Claude, GPT, Llama, Titan, etc.) based on task context, cost, and latency.
* Implement multi\\-agent orchestration frameworks enabling collaboration among specialized agents (e.g., data retriever, planner, summarizer, and action executor) for complex construction workflows.
* Own full lifecycle delivery — design, development, testing, deployment, monitoring, and maintenance.

**Full\\-Stack \\& Backend Development*** Build APIs, backend services, and agentic workflows using Python, FastAPI, LangChain, and AWS SDKs.
* Create reusable connectors and orchestration layers for multi\\-model agents (Claude, GPT, Llama, etc.).
* Develop front\\-end integrations for Teams and web SPAs via REST or GraphQL endpoints.

**Data Engineering \\& Integration*** Partner with Data Engineering to design robust ETL/ELT pipelines from enterprise systems to the Databricks Lakehouse.
* Ensure efficient data access, caching, and vectorization for low\\-latency AI response.
* Build tools to monitor and improve data quality, latency, and observability.

**DevOps \\& Platform Automation*** Use Terraform, AWS CDK, and GitHub Actions to automate infrastructure and deployments.
* Implement LLMOps: cost monitoring, latency optimization, usage analytics, and model versioning.
* Enforce security, governance, and access standards in line with enterprise policies.

**Collaboration \\& Communication*** Work closely with product managers, site AI engineers, and data scientists to iterate rapidly in Agile sprints.
* Communicate technical progress clearly to non\\-technical stakeholders; contribute to internal AI playbooks and templates.

  


Qualifications:
* 4\\-6 years of professional software development experience on AWS, with 2\\+ years focused on AI/ML engineering (LLMs, RAG, Bedrock, or similar). Strong coding proficiency in Python (LangChain, FastAPI, boto3\\) and solid experience with SQL, Databricks, and vector databases.
* Experience designing and deploying production systems using AWS Lambda, ECS/EKS, API Gateway, Step Functions, S3, CloudFront, and KMS.
* Strong foundation in CI/CD, IaC (Terraform/CDK), and GitHub Actions
* Experience training, retraining and performing transfer learning on ML models desirable.
* Bachelor’s in Computer Science, Engineering, Physics, or a related field; Master’s preferred.
* Prior hands\\-on work in construction or heavy process industries (manufacturing, oil \\& gas, chemicals) is a significant plus.
* Excellent collaboration and communication skills — able to work cross\\-functionally but not dependent on business\\-side facilitation.
* Integration \\& ETL skills: Foundational understanding of ETL/ELT design, Airflow or Databricks Workflows, and REST/GraphQL API development; proven collaboration with Data Engineering on source\\-to\\-lake and lake\\-to\\-agent pipelines.


\\#SUFFOLKHIRING
Working Conditions:

While performing the duties of this job, the employee is regularly required to sit for long periods of time; talk or hear; perform fine motor, hand and finger skills in the use of a keyboard, telephone, or writing. The employee is frequently required to stands; walk; and reach with arms and/or hands. Specific vision abilities include close vision, distance vision, depth perception and the ability to adjust focus. The employee will spend their time in an office environment with a quiet to moderate noise level. Job site walking.
EEO Statement:

Suffolk provides equal employment opportunities to all employees and applicants for employment without regard to race, color, religion, sex, sexual orientation, pregnancy or maternity, national origin, citizenship, genetic information, disability, protected veteran, gender identity, age or any other status protected by law. This policy applies to recruiting, hiring, transfers, promotions, terminations, compensation, benefits, and all other terms and conditions of employment. Suffolk will not tolerate any unlawful discrimination toward, or harassment of, applicants or employees by anyone at Suffolk, or anyone working on behalf of Suffolk.
Compensation Information:

The expected salary range for this position (AI Engineer) in US\\-MA\\-Boston is between $152,000 and $222,600 USD. This represents the typical salary range for this position and is just one component of Suffolk’s total compensation package. Actual salaries may be based on several factors including, but not limited to, skill set, experience, education and other qualifications. Suffolk offers a comprehensive benefits package as part of its overall compensation strategy. Salary ranges may differ by geography and are reviewed regularly to reflect market trends.","","https://www.indeed.com/cmp/Suffolk-Construction","https://d2q79iu7y748jz.cloudfront.net/s/_squarelogo/256x256/1df72fa6905a8604207fa69459082a17","http://www.suffolk.com","Boston, MA","1,001 to 5,000","$5B to $10B (USD)","Suffolk is a national enterprise that invests, innovates, and builds.","","","","","",""
"in-6bd532a520d809a8","indeed","https://www.indeed.com/viewjob?jk=6bd532a520d809a8","https://careers.vtgdefense.com/jobs/9059/job?utm_source=indeed_integration&iis=Job%20Board&iisn=Indeed&indeed-apply-token=73a2d2b2a8d6d5c0a62696875eaebd669103652d3f0c2cd5445d3e66b1592b0f","Data Engineer","VTG Defense","Chantilly, VA, US","2026-04-13","fulltime","","","","","",False,"","","","","Overview:

We are seeking a skilled Data Engineer with at least 5 years of experience designing, building, and maintaining scalable data pipelines and architectures. The ideal candidate will have strong expertise in data integration, ETL/ELT processes, and cloud\\-based data platforms, with a focus on delivering high\\-quality, reliable data solutions that support analytics and business decision\\-making.
Responsibilities:
* Design, develop, and maintain scalable data pipelines and workflows (ETL/ELT)
* Build and optimize data architectures, including data lakes, data warehouses, and data marts
* Ingest, process, and transform large volumes of structured and unstructured data
* Ensure data quality, integrity, and reliability across systems
* Collaborate with data analysts, data scientists, and business stakeholders to define data requirements
* Implement data governance, security, and compliance best practices
* Optimize data storage, query performance, and cost efficiency in cloud environments
* Monitor and troubleshoot data pipeline performance and failures
* Maintain documentation for data flows, systems, and processes


Qualifications:
* Active TS/SCI with Polygraph required.
* Bachelor’s degree in computer science, Software Engineering, or related field.
* 5\\+ years of experience in data engineering or a related field
* Strong proficiency in SQL and experience with relational databases (e.g., PostgreSQL, MySQL, SQL Server)
* Experience with big data processing frameworks (e.g., Spark, Hadoop)
* Hands\\-on experience building ETL/ELT pipelines using tools such as Apache Airflow, Informatica, or similar
* Experience with cloud data platforms (AWS, Azure, or GCP)
* Proficiency in programming languages such as Python, Scala, or Java
* Experience with data warehousing solutions (e.g., Snowflake, Redshift, BigQuery)
* Strong understanding of data modeling concepts (star/snowflake schemas)","","https://www.indeed.com/cmp/Vtg-Defense","https://d2q79iu7y748jz.cloudfront.net/s/_squarelogo/256x256/beb1e99705a34f16a239c864121c592d","http://www.vtgdefense.com","14291 Park Meadow Drive
Suite 425
Chantilly, VA 20151","1,001 to 5,000","$100M to $500M (USD)","Check us out at www.VTGdefense.com!","","","","","",""
"in-beb6b9c02c3d5145","indeed","https://www.indeed.com/viewjob?jk=beb6b9c02c3d5145","https://careers.blackline.com/jobs/6905/job?utm_source=indeed_integration&iis=Job%20Board&iisn=Indeed&indeed-apply-token=73a2d2b2a8d6d5c0a62696875eaebd669103652d3f0c2cd5445d3e66b1592b0f","Staff II Software Engineer AI/ML Ops","BlackLine","Pleasanton, CA, US","2026-04-13","","direct_data","yearly",245000.0,307000.0,"USD",False,"","","","","Make Your Mark::

We’re looking for a Lead Data Engineer to design, build, and optimize data pipelines that power our next\\-generation AI\\-driven accounting agents. You’ll lead the development of scalable, high\\-performance data infrastructure while collaborating closely across teams.  

Responsibilities:* **Lead data pipeline development:** Build and maintain PySpark ETL pipelines with high data quality and performance
* **Manage integrations:** Establish robust connections to client data sources via APIs and tools like FiveTran, Plaid, and BlackLine’s own internal connector ecosystem
* **Ensure reliability:** Monitor pipeline performance, automate testing, and validate data accuracy
* **Optimize for scale:** Implement performance improvements (e.g., CDC mechanisms, indexing strategies) for large\\-scale datasets
* **Collaborate \\& innovate:** Work with business stakeholders to refine data requirements and integrate cutting\\-edge AI and big data technologies


You'll Get To::
**Leadership and Strategy*** Partner with data science, security, and product teams to set evaluation and governance standards (Guardrails, Bias, Drift, Latency SLAs).
* Mentor senior engineers and drive design reviews for ML pipelines, model registries, and agentic runtime environments.
* Lead incident response and reliability strategies for ML/AI systems.

**AI System Deployment and Integration:*** Collaborate with development teams to integrate AI solutions into existing workflows and applications.
* Ensure seamless integration with different platforms and technologies.
* Define and manage MCP Registry for agentic component onboarding, lifecycle versioning, and dependency governance.
* Build CI/CD pipelines automating LLM agent deployment, policy validation, and prompt evaluation of workflows.
* Develop and operationalize experimentation frameworks for agent evaluations, scenario regression, and performance analytics.
* Implement logging, metering, and auditing for agent behavior, function calls, and compliance alignment.
* Create scalable observability systems—tracking conversation outcomes, factual accuracy, latency, escalation patterns, and safety events.
* Architect end\\-to\\-end guardrails for AI agents including prompt injection protection, identity\\-aware routing, and tool usage authorization.
* Collaborate cross\\-functionally to standardize authentication, authorization, and session governance for multi\\-agent runtimes.

**Model Deployment and Integration**:* Architect and standardize model registries and feature stores to support version tracking, lineage, and reproducibility across environments.
* Lead the deployment of machine learning models into production environments, ensuring scalability, reliability, and efficiency.
* Collaborate with software engineers to integrate machine learning models into existing applications and systems.
* Implement and maintain APIs for model inference.

**Infrastructure and Environment Management**:* Design and manage training infrastructure including distributed training orchestration, GPU/TPU resource allocation, and automatic scaling.
* Implement CI/CD for model workflows using pipelines integrated with model validation, bias checks, and rollback automation.
* Build standardized experimentation frameworks for reproducible training, tuning, and deployment cycles (MLflow, W\\&B, Kubeflow).
* Manage and optimize the infrastructure required for machine learning operations in cloud.
* Work closely with other teams to ensure the availability, security, and performance of machine learning systems.

**Monitoring and Maintenance:*** Implement robust monitoring solutions for deployed machine learning models to detect issues and ensure performance.
* Collaborate with data scientists and engineers to address and resolve model performance and data quality issues.
* Conduct regular system maintenance, updates, and optimizations to ensure optimal performance of machine learning solutions.

**Automation and Orchestration:*** Develop and maintain automation scripts and tools for managing machine learning workflows.
* Implement orchestration systems to streamline the end\\-to\\-end machine learning lifecycle, from data preparation to model deployment.

**Collaboration with Data Science Teams:*** Collaborate with data scientists to understand model requirements and constraints for deployment.
* Facilitate the transition of machine learning models from research to production, ensuring scalability and efficiency.

**Performance Optimization:*** Identify and implement optimizations to enhance the performance and efficiency of machine learning models in production.
* Conduct performance analysis and implement improvements based on resource utilization of metrics.

**Security and Compliance:*** Implement security measures to protect machine learning systems and data.
* Ensure compliance with regulatory requirements and industry standards related to machine learning and data privacy.
* Integrate audit controls, metadata storage, and lineage tracking across ML and AI workflows.
* Ensure complete monitoring and feedback loops including event logs, evaluations, and automated retraining triggers.
* Enforce secure deployment patterns with Infrastructure\\-as\\-Code and cloud\\-native secrets management.
* Define SLAs, error budgets, and compliance reporting mechanisms for ML and AI systems.


What You'll Bring::

Knowledge: Typically possesses extensive practical experience with consistent, demonstrated success developing effective business solutions/applications for products or services that may effect broad areas of the org \\| Expert solution builder
Competencies: Recognized expert within and outside of the organization Possesses industry expertise as an individual contributor to operations \\| Sets objectives and delivers results that have an impact within the department or division \\| Provides advice, counsel and thought leadership within the department \\| Influencer/architect/orchestrator High level strategic influence \\| Decisions impact business unit's or department's strategic direction \\| Anticipates emerging trends \\| Accountable to 3\\+ year horizon \\| Futurist mindset \\| Expert operator High level of unprecedented work or experience \\| High degree of autonomy and exercises independent discretion \\| Accountable for complex, highly strategic duties requiring functional expertise \\| Develops path through org's most ambiguous endeavors \\| Developer of innovation or adaptation
We’re Even More Excited If You Have::
* **Education and Experience**:
* Bachelor’s or Master’s degree in Computer Science, Machine Learning, Data Science, or a related field.
* **Technical Skills**:
* Strong programming skills in languages such as Python, Java, or Scala.
* Expertise in ML frameworks (TensorFlow, PyTorch, scikit\\-learn) and orchestration tools (Airflow, Kubeflow, Vertex AI, MLflow).
* Proven experience operating production pipelines for ML and LLM\\-based systems across cloud ecosystems (GCP, AWS, Azure).
* Deep familiarity with LangChain, LangGraph, ADK or similar agentic system runtime management.
* Strong competencies in CI/CD, IaC, and DevSecOps pipelines integrating testing, compliance, and deployment automation.
* Hands\\-on with observability stacks (Prometheus, Grafana, Newrelic) for model and agent performance tracking.
* Understanding of governance frameworks for Responsible AI, auditability, and cost metering across training and inference workloads.
* Proficiency in containerization technologies (e.g., Docker, Kubernetes).
* **Operations and Infrastructure:**
* Proficient in scripting languages (e.g., Bash, python) for automation.
* Experience with workflow orchestration tools (e.g., Apache Airflow).
* Expertise in managing and optimizing cloud\\-based infrastructure.
* Familiarity with DevOps practices and tools for automated deployment.
* Understanding of network configurations and security protocols.
* **Problem\\-solving and Critical Thinking**:
* Ability to define problems, collect and analyze data, and propose innovative solutions. Strong critical thinking skills to evaluate models, identify limitations, and
* **Adaptability and Learning Agility**:
* Comfortable working in a fast\\-paced, rapidly evolving environment. Proactive in staying up to date with the latest trends, techniques, and technologies in AI/data science


Thrive at BlackLine Because You Are Joining::
* A technology\\-based company with a sense of adventure and a vision for the future. Every door at BlackLine is open. Just bring your brains, your problem\\-solving skills, and be part of a winning team at the world's most trusted name in Finance Automation!
* A culture that is kind, open, and accepting. It's a place where people can embrace what makes them unique, and the mix of cultural backgrounds and varying interests cultivates diverse thought and perspectives.
* A culture where BlackLiner's continued growth and learning is empowered. BlackLine offers a wide variety of professional development seminars and inclusive affinity groups to celebrate and support our diversity.


BlackLine is an equal opportunity employer. All qualified applicants will receive consideration for employment without regard to sex, gender identity or expression, race, ethnicity, age, religious creed, national origin, physical or mental disability, ancestry, color, marital status, sexual orientation, military or veteran status, status as a victim of domestic violence, sexual assault or stalking, medical condition, genetic information, or any other protected class or category recognized by applicable equal employment opportunity or other similar laws.
BlackLine recognizes that the ways we work and the workplace itself have shifted. We innovate in a workplace that optimizes a combination of virtual and in\\-person interactions to maximize collaboration and nurture our culture. Candidates who live within a reasonable commute to one of our offices will work in the office at least 2 days a week.
Salary Range:: USD $245,000\\.00/Yr. \\- USD $307,000\\.00/Yr.","","https://www.indeed.com/cmp/Blackline-7","https://d2q79iu7y748jz.cloudfront.net/s/_squarelogo/256x256/1bd0900874d4c710e4731318eb5fc208","https://www.blackline.com","Woodland Hills, CA","1,001 to 5,000","$500M to $1B (USD)","BlackLine is a provider of cloud-based solutions that transform Finance and Accounting (F&A)","","","","","",""
"in-15f9e3e8db4c59f0","indeed","https://www.indeed.com/viewjob?jk=15f9e3e8db4c59f0","https://careers-jointcommission.icims.com/jobs/7189/job?utm_source=indeed_integration&iis=Job%20Board&iisn=Indeed&indeed-apply-token=73a2d2b2a8d6d5c0a62696875eaebd669103652d3f0c2cd5445d3e66b1592b0f","BI Developer","ATI Physical Therapy","Oak Brook, IL, US","2026-04-02","","direct_data","yearly",89000.0,114000.0,"USD",False,"","","","","Overview:

The BI Developer is responsible for designing, developing, and maintaining enterprise‑grade Business Intelligence solutions using Power BI, DAX, SQL, and semantic models. This role works closely with business stakeholders, data engineers, and analysts to translate requirements into scalable data models and intuitive, high\\-performing dashboards. The ideal candidate has strong technical skills, a solid understanding of data modeling best practices, and the ability to deliver insights that support strategic decision‑making.


Responsibilities:
**Power BI Development*** Design and develop interactive dashboards and reports using Power BI.
* Build shared and certified semantic models to support self\\-service analytics and standardized reporting.
* Develop complex DAX calculations, measures, and KPIs that ensure accurate, consistent business logic.
* Optimize Power BI performance through model tuning, query reduction, and best\\-practice visualization standards.

**Data Modeling \\& Semantic Layer*** Design star schemas, dimensional models, and reusable semantic models for enterprise reporting.
* Define relationships, hierarchies, and calculation groups to ensure scalable and maintainable datasets.
* Align semantic models with enterprise data governance, naming conventions, and data definitions.

**SQL \\& Data Engineering Support*** Write advanced SQL queries to extract, transform, and validate datasets from relational and cloud data platforms.
* Collaborate with data engineering teams to refine source data structures and improve data quality.
* Troubleshoot data discrepancies, performance issues, and ETL/ELT data flow challenges.

**Requirements Gathering \\& Stakeholder Engagement*** Partner with business teams to understand reporting needs, KPIs, and functional requirements.
* Translate business needs into technical specifications and reporting solutions.
* Provide user training, documentation, and support for Power BI adoption across the organization.


Qualifications:
**Required*** Bachelor’s degree in Computer Science, Information Systems, Analytics, or related field.
* 3\\+ years of hands\\-on experience with **Power BI development**.
* Strong expertise with **DAX**, including advanced calculations and time\\-intelligence functions.
* Proficient with **SQL** (joins, CTEs, window functions, performance tuning).
* Experience building and maintaining **Power BI semantic models** (star schema, fact/dim tables).
* Knowledge of BI best practices, data modeling methodologies, and performance optimization.

**Preferred*** Experience with cloud data platforms (Azure Synapse, Fabric, Databricks, Snowflake, etc.).
* Familiarity with data governance, metadata, and enterprise reporting standards.
* Experience with version control (Git) and DevOps CI/CD for BI assets.
* Understanding of modern analytics platforms and data architecture patterns.


Equal Opportunity Field:
**We offer a comprehensive benefit package. For a complete overview of our benefits package, please visit our** **Joint Commission Career Page**  

We are an Equal Opportunity Employer. All qualified applicants will receive consideration without regard to race, color, religion, sex, sexual orientation, gender identity, national origin, age, disability, veteran status, or any other status protected by law.
Min: USD $89,000\\.00/year Max: USD $114,000\\.00/year","","https://www.indeed.com/cmp/Ati-Physical-Therapy","https://d2q79iu7y748jz.cloudfront.net/s/_squarelogo/256x256/7509a28a57ea169a3ca4dbb7918d06c9","http://www.atipt.com","Downers Grove, IL","5,001 to 10,000","Decline to state","With exceptional, patient-centered care, trusted expertise and remarkable outcomes, our goal is to exceed customers' expectations—every day.","","","","","",""
"in-972d5a1c88e31f0a","indeed","https://www.indeed.com/viewjob?jk=972d5a1c88e31f0a","https://careers.harmonycares.com/jobs/jobs/9482/job?utm_source=indeed_integration&iis=Job%20Board&iisn=Indeed&indeed-apply-token=73a2d2b2a8d6d5c0a62696875eaebd669103652d3f0c2cd5445d3e66b1592b0f","Senior Solutions Engineer","HarmonyCares","US","2026-03-26","fulltime","direct_data","yearly",160000.0,190000.0,"USD",True,"","","","","Overview:

HarmonyCares is a leading national value\\-based provider of in\\-home primary care services for people with complex healthcare needs. Headquartered out of Troy, Michigan, HarmonyCares operates home\\-based primary care practices in 14 states. HarmonyCares employs more than 200\\+ primary care providers to deliver patient\\-centered care under an integrated, team\\-based, physician\\-driven model. **Our Mission** – To bring personalized, quality\\-based healthcare to the home of patients who have difficult accessing care. **Our Shared Vision** – Every patient deserves access to quality healthcare. **Our Values** – The way we care is our legacy. Every interaction counts. Go the extra mile. Empower and support each other. **Why You Should Want to Work with Us*** Health, Dental, Vision, Disability \\& Life Insurance, and much more
* 401K Retirement Plan (with company match)
* Tuition, Professional License and Certification Reimbursement
* Paid Time Off, Holidays and Volunteer Time
* Paid Orientation and Training
* Great Place to Work Certified
* Established in 11 states
* Largest home\\-based primary care practice in the US for over 28 years, making a huge impact in healthcare today!

  

More details about the benefits we offer can be found at https://careers.harmonycares.com/benefits.
Responsibilities:

The Senior Solutions Engineer will help translate complex healthcare business needs into scalable, production\\-ready data solutions. This role is highly collaborative and customer\\-facing, requiring deep healthcare data expertise and the ability to rapidly build iterative proofs of concept (POCs), gather feedback, and evolve solutions into robust platforms. This position works closely with clinical, operational, and analytics stakeholders to design and deliver data pipelines, APIs, and dashboards that drive insight and action across the organization. **Essential Duties and Responsibilities*** Collaborate with other departments to understand user requirements, translate them into technical designs, validate solutions through rapid POCs and build data assets that support to analytics, business intelligence, and decision\\-making processes
* Develop deep understanding of user needs and refines/articulates new solution features to address those needs
* Simplify and streamline solution delivery by breaking down complex features, identifying the riskiest assumptions, and flagging potential dependencies
* Build and iterate on data pipelines, preferably using cloud technologies like Azure ADF, Databricks (batch and streaming where applicable)
* Design and develop RESTful APIs to expose curated healthcare datasets and analytics products
* Create Power BI/Tableau dashboards and semantic models that deliver actionable insights to end users
* Work hands\\-on with healthcare datasets, including claims, clinical, and operational data
* Ingest, transform, and normalize healthcare data standards such as HL7, FHIR, ICD\\-10, CPT, NDC, and related vocabularies
* Collaborate with data engineers, data scientists, and analysts to productionize solutions
* Ensure solutions meet data quality, performance, scalability, and security requirements
* Provide technical leadership and mentorship to junior engineers and analysts
* Support stakeholder demos, feedback sessions, and solution walkthroughs throughout the development lifecycle

**In this role you may work with. . .*** IT teams
* Clinical teams
* Operational teams
* Vendors
* Consultants


Qualifications:
**REQUIRED Knowledge, Skills and Experience*** Bachelor’s degree or equivalent experience
* 5\\+ years of experience working with healthcare data in a data engineering, analytics engineering, or solutions engineering role
* Prior experience with claims and clinical datasets (payer and/or provider environments)
* Prior experience with cloud platforms (Azure preferred; AWS or GCP acceptable)
* Prior experience building and maintaining APIs (REST, JSON, authentication patterns)
* Strong understanding of healthcare data standards and models (e.g., HL7, FHIR, ICD, CPT, SNOMED)
* Strong proficiency in SQL and at least one programming language such as Python or Scala
* Proven ability creating Power BI/Tableau dashboards, data models, and reports
* Demonstrated ability to work iteratively: building POCs, gathering feedback, and refining solutions
* Strong communication skills with the ability to explain technical concepts to non\\-technical stakeholders
* Knowledge of CI/CD, infrastructure\\-as\\-code, or data platform automation preferred

**Preferred Knowledge, Skills and Experience*** Advanced degree
* Prior experience in a healthcare services, payer, or provider organization
* Prior hands\\-on experience with Databricks (Spark, notebooks, Delta Lake, workflows)
* Prior experience with Healthcare integration engines like Rhapsody, Mirth etc.
* Prior experience with data governance, HIPAA compliance, and PHI handling


Posted Max Pay Rate: USD $190,000\\.00/Yr. Posted Min Pay Rate: USD $160,000\\.00/Yr. Pay Transparency: Individual compensation packages are based on various factors unique to each candidate, including skill set, experience, qualifications, and other job\\-related considerations. Notice:

HarmonyCares and HarmonyCares Hospice are not affiliated with Harmony Hospice Care. HarmonyCares Hospice does not conduct business in OH. HarmonyCares Hospice conducts business in MI, VA, WI, TX, IN, IL.","Health Care","https://www.indeed.com/cmp/Harmonycares-1","https://d2q79iu7y748jz.cloudfront.net/s/_squarelogo/256x256/7e00df5a49c54149c33934d0fd9bb244","https://harmonycares.com/","500 Kirts Boulevard
Troy, MI 48084","1,001 to 5,000","","HarmonyCares is one of the nation’s largest home-based primary care practices. HarmonyCares is a family of companies all dedicated to providing high-quality, coordinated health care in the home.","","","","","",""
"in-e5952742b5314d8d","indeed","https://www.indeed.com/viewjob?jk=e5952742b5314d8d","https://careers.vtgdefense.com/jobs/8322/job?utm_source=indeed_integration&iis=Job%20Board&iisn=Indeed&indeed-apply-token=73a2d2b2a8d6d5c0a62696875eaebd669103652d3f0c2cd5445d3e66b1592b0f","Software Engineer","VTG Defense","Chantilly, VA, US","2026-02-23","fulltime","","","","","",True,"","","","","Overview:

We are looking for a Software Engineer / Data Engineer to join our team.
Responsibilities:
* Design, build, and operate large\\-scale Big Data systems, including persistence, partitioning, indexing, and search capabilities.
* Develop and maintain Java\\-based applications and APIs.
* Architect and implement cloud\\-native solutions using AWS or comparable cloud platforms.
* Design and optimize high\\-performance graph databases containing tens of billions of edges.
* Develop graph traversal capabilities using Apache TinkerPop, Gremlin, JanusGraph, or similar technologies.
* Build and maintain NoSQL and relational database solutions supporting complex Big Data applications.
* Design partition and sort key strategies to ensure consistent system performance.
* Develop aggregation operations to de\\-duplicate records across continuous data feeds.
* Build and operate serverless data processing pipelines using AWS Lambda, Step Functions, and PySpark.
* Design and operate large\\-scale geospatial indexing solutions using GeoMESA.
* Develop and maintain Kubernetes\\-based containerized environments.
* Implement DevSecOps and agile development practices in production environments.
* Maintain configuration management using Git\\-based repositories.
* Facilitate technical discussions across cross\\-functional teams to develop mission\\-aligned implementation strategies.
* Ensure compliance with federal security, regulatory, and accreditation requirements.
* Implement data security and governance controls including LDAP integration, encryption, and auditing.


Qualifications:
* Active TS/SCI with Polygraph required.
* Bachelor’s degree in Geospatial Intelligence, Geography, Remote Sensing, Intelligence Studies, Engineering, or related field, or equivalent experience
* Demonstrated experience with Java development.
* Experience designing and operating Big Data systems.
* Experience developing and maintaining APIs.
* Experience designing cloud\\-native architectures using AWS or similar cloud platforms.
* Experience building and optimizing large\\-scale graph databases using technologies such as Cassandra, DynamoDB, Neo4j, or JanusGraph.
* Experience developing graph traversal capabilities using Apache TinkerPop and Gremlin.
* Experience designing and operating NoSQL solutions.
* Experience in data modeling, partition sharding, stream processing, and metrics gathering.
* Experience developing high\\-performance data processing pipelines.
* Experience with Kubernetes, Docker, and container orchestration.
* Experience with Apache NiFi.
* Experience implementing DevSecOps and agile methodologies.
* Experience with data security controls including encryption and centralized access management (LDAP).
* Experience working with structured, semi\\-structured, and unstructured data formats (CSV, JSON, AVRO, Parquet, Protocol Buffers, etc.).
* Experience with relational and NoSQL databases including PostgreSQL, MariaDB, MongoDB, Cassandra, ELK, MinIO, and AWS S3\\.
* Experience working in Linux environments such as CentOS or Rocky Linux.
* Experience with Python and related libraries.
* Experience supporting large collaboration and development environments","","https://www.indeed.com/cmp/Vtg-Defense","https://d2q79iu7y748jz.cloudfront.net/s/_squarelogo/256x256/beb1e99705a34f16a239c864121c592d","http://www.vtgdefense.com","14291 Park Meadow Drive
Suite 425
Chantilly, VA 20151","1,001 to 5,000","$100M to $500M (USD)","Check us out at www.VTGdefense.com!","","","","","",""
"in-aa51184997aa1cce","indeed","https://www.indeed.com/viewjob?jk=aa51184997aa1cce","https://careers-scires.icims.com/jobs/10882/job?utm_source=indeed_integration&iis=Job%20Board&iisn=Indeed&indeed-apply-token=73a2d2b2a8d6d5c0a62696875eaebd669103652d3f0c2cd5445d3e66b1592b0f","Sr. Data Engineer/ Scientist","Scientific Research Corporation","Huntsville, AL, US","2026-02-06","fulltime","","","","","",False,"","","","jobs@scires.com","Description:

Scientific Research Corporation (SRC) is seeking a Senior Data Scientist / Engineer with a strong background in data infrastructure and large\\-scale data environments to support U.S. Space Command mission data initiatives.

  

This role supports the definition, architecture, and engineering of a large\\-scale on\\-premises data environment designed to ingest, store, process, and distribute space domain data across multiple classification levels.

  

The selected candidate will work closely with requirements engineers, system architects, and government stakeholders to define technical solutions for a mission\\-scale data platform supporting 30\\+ petabytes of data and scaling to 200–500 racks of compute, storage, and network infrastructure.

  

This is not a traditional data science role. The position sits at the intersection of:

* Data engineering
* Data architecture
* Infrastructure engineering
* Systems engineering


and will play a key role in shaping the technical direction, requirements development, and acquisition strategy for mission data systems.

  

This role focuses on designing and supporting a large\\-scale data environment that will process and manage significant volumes of space domain data. The system is expected to scale to tens of petabytes of data and hundreds of infrastructure racks, supporting advanced analytics and mission operations.  

The ideal candidate has experience working with large data environments, distributed systems, or high\\-performance computing platforms, and understands how data platforms are designed from both a software and infrastructure perspective.  

This position offers the opportunity to support critical national security missions while working on complex, large\\-scale data and infrastructure challenges. *\\#LI\\-LH1*


Requirements:
* Bachelor’s degree in computer science, data science, engineering, or related quantitative field, and a current Top Secret/Sensitive Compartmented Information (TS/SCI) security clearance
* Minimum 7 years of progressive experience across both data engineering and data science disciplines, including expert proficiency in Python and Structured Query Language (SQL); demonstrated success designing Extract, Transform, Load/Extract, Load, Transform (ETL/ELT) pipelines; developing and deploying machine learning models; and working with big data technologies such as Apache Spark, Apache Airflow, or Apache Hadoop
* Demonstrated knowledge of enterprise data architecture and storage hardware (e.g. Storage Area Networks (SAN), Network Attached Storage (NAS), and object storage), data center design principles, data governance practices, and understanding of space data characteristics, including experience with the National Space Intelligence Center (NSIC) Data Catalog
* Develop architecture for large\\-scale data platforms supporting petabyte\\-scale storage and analytics workloads
* Define infrastructure requirements including:
* Support planning for scalable environments ranging from 200–500 racks
* Design distributed data environments including:
* Translate mission needs into technical system requirements and design artifacts
* Support capacity planning, including threshold vs objective growth models
* Assist with OTA, RFP, and acquisition planning activities
* Evaluate vendor solutions and participate in technical reviews
* Collaborate across cybersecurity, network, infrastructure, and mission teams
* Support development of architecture documentation and engineering packages


Desired Skills:
* Master’s degree or Doctor of Philosophy (PhD) in computer science, engineering, data science, or related field
* Experience designing or supporting large\\-scale data environments (petabyte\\-scale)
* Strong understanding of data center infrastructure and architecture
* Experience with distributed data systems and high\\-performance computing (HPC) environments
* Knowledge of data storage architectures (object storage, distributed systems)
* Experience with data ingestion and large\\-scale analytics pipelines
* Familiarity with DoD or Intelligence Community environments
* Understanding of multi\\-classification or cross\\-domain architectures
* Experience supporting technical requirements development and acquisition processes
* Knowledge of data center and telecommunications standards (TIA\\-942, UFC guidance)


Clearance Information:
**SRC IS A CONTRACTOR FOR THE U.S. GOVERNMENT, THIS POSITION WILL REQUIRE U.S. CITIZENSHIP AS WELL AS, A U.S. GOVERNMENT SECURITY CLEARANCE AT THE TOP SECRET LEVEL WITH TOP SECRET / SCI ELIGIBILITY**


Travel Requirements:
* Occasional travel may be required to support:
* + Government site visits
	+ Engineering working groups
	+ Technical design and review sessions
* Travel is expected to be limited and mission\\-dependent


About Us:

Scientific Research Corporation is an advanced information technology and engineering company that provides innovative products and services to government and private industry, as well as independent institutions. At the core of our capabilities is a seasoned team of highly skilled engineers and scientists with multidisciplinary backgrounds. This team is challenged daily to provide cutting edge technology solutions to our clients.  

SRC offers a generous benefit package, including medical, dental, and vision plans, 401(k) with a company match, life insurance, vacation and sick paid time off accruals starting at 10 days of vacation and 5 days of sick leave annually, 11 paid holidays, tuition reimbursement, and a work environment that encourages excellence and more. For positions requiring a security clearance, selected applicants will be subject to a government security investigation and must meet eligibility requirements for access to classified information.
EEO:

Scientific Research Corporation is an equal opportunity employer that does not discriminate in employment.
All qualified applicants will receive consideration for employment without regard to their race, color, religion, sex, age, sexual orientation, gender identity, national origin, disability, protected veteran status, or any other protected characteristic under federal, state or local law.
Scientific Research Corporation endeavors to make www.scires.com accessible to any and all users. If you would like to contact us regarding the accessibility of our website or need assistance completing the application process, please contact jobs@scires.com for assistance. This contact information is for accommodation requests only and cannot be used to inquire about the status of applications.","","https://www.indeed.com/cmp/Scientific-Research-Corporation","https://d2q79iu7y748jz.cloudfront.net/s/_squarelogo/256x256/9c28600f0e3a39947191c0e701c515a8","https://www.scires.com","Atlanta, GA","1,001 to 5,000","$100M to $500M (USD)","Scientific Research Corporation provides the U.S. government and other customers with a vast array of quality products and services. ","","","","","",""
"in-35e60c72e365c000","indeed","https://www.indeed.com/viewjob?jk=35e60c72e365c000","https://jobs.zs.com/jobs/24210/job?utm_source=indeed_integration&iis=Job%20Board&iisn=Indeed&indeed-apply-token=73a2d2b2a8d6d5c0a62696875eaebd669103652d3f0c2cd5445d3e66b1592b0f","Engineering Specialist","ZS Associates","Princeton, NJ, US","2026-01-21","","","","","","",True,"","","","",":
**ZS** is a place where passion changes lives. As a management consulting and technology firm focused on improving life and how we live it, we transform ideas into impact by **bringing together data, science, technology** and **human ingenuity** to deliver better outcomes for all. Here you’ll work side\\-by\\-side with a powerful collective of thinkers and experts shaping life\\-changing solutions for patients, caregivers and consumers, worldwide. ZSers drive impact by bringing a **client\\-first mentality** to each and every engagement. We partner collaboratively with our clients to develop custom solutions and technology products that create value and deliver company results across critical areas of their business. Bring your curiosity for learning, bold ideas, courage and passion to drive life\\-changing impact to ZS.

  


 :
**Architecture \\& Engineering Specialist** **What** **You’ll** **Do: Engineering Specialist in the Architecture and Engieering Exerptise Center will...*** Stay current on Databricks, AWS, and modern cloud data platform capabilities, emerging technologies, industry trends, and architecture patterns, particularly as they apply to pharma and life sciences use cases
* Act as a hands\\-on technical architect, leveraging deep technical expertise to design, build, and implement scalable, production\\-grade data solutions that meet complex client objectives.
* Contribute to the development of points of view (POVs), market scans, and architecture recommendations to support strategic decision\\-making, including drafting CXO\\-level materials and guiding teams on best practices.
* Play a key role in business development pursuits, supporting solution design, estimation, and client discussions related to cloud data platforms, analytics, and architecture.
* Design and implement end\\-to\\-end data architectures, including data ingestion, transformation, orchestration, and automation pipelines using Databricks, AWS services, PySpark, DBT, and related technologies.
* Lead and guide teams of developers and data engineers, enabling effective delivery of data engineering, analytics, and reporting solutions; Snowflake experience is a strong plus.
* Ensure high\\-quality technical delivery by enforcing architecture standards, design guidelines, coding best practices, and conducting regular design and code reviews.
* Collaborate closely with clients to understand business challenges, data quality metrics, regulatory and IT standards, and deliver outcomes aligned with client expectations.
* Mentor and coach junior practitioners through hands\\-on guidance, architecture reviews, and ongoing technical leadership.Explore beyond core data platforms to support broader solution architectures, including application integration, APIs, process automation, and gradual evolution toward enterprise architecture.
* Communicate complex technical concepts clearly and effectively to both technical and non\\-technical stakeholders, serving as a trusted technical advisor to clients.

**What** **You’ll** **Bring*** Bachelor’s or Master’s degree in Computer Science, Information Technology, or a related field.
* 6–8\\+ years of relevant industry experience, with a strong focus on cloud\\-based data engineering and architecture.
* Deep expertise in Databricks and AWS, with hands\\-on experience designing and implementing scalable, production\\-grade data platforms.
* Strong architectural mindset with the ability to design end\\-to\\-end solutions, solve complex engineering problems, and guide technical decision\\-making.
* Experience delivering data solutions using platforms such as Databricks, AWS (e.g., EMR, S3, Glue, Lambda), and PySpark; Snowflake experience is a plus.
* Exposure to or interest in AI/ML\\-enabled data platforms, such as AWS Bedrock, Databricks Mosaic, Snowflake Cortex, or similar technologies.
* Prior experience in a consulting environment is strongly preferred, with the ability to balance hands\\-on delivery and client\\-facing responsibilities.
* Desirable domain experience in pharma, life sciences, or healthcare, with an understanding of industry\\-specific data challenges and regulatory considerations.
* Experience leading or mentoring small teams, reviewing deliverables, and coaching engineers to grow technically.
* Comfort working in an offshore–onshore model, collaborating across time zones with global teams and client stakeholders.
* Exposure to business development activities such as RFP responses, solution estimation, and resource planning is a plus.
* Industry\\-recognized certifications (e.g., AWS, Databricks, Snowflake, Azure, GCP) are desirable.
* Excellent communication skills and the ability to engage confidently with clients, articulate technical trade\\-offs, and translate architecture decisions into business outcomes.
* Ability to serve as a trusted advisor, helping clients define technical roadmaps and align architecture decisions to long\\-term business goals.
* Fluency in English
* Client\\-first mentality
* Intense work ethic
* Collaborative spirit and problem\\-solving approach

**Additional Skills:**

* Ability to quickly adapt new technology and be innovative in creating solutions;
* Ability to independently run POCs on new technologies and document findings to share;
* Knowledge of data modeling and data warehouse concepts;
* Travel to other global offices as needed to work with client or other internal project teams


 :
**How you’ll grow:**

* Cross\\-functional skills development \\& custom learning pathways
* Milestone training programs aligned to career progression opportunities
* Internal mobility paths that empower growth via s\\-curves, individual contribution and role expansions

 **Perks \\& Benefits:**


At ZS, your growth matters. We offer a comprehensive total rewards package that supports your health and well‑being, financial future, time away, and professional development. With robust skills‑building programs, multiple career progression paths, internal mobility, and a deeply collaborative culture, you’ll have the opportunity to do meaningful work, expand your capabilities, and thrive as part of a global community. For details on total rewards in United States, visit ZS US office locations \\| Where we work \\| ZS.  



**Hybrid working model:**


We are committed to giving our employees a flexible and connected way of working. A flexible and connected ZS allows us to combine work from home and on\\-site presence at clients/ZS offices for the majority of our week. The magic of ZS culture and innovation thrives in both planned and spontaneous face\\-to\\-face connections.

 **Travel:**


Travel is a requirement at ZS for client facing ZSers; business needs of your project and client are the priority. While some projects may be local, all client\\-facing ZSers should be prepared to travel as needed. Travel provides opportunities to strengthen client relationships, gain diverse experiences, and enhance professional growth by working in different environments and cultures.

 **Considering applying?**


At ZS, we honor the visible and invisible elements of our identities, personal experiences, and belief systems—the ones that comprise us as individuals, shape who we are, and make us unique. We believe your personal interests, identities, and desire to learn are integral to your success here. We are committed to building a team that reflects a broad variety of backgrounds, perspectives, and experiences. Learn more about our inclusion and belonging efforts and the networks ZS supports to assist our ZSers in cultivating community spaces and obtaining the resources they need to thrive.

  

If you’re eager to grow, contribute, and bring your unique self to our work, we encourage you to apply.  

  

ZS is an equal opportunity employer and is committed to providing equal employment and advancement opportunities without regard to any class protected by applicable law.  

  

To complete your application:  

Candidates must possess or be able to obtain work authorization for their intended country of employment. An on\\-line application, including a full set of transcripts (official or unofficial), is required to be considered.  

  

NO AGENCY CALLS, PLEASE.  

  

Find Out More At:  

www.zs.com","","https://www.indeed.com/cmp/Zs-Associates","https://d2q79iu7y748jz.cloudfront.net/s/_squarelogo/256x256/52d9c351f93f343241fbfc5b80c39f5c","http://www.zs.com","Evanston, IL","10,000+","Decline to state","ZS is a management consulting and technology firm focused on transforming global healthcare and beyond. We leverage leading-edge analytics, data and science to help clients make intelligent decisions.","","","","","",""
"in-24abd99c91cd3b59","indeed","https://www.indeed.com/viewjob?jk=24abd99c91cd3b59","https://careers.ey.com/ey/job/Miami-Databricks-Data-Engineer-Senior-Consulting-Miami-FL-33136-4118/1274069301/","Databricks Data Engineer - Senior - Consulting - Miami","EY","Miami, FL, US","2025-12-05","","direct_data","yearly",106900.0,200600.0,"USD",False,"","","","ssc.customersupport@ey.com","Location: Miami
Other locations: Anywhere in Country
Salary: Competitive
Date: May 29, 2026
**Job description**
-------------------


Requisition ID: 1666404
Location: Anywhere in Country

  



At EY, we’re all in to shape your future with confidence.

  



We’ll help you succeed in a globally connected powerhouse of diverse teams and take your career wherever you want it to go. Join EY and help to build a better working world.

 **Technology – Data and Decision Science – Data Engineering – Senior**  



We are seeking a highly skilled Senior Consultant Data Engineer with expertise in cloud data engineering, specifically Databricks. The ideal candidate will have strong client management and communication skills, along with a proven track record of successful end\\-to\\-end implementations in data engineering projects.

  


**The opportunity**  

In this role, you will design and build analytics solutions that deliver significant business value. You will collaborate with other data and analytics professionals, management, and stakeholders to ensure that technical requirements align with business needs. Your responsibilities will include creating scalable data architecture and modeling solutions that support the entire data asset lifecycle.  


**Your key responsibilities**

As a Senior Data Engineer, you will play a pivotal role in transforming data into actionable insights. Your time will be spent on various responsibilities, including:
* Designing, building, and operating scalable on\\-premises or cloud data architecture.
* Analyzing business requirements and translating them into technical specifications.
* Optimizing data flows for target data platform designs.
* Design, develop, and implement data engineering solutions using Databricks on cloud platforms (e.g., AWS, Azure, GCP).
* Collaborate with clients to understand their data needs and provide tailored solutions that meet their business objectives.
* Lead end\\-to\\-end data pipeline development, including data ingestion, transformation, and storage.
* Ensure data quality, integrity, and security throughout the data lifecycle.
* Provide technical guidance and mentorship to junior data engineers and team members.
* Communicate effectively with stakeholders, including technical and non\\-technical audiences, to convey complex data concepts.
* Manage client relationships and expectations, ensuring high levels of satisfaction and engagement.
* Stay updated with the latest trends and technologies in data engineering and cloud computing.

  



This role offers the opportunity to work with cutting\\-edge technologies and stay ahead of industry trends, ensuring you gain a competitive advantage in the market. The position may require regular travel to meet with external clients.  


**Skills and attributes for success**

To thrive in this role, you will need a blend of technical and interpersonal skills. Your ability to communicate effectively and build relationships will be crucial. Here are some key attributes we look for:
* Strong analytical and decision\\-making skills.
* Proficiency in cloud computing and data architecture design.
* Experience in data integration and security.
* Ability to manage complex problem\\-solving scenarios.

  


**To qualify for the role, you must have**
* A Bachelor’s degree in Computer Science, Engineering, or a related field required (4\\-year degree). Master’s degree preferred
* Typically, no less than 2 \\- 4 years relevant experience in data engineering, with a focus on cloud data solutions.
* 5\\+ years of experience in data engineering, with a focus on cloud data solutions.
* Expertise in Databricks and experience with Spark for big data processing.
* Proven experience in at least two end\\-to\\-end data engineering implementations, including:
* + Implementation of a data lake solution using Databricks, integrating various data sources, and enabling analytics for business intelligence.
* + Development of a real\\-time data processing pipeline using Databricks and cloud services, delivering insights for operational decision\\-making.
* Strong programming skills in languages such as Python, Scala, or SQL.
* Experience with data modeling, ETL processes, and data warehousing concepts.
* Excellent problem\\-solving skills and the ability to work independently and as part of a team.
* Strong communication and interpersonal skills, with a focus on client management.

  


**Required Expertise for Senior Consulting Projects:**


* **Strategic Thinking:** Ability to align data engineering solutions with business strategies and objectives.
* **Project Management:** Experience in managing multiple projects simultaneously, ensuring timely delivery and adherence to project scope.
* **Stakeholder Engagement:** Proficiency in engaging with various stakeholders, including executives, to understand their needs and present solutions effectively.
* **Change Management:** Skills in guiding clients through change processes related to data transformation and technology adoption.
* **Risk Management:** Ability to identify potential risks in data projects and develop mitigation strategies.
* **Technical Leadership:** Experience in leading technical discussions and making architectural decisions that impact project outcomes.
* **Documentation and Reporting:** Proficiency in creating comprehensive documentation and reports to communicate project progress and outcomes to clients.

  


**Ideally, you’ll also have**
* Experience with data quality management.
* Familiarity with semantic layers in data architecture.
* Familiarity with cloud platforms (AWS, Azure, GCP) and their data services.
* Knowledge of data governance and compliance standards.
* Experience with machine learning frameworks and tools.

  


**What we look for**

We seek individuals who are not only technically proficient but also possess the qualities of top performers. You should be adaptable, collaborative, and driven by a desire to achieve excellence in every project you undertake.  



FY26NATAID  

**What we offer you**  

At EY, we’ll develop you with future\\-focused skills and equip you with world\\-class experiences. We’ll empower you in a flexible environment, and fuel you and your extraordinary talents in a diverse and inclusive culture of globally connected teams. Learn more.


* We offer a comprehensive compensation and benefits package where you’ll be rewarded based on your performance and recognized for the value you bring to the business. The base salary range for this job in all geographic locations in the US is $106,900 to $176,500\\. The base salary range for New York City Metro Area, Washington State and California (excluding Sacramento) is $128,400 to $200,600\\. Individual salaries within those ranges are determined through a wide variety of factors including but not limited to education, experience, knowledge, skills and geography. In addition, our Total Rewards package includes medical and dental coverage, pension and 401(k) plans, and a wide range of paid time off options.
* Join us in our team\\-led and leader\\-enabled hybrid model. Our expectation is for most people in external, client serving roles to work together in person 40\\-60% of the time over the course of an engagement, project or year.
* Under our flexible vacation policy, you’ll decide how much vacation time you need based on your own personal circumstances. You’ll also be granted time off for designated EY Paid Holidays, Winter/Summer breaks, Personal/Family Care, and other leaves of absence when needed to support your physical, financial, and emotional well\\-being.

  


**Are you ready to shape your future with confidence? Apply today.**  

EY accepts applications for this position on an on\\-going basis.

  



For those living in California, please click here for additional information.

  



EY focuses on high\\-ethical standards and integrity among its employees and expects all candidates to demonstrate these qualities.

  


**EY \\| Building a better working world**

  



EY is building a better working world by creating new value for clients, people, society and the planet, while building trust in capital markets.

  



Enabled by data, AI and advanced technology, EY teams help clients shape the future with confidence and develop answers for the most pressing issues of today and tomorrow.

  



EY teams work across a full spectrum of services in assurance, consulting, tax, strategy and transactions. Fueled by sector insights, a globally connected, multi\\-disciplinary network and diverse ecosystem partners, EY teams can provide services in more than 150 countries and territories.

  



EY provides equal employment opportunities to applicants and employees without regard to race, color, religion, age, sex, sexual orientation, gender identity/expression, pregnancy, genetic information, national origin, protected veteran status, disability status, or any other legally protected basis, including arrest and conviction records, in accordance with applicable law.

  



EY is committed to providing reasonable accommodation to qualified individuals with disabilities including veterans with disabilities. If you have a disability and either need assistance applying online or need to request an accommodation during any part of the application process, please call 1\\-800\\-EY\\-HELP3, select Option 2 for candidate related inquiries, then select Option 1 for candidate queries and finally select Option 2 for candidates with an inquiry which will route you to EY’s Talent Shared Services Team (TSS) or email the TSS at ssc.customersupport@ey.com.","","https://www.indeed.com/cmp/Ey","https://d2q79iu7y748jz.cloudfront.net/s/_squarelogo/256x256/82174c7d7afe2380d2d4631ea183f866","https://www.ey.com","London, England","10,000+","more than $10B (USD)","","","","","","",""
